{
  "prusti-tests/tests/verify/pass/rosetta/Knuth_shuffle.rs": [
    2.3481582130000334,
    1.9184472169999935,
    1.9144147420000763,
    1.845825836999893,
    1.8450967950000177,
    1.8341056389999721,
    1.8673641129998941,
    1.8186263520000239,
    1.8554846419999649,
    1.7937871510000605
  ],
  "prusti-tests/tests/verify/pass/demos/account.rs": [
    0.9354631319999953,
    0.9870599739999761,
    0.9113182820000247,
    0.8763689759999806,
    0.8658666029999722,
    0.8570601330000045,
    1.0040347090000523,
    0.8887720499999432,
    0.9115767110000661,
    0.8770422520000238
  ]
}