{
  "prusti-tests/tests/verify/pass/rosetta/Knuth_shuffle.rs": [
    3.2262447389999807,
    0.39062940400003754,
    0.3826117969999814,
    0.37813076800000545,
    0.3830107720000342,
    0.401584034999928,
    0.386330179999959,
    0.39396155700001145,
    0.3848930899999914,
    0.3845387669999809
  ],
  "prusti-tests/tests/verify/pass/demos/account.rs": [
    2.6579348569999866,
    0.15735584900005506,
    0.1599652119999746,
    0.1503507099999979,
    0.15134567199993398,
    0.14868220500000007,
    0.1516277910000099,
    0.14671108200002436,
    0.15072363299998415,
    0.1516905940000015
  ],
  "prusti-tests/tests/verify/pass/rosetta/Knights_tour.rs": [
    120.04101202900006,
    2.7215885629999548,
    2.6871109530000012,
    2.636184215999947,
    2.6087223270000095,
    2.6774906109999392,
    2.699902530000031,
    2.6738284049999947,
    2.6103638160000173,
    2.602335706999952
  ],
  "prusti-tests/tests/verify/pass/quick/fold-unfold.rs": [
    1.5552456149999898,
    0.11848881499997788,
    0.12027332800005297,
    0.1235381359999792,
    0.12123188900000059,
    0.11579414400000587,
    0.12825343500003328,
    0.11339049200000773,
    0.11741074600001866,
    0.11536761700006082
  ],
  "prusti-tests/tests/verify/pass/quick/moves.rs": [
    1.7700215619998971,
    0.11215141400009543,
    0.1127504510000108,
    0.11196100100005424,
    0.1128859600000851,
    0.10948064399997293,
    0.11257274000001871,
    0.11114945000008447,
    0.11731444100007593,
    0.10940123900002163
  ],
  "prusti-tests/tests/verify/pass/quick/mut-borrows.rs": [
    3.745592160000001,
    0.1856004710000434,
    0.18315221599993947,
    0.18887777199995526,
    0.18259717299997646,
    0.18473710799992205,
    0.1833031180000262,
    0.18523444100003417,
    0.18182902500007003,
    0.1817789219999213
  ],
  "prusti-tests/tests/verify/pass/quick/shared-borrows.rs": [
    2.289332601999945,
    0.11778636600001846,
    0.11141176199998881,
    0.11048300300001301,
    0.11127025200005392,
    0.11044040000001587,
    0.10689497500004563,
    0.10825306100002763,
    0.11017118299992035,
    0.11320497499991689
  ],
  "prusti-tests/tests/verify/pass/quick/trait-contracts-refinement.rs": [
    1.9400704650000762,
    0.16412280300005477,
    0.15953021100006026,
    0.16153053900006853,
    0.16638194600000134,
    0.15929889699998512,
    0.16088899800001855,
    0.16218367999999828,
    0.16142943199997717,
    0.16790694300004816
  ],
  "prusti-tests/tests/verify/pass/quick/routes.rs": [
    6.502549515999931,
    0.39921319999996285,
    0.3972430750000058,
    0.4108643409999786,
    0.41505978400005006,
    0.40181786899995586,
    0.3838900329999433,
    0.3934086369999932,
    0.4079843600000004,
    0.4006540960000393
  ],
  "prusti-tests/tests/verify/pass/quick/fibonacci.rs": [
    0.416426895000086,
    0.407979360000013,
    0.4221108550000281,
    0.4232431270000916,
    0.43329136399995605,
    0.4314918510000325,
    0.41364992000001166,
    0.44475419100001545,
    0.4138825340000949,
    0.4261457119999932
  ],
  "prusti-tests/tests/verify/pass/pure-fn/len-lookup.rs": [
    4.44780571199999,
    0.24431418500000746,
    0.26404733600008967,
    0.25835927499997524,
    0.25689388199998575,
    0.25316834599993854,
    0.2528184239999973,
    0.25738401299997804,
    0.2516173469999785,
    0.25353456900006677
  ],
  "prusti-tests/tests/verify/pass/pure-fn/quantifiers.rs": [
    2.739558132999946,
    0.21782410599996638,
    0.2183629479999354,
    0.22767263800005821,
    0.21913589700000102,
    0.22059098900001572,
    0.21719897400009813,
    0.22958235999999488,
    0.21726387800003977,
    0.21972883499995532
  ],
  "prusti-tests/tests/verify/pass/pure-fn/recursive-pure-fn.rs": [
    2.3483946290000404,
    0.17943017899995084,
    0.17236303000004227,
    0.17507610300003762,
    0.17060781999998653,
    0.1697071620000088,
    0.17248403799999323,
    0.16937704100007522,
    0.1776779679998981,
    0.1701526909999984
  ],
  "prusti-tests/tests/verify/pass/pure-fn/ref-mut-arg.rs": [
    3.55788330200005,
    0.2171890680000388,
    0.2163370149999082,
    0.22073379300002216,
    0.21284469299996545,
    0.20874483299996882,
    0.21637201700002606,
    0.21044814100002895,
    0.20781167399991318,
    0.205519828999968
  ],
  "prusti-tests/tests/verify/pass/rosetta/Ackermann_function.rs": [
    2.3452903760000936,
    0.2483796449998863,
    0.2515838489998714,
    0.24737658200001533,
    0.24464390900016042,
    0.25485775699985425,
    0.2552788830000736,
    0.24719067000000905,
    0.2540905079999902,
    0.2659182569998393
  ],
  "prusti-tests/tests/verify/pass/rosetta/Heapsort.rs": [
    12.212167188000194,
    1.1267524039999444,
    1.1432852519999415,
    1.1750616659999196,
    1.1484262740000304,
    1.1635268270001689,
    1.1575214469999082,
    1.1535865969999577,
    1.1159219109999867,
    1.1101144420001674
  ]
}