{
  "prusti-tests/tests/verify/pass/rosetta/Knuth_shuffle.rs": [
    1.9316775029999462,
    1.8034464620000108,
    1.7471330559999387,
    1.668608271999915,
    1.6508777530000316,
    1.6932235420000552,
    1.5855720539999538,
    1.645929097000021,
    1.5968541099999811,
    1.5950533369999675
  ],
  "prusti-tests/tests/verify/pass/demos/account.rs": [
    0.8244550590000017,
    0.8137657129999525,
    0.816119828000069,
    0.8363236510000434,
    0.8292146610000373,
    0.8040128349999804,
    0.818738035000024,
    0.8067040449999467,
    0.7824823580000384,
    0.7566916079999828
  ],
  "prusti-tests/tests/verify/pass/rosetta/Knights_tour.rs": [
    96.33982280700002,
    100.91029164399993,
    96.48545509400014,
    101.33596862400009,
    98.59090206700012,
    97.29161963499996,
    103.44764566000003,
    101.7565190769999,
    99.78494540400015,
    105.41903412200008
  ],
  "prusti-tests/tests/verify/pass/quick/fold-unfold.rs": [
    0.55656706700006,
    0.5271116700000675,
    0.5645700590000615,
    0.5155467739998585,
    0.5357185899999877,
    0.5177705630001128,
    0.5206944819999535,
    0.5665527390001444,
    0.5410859070000242,
    0.5408435970000482
  ],
  "prusti-tests/tests/verify/pass/quick/moves.rs": [
    0.5437291150001329,
    0.5540440319998652,
    0.523592398999881,
    0.5286925049999809,
    0.5450019649999831,
    0.5202350630002002,
    0.5731897129999197,
    0.514840766000134,
    0.530727109000054,
    0.5440558490001877
  ],
  "prusti-tests/tests/verify/pass/quick/mut-borrows.rs": [
    0.9058912139998938,
    0.8439862049999647,
    0.9330528149998827,
    0.8235050750001847,
    0.8037276740001289,
    0.8499474469999768,
    0.8286345829999391,
    0.8277560460001041,
    0.7914726750000227,
    0.8262936860000991
  ],
  "prusti-tests/tests/verify/pass/quick/shared-borrows.rs": [
    0.599872409999989,
    0.6090417820000766,
    0.575015502000042,
    0.6174426219999987,
    0.6367834059999495,
    0.5789238610000211,
    0.6175898290000532,
    0.5568241660000695,
    0.5728963169999588,
    0.5601413940000839
  ],
  "prusti-tests/tests/verify/pass/quick/trait-contracts-refinement.rs": [
    0.9267085730000417,
    0.8305357839999488,
    0.8222156469998936,
    0.7983544829999119,
    0.7913024970000606,
    0.8310674049998852,
    0.8036903980000716,
    0.8826628909998817,
    0.8130515759999071,
    0.7947738739999295
  ],
  "prusti-tests/tests/verify/pass/quick/routes.rs": [
    2.842247817999805,
    2.4595834060000925,
    2.416612359000055,
    2.2842786220001017,
    2.1838477579999562,
    2.211810190000051,
    2.34572958800004,
    2.2906487489999563,
    2.2667664810001042,
    2.1905021889999716
  ],
  "prusti-tests/tests/verify/pass/quick/fibonacci.rs": [
    2.2726968019999276,
    2.259410054,
    2.2863674449999962,
    2.122425791000069,
    2.233639757000219,
    2.1969640730001174,
    2.230592634000004,
    2.240722324999979,
    2.27695198299989,
    2.291876387000002
  ],
  "prusti-tests/tests/verify/pass/pure-fn/len-lookup.rs": [
    1.029639940999914,
    1.0903147040000931,
    1.0479313120001734,
    1.0841490769998927,
    1.056993078000005,
    1.1309522710000692,
    1.0948721109998587,
    1.1175394280001,
    1.0962852679999742,
    1.0479514369999379
  ],
  "prusti-tests/tests/verify/pass/pure-fn/quantifiers.rs": [
    0.9729768019999483,
    0.931549724999968,
    1.033011733000194,
    0.8893285149999883,
    1.0150474059998942,
    0.891305095000007,
    0.8759337719998257,
    0.9717818530000386,
    0.8988805009998941,
    0.9475385709999955
  ],
  "prusti-tests/tests/verify/pass/pure-fn/recursive-pure-fn.rs": [
    0.683635982999931,
    0.6966709109999556,
    0.7436179119999906,
    0.6951419489998898,
    0.7530769959998906,
    0.719121720999965,
    0.7395464480000555,
    0.709155914999883,
    0.6888446839998323,
    0.7409989950001545
  ],
  "prusti-tests/tests/verify/pass/pure-fn/ref-mut-arg.rs": [
    0.8484309450000183,
    0.8508352420001302,
    0.9116838049999387,
    0.8636841620000268,
    0.8904076439998789,
    0.9013386859999173,
    0.8244076720000066,
    0.8877773489998617,
    0.885220653000033,
    0.8495495079998818
  ],
  "prusti-tests/tests/verify/pass/rosetta/Ackermann_function.rs": [
    0.9742049570002109,
    0.8996183360000032,
    0.9119435349998639,
    0.973675035000042,
    1.0503902420000486,
    1.0029494170000817,
    0.9980184690000442,
    0.9692832069999895,
    0.925071219000074,
    0.9201521200000116
  ],
  "prusti-tests/tests/verify/pass/rosetta/Heapsort.rs": [
    5.847636421000061,
    5.196241338999926,
    5.313880966999932,
    5.2047076789999664,
    5.501665837000019,
    5.215058131999967,
    4.971348369999987,
    5.044697629999973,
    5.03021301800004,
    5.336879512999985
  ]
}