{
  "prusti-tests/tests/verify/pass/rosetta/Knuth_shuffle.rs": [
    2.2131003980000514,
    1.9236839740000278,
    1.8509387180000658,
    1.8946682310000824,
    1.8485072219999665,
    1.8538937119999446,
    1.827269865000062,
    1.8468274260000044,
    1.807712103999961,
    1.8255499680000185
  ],
  "prusti-tests/tests/verify/pass/demos/account.rs": [
    1.7138583889999381,
    1.7116487939999843,
    1.6951068270000178,
    1.7000960169999644,
    1.6924109310000404,
    1.6886192360000223,
    1.7017459090000102,
    1.7454762219999793,
    1.6964628200000789,
    1.6850337430000764
  ],
  "prusti-tests/tests/verify/pass/rosetta/Knights_tour.rs": [
    103.13524442500011,
    100.053763699,
    99.51558534299988,
    100.16218383499995,
    100.06039886100007,
    100.69704043300021,
    101.40781536200006,
    103.23540437499992,
    99.63146693399995,
    99.36189041199987
  ],
  "prusti-tests/tests/verify/pass/quick/fold-unfold.rs": [
    1.1247573969999394,
    1.1215867280000111,
    1.1270665319998443,
    1.1235062389998802,
    1.1288654279999264,
    1.1210359429999244,
    1.1126278610001918,
    1.1182816499999717,
    1.1400053090001165,
    1.130749532999971
  ],
  "prusti-tests/tests/verify/pass/quick/moves.rs": [
    1.366103861000056,
    1.360505871999976,
    1.37792553700001,
    1.3662858610000512,
    1.3650687629997265,
    1.3650966619998144,
    1.3592610729997432,
    1.3631965650001803,
    1.3636558640000658,
    1.3596333730001788
  ],
  "prusti-tests/tests/verify/pass/quick/mut-borrows.rs": [
    2.6816379699998834,
    2.669660009999916,
    2.6718861059998744,
    2.671266757000012,
    2.6643628540000464,
    2.6713443409998945,
    2.650901478000378,
    2.666602345999763,
    2.6641361510000934,
    2.6567909609998424
  ],
  "prusti-tests/tests/verify/pass/quick/shared-borrows.rs": [
    1.69877077000001,
    1.7009264670000448,
    1.7140192410001873,
    1.7012373820002722,
    1.6916476199999124,
    1.7006179019999763,
    1.7067953910000142,
    1.7278462499998568,
    1.7028990670000894,
    1.7226574189999155
  ],
  "prusti-tests/tests/verify/pass/quick/trait-contracts-refinement.rs": [
    1.522184711999671,
    1.5251296059996093,
    1.5031259490001503,
    1.495203255999968,
    1.4878553670000656,
    1.489298763000079,
    1.499171343999933,
    1.4863821699996151,
    1.4893286569999873,
    1.4708731789996818
  ],
  "prusti-tests/tests/verify/pass/quick/routes.rs": [
    4.417605429000105,
    4.234903441999904,
    4.096632085000238,
    4.066261026999655,
    4.057729650000056,
    4.053386974999739,
    4.060303566999664,
    4.015251425000315,
    4.026326991000133,
    4.06764670199982
  ],
  "prusti-tests/tests/verify/pass/quick/fibonacci.rs": [
    5.389980985999955,
    5.403964671000267,
    5.398325459999796,
    5.43017264800028,
    5.406638864000342,
    5.38830905299983,
    5.3921858819999215,
    5.381913838999935,
    5.394428781999977,
    5.386111054000139
  ],
  "prusti-tests/tests/verify/pass/pure-fn/len-lookup.rs": [
    3.0680609340001865,
    3.0839937020000434,
    3.0804409059996942,
    3.071958221999921,
    3.068857527000091,
    3.089591879999716,
    3.0585077420000744,
    3.071140812000067,
    3.086035876999631,
    3.057395134000217
  ],
  "prusti-tests/tests/verify/pass/pure-fn/quantifiers.rs": [
    1.8890679219998674,
    1.8480829960003575,
    1.8481240959999923,
    1.87420484400036,
    1.8519782690000284,
    1.8459989069997391,
    1.8578715640001064,
    1.8607248589996743,
    1.862682292000045,
    1.863441340999998
  ],
  "prusti-tests/tests/verify/pass/pure-fn/recursive-pure-fn.rs": [
    1.6589296170000125,
    1.6423548719999417,
    1.6563539259996105,
    1.6533125790001577,
    1.648279938000087,
    1.6456458480001857,
    1.6732256450000023,
    1.6442706530001487,
    1.6597398200001408,
    1.6585683020002762
  ],
  "prusti-tests/tests/verify/pass/pure-fn/ref-mut-arg.rs": [
    2.4679531680003493,
    2.430042292000053,
    2.4271975879996717,
    2.4386897690001206,
    2.43919516699998,
    2.4277455080000436,
    2.425935019999997,
    2.421110033000332,
    2.4252852969998457,
    2.4148202559999845
  ],
  "prusti-tests/tests/verify/pass/rosetta/Ackermann_function.rs": [
    1.678922650000004,
    1.6864346290003596,
    1.662486306000119,
    1.6646529570002713,
    1.6641977579997729,
    1.663536860000022,
    1.6647220569998353,
    1.6538397730000725,
    1.6663420309996582,
    1.6656365329999971
  ],
  "prusti-tests/tests/verify/pass/rosetta/Heapsort.rs": [
    10.031203024000206,
    10.00855886799991,
    10.011753412999951,
    9.949162861999866,
    9.947283482999865,
    9.889965183000186,
    9.957362762999765,
    9.952822593999826,
    9.939524645999882,
    9.9312283510003
  ]
}