{
  "prusti-tests/tests/verify/pass/rosetta/Knuth_shuffle.rs": [
    2.2328358859999753,
    1.9861621659999855,
    1.985045604999982,
    2.00237525,
    1.97027171000002,
    1.9300636120000263,
    1.842247868999948,
    1.873680201999946,
    1.9100868349999018,
    1.820248101000061
  ],
  "prusti-tests/tests/verify/pass/demos/account.rs": [
    1.6746203269999569,
    1.6556790460000457,
    1.6558121489999849,
    1.6848497329999645,
    1.6779372400000057,
    1.7182356079999863,
    1.6613775700000133,
    1.6686489150000625,
    1.5789419189999307,
    1.631732372999977
  ],
  "prusti-tests/tests/verify/pass/rosetta/Knights_tour.rs": [
    100.53100835600003,
    98.974081136,
    99.16497164300006,
    98.87042108600008,
    101.04927778500019,
    99.68967325299991,
    99.2914654870001,
    100.42899048699996,
    101.12163491199999,
    102.45749967999996
  ],
  "prusti-tests/tests/verify/pass/quick/fold-unfold.rs": [
    1.1447135070000058,
    1.1453458210000917,
    1.1538849919998029,
    1.1298145079999813,
    1.1349393110001529,
    1.1494940029999725,
    1.1395382010000503,
    1.1333666759999232,
    1.176918250999961,
    1.1401882139998634
  ],
  "prusti-tests/tests/verify/pass/quick/moves.rs": [
    1.3901571370001875,
    1.3832758979999653,
    1.3755057850000867,
    1.402661721000186,
    1.3878750180001589,
    1.391892000000098,
    1.411047291999921,
    1.3859868860001825,
    1.3894586820001678,
    1.3884201620001022
  ],
  "prusti-tests/tests/verify/pass/quick/mut-borrows.rs": [
    2.775281593000045,
    2.7869543619999604,
    2.770204321000165,
    2.7942102029999205,
    2.7813026569999693,
    2.7520833010000842,
    2.7894457519998923,
    2.775360754999838,
    2.765917343999945,
    2.7692271099999743
  ],
  "prusti-tests/tests/verify/pass/quick/shared-borrows.rs": [
    1.7448360709997814,
    1.7452471590002006,
    1.747141498000019,
    1.7258362630000192,
    1.7491082379999625,
    1.7491194560000167,
    1.7424289480002244,
    1.7350960999999643,
    1.741261723999969,
    1.7358833180001056
  ],
  "prusti-tests/tests/verify/pass/quick/trait-contracts-refinement.rs": [
    1.601258709999911,
    1.491689691999909,
    1.4848804549999386,
    1.5054722719999063,
    1.477960714000119,
    1.497441654999875,
    1.481320407999874,
    1.5173893369999405,
    1.4755045910001172,
    1.5035959580000053
  ],
  "prusti-tests/tests/verify/pass/quick/routes.rs": [
    4.94114918199989,
    4.696134748000077,
    4.633213452000064,
    4.551416237000012,
    4.640680750000001,
    4.496180593999952,
    4.587935324,
    4.646646874999988,
    4.554646784999932,
    4.537158332999979
  ],
  "prusti-tests/tests/verify/pass/quick/fibonacci.rs": [
    5.856415767000044,
    5.886330945000054,
    5.94122113200001,
    5.907915688999992,
    6.126681094000105,
    5.754744211999878,
    5.931732348999958,
    5.915822824000088,
    5.878681041999926,
    5.9567196640000475
  ],
  "prusti-tests/tests/verify/pass/pure-fn/len-lookup.rs": [
    3.340725539999994,
    3.4075998829998753,
    3.4247724380002182,
    3.42793010399987,
    3.409024833000103,
    3.4218954040002245,
    3.4234289339999577,
    3.4096509329999662,
    3.393282404000047,
    3.4365633580000576
  ],
  "prusti-tests/tests/verify/pass/pure-fn/quantifiers.rs": [
    2.0965695259999393,
    2.1717129360001763,
    2.0911003730000175,
    2.1373927259999164,
    2.1253753859998596,
    2.083159839000018,
    2.1274631090000184,
    2.120920264999995,
    2.0658244619999095,
    2.3762001770001007
  ],
  "prusti-tests/tests/verify/pass/pure-fn/recursive-pure-fn.rs": [
    2.028556708999986,
    2.0608020669999405,
    2.0031535099999473,
    2.0276798020001934,
    2.1527594839999438,
    2.037325666000015,
    2.0538865999999416,
    2.124959432999958,
    2.0708940539998366,
    2.167875608000031
  ],
  "prusti-tests/tests/verify/pass/pure-fn/ref-mut-arg.rs": [
    3.0114127159999953,
    3.1119007759998567,
    3.101077481999937,
    3.103805260999934,
    3.1218097080000007,
    2.9687212280000495,
    2.954314625999814,
    3.2217132959999617,
    3.2126152109999566,
    3.003097973000422
  ],
  "prusti-tests/tests/verify/pass/rosetta/Ackermann_function.rs": [
    2.1737590000002456,
    2.002543057999901,
    2.0194561970001814,
    2.072985474000234,
    2.011767241999678,
    2.0482681769999544,
    2.0865632519999053,
    1.9825382619997072,
    2.085456631999932,
    2.0153072210000573
  ],
  "prusti-tests/tests/verify/pass/rosetta/Heapsort.rs": [
    10.353851148000103,
    10.221786473000066,
    10.428717793000033,
    10.292251738999767,
    10.421830900999794,
    10.515262980999978,
    10.541603447999933,
    10.490073154999664,
    10.487575233999905,
    10.638550820000091
  ]
}