{
  "prusti-tests/tests/verify/pass/rosetta/Knuth_shuffle.rs": [
    2.8831916569999976,
    2.6436264989999927,
    2.719966617999944,
    2.601096137000013,
    2.533557451999968,
    2.511070790000076,
    2.4775839010001164,
    2.552767486999983,
    2.5033330459998524,
    2.517415309999933
  ],
  "prusti-tests/tests/verify/pass/demos/account.rs": [
    2.153512472000102,
    2.244613633999961,
    2.276074600000129,
    2.2196510429998852,
    2.19804086299996,
    2.1595800590000636,
    2.1613402789998872,
    2.136425186999986,
    2.2051418579999336,
    2.2091592419999415
  ],
  "prusti-tests/tests/verify/pass/rosetta/Knights_tour.rs": [
    133.75768793099996,
    134.159677913,
    134.131276137,
    134.4122918280002,
    130.71289491200014,
    136.33644542599995,
    135.09358879100023,
    133.82246075600005,
    135.26398496899992,
    134.2935572370002
  ],
  "prusti-tests/tests/verify/pass/quick/fold-unfold.rs": [
    1.4541060100000323,
    1.3903096280000682,
    1.4142957469998692,
    1.3997312330002387,
    1.4308089420001124,
    1.42828373500015,
    1.4418889469998248,
    1.421137311000166,
    1.4238606290000462,
    1.378532630999871
  ],
  "prusti-tests/tests/verify/pass/quick/moves.rs": [
    1.693135792999783,
    1.7278149640001175,
    1.756652135999957,
    1.6934926859998995,
    1.7544358239997564,
    1.691438398000173,
    1.7063882470001772,
    1.6583906350001598,
    1.725689672000044,
    1.7726462759997048
  ],
  "prusti-tests/tests/verify/pass/quick/mut-borrows.rs": [
    3.5143268540000463,
    3.408082766000007,
    3.3708532939999714,
    3.3980029899998954,
    3.488683705999847,
    3.4079907549999007,
    3.404594034999718,
    3.4272286180002993,
    3.544721109999955,
    3.441718387000037
  ],
  "prusti-tests/tests/verify/pass/quick/shared-borrows.rs": [
    2.133610810999926,
    2.15973017899978,
    2.1547945469997103,
    2.2384876849996544,
    2.175355276999653,
    2.1667192210002213,
    2.1484923119996893,
    2.1526332520002143,
    2.1284078979997503,
    2.072466344000077
  ],
  "prusti-tests/tests/verify/pass/quick/trait-contracts-refinement.rs": [
    1.9116246280000269,
    1.9685737820000213,
    1.9378272969997852,
    1.9740416149998055,
    1.913461465999717,
    1.9037003539997386,
    1.9283906179998667,
    1.9146761269998933,
    1.9697945079997226,
    2.0025044799999705
  ],
  "prusti-tests/tests/verify/pass/quick/routes.rs": [
    5.844650407000245,
    5.751585497999713,
    5.559332799000003,
    5.48291819699989,
    5.497992961999898,
    5.544059756000024,
    5.511803361000148,
    5.591334306000135,
    5.65672847299993,
    5.334254459000022
  ],
  "prusti-tests/tests/verify/pass/quick/fibonacci.rs": [
    7.07390390899991,
    6.849646240000311,
    6.9982117389999985,
    6.983318208999663,
    7.143416704000174,
    6.884971403999771,
    6.85123348299976,
    6.809945513999992,
    6.952463437000006,
    6.9655132329999105
  ],
  "prusti-tests/tests/verify/pass/pure-fn/len-lookup.rs": [
    4.018625615000019,
    3.9040677250000044,
    3.931463845000053,
    3.9948534440000003,
    4.046063487000083,
    4.045039913999972,
    4.053106487999685,
    4.007533489999787,
    3.98751995099974,
    4.11074262000011
  ],
  "prusti-tests/tests/verify/pass/pure-fn/quantifiers.rs": [
    2.5139790859998357,
    2.5254108089998226,
    2.474388810000164,
    2.3790204289998655,
    2.4262064429999555,
    2.5459344019996024,
    2.3985531030002676,
    2.433832491999965,
    2.4458601319997797,
    2.4403811199999836
  ],
  "prusti-tests/tests/verify/pass/pure-fn/recursive-pure-fn.rs": [
    2.1758226960000684,
    2.1470640520001325,
    2.1411562820003383,
    2.1430587790000573,
    2.20145703199978,
    2.181405793000067,
    2.1434267399999953,
    2.166816795000159,
    2.1587006639997526,
    2.13489339500029
  ],
  "prusti-tests/tests/verify/pass/pure-fn/ref-mut-arg.rs": [
    3.2769120420002764,
    3.240311709999787,
    3.238711292000062,
    3.1596906509998917,
    3.198463881999942,
    3.277246107999872,
    3.2617945340002734,
    3.1547494830001597,
    3.2427288650001174,
    3.3324810459998844
  ],
  "prusti-tests/tests/verify/pass/rosetta/Ackermann_function.rs": [
    2.17033448400025,
    2.207186139999976,
    2.1382517329998336,
    2.086108123000031,
    2.235279309999896,
    2.1461636880003425,
    2.2752392899997176,
    2.207400900999801,
    2.3729885369998556,
    2.1536109539997597
  ],
  "prusti-tests/tests/verify/pass/rosetta/Heapsort.rs": [
    13.536744688999988,
    13.337645627999791,
    13.736681114000021,
    13.331067086000076,
    13.406461958999898,
    13.520439050000277,
    13.444294102000185,
    13.447648214999845,
    13.419641264999882,
    13.718686532999982
  ]
}