{
  "prusti-tests/tests/verify/pass/rosetta/Knuth_shuffle.rs": [
    2.4871425579999595,
    2.12243499300007,
    2.1059330129999125,
    2.1760435360000656,
    2.1690270629999304,
    2.122930512000039,
    2.161201441000003,
    2.1578109609999956,
    2.122758200000021,
    2.0680638889999727
  ],
  "prusti-tests/tests/verify/pass/demos/account.rs": [
    1.927519224999969,
    1.9087360270000318,
    1.9596401290000358,
    1.9191703720000532,
    1.925746581999988,
    1.9060749349999924,
    1.9188651150000169,
    1.9429895539999507,
    1.8822828699999263,
    1.858698018000041
  ],
  "prusti-tests/tests/verify/pass/rosetta/Knights_tour.rs": [
    113.06681501799994,
    110.388260017,
    109.39108489599994,
    107.37734700600004,
    109.84911194300003,
    106.65225990500016,
    111.35435365299986,
    109.70054601300012,
    112.55036710200011,
    110.2962164669998
  ],
  "prusti-tests/tests/verify/pass/quick/fold-unfold.rs": [
    1.3104208239997206,
    1.261400422999941,
    1.318471855000098,
    1.3221895520000544,
    1.3347902210002758,
    1.3169099710003138,
    1.3299115439999696,
    1.3562854379997589,
    1.33833208499982,
    1.3409863259998929
  ],
  "prusti-tests/tests/verify/pass/quick/moves.rs": [
    1.6084614320002402,
    1.631264740000006,
    1.5775542659998791,
    1.5230293710001206,
    1.5102899940002317,
    1.5227808579998054,
    1.4974589130001732,
    1.5559206070001892,
    1.5299537289997716,
    1.4923600319998513
  ],
  "prusti-tests/tests/verify/pass/quick/mut-borrows.rs": [
    2.940991743000268,
    3.0591340959999798,
    3.1291090320000876,
    3.126928775000124,
    3.1416941170000428,
    3.0980106990000422,
    3.1187186979996113,
    3.133367927999643,
    3.1121095909998076,
    3.1123008250001476
  ],
  "prusti-tests/tests/verify/pass/quick/shared-borrows.rs": [
    1.9352335370003857,
    1.8851495789999717,
    1.9144345550002981,
    1.932119708999835,
    1.9437780289999864,
    1.944939591000093,
    1.8829323760000989,
    1.9379027660002066,
    1.9176137899999048,
    1.9457720840000547
  ],
  "prusti-tests/tests/verify/pass/quick/trait-contracts-refinement.rs": [
    1.7333200159996522,
    1.6909779030002028,
    1.717370304999804,
    1.7274737409998124,
    1.7151355860000876,
    1.6692791430000398,
    1.6350039049998486,
    1.65852355800007,
    1.689902826999969,
    1.6370871160002025
  ],
  "prusti-tests/tests/verify/pass/quick/routes.rs": [
    4.939452766999693,
    4.856387791000088,
    4.634571969999797,
    4.745774304000406,
    4.633215666000069,
    4.639192845000252,
    4.591080000000147,
    4.6813606009995965,
    4.728101546999824,
    4.735140842999954
  ],
  "prusti-tests/tests/verify/pass/quick/fibonacci.rs": [
    6.034421944999849,
    5.999941614000363,
    5.900136741000097,
    5.736508117000085,
    5.9421963039999355,
    5.841995705000045,
    5.966297136999856,
    5.8605389760000435,
    5.80089448400031,
    5.839943038000001
  ],
  "prusti-tests/tests/verify/pass/pure-fn/len-lookup.rs": [
    3.4911816520002503,
    3.475632042000143,
    3.4641228250002314,
    3.4218878619999487,
    3.395201908999752,
    3.5067933259997517,
    3.3525844249998045,
    3.418417555999895,
    3.6036523749999105,
    3.405238504999943
  ],
  "prusti-tests/tests/verify/pass/pure-fn/quantifiers.rs": [
    2.1108209760000136,
    2.1188734519996615,
    2.127178531000027,
    2.1306422159996146,
    2.075474674999896,
    2.1184715019999203,
    2.1762219720003486,
    2.109400005000225,
    2.138660166000136,
    2.1199598700000024
  ],
  "prusti-tests/tests/verify/pass/pure-fn/recursive-pure-fn.rs": [
    1.9339573419997578,
    1.9115867470000012,
    1.8739869400001226,
    1.9031638759997804,
    1.8556225059996905,
    1.8293591040001047,
    1.8208923530000902,
    1.8390192499996374,
    1.873070720999749,
    1.835977431000174
  ],
  "prusti-tests/tests/verify/pass/pure-fn/ref-mut-arg.rs": [
    2.724468011999761,
    2.722097880999627,
    2.679091721000077,
    2.7459088900000097,
    2.829397384999993,
    2.7963884420000795,
    2.74073096300026,
    2.6978999520001707,
    2.7202316769999015,
    2.75334884699987
  ],
  "prusti-tests/tests/verify/pass/rosetta/Ackermann_function.rs": [
    1.932393895000132,
    1.9072145939999245,
    1.9488714169997365,
    1.930728648999775,
    1.9307375640000828,
    1.9096881949999442,
    1.9676758989999144,
    2.014179888000399,
    2.0180256010003177,
    1.9976861469999676
  ],
  "prusti-tests/tests/verify/pass/rosetta/Heapsort.rs": [
    11.138545283999974,
    11.037861489000079,
    11.241045688999748,
    11.323902521000036,
    11.280449698000211,
    11.755266970999855,
    11.206816728999911,
    11.011038636000194,
    10.9037245049999,
    11.055335504999675
  ]
}