{
  "prusti-tests/tests/verify/pass/rosetta/Knuth_shuffle.rs": [
    2.127326240000002,
    1.9274700679998205,
    1.8554295140002068,
    1.8314820420000615,
    1.7920150809998177,
    1.8283127039999272,
    1.826214132000132,
    1.8166000590001659,
    1.829285463999895,
    1.8103398060000018
  ],
  "prusti-tests/tests/verify/pass/demos/account.rs": [
    1.6831694910001715,
    1.6956232259999524,
    1.6693905259999156,
    1.7188491680001334,
    1.6823439480001525,
    1.6721113830001286,
    1.6574955749999845,
    1.673698757000011,
    1.6605224260001705,
    1.6344438690000516
  ],
  "prusti-tests/tests/verify/pass/rosetta/Knights_tour.rs": [
    96.53457516200001,
    96.55126163,
    96.20815433200005,
    95.77812422300008,
    96.45720691099996,
    94.51925447000008,
    97.01908665700012,
    96.36535263200017,
    97.72022775100004,
    95.32133370500014
  ],
  "prusti-tests/tests/verify/pass/quick/fold-unfold.rs": [
    1.126786641000308,
    1.1257411550000143,
    1.1287460100002136,
    1.1273998279998523,
    1.1188148410001304,
    1.1182180490000064,
    1.1423114310000528,
    1.1143661000000975,
    1.140095360000032,
    1.1197061259999828
  ],
  "prusti-tests/tests/verify/pass/quick/moves.rs": [
    1.3704117170000245,
    1.3705814140002985,
    1.3634848080000666,
    1.3715688020001835,
    1.3847534269998505,
    1.3829091490001701,
    1.361208434999753,
    1.3610292369999115,
    1.3601175499998135,
    1.355766506999771
  ],
  "prusti-tests/tests/verify/pass/quick/mut-borrows.rs": [
    2.7112573149997843,
    2.694562530999974,
    2.6601162870001644,
    2.6631272449999415,
    2.669290662000094,
    2.675485480000134,
    2.675160784000127,
    2.6589454979998663,
    2.701934230000006,
    2.6801886210000703
  ],
  "prusti-tests/tests/verify/pass/quick/shared-borrows.rs": [
    1.6930288529997597,
    1.6858286479996423,
    1.692505859999983,
    1.6904902870001024,
    1.6933182439997836,
    1.6940125359997182,
    1.71617764299981,
    1.700850446000004,
    1.686273538000023,
    1.6954603170001974
  ],
  "prusti-tests/tests/verify/pass/quick/trait-contracts-refinement.rs": [
    1.5045943369996166,
    1.4914382100000694,
    1.4852589920001265,
    1.5101671610000267,
    1.4845533849997992,
    1.4915255920000163,
    1.4753406069999073,
    1.4861952629998996,
    1.4769284849999167,
    1.4866565409997747
  ],
  "prusti-tests/tests/verify/pass/quick/routes.rs": [
    4.466364770999917,
    4.173987098999987,
    4.089251040999898,
    4.028370648999953,
    4.028323552000074,
    4.0400090749999436,
    4.036394440000095,
    4.037311994999982,
    4.041459490999841,
    4.040604506999898
  ],
  "prusti-tests/tests/verify/pass/quick/fibonacci.rs": [
    5.176380976000019,
    5.15026869500025,
    5.1137503360000665,
    5.167354177000107,
    5.14663257400025,
    5.121719418999874,
    5.124343858999964,
    5.144902241000182,
    5.126418960000137,
    5.1722813050000696
  ],
  "prusti-tests/tests/verify/pass/pure-fn/len-lookup.rs": [
    3.0137947400003213,
    2.995656838999821,
    3.030937372000153,
    2.9876892750003208,
    3.009527917000014,
    3.003453196999999,
    3.012450420999812,
    3.0009222610001416,
    2.992072777999965,
    3.0083453610000106
  ],
  "prusti-tests/tests/verify/pass/pure-fn/quantifiers.rs": [
    1.851887675999933,
    1.8414778129999831,
    1.826045411999985,
    1.823257243000171,
    1.8145611589998225,
    1.8285536729999876,
    1.8368069630000718,
    1.8317994240001099,
    1.8142372560000695,
    1.8184837999997399
  ],
  "prusti-tests/tests/verify/pass/pure-fn/recursive-pure-fn.rs": [
    1.6258681529998285,
    1.6416074460003074,
    1.6289289159999498,
    1.6297310049999396,
    1.6241162799997255,
    1.6311738859999423,
    1.6245181699996465,
    1.6244398690000708,
    1.6169736679999005,
    1.6163939759999266
  ],
  "prusti-tests/tests/verify/pass/pure-fn/ref-mut-arg.rs": [
    2.388582040000074,
    2.3554054760002145,
    2.378206474000308,
    2.370933571000023,
    2.4149055900002168,
    2.3802176500003043,
    2.3794076610001866,
    2.3911018980002154,
    2.39248557000019,
    2.3802223309999135
  ],
  "prusti-tests/tests/verify/pass/rosetta/Ackermann_function.rs": [
    1.6643087269999342,
    1.6511296100002255,
    1.6381493860003502,
    1.6344048350001685,
    1.6448598970000603,
    1.6644079370003055,
    1.6542946459999257,
    1.64822772000025,
    1.635354790999827,
    1.6559195179997914
  ],
  "prusti-tests/tests/verify/pass/rosetta/Heapsort.rs": [
    9.70699772900025,
    9.606325620000007,
    9.5991805929998,
    9.559389068999735,
    9.632607328999711,
    9.605572673000097,
    9.620827243999884,
    9.595302858000196,
    9.62554193599999,
    9.565118404999794
  ]
}