{
  "prusti-tests/tests/verify/pass/rosetta/Knuth_shuffle.rs": [
    2.9112716740000906,
    2.5567683390002003,
    2.425428135999937,
    2.4337533830000666,
    2.445764118999932,
    2.4223104699999567,
    2.4633601890000136,
    2.454207887000166,
    2.426863533999949,
    2.376522627999975
  ],
  "prusti-tests/tests/verify/pass/demos/account.rs": [
    2.2542832819999603,
    2.3048597310000787,
    2.2761922139998205,
    2.3127549200000885,
    2.2760321270000077,
    2.2147680129999117,
    2.2641900409998925,
    2.2992543650000243,
    2.2657866449999347,
    2.226034393999953
  ],
  "prusti-tests/tests/verify/pass/rosetta/Knights_tour.rs": [
    125.25654911499987,
    130.2045525430001,
    136.729223456,
    135.8355900460001,
    129.9614322289999,
    132.5651169570001,
    130.73187985699997,
    133.94365211800005,
    132.9009521160001,
    129.33898461699982
  ],
  "prusti-tests/tests/verify/pass/quick/fold-unfold.rs": [
    1.5072531060000074,
    1.4984740410000086,
    1.5052350030000525,
    1.5070171299998947,
    1.469661036999696,
    1.481086427000264,
    1.4682425260002674,
    1.479482292999819,
    1.474420829000337,
    1.495555086999957
  ],
  "prusti-tests/tests/verify/pass/quick/moves.rs": [
    1.8161967860000914,
    1.8274441700000352,
    1.8024794769999062,
    1.805727840000145,
    1.7830438679998224,
    1.809309366999969,
    1.8034278620002624,
    1.8031734350001898,
    1.792622548000054,
    1.802377828000317
  ],
  "prusti-tests/tests/verify/pass/quick/mut-borrows.rs": [
    3.548191240000051,
    3.5257796109999617,
    3.545421871000144,
    3.5956792420001875,
    3.547006006999709,
    3.541210023000076,
    3.552674665000268,
    3.5483472050000273,
    3.553609313999914,
    3.588656764999996
  ],
  "prusti-tests/tests/verify/pass/quick/shared-borrows.rs": [
    2.2552383130000635,
    2.2427560930000254,
    2.275616097999773,
    2.2372494559999723,
    2.2132524279995778,
    2.255660630999955,
    2.262217856999996,
    2.299422856000092,
    2.298335445000248,
    2.264235326000289
  ],
  "prusti-tests/tests/verify/pass/quick/trait-contracts-refinement.rs": [
    2.063417282000046,
    1.9787204869999186,
    1.9912836059997971,
    1.935445183000411,
    1.975387199999659,
    1.9496081960000993,
    1.9496177080000052,
    1.9920601469998473,
    1.9286230620000424,
    1.9318138419998832
  ],
  "prusti-tests/tests/verify/pass/quick/routes.rs": [
    5.760093527000208,
    5.394259913000042,
    5.338796686000023,
    5.339299771000242,
    5.392902423000123,
    5.237896635999732,
    5.296896733000267,
    5.30713377200027,
    5.247755126999891,
    5.296598813999935
  ],
  "prusti-tests/tests/verify/pass/quick/fibonacci.rs": [
    7.250087196000095,
    7.154068193000057,
    7.138881296999898,
    7.165814559999944,
    7.183405470999787,
    7.2102832590003345,
    7.155521992000104,
    7.230647772999873,
    7.2151574260001325,
    7.185555106000265
  ],
  "prusti-tests/tests/verify/pass/pure-fn/len-lookup.rs": [
    4.102152085999933,
    4.13039746100003,
    4.1342896780001865,
    4.08118612699991,
    4.154309073999684,
    4.0956877700000405,
    4.129090182999789,
    4.136526323999988,
    4.145154535000074,
    4.061776372000168
  ],
  "prusti-tests/tests/verify/pass/pure-fn/quantifiers.rs": [
    2.482179239999823,
    2.4649736080000366,
    2.4717145699996763,
    2.4509388010001203,
    2.507387224000013,
    2.4887822860000597,
    2.4831613400001515,
    2.5143496639998375,
    2.498918838999998,
    2.46902070599981
  ],
  "prusti-tests/tests/verify/pass/pure-fn/recursive-pure-fn.rs": [
    2.2153290279998146,
    2.2084433939999144,
    2.2312439259999337,
    2.2603954040000644,
    2.203369742999712,
    2.1715401599999495,
    2.2008498170002895,
    2.251648977000059,
    2.2029837840000255,
    2.199044319999757
  ],
  "prusti-tests/tests/verify/pass/pure-fn/ref-mut-arg.rs": [
    3.247967027999948,
    3.262822674999825,
    3.273962269999629,
    3.2215340889997606,
    3.251865064999947,
    3.2846255790000214,
    3.2601372909998645,
    3.265383959999781,
    3.257021757000075,
    3.270599596000011
  ],
  "prusti-tests/tests/verify/pass/rosetta/Ackermann_function.rs": [
    2.2971079869998903,
    2.282678983000096,
    2.271336328000416,
    2.2790211410001575,
    2.2592819930000587,
    2.236500521999915,
    2.2849509540001236,
    2.267732446000082,
    2.2717607760000647,
    2.250043658999857
  ],
  "prusti-tests/tests/verify/pass/rosetta/Heapsort.rs": [
    13.128558210000392,
    13.048420447000353,
    13.067900073000146,
    12.965415623999888,
    13.133806317000108,
    13.25509649300011,
    13.17450219200009,
    13.351157006999983,
    13.233071991000088,
    13.235938411000006
  ]
}