{
  "prusti-tests/tests/verify/pass/rosetta/Knuth_shuffle.rs": [
    3.035825384000077,
    2.637303734999932,
    2.487108613000032,
    2.3944759699999167,
    2.311538478999978,
    2.3674831460000405,
    2.3464825220000876,
    2.3098823069999526,
    2.402831866999918,
    2.3713838160000478
  ],
  "prusti-tests/tests/verify/pass/demos/account.rs": [
    2.148814109,
    2.2059758650000276,
    2.1590650600001027,
    2.215689582999971,
    2.1125386119999803,
    2.1294466299999613,
    2.2116621360000863,
    2.197838542999989,
    2.2254928730000074,
    2.182306689999905
  ],
  "prusti-tests/tests/verify/pass/rosetta/Knights_tour.rs": [
    136.24036489800005,
    131.31028229000003,
    130.4921833190001,
    132.46125000400002,
    130.93966588699982,
    130.46984352100003,
    129.7029604500001,
    125.33079523699985,
    139.11301199199988,
    134.59062395699993
  ],
  "prusti-tests/tests/verify/pass/quick/fold-unfold.rs": [
    1.42186958100001,
    1.4992530290001014,
    1.5525260069998694,
    1.457585533999918,
    1.4280406980001317,
    1.4350298069998644,
    1.4393248379997203,
    1.4341807020000488,
    1.4890020870002445,
    1.4220446159997664
  ],
  "prusti-tests/tests/verify/pass/quick/moves.rs": [
    1.8764218279998204,
    1.7587495999996463,
    1.7306806020001204,
    1.7369719459998123,
    1.7217300129996147,
    1.7717086140000902,
    1.7264202970000042,
    1.734140352000395,
    1.7249214869998468,
    1.7568308290001369
  ],
  "prusti-tests/tests/verify/pass/quick/mut-borrows.rs": [
    3.476346110999657,
    3.437258844000098,
    3.4903101439999773,
    3.547082744999898,
    3.5347187789998316,
    3.533532249000018,
    3.5002455880003254,
    3.5440023690002818,
    3.588472468999953,
    3.497020495000015
  ],
  "prusti-tests/tests/verify/pass/quick/shared-borrows.rs": [
    2.2386400800000956,
    2.3123737939999955,
    2.2975459849999424,
    2.318333729999722,
    2.274325623000095,
    2.2263487850000274,
    2.339996880000399,
    2.292752350000228,
    2.280745362000289,
    2.281990364000194
  ],
  "prusti-tests/tests/verify/pass/quick/trait-contracts-refinement.rs": [
    1.9967834690000927,
    1.9750441169999249,
    1.9488465290000931,
    1.9822327589999986,
    1.9240837529996497,
    1.8945200459997977,
    1.9678103609999198,
    1.9238264549999258,
    1.9533506610000586,
    1.9123949750000975
  ],
  "prusti-tests/tests/verify/pass/quick/routes.rs": [
    6.198950140999841,
    6.154702149000059,
    6.282573086999946,
    6.061905959000342,
    6.335013278000133,
    5.8445296180002515,
    6.000752868999825,
    5.9306118360000255,
    5.63674126099977,
    5.777557721999983
  ],
  "prusti-tests/tests/verify/pass/quick/fibonacci.rs": [
    7.41499335799972,
    7.294096842000272,
    7.279991505999988,
    7.465923793999991,
    7.146861701000034,
    7.162070316999689,
    7.2602726430000075,
    7.311146080000071,
    7.308862674000011,
    7.3052966760001254
  ],
  "prusti-tests/tests/verify/pass/pure-fn/len-lookup.rs": [
    4.319168372999684,
    4.453104761999839,
    4.677470791999895,
    4.500267564000296,
    4.460160545000235,
    4.315555875999962,
    4.216672747999837,
    4.347305953999694,
    4.344116916000075,
    4.356315774999985
  ],
  "prusti-tests/tests/verify/pass/pure-fn/quantifiers.rs": [
    2.728485941999679,
    2.70935170499979,
    2.6075580689998787,
    2.5198055369996837,
    2.497270442000172,
    2.47257716599961,
    2.5148736819996884,
    2.529523594999773,
    2.548885134000102,
    2.3941442469999856
  ],
  "prusti-tests/tests/verify/pass/pure-fn/recursive-pure-fn.rs": [
    2.1950591390000227,
    2.3210695970001325,
    2.2579591680000703,
    2.1434973720001835,
    2.1180045149999387,
    2.1356115230000796,
    2.1691716799996357,
    2.1359098359998825,
    2.165074542000184,
    2.1769107249997433
  ],
  "prusti-tests/tests/verify/pass/pure-fn/ref-mut-arg.rs": [
    3.1789059549996637,
    3.2439781200000652,
    3.359176891000061,
    3.4661544180003148,
    3.4774275029999444,
    3.3339628129997436,
    3.2701828109998132,
    3.2416122409999844,
    3.3547124249998888,
    3.311474022999846
  ],
  "prusti-tests/tests/verify/pass/rosetta/Ackermann_function.rs": [
    2.2480677250000554,
    2.331261713999993,
    2.330857810999987,
    2.481622497999979,
    2.468832021000253,
    2.3673294010000063,
    2.2930324470003143,
    2.3352048659999127,
    2.3053996560001906,
    2.3900772530000722
  ],
  "prusti-tests/tests/verify/pass/rosetta/Heapsort.rs": [
    12.698554051999963,
    11.953425094000067,
    12.080271894999896,
    12.18759583300016,
    11.753487635000056,
    11.86649511900032,
    11.733371477999754,
    11.481253357000242,
    11.840394016000118,
    11.531704291999631
  ]
}