{
  "prusti-tests/tests/verify/pass/rosetta/Knuth_shuffle.rs": [
    1.8928753169999482,
    1.7278312469999264,
    1.7607639359999894,
    1.7448441230000071,
    1.5952238080000143,
    1.6269192089999933,
    1.5970985989999917,
    1.5470235270000785,
    1.581312394000065,
    1.522052973999962
  ],
  "prusti-tests/tests/verify/pass/demos/account.rs": [
    0.7644563260000723,
    0.7308625999999094,
    0.702907398000093,
    0.6815237719999914,
    0.7527265539999917,
    0.7336491600000272,
    0.7179818619999878,
    0.8184097189999875,
    0.7209346309999773,
    0.7775837149999916
  ]
}