{
  "prusti-tests/tests/verify/pass/rosetta/Knuth_shuffle.rs": [
    2.2893644969999514,
    2.1286525369999936,
    1.9963648020000164,
    2.016884043999994,
    1.945390749000012,
    1.8869705390000036,
    1.8720779819999507,
    1.928281879999986,
    1.9476980189999722,
    1.9384377710000535
  ],
  "prusti-tests/tests/verify/pass/demos/account.rs": [
    0.8478286889999254,
    0.8533583299999918,
    0.7724597290000474,
    0.7714851219999446,
    0.8705249569999296,
    0.7649680740000804,
    0.7459655330000032,
    0.8224643999999444,
    0.7120781319999878,
    0.8133370470000045
  ],
  "prusti-tests/tests/verify/pass/rosetta/Knights_tour.rs": [
    116.47538601399992,
    122.0593868599999,
    118.24557833899985,
    119.33739218899996,
    116.77312194500018,
    117.57927641200013,
    116.32856151300007,
    118.55695190699998,
    119.27824197200016,
    119.80626899100025
  ],
  "prusti-tests/tests/verify/pass/quick/fold-unfold.rs": [
    0.628769248000026,
    0.5233467360003488,
    0.5379858350001996,
    0.5505004199999348,
    0.5509327220001978,
    0.5632648060000065,
    0.5264529569999468,
    0.538076135999745,
    0.5506654209998487,
    0.5186768049998136
  ],
  "prusti-tests/tests/verify/pass/quick/moves.rs": [
    0.576279194000108,
    0.5362393230002453,
    0.5545527469998888,
    0.5447999810003239,
    0.533681728999909,
    0.5668061599999419,
    0.533234130999972,
    0.528083696000067,
    0.5391185720000067,
    0.5158344129999932
  ],
  "prusti-tests/tests/verify/pass/quick/mut-borrows.rs": [
    0.9428342209998846,
    0.8588921489999848,
    0.8908787679997658,
    0.8262787270000445,
    0.806693794000239,
    0.8929623960002573,
    0.8373181419997309,
    0.8275065739999263,
    0.8677746499997738,
    0.8094210499998553
  ],
  "prusti-tests/tests/verify/pass/quick/shared-borrows.rs": [
    0.649803755999983,
    0.6348334529998283,
    0.5945910770001319,
    0.593707269999868,
    0.6908158370001729,
    0.6045907460002127,
    0.5589726329999394,
    0.6601412459999665,
    0.5682832239999698,
    0.5797624020001422
  ],
  "prusti-tests/tests/verify/pass/quick/trait-contracts-refinement.rs": [
    0.8890098819997547,
    0.9470753729997341,
    0.8094780480000736,
    0.8695214510003098,
    0.7992656790002002,
    0.8235091419996934,
    0.89525892499978,
    0.8238054679995912,
    0.8196281470000031,
    0.8534983760000614
  ],
  "prusti-tests/tests/verify/pass/quick/routes.rs": [
    2.9297765270002856,
    2.674345797999649,
    2.5642514649998702,
    2.5855578089999653,
    2.5756503420002446,
    2.4053922309999507,
    2.366251873999772,
    2.5239411449997533,
    2.4705975409997336,
    2.459152331000041
  ],
  "prusti-tests/tests/verify/pass/quick/fibonacci.rs": [
    2.3241197170000305,
    2.199997985000209,
    2.3366614010001285,
    2.406719436000003,
    2.4815173009997125,
    2.2318296879998343,
    2.262501121999776,
    2.356012051000107,
    2.587056888999996,
    2.2347473230001924
  ],
  "prusti-tests/tests/verify/pass/pure-fn/len-lookup.rs": [
    1.0218406490002963,
    0.9648356829998193,
    1.0448472970001603,
    0.9968043889998626,
    1.033870239999942,
    0.9835088119998545,
    0.93684769399988,
    0.996374900000319,
    0.9416778270001487,
    1.0427740170002835
  ],
  "prusti-tests/tests/verify/pass/pure-fn/quantifiers.rs": [
    0.8563062440002795,
    0.84899019400018,
    0.8985595330000251,
    0.8357330620001449,
    0.8640680799999245,
    0.872559438999815,
    0.9017669419999947,
    0.8270474249998188,
    0.8838718179999887,
    0.8039536649998809
  ],
  "prusti-tests/tests/verify/pass/pure-fn/recursive-pure-fn.rs": [
    0.6237305179997747,
    0.6286452510003073,
    0.6768355849999352,
    0.6319328539998423,
    0.6438107160001891,
    0.6398884879999969,
    0.8442749910000202,
    0.6537246829998367,
    0.6338753469999574,
    0.6243937820004248
  ],
  "prusti-tests/tests/verify/pass/pure-fn/ref-mut-arg.rs": [
    0.9270425580002666,
    0.8445000920000894,
    0.856711174999873,
    0.9339125050000803,
    0.8505079330002445,
    0.8711016729998846,
    0.9132214629998998,
    0.8375824429999739,
    0.8151749899998322,
    0.942941766000331
  ],
  "prusti-tests/tests/verify/pass/rosetta/Ackermann_function.rs": [
    0.9566563600001246,
    0.949091407999731,
    1.02144149500009,
    0.9422636029999012,
    0.9044061499998861,
    1.0340514169997732,
    0.9142029149998052,
    0.9059551600003033,
    0.9905099249999694,
    0.974064714999713
  ],
  "prusti-tests/tests/verify/pass/rosetta/Heapsort.rs": [
    10.185161092999806,
    9.630783474000054,
    9.624462659000073,
    9.745447468999828,
    9.789292534000197,
    9.625216850000015,
    9.395561453000028,
    9.40039796100018,
    9.703356074000112,
    9.884807507000005
  ]
}