{
  "prusti-tests/tests/verify/pass/rosetta/Knuth_shuffle.rs": [
    2.6357272049999665,
    0.3134384319999981,
    0.31442301699996733,
    0.3145968139999695,
    0.31744207100007316,
    0.3135942299999215,
    0.313535829999978,
    0.31312213699993663,
    0.31466251300003023,
    0.31801726300000155
  ],
  "prusti-tests/tests/verify/pass/demos/account.rs": [
    2.1864547390000553,
    0.11906918900001529,
    0.11821620099999564,
    0.11729671599994163,
    0.1179681050000454,
    0.11810050400004002,
    0.11918758700005583,
    0.11939218400004847,
    0.11925278500007153,
    0.11820230199998605
  ],
  "prusti-tests/tests/verify/pass/rosetta/Knights_tour.rs": [
    100.26710268599993,
    2.1593422690000352,
    2.160491750999995,
    2.168392367000024,
    2.1633038659999784,
    2.1634604640000816,
    2.162632376000033,
    2.1623333439999897,
    2.1617394499999136,
    2.1609299619999547
  ],
  "prusti-tests/tests/verify/pass/quick/fold-unfold.rs": [
    1.2570151569999553,
    0.08898715099996934,
    0.08938244600005874,
    0.08836356200004047,
    0.08950334399992244,
    0.08952684299993052,
    0.08850875899997845,
    0.08914764900009686,
    0.08973133999995753,
    0.08994133700002749
  ],
  "prusti-tests/tests/verify/pass/quick/moves.rs": [
    1.5187948809999625,
    0.08550090400001409,
    0.08574229999999261,
    0.08497021200003019,
    0.08505011099998683,
    0.08612209500006429,
    0.08552190399996107,
    0.08478291500000523,
    0.08528290699996433,
    0.08450172000004841
  ],
  "prusti-tests/tests/verify/pass/quick/mut-borrows.rs": [
    2.966335342999969,
    0.1442857140000342,
    0.1442975129999695,
    0.14374342099995374,
    0.1425634390000141,
    0.14761656299992865,
    0.14306193200002326,
    0.14694567300000472,
    0.1426717380001037,
    0.14334922799992
  ],
  "prusti-tests/tests/verify/pass/quick/shared-borrows.rs": [
    1.8429879380000784,
    0.08474622400001408,
    0.08562351100010801,
    0.08450472799995623,
    0.08406653400004416,
    0.08524111600002016,
    0.08356404199992085,
    0.08314554800006135,
    0.08341594399996666,
    0.08274045399991792
  ],
  "prusti-tests/tests/verify/pass/quick/trait-contracts-refinement.rs": [
    1.551899330000083,
    0.12748748000001342,
    0.12687239000001682,
    0.1283125680000694,
    0.12677179100001013,
    0.12661759299999176,
    0.12619929999993929,
    0.12739978100000826,
    0.1260680020000109,
    0.1258054049999373
  ],
  "prusti-tests/tests/verify/pass/quick/routes.rs": [
    5.137434785000096,
    0.32011596699999245,
    0.3205453599999828,
    0.319589274000009,
    0.3208808549999276,
    0.3213449480000463,
    0.31972417199995107,
    0.32067655800005923,
    0.3202698650000002,
    0.325173990000053
  ],
  "prusti-tests/tests/verify/pass/quick/fibonacci.rs": [
    0.3389853820000326,
    0.33611292500006584,
    0.33746670400000767,
    0.337068209999984,
    0.33823859300002823,
    0.3367868149999822,
    0.3390462800000478,
    0.33838629100000617,
    0.3368782129999772,
    0.336922512000001
  ],
  "prusti-tests/tests/verify/pass/pure-fn/len-lookup.rs": [
    3.4971795100000236,
    0.20038257500004875,
    0.20087926799999423,
    0.20159315699993385,
    0.199372589999939,
    0.2017700540000078,
    0.2009093679999978,
    0.2012665620000007,
    0.2010700650000672,
    0.20334703000003174
  ],
  "prusti-tests/tests/verify/pass/pure-fn/quantifiers.rs": [
    2.1632885459999898,
    0.1846444130000009,
    0.176129340999978,
    0.173516880999955,
    0.17508135699995364,
    0.17505675799998244,
    0.17566745599992828,
    0.17463085800000044,
    0.17527394800004004,
    0.17488715499996488
  ],
  "prusti-tests/tests/verify/pass/pure-fn/recursive-pure-fn.rs": [
    1.8698271770000474,
    0.1351866009999867,
    0.1330864340000062,
    0.13266264200001388,
    0.13292993700008537,
    0.1331288339999901,
    0.13257894299999862,
    0.13248454400002174,
    0.13350642800003243,
    0.13359122600002138
  ],
  "prusti-tests/tests/verify/pass/pure-fn/ref-mut-arg.rs": [
    2.8357542830000284,
    0.1650568000000021,
    0.16487780299996757,
    0.16628458100001353,
    0.16823865199989996,
    0.16594288599992524,
    0.16532099599999128,
    0.16433401100005085,
    0.16567949099999169,
    0.16497900100000606
  ],
  "prusti-tests/tests/verify/pass/rosetta/Ackermann_function.rs": [
    1.832887043000028,
    0.20240453399992475,
    0.2021860380000362,
    0.20282922900003086,
    0.2030298249999305,
    0.20303932499996336,
    0.20280842900001517,
    0.2027055300000029,
    0.20254703199998403,
    0.20178384500002267
  ],
  "prusti-tests/tests/verify/pass/rosetta/Heapsort.rs": [
    9.924097405999987,
    0.9239154220000501,
    0.9156179440000187,
    0.9219293219999827,
    0.9172664430000168,
    0.9192150150000771,
    0.9231365549999282,
    0.9179448340000818,
    0.9239583429999811,
    0.9232556530000693
  ]
}