{
  "prusti-tests/tests/verify/pass/rosetta/Knuth_shuffle.rs": [
    2.5307538199999726,
    2.1316131390000237,
    1.9797395080000797,
    1.96560750499998,
    1.9019776920000595,
    1.9322920980000617,
    1.9764704079999547,
    1.898858292,
    1.9484672019999607,
    1.905326993000017
  ],
  "prusti-tests/tests/verify/pass/demos/account.rs": [
    0.8134494679999307,
    0.8095574680000936,
    0.7952353639999501,
    0.8250326700000414,
    0.7564534569999068,
    0.8225096700000449,
    0.7561513559999185,
    0.7761907599999631,
    0.7378731530000096,
    0.8618700779999244
  ]
}