{
  "prusti-tests/tests/verify/pass/rosetta/Knuth_shuffle.rs": [
    2.733112293999966,
    0.3565633749999506,
    0.3585558869999659,
    0.3565290390000655,
    0.3618269019999616,
    0.35556622800004334,
    0.35820765900007245,
    0.3582061600000088,
    0.35789295500001117,
    0.3594664739999871
  ],
  "prusti-tests/tests/verify/pass/demos/account.rs": [
    2.2030012799999668,
    0.13625948200001403,
    0.13101732100005847,
    0.13115292300005876,
    0.13138192599990361,
    0.1309201200000416,
    0.1315560269999878,
    0.13072321800007103,
    0.1320506330000626,
    0.1307506179999791
  ],
  "prusti-tests/tests/verify/pass/rosetta/Knights_tour.rs": [
    95.87408614200001,
    2.5976510969999254,
    2.605077883999911,
    2.607963617999985,
    2.6027348630000233,
    2.598374390999993,
    2.594579549000059,
    2.598286790999964,
    2.318291175000013,
    2.5992323140000053
  ],
  "prusti-tests/tests/verify/pass/quick/fold-unfold.rs": [
    1.2639711460000171,
    0.10174567099988963,
    0.1009356619999835,
    0.10067655800003195,
    0.1014761679999765,
    0.10126236600001448,
    0.10291688500001328,
    0.10175137099997755,
    0.10193667299995468,
    0.10274518200003513
  ],
  "prusti-tests/tests/verify/pass/quick/moves.rs": [
    1.5290688630000204,
    0.09809992300006343,
    0.0989647320000131,
    0.09828032500001882,
    0.0979660220000369,
    0.09880043099997238,
    0.09874743000000308,
    0.09826122499998746,
    0.09753071600005114,
    0.09876653100002386
  ],
  "prusti-tests/tests/verify/pass/quick/mut-borrows.rs": [
    2.993041463000054,
    0.16690260999996553,
    0.16521769200005565,
    0.16571709699996973,
    0.16402617799997188,
    0.16156905000002553,
    0.1654185930000267,
    0.1649787889999743,
    0.16580059800003255,
    0.1622784569999567
  ],
  "prusti-tests/tests/verify/pass/quick/shared-borrows.rs": [
    1.842921097000044,
    0.09582179699998505,
    0.09591019799995593,
    0.09573659900001985,
    0.09515769799997997,
    0.09521659699998963,
    0.09572660399999222,
    0.09626491000005899,
    0.09559550199992373,
    0.095773705000056
  ],
  "prusti-tests/tests/verify/pass/quick/trait-contracts-refinement.rs": [
    1.7545848320000914,
    0.14272524600005454,
    0.14293154799997865,
    0.14211063799996282,
    0.1432924529999582,
    0.1427270450000151,
    0.1423986419999892,
    0.14449556600004598,
    0.14412006200007,
    0.14527297500001168
  ],
  "prusti-tests/tests/verify/pass/quick/routes.rs": [
    5.531745144999945,
    0.35894415600000684,
    0.35910855899999206,
    0.3591044579999334,
    0.36097357999994983,
    0.35804254599997876,
    0.35982946700005414,
    0.35739863799994964,
    0.3595598640000617,
    0.36159548700004507
  ],
  "prusti-tests/tests/verify/pass/quick/fibonacci.rs": [
    0.3862489730000789,
    0.38753568699996777,
    0.3877630910000107,
    0.387306585000033,
    0.3854499639999176,
    0.3856184649999932,
    0.3858121679999158,
    0.386269072999994,
    0.38830149599994,
    0.3998315940000339
  ],
  "prusti-tests/tests/verify/pass/pure-fn/len-lookup.rs": [
    3.730296419999945,
    0.2227671289999762,
    0.21924778699997205,
    0.2225476260000505,
    0.22309793299996272,
    0.2224545249999892,
    0.225025555000002,
    0.2231208330000527,
    0.22262162700008048,
    0.2232996349999894
  ],
  "prusti-tests/tests/verify/pass/pure-fn/quantifiers.rs": [
    2.2882761469999195,
    0.2044922759999963,
    0.19587007500001619,
    0.1948253630000636,
    0.19541527000001224,
    0.19339854600002582,
    0.19568547400001535,
    0.19825500299998566,
    0.19618997899999613,
    0.19499026500000127
  ],
  "prusti-tests/tests/verify/pass/pure-fn/recursive-pure-fn.rs": [
    1.9217885240000214,
    0.15205326700004207,
    0.15224816799991459,
    0.15223416900005304,
    0.15239047000000028,
    0.15326927999990403,
    0.1547294970000621,
    0.15427479199991012,
    0.15348038299998734,
    0.15324007999993228
  ],
  "prusti-tests/tests/verify/pass/pure-fn/ref-mut-arg.rs": [
    2.9468119359999037,
    0.20744781400003376,
    0.19701869100003933,
    0.1990533160000041,
    0.1978077010001016,
    0.1974659969999948,
    0.1969870920000858,
    0.19813990400007242,
    0.19584837900004004,
    0.1961646820000169
  ],
  "prusti-tests/tests/verify/pass/rosetta/Ackermann_function.rs": [
    1.946801146000098,
    0.23861707599996862,
    0.23898397999994359,
    0.23669875399991724,
    0.23846017400001074,
    0.23872277699990718,
    0.23852367500001037,
    0.2361941479999814,
    0.23759246400004486,
    0.2388317789999519
  ],
  "prusti-tests/tests/verify/pass/rosetta/Heapsort.rs": [
    10.360464423000053,
    1.085754376000068,
    1.0789410969999835,
    1.075413555999944,
    1.0757335600000033,
    1.0804806140000665,
    1.0834729499999867,
    1.081350438999948,
    1.0795121950000066,
    1.0791660910000473
  ]
}