{
  "prusti-tests/tests/verify/pass/rosetta/Knuth_shuffle.rs": [
    1.990424869000094,
    1.8477496069999688,
    1.9130181970000422,
    1.718841279000003,
    1.7568765479999229,
    1.7263735909999696,
    1.6205741689999513,
    1.698541686999988,
    1.6051053760000968,
    1.6052983849999691
  ],
  "prusti-tests/tests/verify/pass/demos/account.rs": [
    0.7310716880000427,
    0.7060700209999595,
    0.7162314429999697,
    0.765555715000005,
    0.6934111729999586,
    0.8116834970001037,
    0.7500538090000646,
    0.7696818890001396,
    0.77400448100002,
    0.7977874399998655
  ],
  "prusti-tests/tests/verify/pass/rosetta/Knights_tour.rs": [
    105.37307782900007,
    104.25365407000004,
    102.61612553500004,
    102.86532510799998,
    108.27431333899995,
    105.0543900990001,
    106.57050982200008,
    104.60482245400021,
    102.33020835000002,
    99.74790684400023
  ],
  "prusti-tests/tests/verify/pass/quick/fold-unfold.rs": [
    0.5448165460002201,
    0.5346640849998039,
    0.5631747819998054,
    0.5641386739998779,
    0.5620978799997829,
    0.539114606000112,
    0.5430184759998156,
    0.49188213800016456,
    0.5791356930003531,
    0.5289825470003962
  ],
  "prusti-tests/tests/verify/pass/quick/moves.rs": [
    0.5478680340002029,
    0.5303644780001378,
    0.5628774550000344,
    0.6028564770003868,
    0.565800536000097,
    0.5512959819998287,
    0.5490665729998909,
    0.5363354850001087,
    0.6185901660001036,
    0.5596700639998744
  ],
  "prusti-tests/tests/verify/pass/quick/mut-borrows.rs": [
    0.9184422670000458,
    0.9081767079997007,
    0.9519783989999269,
    0.8267341030000352,
    0.8415278829997987,
    0.8276633890000085,
    0.8106389620002119,
    0.8786580609998964,
    0.8066948849996152,
    0.9029980870000145
  ],
  "prusti-tests/tests/verify/pass/quick/shared-borrows.rs": [
    0.6089783919996989,
    0.5839918049996413,
    0.5440391870001804,
    0.6256312830000752,
    0.6148220499999297,
    0.5724813730003007,
    0.6012849200001256,
    0.5445168360001844,
    0.5291316770003505,
    0.6079989570002908
  ],
  "prusti-tests/tests/verify/pass/quick/trait-contracts-refinement.rs": [
    0.9486533599997529,
    0.9847519830000238,
    0.7641196609997678,
    0.7688019050001458,
    0.737353923000228,
    0.7592839029998686,
    0.7495446739999352,
    0.7380723730002501,
    0.8092636119999952,
    0.7932264940000096
  ],
  "prusti-tests/tests/verify/pass/quick/routes.rs": [
    2.3202947589998075,
    2.3610792199997377,
    2.1813867690002553,
    2.080236275000061,
    2.1119834870000886,
    2.045920018999823,
    2.1901475529998606,
    2.090951018999931,
    2.044104486999913,
    1.8871829409999918
  ],
  "prusti-tests/tests/verify/pass/quick/fibonacci.rs": [
    1.8307450689999314,
    1.919863413999792,
    1.928538144000413,
    1.8567806709997967,
    2.078957714000353,
    1.6772077529999478,
    1.8594924490002995,
    1.9650649679997514,
    2.1016171070000382,
    2.1634061859999747
  ],
  "prusti-tests/tests/verify/pass/pure-fn/len-lookup.rs": [
    0.9995250060001126,
    0.936423128000115,
    0.9554432300001281,
    0.990899790000185,
    0.9589213599997493,
    0.8972723950000727,
    0.9503347449999637,
    0.8327846939996562,
    0.8551802189999762,
    0.9589901660001487
  ],
  "prusti-tests/tests/verify/pass/pure-fn/quantifiers.rs": [
    0.8064618980001796,
    0.8025682279999273,
    0.8149204999999711,
    0.751893821000067,
    0.7738845500002753,
    0.8674081029998888,
    0.8237794739998208,
    0.7999645189997864,
    0.8011279289999038,
    0.8836824429999979
  ],
  "prusti-tests/tests/verify/pass/pure-fn/recursive-pure-fn.rs": [
    0.6217052459996921,
    0.5918812229997457,
    0.6098398229996747,
    0.5865110149998145,
    0.646613804000026,
    0.5722917759999291,
    0.5860210149999148,
    0.6230719250002039,
    0.6361753659998612,
    0.6685249309998653
  ],
  "prusti-tests/tests/verify/pass/pure-fn/ref-mut-arg.rs": [
    0.7587054739997257,
    0.8198036620001403,
    0.8419079559998863,
    0.786491006000233,
    0.7856141229999594,
    0.7501192600002469,
    0.8047497360003035,
    0.7671127700000397,
    0.8235636179997528,
    0.7972357250000641
  ],
  "prusti-tests/tests/verify/pass/rosetta/Ackermann_function.rs": [
    1.021845201999895,
    0.8847137120001207,
    0.8906952780002939,
    1.0778773100000762,
    0.8824050929997611,
    0.8292487419998906,
    0.8506964610000978,
    0.9636967480000749,
    0.801213380000263,
    0.8431288440001481
  ],
  "prusti-tests/tests/verify/pass/rosetta/Heapsort.rs": [
    5.782424981999611,
    5.966326770999785,
    5.79700560099991,
    5.819878705000065,
    6.003514401000302,
    5.733141761000297,
    5.95389999300005,
    6.039599414999884,
    6.111451416999898,
    5.9318504779998875
  ]
}