{
  "prusti-tests/tests/verify/pass/rosetta/Knuth_shuffle.rs": [
    1.8692216470000176,
    1.560757738999996,
    1.5276996840000265,
    1.5030131039999333,
    1.5023413480000727,
    1.427264723999997,
    1.439247033000015,
    1.5086264369999753,
    1.4534748859999809,
    1.4412848599999961
  ],
  "prusti-tests/tests/verify/pass/demos/account.rs": [
    0.7526845779999576,
    0.7523550500000056,
    0.7120968599999742,
    0.7477870650000114,
    0.6708796899999925,
    0.7572015770000462,
    0.6626861220000819,
    0.6523857539999653,
    0.7248080539999364,
    0.6833053589999736
  ],
  "prusti-tests/tests/verify/pass/rosetta/Knights_tour.rs": [
    90.23257017799995,
    90.97676040700003,
    93.83014815100012,
    89.99654532299996,
    87.1888153750001,
    94.0244212980001,
    88.67985600500015,
    83.96429612500015,
    88.45571803799999,
    92.40047862400002
  ],
  "prusti-tests/tests/verify/pass/quick/fold-unfold.rs": [
    0.592586511999798,
    0.5616589069998099,
    0.5548897369999395,
    0.5350787120000859,
    0.6015201070001694,
    0.5385065849998227,
    0.5782868449998659,
    0.5505123989998992,
    0.5648993140000584,
    0.559976997999911
  ],
  "prusti-tests/tests/verify/pass/quick/moves.rs": [
    0.5558760519998032,
    0.5624921109999832,
    0.5471955180000805,
    0.5670142930000566,
    0.6109107009999661,
    0.5483116129998962,
    0.5556093299999247,
    0.5397940819998439,
    0.5406570640000155,
    0.5348960789999637
  ],
  "prusti-tests/tests/verify/pass/quick/mut-borrows.rs": [
    0.9108399609999651,
    0.8375783869998941,
    0.8804595010001321,
    0.9284347439997873,
    0.8152232029999595,
    0.8536023369999839,
    0.845552059000056,
    0.8252325480000309,
    0.8455692249999629,
    0.7779375200000231
  ],
  "prusti-tests/tests/verify/pass/quick/shared-borrows.rs": [
    0.5550858220001373,
    0.5537817130000349,
    0.6382597379999879,
    0.623114360000045,
    0.6614526939999905,
    0.6095448160001524,
    0.6093108959998972,
    0.5879930979999699,
    0.5707698449998588,
    0.6187955959999272
  ],
  "prusti-tests/tests/verify/pass/quick/trait-contracts-refinement.rs": [
    0.9031501039999057,
    0.7110262049998255,
    0.7187351549998766,
    0.788913076999961,
    0.7181803080000009,
    0.7341231529999277,
    0.8032018829999288,
    0.7692028140002094,
    0.7813152359999549,
    0.8417346349999661
  ],
  "prusti-tests/tests/verify/pass/quick/routes.rs": [
    2.3582849489998807,
    2.067189209000162,
    2.0419001809998463,
    1.9933945000000222,
    2.01572275500007,
    1.9164238079999905,
    2.132640163999895,
    1.963217558999986,
    1.9974836510000387,
    1.8415945970000394
  ],
  "prusti-tests/tests/verify/pass/quick/fibonacci.rs": [
    1.9496099999998933,
    1.7741846160001842,
    2.121075821999966,
    1.9263619619998735,
    1.8584539490000225,
    1.8241942660001769,
    1.9796204940000734,
    1.8854305300001215,
    1.8740673720001269,
    1.9257246289998875
  ],
  "prusti-tests/tests/verify/pass/pure-fn/len-lookup.rs": [
    0.9363534789999903,
    0.8848097909999524,
    0.917682146000061,
    0.9229986940001709,
    0.8954546729999038,
    1.006691549000152,
    0.8967482820000896,
    0.9627267430000757,
    0.8847643730000527,
    0.9695239280001715
  ],
  "prusti-tests/tests/verify/pass/pure-fn/quantifiers.rs": [
    0.8157385570000315,
    0.8728764790000696,
    0.8047717300000841,
    0.7671719569998459,
    0.8359668640000564,
    0.750212724999983,
    0.8725292499998432,
    0.8238826429999335,
    0.8342790219999188,
    0.795807712999931
  ],
  "prusti-tests/tests/verify/pass/pure-fn/recursive-pure-fn.rs": [
    0.5825150330001634,
    0.6042296610000903,
    0.646083684000132,
    0.6207287489999089,
    0.6272811010001078,
    0.591822516999855,
    0.6581449990001147,
    0.6078763680000066,
    0.6228326269999798,
    0.6502402340001936
  ],
  "prusti-tests/tests/verify/pass/pure-fn/ref-mut-arg.rs": [
    0.7400403920000826,
    0.7429304360000515,
    0.7979338330001156,
    0.7445851420000054,
    0.7811687299999903,
    0.7858482249998815,
    0.7554192559998683,
    0.7889035830000921,
    0.733491506000064,
    0.8030875800000103
  ],
  "prusti-tests/tests/verify/pass/rosetta/Ackermann_function.rs": [
    0.9758762629999183,
    0.8851663069999631,
    0.8177866910000375,
    0.8834739330000048,
    0.8722693870001876,
    0.8162884649998432,
    0.8963740219999181,
    0.9164034109999193,
    0.8478906310001548,
    0.9313196690000041
  ],
  "prusti-tests/tests/verify/pass/rosetta/Heapsort.rs": [
    5.3187923120001415,
    5.019689663000008,
    4.878193061000047,
    4.827550077000069,
    4.960479358999919,
    4.45377342300003,
    5.237117037999951,
    4.516097657000046,
    5.005419438999979,
    4.916587416000084
  ]
}