{
  "prusti-tests/tests/verify/pass/rosetta/Knuth_shuffle.rs": [
    2.8038002470000265,
    0.3453244249999443,
    0.307461773,
    0.3391990520000263,
    0.3415023800000654,
    0.305506150000042,
    0.32834732200001326,
    0.33334448299990527,
    0.3306702500000256,
    0.33102615399991464
  ],
  "prusti-tests/tests/verify/pass/demos/account.rs": [
    2.3561546469999257,
    0.12665051299995866,
    0.13055856000005406,
    0.1289782409999134,
    0.13199317600003724,
    0.12761962399997628,
    0.13224407999996401,
    0.12425218399994264,
    0.12145715099995869,
    0.1271511190000183
  ],
  "prusti-tests/tests/verify/pass/rosetta/Knights_tour.rs": [
    115.610485552,
    1.9969415330000402,
    2.2334955999999693,
    2.0048791110000366,
    2.2637861409999687,
    2.2504640570000447,
    2.2706452850000005,
    2.249209448999977,
    2.248980780000011,
    2.242658342000027
  ],
  "prusti-tests/tests/verify/pass/quick/fold-unfold.rs": [
    1.285586577999993,
    0.10107551999999487,
    0.10242532799998116,
    0.09990441200000078,
    0.09912251000002925,
    0.09793803100001242,
    0.10190475599995352,
    0.09886563700001716,
    0.09886073699999542,
    0.09998614400001316
  ],
  "prusti-tests/tests/verify/pass/quick/moves.rs": [
    1.4830619599999864,
    0.0985322349999933,
    0.09532161499998892,
    0.0970019260000754,
    0.095755117000067,
    0.09727332700003899,
    0.10096695000004274,
    0.09961884200004079,
    0.0986492360000284,
    0.096863825000014
  ],
  "prusti-tests/tests/verify/pass/quick/mut-borrows.rs": [
    2.994618304000028,
    0.15189677899991239,
    0.14724024899999222,
    0.15003636699998424,
    0.15554150299999492,
    0.15437959500002307,
    0.15660041000001002,
    0.1561235059999717,
    0.15496179900003426,
    0.15170567699999538
  ],
  "prusti-tests/tests/verify/pass/quick/shared-borrows.rs": [
    1.8517620810000608,
    0.09583623900005023,
    0.09705964699992364,
    0.09622954200006006,
    0.09341812299999219,
    0.09339812300004269,
    0.09288441900002908,
    0.09844835599994894,
    0.0961973419999822,
    0.09311012199998459
  ],
  "prusti-tests/tests/verify/pass/quick/trait-contracts-refinement.rs": [
    1.6580385610000121,
    0.13055437100001654,
    0.13677031199995326,
    0.13192818000004536,
    0.1371780150000177,
    0.12948506400005044,
    0.13652190999994218,
    0.13593160699997497,
    0.13152587800004767,
    0.1420742479999717
  ],
  "prusti-tests/tests/verify/pass/quick/routes.rs": [
    5.44050968199997,
    0.3414860090000502,
    0.31159662400000343,
    0.3135341360000439,
    0.34110960700002124,
    0.33842999000000873,
    0.3423423140000068,
    0.3146798430000217,
    0.35118286900001294,
    0.31998197699999764
  ],
  "prusti-tests/tests/verify/pass/quick/fibonacci.rs": [
    0.35516589400003795,
    0.35941442000000734,
    0.3578593099999807,
    0.3256147109999574,
    0.36035722500002976,
    0.3210231829999657,
    0.3516209719999779,
    0.35290187999999034,
    0.35280642299994724,
    0.3585660989999724
  ],
  "prusti-tests/tests/verify/pass/pure-fn/len-lookup.rs": [
    3.719458637999992,
    0.21205522899992957,
    0.22365664500000548,
    0.21430785100005778,
    0.19857269399994948,
    0.20258263400000942,
    0.2000942079999959,
    0.20114971999998943,
    0.19921150000004673,
    0.19966840400002184
  ],
  "prusti-tests/tests/verify/pass/pure-fn/quantifiers.rs": [
    2.3080955980000226,
    0.17707050900003196,
    0.19062020899991694,
    0.17981202900000426,
    0.1876370869999846,
    0.18632797700001902,
    0.18012953099992046,
    0.1755704979999564,
    0.17618730200001664,
    0.17582829900004526
  ],
  "prusti-tests/tests/verify/pass/pure-fn/recursive-pure-fn.rs": [
    1.9340044970000463,
    0.1380868210000017,
    0.14187644900005125,
    0.14409116499996344,
    0.14979070699996555,
    0.14190514899996742,
    0.1424918530000241,
    0.13801341999999295,
    0.14609217999998236,
    0.14702838699997756
  ],
  "prusti-tests/tests/verify/pass/pure-fn/ref-mut-arg.rs": [
    2.8898258699999815,
    0.1790518369999745,
    0.1698990509999021,
    0.18044166500010306,
    0.1693215399999417,
    0.18419474100005573,
    0.17991745500000889,
    0.17910203799999636,
    0.16797571200004313,
    0.18207949899999676
  ],
  "prusti-tests/tests/verify/pass/rosetta/Ackermann_function.rs": [
    1.9383198699999866,
    0.206602351000015,
    0.21842652900011217,
    0.20162039599995296,
    0.2018649980000191,
    0.2036019119999537,
    0.21524790399996618,
    0.2040215150000222,
    0.2180976270000201,
    0.20241130299996257
  ],
  "prusti-tests/tests/verify/pass/rosetta/Heapsort.rs": [
    10.153025049999997,
    0.8590290930000037,
    0.8553356679999524,
    0.9563497320000351,
    0.9543349130000252,
    0.8569103820000237,
    0.9592308600000479,
    0.8582580949999965,
    0.8743253489999461,
    0.8534002489999466
  ]
}