{
  "prusti-tests/tests/verify/pass/rosetta/Knuth_shuffle.rs": [
    3.1136252759999934,
    0.4209877430000688,
    0.41102410899998176,
    0.4123326149999684,
    0.41072808099988833,
    0.4126857440001004,
    0.41116121699997166,
    0.40886592599986216,
    0.411556451000024,
    0.4106703759998709
  ],
  "prusti-tests/tests/verify/pass/demos/account.rs": [
    2.6007953410000937,
    0.15030270900001597,
    0.1523218770000767,
    0.14831084200000078,
    0.14874987899997905,
    0.14801671800000804,
    0.14378186499993717,
    0.1496102510000128,
    0.15058603200009202,
    0.1472261520000302
  ],
  "prusti-tests/tests/verify/pass/rosetta/Knights_tour.rs": [
    105.79322552400004,
    3.01150669499998,
    3.042607081000142,
    3.023256690999915,
    3.0137909469999613,
    3.0160529350000616,
    3.01737490000005,
    3.0263809520001814,
    3.0255280890000904,
    3.030924657000014
  ],
  "prusti-tests/tests/verify/pass/quick/fold-unfold.rs": [
    1.4925084710000647,
    0.11203621300001032,
    0.12544162800008962,
    0.11883877900004336,
    0.11248895100015943,
    0.11200881100012339,
    0.11327831699986746,
    0.11196380799992767,
    0.12316893899992465,
    0.12624959499999022
  ],
  "prusti-tests/tests/verify/pass/quick/moves.rs": [
    1.7731035759998122,
    0.10529464199998984,
    0.10761143499985337,
    0.10673256099994433,
    0.10563657000011517,
    0.10453947900009553,
    0.10744692100001885,
    0.11239233100013735,
    0.11054867799998647,
    0.1107975989998522
  ],
  "prusti-tests/tests/verify/pass/quick/mut-borrows.rs": [
    3.5714986109999245,
    0.2038654250000036,
    0.18346183100015878,
    0.18349213400006192,
    0.18308359999991808,
    0.18271156900004826,
    0.18299329199999192,
    0.18644367900014913,
    0.184645330000194,
    0.18258785900002295
  ],
  "prusti-tests/tests/verify/pass/quick/shared-borrows.rs": [
    2.1859271359999184,
    0.10769995200007543,
    0.1070218960001057,
    0.10616502400011996,
    0.10609471899988421,
    0.10586969899986798,
    0.1122076270000889,
    0.1088156439998329,
    0.10626743300008457,
    0.10505783199982943
  ],
  "prusti-tests/tests/verify/pass/quick/trait-contracts-refinement.rs": [
    2.0697770389999732,
    0.16026942200005578,
    0.1579832309998892,
    0.15971737599988955,
    0.16077546299993628,
    0.15586175500015997,
    0.15806353799985118,
    0.16124400200010314,
    0.16187435500000902,
    0.15751429199985978
  ],
  "prusti-tests/tests/verify/pass/quick/routes.rs": [
    6.270224654000003,
    0.4075307339999199,
    0.40780045599990444,
    0.41022285799999736,
    0.4082426929999201,
    0.40694268500010367,
    0.40499472300007255,
    0.40707739599997694,
    0.41206570999997894,
    0.40529154799992284
  ],
  "prusti-tests/tests/verify/pass/quick/fibonacci.rs": [
    0.4368707689998246,
    0.43897704500000145,
    0.4359675860000607,
    0.43612329400002636,
    0.43765782099990247,
    0.43721918500000356,
    0.43155741500004297,
    0.4439395429999422,
    0.44198098000015307,
    0.4421289929998693
  ],
  "prusti-tests/tests/verify/pass/pure-fn/len-lookup.rs": [
    4.408696279999958,
    0.2512070479999693,
    0.24634395899988704,
    0.24600953100002698,
    0.24857764500006851,
    0.24911458800011133,
    0.2480347990001519,
    0.25143398199998046,
    0.2509244390000731,
    0.249515122000048
  ],
  "prusti-tests/tests/verify/pass/pure-fn/quantifiers.rs": [
    2.725831178999897,
    0.22277530099995602,
    0.21923200700007328,
    0.2196096390000548,
    0.2184375409999575,
    0.2209733510001115,
    0.22011958100006268,
    0.2171973380000054,
    0.22344735700016827,
    0.22306742599994323
  ],
  "prusti-tests/tests/verify/pass/pure-fn/recursive-pure-fn.rs": [
    2.2862394890000814,
    0.17384832299990194,
    0.1724447069998405,
    0.17485170700001618,
    0.1740079369999421,
    0.17602560399996037,
    0.173344582000027,
    0.17361010399986299,
    0.1747786000000815,
    0.17081637199999022
  ],
  "prusti-tests/tests/verify/pass/pure-fn/ref-mut-arg.rs": [
    3.47917925500019,
    0.22918861499988452,
    0.22509647500010033,
    0.22575733000007858,
    0.22790870900007576,
    0.22392887899991365,
    0.22267737500010298,
    0.22407649100000526,
    0.2213512640000772,
    0.22126346499999272
  ],
  "prusti-tests/tests/verify/pass/rosetta/Ackermann_function.rs": [
    2.3389848219999294,
    0.2694553090000227,
    0.27201632199989945,
    0.27204522500005623,
    0.27287899400016613,
    0.2711002459998326,
    0.2720650270000533,
    0.2729307990000507,
    0.2735017449999759,
    0.2723334489999161
  ],
  "prusti-tests/tests/verify/pass/rosetta/Heapsort.rs": [
    12.001317064999967,
    1.2437741720000304,
    1.2461301690000255,
    1.2475968899998406,
    1.2574775120001505,
    1.2488452939999206,
    1.241843205000123,
    1.2432298980002088,
    1.2481358059999366,
    1.2473479390000648
  ]
}