{
  "prusti-tests/tests/verify/pass/rosetta/Knuth_shuffle.rs": [
    3.0134364709999772,
    2.4996883449999814,
    2.463031504000014,
    2.4205783890000703,
    2.433461426000008,
    2.4760041360000287,
    2.486935780999943,
    2.404129055999988,
    2.353158207999968,
    2.3926976779999904
  ],
  "prusti-tests/tests/verify/pass/demos/account.rs": [
    2.2027466170000025,
    2.1128201369999715,
    2.135110145999988,
    2.177764471000046,
    2.290932006999924,
    2.2504706209999767,
    2.144278831999941,
    2.1288932659999773,
    2.191260772000078,
    2.167399977000059
  ],
  "prusti-tests/tests/verify/pass/rosetta/Knights_tour.rs": [
    137.71840184100006,
    138.07390515199995,
    136.42761750299996,
    135.78976261499997,
    135.47264811000014,
    139.44225490099984,
    137.58433252999998,
    139.08753261499987,
    138.58420218700007,
    136.08260107499973
  ],
  "prusti-tests/tests/verify/pass/quick/fold-unfold.rs": [
    1.3983242790000077,
    1.3952260599999136,
    1.3959780939999291,
    1.4116610050000418,
    1.4126802509999834,
    1.3812416259997917,
    1.4285705899997083,
    1.4098588790002395,
    1.3931740820003142,
    1.3718775039997126
  ],
  "prusti-tests/tests/verify/pass/quick/moves.rs": [
    1.7858049129999927,
    1.6809659000000465,
    1.7437289760000567,
    1.7083265419996678,
    1.699146687999928,
    1.6689797459998772,
    1.728606789999958,
    1.7095040369999879,
    1.689309860999856,
    1.700383151999631
  ],
  "prusti-tests/tests/verify/pass/quick/mut-borrows.rs": [
    3.4976099630002864,
    3.479918362999797,
    3.3903094919996875,
    3.345893579999938,
    3.4709251859999313,
    3.5467237420002675,
    3.5345587090000663,
    3.568720401000064,
    3.4653344710000056,
    3.412049517000014
  ],
  "prusti-tests/tests/verify/pass/quick/shared-borrows.rs": [
    2.1801428320000014,
    2.2385584279995783,
    2.198922962999859,
    2.130102495999836,
    2.171082196000043,
    2.1122416470002463,
    2.1568014529998436,
    2.2413095379997685,
    2.115436074000172,
    2.1668222319999586
  ],
  "prusti-tests/tests/verify/pass/quick/trait-contracts-refinement.rs": [
    1.8835432840000976,
    1.9297220290000041,
    1.9638471239995852,
    1.8751866210000117,
    1.861588458999904,
    1.9247797600000922,
    1.8954875009999341,
    1.8339647369998602,
    1.8513005009999688,
    1.8371284710001419
  ],
  "prusti-tests/tests/verify/pass/quick/routes.rs": [
    6.3443180680001205,
    6.0211034829999335,
    6.0431112149999535,
    5.967421671000011,
    5.910863905999577,
    6.033191156000157,
    5.908440865000102,
    5.914435983999738,
    5.916512533000059,
    5.852715308999905
  ],
  "prusti-tests/tests/verify/pass/quick/fibonacci.rs": [
    7.560729569999694,
    7.865812743000333,
    7.618623599999864,
    7.7169008710002345,
    7.768287687999873,
    7.585328251000192,
    7.669234804000098,
    7.826227435999954,
    7.69786884999985,
    7.6895573360002345
  ],
  "prusti-tests/tests/verify/pass/pure-fn/len-lookup.rs": [
    4.368233616999987,
    4.392888836999646,
    4.31706023400011,
    4.443109375000404,
    4.442649331999746,
    4.314011452000159,
    4.452458272000058,
    4.393896613999914,
    4.332346631999826,
    4.205733602000237
  ],
  "prusti-tests/tests/verify/pass/pure-fn/quantifiers.rs": [
    2.738749683000151,
    2.920053367000037,
    2.7013041209997937,
    2.7327221430000463,
    2.9005376230002184,
    2.694724803999634,
    2.694674250999924,
    2.8468515750000734,
    2.865799014000004,
    2.8196389899999303
  ],
  "prusti-tests/tests/verify/pass/pure-fn/recursive-pure-fn.rs": [
    2.527551307000067,
    2.5657264500000565,
    2.4733951439998236,
    2.619365798000217,
    2.4422427049998987,
    2.4755606779999653,
    2.5072407570000905,
    2.7734608079999816,
    2.782752122000147,
    2.559715118999975
  ],
  "prusti-tests/tests/verify/pass/pure-fn/ref-mut-arg.rs": [
    3.748032100999808,
    3.8915593910001007,
    3.8962481439998555,
    3.9311533619998045,
    4.062034789000336,
    4.045020325999758,
    3.809643227000379,
    3.913182273000075,
    3.7772810579999714,
    4.057045102000302
  ],
  "prusti-tests/tests/verify/pass/rosetta/Ackermann_function.rs": [
    2.5553012380000837,
    2.414749878999828,
    2.4770247199999176,
    2.380199120999805,
    2.5000252730001193,
    2.6103861880001205,
    2.4687461009998515,
    2.598170081999797,
    2.5408301389998087,
    2.5891170879999663
  ],
  "prusti-tests/tests/verify/pass/rosetta/Heapsort.rs": [
    13.230793688000176,
    13.207059768999898,
    13.531187607999982,
    13.4012422589999,
    13.15296602799981,
    13.424944278000112,
    13.57903743099996,
    13.554477543000303,
    13.563531089999742,
    13.423526102000324
  ]
}