{
  "prusti-tests/tests/verify/pass/rosetta/Knuth_shuffle.rs": [
    2.852716528999963,
    2.7482282329999634,
    2.670159538000007,
    2.574737824999829,
    2.576142437000044,
    2.5802002679999987,
    2.6518559840001217,
    2.5809841340001185,
    2.5255279129999053,
    2.5006646199999523
  ],
  "prusti-tests/tests/verify/pass/demos/account.rs": [
    2.129298894000158,
    2.1526809729998604,
    2.1054021120000925,
    2.108183365000059,
    2.1327331530001175,
    2.1172465350000493,
    2.1554606310000963,
    2.151844118999861,
    2.1148431359999904,
    2.0687299839999014
  ],
  "prusti-tests/tests/verify/pass/rosetta/Knights_tour.rs": [
    134.06322487300008,
    136.49113996100004,
    136.57760134599994,
    136.1766842080001,
    136.2206678749999,
    133.6031531640001,
    135.88096157300015,
    135.59666812000023,
    136.80938179500026,
    135.0899990429998
  ],
  "prusti-tests/tests/verify/pass/quick/fold-unfold.rs": [
    1.3801609900001495,
    1.3901140429998122,
    1.3708587090000037,
    1.3385090709998622,
    1.3504124549999688,
    1.3393110199999683,
    1.3135021470002357,
    1.3397667260001072,
    1.3704067029998441,
    1.3527041769998505
  ],
  "prusti-tests/tests/verify/pass/quick/moves.rs": [
    1.6629080999996404,
    1.6617843970002468,
    1.6403851340000983,
    1.648095129000012,
    1.6362312820001534,
    1.6496254250000675,
    1.6501393199996528,
    1.641973359000076,
    1.6111953300001005,
    1.617162774999997
  ],
  "prusti-tests/tests/verify/pass/quick/mut-borrows.rs": [
    3.2178380159998596,
    3.2252145169995856,
    3.207914351999989,
    3.2452343780000774,
    3.321997769999598,
    3.227820592000171,
    3.2050808059998417,
    3.2691660939999565,
    3.2492457609996563,
    3.293771430000106
  ],
  "prusti-tests/tests/verify/pass/quick/shared-borrows.rs": [
    2.0972649259997524,
    2.074799014000291,
    2.033859527000004,
    2.0446059690002585,
    2.0651465179998922,
    2.078411024000161,
    2.0691230490001544,
    2.0802191170000697,
    2.0727296290001505,
    2.069114501999593
  ],
  "prusti-tests/tests/verify/pass/quick/trait-contracts-refinement.rs": [
    2.0118552640001326,
    1.8692501399996218,
    1.8365344700000605,
    1.8585850429999482,
    1.838899889000004,
    1.8370531739997205,
    1.9030026860000362,
    1.8688403189999008,
    1.8727878499998951,
    1.9131206649999513
  ],
  "prusti-tests/tests/verify/pass/quick/routes.rs": [
    5.6996379699999125,
    5.523892730000171,
    5.435111276000043,
    5.398742900999878,
    5.464429337999718,
    5.493291590999888,
    5.4057077249999566,
    5.525959106999835,
    5.419428782000068,
    5.449093957000059
  ],
  "prusti-tests/tests/verify/pass/quick/fibonacci.rs": [
    7.094028750000234,
    7.086212345999684,
    7.0384556530002556,
    7.099177941000107,
    7.043963412999801,
    7.147968044999743,
    7.108713825999985,
    7.006308603999969,
    7.177912442999968,
    7.245223828000235
  ],
  "prusti-tests/tests/verify/pass/pure-fn/len-lookup.rs": [
    4.037091148999934,
    3.995858720000342,
    3.9180546309999045,
    3.911710655999741,
    4.067993719000242,
    3.898815631999696,
    4.0079877359999045,
    3.9632066139997733,
    3.8874007559998063,
    3.950397662999876
  ],
  "prusti-tests/tests/verify/pass/pure-fn/quantifiers.rs": [
    2.4820119179998983,
    2.428659057999994,
    2.4076601570000093,
    2.401268708000316,
    2.384629609000058,
    2.3930390460000126,
    2.4030244219998167,
    2.3811768569999003,
    2.3733871870003895,
    2.4371401180001158
  ],
  "prusti-tests/tests/verify/pass/pure-fn/recursive-pure-fn.rs": [
    2.0700651040001503,
    2.1334321959998306,
    2.083131485999729,
    2.071357595000336,
    2.0678184690000307,
    2.080178156000329,
    2.118212040999879,
    2.0937954529999843,
    2.0651400339997963,
    2.0934709630000725
  ],
  "prusti-tests/tests/verify/pass/pure-fn/ref-mut-arg.rs": [
    3.206923614999596,
    3.1781826950000323,
    3.2595729099998607,
    3.293058066999947,
    3.215645276000032,
    3.1931808049998835,
    3.147556156000064,
    3.161889545000122,
    3.221394137000061,
    3.1712384119996386
  ],
  "prusti-tests/tests/verify/pass/rosetta/Ackermann_function.rs": [
    2.125018143000034,
    2.0704020210000635,
    2.067887900000187,
    2.086947110999972,
    2.0564926699998978,
    2.0854731930003254,
    2.0635022229998867,
    2.0470860780001203,
    2.0613569880001705,
    2.048620490000303
  ],
  "prusti-tests/tests/verify/pass/rosetta/Heapsort.rs": [
    13.83421003400008,
    13.856558790000236,
    13.822673351000049,
    13.719239936999656,
    13.919113846000073,
    14.126565844999732,
    13.842895683999814,
    13.679634077999708,
    13.628910703000201,
    13.720527819999916
  ]
}