{
  "prusti-tests/tests/verify/pass/rosetta/Knuth_shuffle.rs": [
    2.7660552840000037,
    0.3542729619999818,
    0.35122262200002297,
    0.35409155999991526,
    0.3540597590000516,
    0.3517474279999533,
    0.35256304000006367,
    0.3552756749999162,
    0.3537598560000106,
    0.35656319299994266
  ],
  "prusti-tests/tests/verify/pass/demos/account.rs": [
    2.1664637260000745,
    0.12942043999998987,
    0.13069155699997737,
    0.13060355599998275,
    0.13095886099995369,
    0.131547568999963,
    0.13017305000005308,
    0.13120826399995167,
    0.13046015400004762,
    0.1299870480000891
  ],
  "prusti-tests/tests/verify/pass/rosetta/Knights_tour.rs": [
    98.20236318599996,
    2.5557423220000146,
    2.5494755199999872,
    2.547907061999922,
    2.5609643390000656,
    2.562610194000058,
    2.5559800000000905,
    2.5692477840000265,
    2.557570299999952,
    2.5479981380000254
  ],
  "prusti-tests/tests/verify/pass/quick/fold-unfold.rs": [
    1.2789141370000152,
    0.10352393600010146,
    0.09977228299999297,
    0.09962398200002553,
    0.09905237400005262,
    0.09904497399998036,
    0.1002359899999874,
    0.10146210699997482,
    0.10148960799995166,
    0.10109570199995233
  ],
  "prusti-tests/tests/verify/pass/quick/moves.rs": [
    1.5159229239999377,
    0.09716104799997538,
    0.09534202200006803,
    0.09634403600000496,
    0.09603203200003918,
    0.0958370289999948,
    0.09639463600001363,
    0.09726024799999777,
    0.09573752800008606,
    0.09578912899996794
  ],
  "prusti-tests/tests/verify/pass/quick/mut-borrows.rs": [
    2.9863026969999282,
    0.1609631660001014,
    0.1607514639999863,
    0.16192597899998873,
    0.1604290590000801,
    0.16186947799997142,
    0.1632861979999234,
    0.16341809899995496,
    0.16412360899994383,
    0.16270998999993935
  ],
  "prusti-tests/tests/verify/pass/quick/shared-borrows.rs": [
    1.8775646699999697,
    0.0950386790000266,
    0.09288485000001856,
    0.09397826500003248,
    0.09408096599997862,
    0.09321015400007582,
    0.0936124600000312,
    0.09427926900002603,
    0.09418126699995355,
    0.09542978399997537
  ],
  "prusti-tests/tests/verify/pass/quick/trait-contracts-refinement.rs": [
    1.7644275000000107,
    0.1411784599999919,
    0.13954903800004104,
    0.13969743999996354,
    0.13930633400002534,
    0.1391324319999967,
    0.13940813599992907,
    0.13926343399998586,
    0.13881132699998489,
    0.13838322100002642
  ],
  "prusti-tests/tests/verify/pass/quick/routes.rs": [
    5.449735872000019,
    0.35272699699999066,
    0.3535433860000694,
    0.35357338100004654,
    0.35100714300006075,
    0.35017093199996907,
    0.34961132299997644,
    0.34926821800002017,
    0.35455529600005775,
    0.35189415599995755
  ],
  "prusti-tests/tests/verify/pass/quick/fibonacci.rs": [
    0.3771075260000316,
    0.3786474480000379,
    0.380069269000046,
    0.38318271499997536,
    0.38016847099993356,
    0.37745843199991214,
    0.3844901339999751,
    0.3776718340000116,
    0.3782413420000239,
    0.3772646290000239
  ],
  "prusti-tests/tests/verify/pass/pure-fn/len-lookup.rs": [
    3.6943503200000123,
    0.21665961299993342,
    0.2170371189999969,
    0.22058516599997802,
    0.2214404779999768,
    0.2163293099999919,
    0.21800003099997411,
    0.216335709999953,
    0.21800173099995845,
    0.22137667699996655
  ],
  "prusti-tests/tests/verify/pass/pure-fn/quantifiers.rs": [
    2.255359930000054,
    0.19936448099997506,
    0.19315039800005707,
    0.19364630400002625,
    0.19328810000001795,
    0.19142737399999987,
    0.19173057799991966,
    0.19534732700003588,
    0.19436331399992923,
    0.19267001799994432
  ],
  "prusti-tests/tests/verify/pass/pure-fn/recursive-pure-fn.rs": [
    1.904774929000041,
    0.14990084899989142,
    0.15062615799990908,
    0.15061685800003488,
    0.14868853199993737,
    0.14988784900003793,
    0.15054725699997107,
    0.15105296399997314,
    0.1502427529999295,
    0.14988874899995608
  ],
  "prusti-tests/tests/verify/pass/pure-fn/ref-mut-arg.rs": [
    2.9386748570000236,
    0.19663708800010227,
    0.19557137200001762,
    0.19489076299998942,
    0.19446335800000725,
    0.1939892510000618,
    0.19363114600002973,
    0.19536887000003844,
    0.1955140710000478,
    0.19605036400002973
  ],
  "prusti-tests/tests/verify/pass/rosetta/Ackermann_function.rs": [
    1.9674244420000377,
    0.2312410079999836,
    0.2326417259999971,
    0.23455905299999813,
    0.2329913309999938,
    0.23470005499996205,
    0.23399474400002873,
    0.2353288630000634,
    0.23444455099991046,
    0.2332876350000106
  ],
  "prusti-tests/tests/verify/pass/rosetta/Heapsort.rs": [
    10.388068346000068,
    1.0554601280000497,
    1.0550282259999904,
    1.059233727999981,
    1.0595479319999868,
    1.0663034240000115,
    1.0626808749999554,
    1.0622038679999832,
    1.0613741570000457,
    1.0642374180000616
  ]
}