{
  "prusti-tests/tests/verify/pass/rosetta/Knuth_shuffle.rs": [
    2.326701539999931,
    2.265857247999975,
    2.2133852350000325,
    2.058253008999827,
    2.0714173100000153,
    2.0361465370001497,
    2.057932355000048,
    2.0266940310000336,
    1.9942844679999325,
    2.0498930539999947
  ],
  "prusti-tests/tests/verify/pass/demos/account.rs": [
    0.9883122539999931,
    0.9234971179998865,
    0.8931977269999152,
    0.9221327999998721,
    0.848008044000153,
    0.979470081000045,
    0.8594203590000689,
    0.9364456129999326,
    0.9124532850000833,
    0.9200896889999512
  ]
}