{
  "prusti-tests/tests/verify/pass/rosetta/Knuth_shuffle.rs": [
    2.8857975219999616,
    0.3678836379999666,
    0.3655465560000266,
    0.3623744450000004,
    0.3628477610000118,
    0.3652135070000213,
    0.3655919419999236,
    0.3614189149999447,
    0.3643967340000245,
    0.3639358310000489
  ],
  "prusti-tests/tests/verify/pass/demos/account.rs": [
    2.3090982920000442,
    0.1289354259999982,
    0.12982083199995031,
    0.1284710229999746,
    0.12933522900004846,
    0.1276280179999958,
    0.12921802800008209,
    0.12957643000004282,
    0.12977563199990527,
    0.13084293800000069
  ],
  "prusti-tests/tests/verify/pass/rosetta/Knights_tour.rs": [
    105.62720350799998,
    2.593934440000112,
    2.5986703910000415,
    2.5969749250000405,
    2.5942735860000994,
    2.5962298069998724,
    2.5923031649999757,
    2.596414356999958,
    2.5874760619999506,
    2.5895983849998174
  ],
  "prusti-tests/tests/verify/pass/quick/fold-unfold.rs": [
    1.3009410419999767,
    0.09978375800005779,
    0.10178857999994761,
    0.10087906999979168,
    0.10010006099992097,
    0.10033076400009122,
    0.09930905300006998,
    0.10144987600006061,
    0.10214518199995837,
    0.10083826899995074
  ],
  "prusti-tests/tests/verify/pass/quick/moves.rs": [
    1.5294849149997845,
    0.09795233900013045,
    0.09840184399990903,
    0.09795173799989243,
    0.09921295200001623,
    0.09532781000007162,
    0.09753483399981633,
    0.09865634599987061,
    0.0972848310000245,
    0.09676902600017456
  ],
  "prusti-tests/tests/verify/pass/quick/mut-borrows.rs": [
    3.02047952099997,
    0.15946359100007612,
    0.16175661500005845,
    0.16102840700000343,
    0.1644091489999937,
    0.16323306399999638,
    0.16171084799998425,
    0.16235765500005073,
    0.16319536399987555,
    0.16062233599996034
  ],
  "prusti-tests/tests/verify/pass/quick/shared-borrows.rs": [
    1.8675928850000219,
    0.09567653399994924,
    0.09557233300006374,
    0.09410831700006383,
    0.09510412800000267,
    0.09503922699991563,
    0.09506302699992375,
    0.0966137450000133,
    0.09395371599998725,
    0.09401441599993632
  ],
  "prusti-tests/tests/verify/pass/quick/trait-contracts-refinement.rs": [
    1.7607426300000952,
    0.14132692799989854,
    0.14321804800010796,
    0.1416128309999749,
    0.14152762899993832,
    0.14291124500005026,
    0.14228613799991763,
    0.14363625200007846,
    0.14103012400005355,
    0.14071582099995794
  ],
  "prusti-tests/tests/verify/pass/quick/routes.rs": [
    5.269880437999973,
    0.35020466500009206,
    0.35064456999998583,
    0.3480089399999997,
    0.349116752999862,
    0.3475464359999023,
    0.3517012810000324,
    0.34550321300002906,
    0.34719933099995615,
    0.34454950300005294
  ],
  "prusti-tests/tests/verify/pass/quick/fibonacci.rs": [
    0.37763026700008595,
    0.3795441889999438,
    0.37480977699988216,
    0.3749657719999959,
    0.37320734699983404,
    0.37631159000011394,
    0.3799048400001084,
    0.37463576700019985,
    0.3785768210000242,
    0.37682609800003775
  ],
  "prusti-tests/tests/verify/pass/pure-fn/len-lookup.rs": [
    3.693163021000146,
    0.2172394509998412,
    0.21608733900006882,
    0.21727425100016262,
    0.21831576299996414,
    0.21819886200000838,
    0.21915737200015428,
    0.21847146400000383,
    0.2157743410000421,
    0.2167270769998595
  ],
  "prusti-tests/tests/verify/pass/pure-fn/quantifiers.rs": [
    2.224299270000074,
    0.20378546500000994,
    0.18995824600006017,
    0.1913761579999118,
    0.19438708399979987,
    0.19086325300008866,
    0.19007524700009526,
    0.1933390749998125,
    0.19062965199987048,
    0.19145015899994178
  ],
  "prusti-tests/tests/verify/pass/pure-fn/recursive-pure-fn.rs": [
    1.9071162860000186,
    0.15262584499987497,
    0.14954531300008966,
    0.15055842299989308,
    0.14971431399999346,
    0.14947251199987477,
    0.150615223999921,
    0.1514143320000585,
    0.1506579250001323,
    0.14960761299994374
  ],
  "prusti-tests/tests/verify/pass/pure-fn/ref-mut-arg.rs": [
    2.869319805000032,
    0.19351186199992298,
    0.1941627690000587,
    0.1943159709999236,
    0.19250905099988813,
    0.19442547199992077,
    0.19175894199997856,
    0.19283245499991608,
    0.19547388299997692,
    0.1942352700000356
  ],
  "prusti-tests/tests/verify/pass/rosetta/Ackermann_function.rs": [
    1.9298082599998452,
    0.23155718699990757,
    0.23128818400005002,
    0.23118398299993714,
    0.22907455899985507,
    0.23041567399991436,
    0.22928676200012887,
    0.23159948700003952,
    0.23062137600004462,
    0.23086607799996273
  ],
  "prusti-tests/tests/verify/pass/rosetta/Heapsort.rs": [
    11.364279434999844,
    1.0685023830001228,
    1.0698716970000532,
    1.067719974000056,
    1.0678146749999087,
    1.068368289000091,
    1.0706884979999813,
    1.0761066560000927,
    1.0728769219999776,
    1.074285535999934
  ]
}