{
  "prusti-tests/tests/verify/pass/rosetta/Knuth_shuffle.rs": [
    2.725741406999987,
    2.383702340999889,
    2.441147744000091,
    2.3692446989998643,
    2.3190360349999537,
    2.3030554099998426,
    2.2682825459999094,
    2.3340699840000525,
    2.2880237110000508,
    2.2522155999999995
  ],
  "prusti-tests/tests/verify/pass/demos/account.rs": [
    2.121137241000042,
    2.109874480999906,
    2.172624252000105,
    2.0890673860001243,
    2.0962060609999753,
    2.0862381480001204,
    2.099369108000019,
    2.1279014760000337,
    2.066771367000001,
    2.040726353000082
  ],
  "prusti-tests/tests/verify/pass/rosetta/Knights_tour.rs": [
    120.90246520999995,
    119.082735189,
    120.29304742800014,
    126.59878656599994,
    128.24882860699995,
    125.36763349600005,
    121.12276625300001,
    118.59068276799962,
    126.13775187800002,
    123.6147965719997
  ],
  "prusti-tests/tests/verify/pass/quick/fold-unfold.rs": [
    1.4240904560001582,
    1.4239634489999844,
    1.3968877990000692,
    1.4243631919998734,
    1.4493922950000524,
    1.4311148460001277,
    1.4074989989999267,
    1.3901397919999,
    1.3931543019998571,
    1.3871228689999953
  ],
  "prusti-tests/tests/verify/pass/quick/moves.rs": [
    1.6993256809996637,
    1.649443608999718,
    1.6938834000002316,
    1.7022784410000895,
    1.6984451949997492,
    1.6959209400001782,
    1.6774289619997944,
    1.6863721310000983,
    1.7086582020001515,
    1.6889196649999576
  ],
  "prusti-tests/tests/verify/pass/quick/mut-borrows.rs": [
    3.304244818999905,
    3.4406084249999367,
    3.4752103689997966,
    3.592286497999794,
    3.4352275820001523,
    3.3111084810002467,
    3.325096972999745,
    3.344321674999719,
    3.3083130149998397,
    3.4254051629995956
  ],
  "prusti-tests/tests/verify/pass/quick/shared-borrows.rs": [
    2.11172108799974,
    2.105461910000031,
    2.0794214840002496,
    2.130211648000113,
    2.090182421999998,
    2.0862360440000884,
    2.1252182979997087,
    2.1464088110001285,
    2.0792296169997826,
    2.0789370229999804
  ],
  "prusti-tests/tests/verify/pass/quick/trait-contracts-refinement.rs": [
    1.8875739009999961,
    1.8595478870001898,
    1.8789513599999736,
    1.868256873000064,
    1.8954304090002552,
    1.993133010999827,
    1.967288834000101,
    1.9381840080000075,
    1.944728176999888,
    1.9371767540001201
  ],
  "prusti-tests/tests/verify/pass/quick/routes.rs": [
    5.586547198000062,
    5.1202306360000875,
    5.054123572000208,
    5.001893068999834,
    5.080891821000023,
    5.038929015999656,
    5.058342778000224,
    4.992019192000043,
    5.0463368210002955,
    5.0320772549998765
  ],
  "prusti-tests/tests/verify/pass/quick/fibonacci.rs": [
    6.870291071000338,
    6.739289323999856,
    6.3859797649997745,
    6.386094722999587,
    6.488158608000049,
    6.272332770000048,
    6.307594780999807,
    6.349725905000014,
    6.4516336030001185,
    6.707126839000011
  ],
  "prusti-tests/tests/verify/pass/pure-fn/len-lookup.rs": [
    3.895121652999933,
    3.906697677000011,
    3.7008921530000407,
    3.714534977999847,
    3.7251223380003466,
    3.761618829999861,
    3.7509154730000773,
    3.721401539999988,
    3.79903325100031,
    3.789871818999927
  ],
  "prusti-tests/tests/verify/pass/pure-fn/quantifiers.rs": [
    2.2930721319999066,
    2.368170738999652,
    2.355210455999895,
    2.295901275000233,
    2.28025347699986,
    2.275426497999888,
    2.278992847000154,
    2.409768179000366,
    2.4117012149999937,
    2.4146587840000393
  ],
  "prusti-tests/tests/verify/pass/pure-fn/recursive-pure-fn.rs": [
    2.2428342629996223,
    2.175637245999951,
    2.1332082459998674,
    2.081288405000123,
    2.052697454999816,
    2.081446809999761,
    2.053136018999794,
    2.0694848100001764,
    2.0288435339998614,
    2.11696245200028
  ],
  "prusti-tests/tests/verify/pass/pure-fn/ref-mut-arg.rs": [
    3.0238000030003604,
    2.9777051129999563,
    3.052018203999978,
    2.983855579000192,
    2.9975918339996497,
    2.97855197600029,
    3.1009556640001392,
    3.0505328889998964,
    3.008205511000142,
    3.0006776959999115
  ],
  "prusti-tests/tests/verify/pass/rosetta/Ackermann_function.rs": [
    2.1430594890002794,
    2.2512307339998188,
    2.239619183999821,
    2.2195400989999143,
    2.2506711519999953,
    2.157198093000261,
    2.2264802199997575,
    2.074736167000083,
    2.084464377000131,
    2.0975118759997713
  ],
  "prusti-tests/tests/verify/pass/rosetta/Heapsort.rs": [
    11.818527529000221,
    11.805323013999896,
    11.587482260999877,
    11.768222698000045,
    11.871338831999765,
    11.532255774000078,
    11.57263945800014,
    11.492623261000062,
    11.813554682999893,
    11.889486799999759
  ]
}