{
  "prusti-tests/tests/verify/pass/rosetta/Knuth_shuffle.rs": [
    2.13571389599997,
    1.7802009670000416,
    1.661834042999999,
    1.7264529929999526,
    1.6471933049999734,
    1.7561848130000044,
    1.6204466980000234,
    1.6470290290000094,
    1.5225315860000137,
    1.5391761619999897
  ],
  "prusti-tests/tests/verify/pass/demos/account.rs": [
    0.857276226999943,
    0.7369414300000017,
    0.7565701380000291,
    0.7703243120000707,
    0.772426419999988,
    1.3439116760000616,
    0.7492768729999852,
    0.7596257279999463,
    0.7677001690000225,
    0.7438448290000679
  ]
}