{
  "prusti-tests/tests/verify/pass/rosetta/Knuth_shuffle.rs": [
    2.2092807999999877,
    1.8643915030000926,
    1.7840418979999413,
    1.9912005600000384,
    1.8816278650000413,
    1.824885019999897,
    1.6988422399999763,
    1.7032703480000464,
    1.8395594849999952,
    1.7462886170000047
  ],
  "prusti-tests/tests/verify/pass/demos/account.rs": [
    0.8955264319999969,
    0.8979283350000742,
    0.885604795000063,
    0.9086516410000058,
    0.9174349310000025,
    0.967137583000067,
    0.9525386770000068,
    0.9840911920000508,
    0.8491870699999708,
    0.9296050240000113
  ],
  "prusti-tests/tests/verify/pass/rosetta/Knights_tour.rs": [
    97.02633450500002,
    99.93328508900004,
    96.65796517900014,
    99.369755382,
    98.51656268700003,
    95.57080822300009,
    98.4721955619998,
    97.43114614600017,
    100.01319916299985,
    100.5085012720001
  ],
  "prusti-tests/tests/verify/pass/quick/fold-unfold.rs": [
    0.6067555950000951,
    0.56807341800004,
    0.6015895969999292,
    0.5796753109998463,
    0.615109837999853,
    0.6052652799999123,
    0.6315551029999824,
    0.5855536629999278,
    0.6271008599999277,
    0.5609983740000644
  ],
  "prusti-tests/tests/verify/pass/quick/moves.rs": [
    0.7057729150001251,
    0.640073947000019,
    0.6740992420000111,
    0.6788794120000148,
    0.702269521000062,
    0.6325732299999345,
    0.6168099110000185,
    0.6694096789999548,
    0.7146013750000293,
    0.6433176609998554
  ],
  "prusti-tests/tests/verify/pass/quick/mut-borrows.rs": [
    1.0847018019999268,
    1.1152090620000763,
    0.9805624329999318,
    1.0855141279998861,
    1.0475301989999934,
    1.000699485999803,
    1.0721711989999676,
    1.0649181400001453,
    1.0627355719998377,
    1.0919441999999435
  ],
  "prusti-tests/tests/verify/pass/quick/shared-borrows.rs": [
    0.6363958470001307,
    0.6857136489998084,
    0.7174983980000889,
    0.7008261129999482,
    0.6864649060000829,
    0.7255914209999901,
    0.6835637819999647,
    0.6615704880000521,
    0.710341046999929,
    0.7104599560000224
  ],
  "prusti-tests/tests/verify/pass/quick/trait-contracts-refinement.rs": [
    1.3014171069999065,
    1.1639886190000652,
    1.2346601659999124,
    1.135346611000159,
    1.2338074009999218,
    1.1145191059999888,
    1.3157238149999557,
    1.1695413650002138,
    1.2341381219998766,
    1.1232346819999748
  ],
  "prusti-tests/tests/verify/pass/quick/routes.rs": [
    3.6308578559999205,
    3.4286264039999423,
    3.131776729000194,
    2.5545301180000024,
    2.578528487000085,
    2.41926721599998,
    2.900742614999899,
    2.9297448110000914,
    2.998054013000001,
    2.890192276000107
  ],
  "prusti-tests/tests/verify/pass/quick/fibonacci.rs": [
    2.3985513869999977,
    2.293193072999884,
    2.573313707999887,
    2.2788338679999924,
    2.4438147660000595,
    2.3870403619998797,
    2.386716444000058,
    2.2892297120001786,
    2.5442040509999515,
    2.4929168989999653
  ],
  "prusti-tests/tests/verify/pass/pure-fn/len-lookup.rs": [
    1.1599068309999438,
    1.167788345999952,
    1.2452255900000182,
    1.2122609180000836,
    1.1535600360000444,
    1.196865416000037,
    1.137208168000143,
    1.2536475419999533,
    1.1482484250000198,
    1.2029046850000213
  ],
  "prusti-tests/tests/verify/pass/pure-fn/quantifiers.rs": [
    1.0780131480000819,
    1.321399824000082,
    1.0507839800000056,
    1.1339738060000855,
    1.037457115000052,
    1.0330390730000545,
    1.0987059690000933,
    1.0589441839999836,
    1.0704301749999559,
    1.0066144229999736
  ],
  "prusti-tests/tests/verify/pass/pure-fn/recursive-pure-fn.rs": [
    0.8094264349999776,
    0.8699105159998908,
    0.8018546490000062,
    0.8115510000000086,
    0.9716418880000219,
    0.8182487189999392,
    0.8069893459999093,
    0.8608335129999887,
    0.8582331120001072,
    0.8376102159998027
  ],
  "prusti-tests/tests/verify/pass/pure-fn/ref-mut-arg.rs": [
    1.0651059580000037,
    1.0195594289998553,
    1.066115937999939,
    1.0301785520000522,
    1.0391319459999977,
    0.9987042120001206,
    0.973942893000185,
    0.9946551779999027,
    0.9737835690000338,
    0.9951347210001131
  ],
  "prusti-tests/tests/verify/pass/rosetta/Ackermann_function.rs": [
    1.1819578810000166,
    1.0926258669999243,
    1.1274174600000606,
    1.0926504680001017,
    1.1158963670000048,
    1.1328710569998748,
    1.1558670599999914,
    1.1049053110000386,
    1.1791306620000341,
    1.115848258999904
  ],
  "prusti-tests/tests/verify/pass/rosetta/Heapsort.rs": [
    6.500068628999998,
    6.175413002999903,
    5.964127789000031,
    5.731017916000155,
    5.943735466999897,
    5.961437959000023,
    6.025823403000004,
    5.939691664000065,
    6.158349585999986,
    6.188466470000094
  ]
}