{
  "prusti-tests/tests/verify/pass/rosetta/Knuth_shuffle.rs": [
    2.3686935620000895,
    1.994017955000004,
    1.9597185059999447,
    1.9726845989999902,
    1.9287609849999399,
    1.9962534169999344,
    1.9613199550000218,
    1.9168046229999618,
    1.9816682309999578,
    1.9315088820000028
  ],
  "prusti-tests/tests/verify/pass/demos/account.rs": [
    1.8418521329999749,
    1.8082088899999462,
    1.821560814999998,
    1.8292063889999781,
    1.8180639060000203,
    1.8025136910000583,
    1.794462531000022,
    1.8268963590001022,
    1.7877576679999265,
    1.7789697040000192
  ],
  "prusti-tests/tests/verify/pass/rosetta/Knights_tour.rs": [
    104.23528933199998,
    99.15398011999991,
    100.94842790799999,
    100.68764843600002,
    99.79551473900005,
    98.74152608300005,
    99.88272184400012,
    98.05467702099986,
    97.34082278899996,
    98.38772700799996
  ],
  "prusti-tests/tests/verify/pass/quick/fold-unfold.rs": [
    1.183364630000142,
    1.1921782930000973,
    1.1880533629998808,
    1.1872607570001037,
    1.203211273000079,
    1.189844876000052,
    1.190655167999921,
    1.1767539749998832,
    1.2085747070000252,
    1.1876055539999015
  ],
  "prusti-tests/tests/verify/pass/quick/moves.rs": [
    1.4374281739999333,
    1.4448071280000931,
    1.4230147979999401,
    1.427073842000027,
    1.4339499919999525,
    1.442211251999879,
    1.4316235740000138,
    1.4328829710000264,
    1.4391520710000805,
    1.4352224429999296
  ],
  "prusti-tests/tests/verify/pass/quick/mut-borrows.rs": [
    2.8141250789999503,
    2.8403184520000195,
    2.8388726289999795,
    2.8229522120000183,
    2.8193158120000135,
    2.8192990969998846,
    2.8143982619999406,
    2.856021635999923,
    2.8190161219999936,
    2.81882171999996
  ],
  "prusti-tests/tests/verify/pass/quick/shared-borrows.rs": [
    1.787824057999842,
    1.7949135809999461,
    1.7925903650000237,
    1.7815652889999,
    1.7941944840001725,
    1.8060842029999549,
    1.820535714000016,
    1.8182473299998492,
    1.7923265670001456,
    1.79744189500002
  ],
  "prusti-tests/tests/verify/pass/quick/trait-contracts-refinement.rs": [
    1.5400937169999906,
    1.5555403299999853,
    1.5249882069999785,
    1.5044237570000405,
    1.5290433090001443,
    1.511184491999984,
    1.513830809999945,
    1.512215999000091,
    1.523209776000158,
    1.504352524000069
  ],
  "prusti-tests/tests/verify/pass/quick/routes.rs": [
    4.9301952120001715,
    4.660222533000024,
    4.618846541000039,
    4.56924525400018,
    4.578032731999883,
    4.5658706060000895,
    4.509553585999811,
    4.602630242000032,
    4.5382193190000635,
    4.6355026379999344
  ],
  "prusti-tests/tests/verify/pass/quick/fibonacci.rs": [
    5.764690178000137,
    5.815498447999971,
    5.928450039999916,
    5.797373899000149,
    5.812258854999982,
    5.7633100470000045,
    5.894018793000214,
    5.775244699000268,
    5.822206514999834,
    5.7946344359997966
  ],
  "prusti-tests/tests/verify/pass/pure-fn/len-lookup.rs": [
    3.321590595000089,
    3.331428165000034,
    3.3028009859999656,
    3.3371008999997684,
    3.2991735919999883,
    3.305038685999989,
    3.3068695000001753,
    3.341388348000237,
    3.2942617180001434,
    3.29977942000005
  ],
  "prusti-tests/tests/verify/pass/pure-fn/quantifiers.rs": [
    2.0608677840000382,
    2.088643869000407,
    2.0547226440003215,
    2.050238439000168,
    2.061497153000346,
    2.05723712300005,
    2.0843566500002453,
    2.08296269199991,
    2.1024101339999106,
    2.0886515329998474
  ],
  "prusti-tests/tests/verify/pass/pure-fn/recursive-pure-fn.rs": [
    1.8215204510001968,
    1.825031846999991,
    1.8147251720001805,
    1.836719032000019,
    1.8152806770003735,
    1.8412319949998164,
    1.8115531190001093,
    1.8272650339999927,
    1.8177284640000835,
    1.8217155639999874
  ],
  "prusti-tests/tests/verify/pass/pure-fn/ref-mut-arg.rs": [
    2.7563754610000615,
    2.7279594499996165,
    2.770440580000013,
    2.7611531380002816,
    2.7138364840002396,
    2.741689180999856,
    2.6952747320001436,
    2.7005248700002085,
    2.8082570550000128,
    2.6856390769999052
  ],
  "prusti-tests/tests/verify/pass/rosetta/Ackermann_function.rs": [
    1.8071622430002208,
    1.8154197040003055,
    1.8008460940000077,
    1.8273362210002233,
    1.8077824739998505,
    1.8111175989997719,
    1.8016576410000198,
    1.832484008999927,
    1.8192856109999411,
    1.849122431000069
  ],
  "prusti-tests/tests/verify/pass/rosetta/Heapsort.rs": [
    9.37825734900025,
    9.17901940200045,
    9.206612440999834,
    9.217861577999884,
    9.300286190999941,
    9.25555765900026,
    9.401600099999996,
    9.529718089000198,
    9.127073389999623,
    9.167231970000103
  ]
}