{
  "prusti-tests/tests/verify/pass/rosetta/Knuth_shuffle.rs": [
    1.8487134970000625,
    1.562179551999975,
    1.7498922959999845,
    1.6015134610000814,
    1.6469630020000068,
    1.6780624330000364,
    1.5322483439999814,
    1.532536696999955,
    1.4909280069999795,
    1.5041371449999588
  ],
  "prusti-tests/tests/verify/pass/demos/account.rs": [
    0.8295923260000109,
    0.8455735399999185,
    0.769366194999975,
    0.801407925000035,
    0.8459824429999117,
    0.8512543169999844,
    0.8017293340000151,
    0.8225572869999951,
    0.7366178510000054,
    0.7230692519999593
  ],
  "prusti-tests/tests/verify/pass/rosetta/Knights_tour.rs": [
    97.25404554600004,
    90.38293548600006,
    95.07450859999994,
    97.59064859399996,
    97.39516025700004,
    93.2759816759999,
    93.77758990300003,
    95.96725561499989,
    94.09763767799996,
    95.26076299700003
  ],
  "prusti-tests/tests/verify/pass/quick/fold-unfold.rs": [
    0.5483919999999216,
    0.5372200219999286,
    0.5315197830000216,
    0.5797331169999325,
    0.5325678900001094,
    0.5394330379999701,
    0.5494711070000449,
    0.5312751810001828,
    0.5357440119998955,
    0.5135936589999801
  ],
  "prusti-tests/tests/verify/pass/quick/moves.rs": [
    0.5465018869999767,
    0.5321257870000409,
    0.5420769560000736,
    0.5929884439999569,
    0.5556311929999538,
    0.5299509079998188,
    0.5476590359999136,
    0.5173311180001292,
    0.5351412449999771,
    0.5107888709999315
  ],
  "prusti-tests/tests/verify/pass/quick/mut-borrows.rs": [
    0.8320671789999778,
    0.9688211620000402,
    0.8599547799999527,
    0.8134326459999102,
    0.8670999320002011,
    0.8097587099998691,
    0.8178006609998647,
    0.9031677729999501,
    0.7879231469999013,
    0.8100072059999093
  ],
  "prusti-tests/tests/verify/pass/quick/shared-borrows.rs": [
    0.6059768430000076,
    0.5942469589999746,
    0.6199986430001445,
    0.6119326849998288,
    0.6937448720000248,
    0.5839714859998821,
    0.5973681830000714,
    0.571482307999986,
    0.5759400399999777,
    0.6033242369999243
  ],
  "prusti-tests/tests/verify/pass/quick/trait-contracts-refinement.rs": [
    0.9232793369999399,
    0.8032938740000191,
    0.8026326700000936,
    0.8066354979998778,
    0.7775415889998385,
    0.8271445459999995,
    0.8413004470000942,
    0.7778570450000188,
    0.7652655859999413,
    0.7938980819999415
  ],
  "prusti-tests/tests/verify/pass/quick/routes.rs": [
    2.5152169929999673,
    2.3177553619998434,
    2.7013285309999446,
    2.2279179769998336,
    2.1534200659998533,
    2.0949804749998293,
    2.681234958999994,
    2.3453126239999165,
    2.110930357999905,
    2.141254176000075
  ],
  "prusti-tests/tests/verify/pass/quick/fibonacci.rs": [
    2.1318748230000892,
    2.075732404000064,
    2.071004068999855,
    1.8778017679999266,
    2.1261816510000244,
    1.9887736129999212,
    1.9717941879998762,
    1.9264917749999313,
    2.2186892720001197,
    2.12417738299996
  ],
  "prusti-tests/tests/verify/pass/pure-fn/len-lookup.rs": [
    0.9644830300001104,
    0.9614432079999915,
    1.0134010199999466,
    1.0514127289998214,
    1.0060486180000225,
    0.9481978199999048,
    1.0782027139998718,
    1.0137317700000494,
    1.0218794269999307,
    1.0961595369999486
  ],
  "prusti-tests/tests/verify/pass/pure-fn/quantifiers.rs": [
    0.8844452509999883,
    0.9121136050000587,
    0.9134988149999117,
    0.9995625379999638,
    0.8874971259999711,
    0.9158621320000293,
    0.9316347460000998,
    1.007077592000087,
    0.9734216419999484,
    0.9169117750000169
  ],
  "prusti-tests/tests/verify/pass/pure-fn/recursive-pure-fn.rs": [
    0.7480364189998454,
    0.7163460019999093,
    0.7818205500000204,
    0.7309136020001006,
    0.7138599849999991,
    0.7328300149999905,
    0.7400443639999139,
    0.792768426000066,
    0.7111589660000845,
    0.7060865149999245
  ],
  "prusti-tests/tests/verify/pass/pure-fn/ref-mut-arg.rs": [
    0.8952875370000584,
    0.9108570389998931,
    1.0415815070000463,
    0.9044530969999869,
    0.8510235429998829,
    0.8461228099999971,
    0.9157603720000225,
    0.8272958860000017,
    0.8288265310000043,
    0.8215676909999274
  ],
  "prusti-tests/tests/verify/pass/rosetta/Ackermann_function.rs": [
    1.050620305999928,
    0.9662597110000206,
    0.9263394300000982,
    0.8929280940001263,
    0.9352861920001487,
    0.9496866940000928,
    1.0854800570000407,
    1.0654708750000736,
    0.930453567000086,
    0.9187365969999064
  ],
  "prusti-tests/tests/verify/pass/rosetta/Heapsort.rs": [
    5.432073772999956,
    4.5165608160000374,
    4.985264333000032,
    4.681915865999827,
    4.7167155460001595,
    4.959291023999867,
    4.84932856599994,
    4.779375175000041,
    5.056067218999942,
    4.695018294999954
  ]
}