{
  "prusti-tests/tests/verify/pass/rosetta/Knuth_shuffle.rs": [
    2.5708187469999757,
    2.231857932999901,
    2.08294320899995,
    2.0448797999999897,
    2.0757622460000675,
    2.053676557000017,
    2.0184666139999763,
    1.9950074850000874,
    2.063822911999978,
    2.0460985009999604
  ],
  "prusti-tests/tests/verify/pass/demos/account.rs": [
    1.886942414000032,
    1.9199304530000063,
    1.8697938789999853,
    1.8913433130001067,
    1.886053750999963,
    1.8818389609999713,
    1.8582819230000496,
    1.876288240000008,
    1.832359993999944,
    1.809277712999915
  ],
  "prusti-tests/tests/verify/pass/rosetta/Knights_tour.rs": [
    117.69285867099995,
    114.63020304199995,
    116.54500186199994,
    114.93018864200008,
    113.811997711,
    113.8000102420001,
    109.89969479399997,
    112.91280915400012,
    112.042841039,
    114.3722461729999
  ],
  "prusti-tests/tests/verify/pass/quick/fold-unfold.rs": [
    1.2123213649999798,
    1.2237382119999438,
    1.222482970999863,
    1.2294940750000478,
    1.2398801299998468,
    1.2462874249999913,
    1.2338123389999964,
    1.2425345679998827,
    1.230620971999997,
    1.2384987939999519
  ],
  "prusti-tests/tests/verify/pass/quick/moves.rs": [
    1.4929024529999424,
    1.492783050999833,
    1.4950608789999933,
    1.4965078499999436,
    1.4941818150000472,
    1.5010537250000198,
    1.4866419210000004,
    1.4915687909999633,
    1.4989157949999026,
    1.494237147999911
  ],
  "prusti-tests/tests/verify/pass/quick/mut-borrows.rs": [
    2.9419812440000896,
    2.9706514229999357,
    2.9532358200001454,
    2.9450234650000766,
    2.9196824169998763,
    2.936419032999993,
    2.9232960530000582,
    2.9371066749999954,
    2.946566569999959,
    2.8878758299999845
  ],
  "prusti-tests/tests/verify/pass/quick/shared-borrows.rs": [
    1.8188743129999239,
    1.8376282839999476,
    1.8395690110000942,
    1.8627050339998732,
    1.8616207180000401,
    1.8674702519999755,
    1.8596678639999027,
    1.8694319010000982,
    1.8846250130000044,
    1.8569725679999465
  ],
  "prusti-tests/tests/verify/pass/quick/trait-contracts-refinement.rs": [
    1.6083124410001801,
    1.5952065569999831,
    1.5729143440000826,
    1.5726993410000887,
    1.557521467000015,
    1.55274505400007,
    1.5802808529999766,
    1.5696174979998432,
    1.5676461689999996,
    1.6026095760000771
  ],
  "prusti-tests/tests/verify/pass/quick/routes.rs": [
    5.028872619999902,
    5.047226377000015,
    4.7293491789998825,
    4.771926992999852,
    4.603988038000125,
    4.6741662250001355,
    4.656691669999873,
    4.772313914999813,
    4.622578442000304,
    4.750447677000011
  ],
  "prusti-tests/tests/verify/pass/quick/fibonacci.rs": [
    6.060850600000322,
    6.08559190699998,
    6.086099043000104,
    6.047127021000051,
    6.054642541999783,
    6.005848904000231,
    5.893178765999892,
    5.925501405999967,
    6.066327210999589,
    6.039974844999961
  ],
  "prusti-tests/tests/verify/pass/pure-fn/len-lookup.rs": [
    3.460332699999981,
    3.4564342180001404,
    3.4229364550001264,
    3.450081932000103,
    3.485587527000007,
    3.446397380000235,
    3.4497921890001635,
    3.4729873999999654,
    3.431338287000017,
    3.486952201999884
  ],
  "prusti-tests/tests/verify/pass/pure-fn/quantifiers.rs": [
    2.1120269410002948,
    2.1072456789997887,
    2.1152288899997984,
    2.0736624109999866,
    2.0990468100003454,
    2.120315532999939,
    2.1314993889996003,
    2.1191597170000023,
    2.1453377900002124,
    2.1337157289999595
  ],
  "prusti-tests/tests/verify/pass/pure-fn/recursive-pure-fn.rs": [
    1.8894019130002562,
    1.9212848590000249,
    1.8833114379999643,
    1.8969176450000305,
    1.874939744999665,
    1.9297837920003076,
    1.8871059799998875,
    1.9342854309998074,
    1.8994877470004212,
    1.8893247050000355
  ],
  "prusti-tests/tests/verify/pass/pure-fn/ref-mut-arg.rs": [
    2.92209940299972,
    2.8274741949999225,
    2.871527609000168,
    2.8226299950001703,
    2.854357550000259,
    2.905444162999629,
    2.7828870329999518,
    2.7858292739997523,
    2.8336754619999738,
    2.7591138080001656
  ],
  "prusti-tests/tests/verify/pass/rosetta/Ackermann_function.rs": [
    1.8290069929998936,
    1.859448618999977,
    1.8646795839999868,
    1.8722701799997594,
    1.8674302120002721,
    1.876212635000229,
    1.86171212499994,
    1.8655570430000807,
    1.879237534999902,
    1.8649938349999502
  ],
  "prusti-tests/tests/verify/pass/rosetta/Heapsort.rs": [
    9.842391270000007,
    9.832272989000103,
    9.789757964000273,
    9.486349825999696,
    9.401465927000118,
    9.470635045999643,
    9.467883794000045,
    9.537672271999782,
    9.605488610000066,
    9.636464917000012
  ]
}