{
  "prusti-tests/tests/verify/pass/rosetta/Knuth_shuffle.rs": [
    3.0160159759999488,
    0.3716119999999137,
    0.3858931490000259,
    0.3668406499999719,
    0.38481524799999534,
    0.3821475959999816,
    0.39775386899998466,
    0.3729445270000724,
    0.38569883100001334,
    0.3921327390000897
  ],
  "prusti-tests/tests/verify/pass/demos/account.rs": [
    2.497625482999979,
    0.14506535700002132,
    0.14667440899995654,
    0.1381932050001069,
    0.14430628499997056,
    0.1349831999999651,
    0.13421832800008815,
    0.13835391999998592,
    0.13769695799999226,
    0.13516671800005042
  ],
  "prusti-tests/tests/verify/pass/rosetta/Knights_tour.rs": [
    105.35339651999993,
    2.8043544449999445,
    2.8176033940000025,
    2.8250454010000112,
    2.852382683999963,
    2.8275994200000696,
    2.829026266999904,
    2.810532847999866,
    2.775541894000071,
    2.8398207909999655
  ],
  "prusti-tests/tests/verify/pass/quick/fold-unfold.rs": [
    1.5021339830000215,
    0.1099440800001048,
    0.11043712700006836,
    0.11504616699994585,
    0.1105298350000794,
    0.11185266199981925,
    0.10901279099994099,
    0.10725812400005452,
    0.11183866100009254,
    0.11044252800002141
  ],
  "prusti-tests/tests/verify/pass/quick/moves.rs": [
    1.7533862980001231,
    0.10747204699987378,
    0.10918580899988228,
    0.10711211299985735,
    0.10567007700001341,
    0.10269709700014573,
    0.10381810200010477,
    0.10283361000006153,
    0.10146917999986726,
    0.10236076499995761
  ],
  "prusti-tests/tests/verify/pass/quick/mut-borrows.rs": [
    3.4381104169999617,
    0.1840748800000256,
    0.17689130199983083,
    0.18402787500008344,
    0.1764672619999601,
    0.1798857839999073,
    0.17902030200002628,
    0.1774292529999002,
    0.17617673399990963,
    0.17359218999990844
  ],
  "prusti-tests/tests/verify/pass/quick/shared-borrows.rs": [
    2.1084962900001756,
    0.10789220099991326,
    0.1068956059998527,
    0.10552767700005461,
    0.10347778300001664,
    0.09940009799993277,
    0.10546307000004163,
    0.10337307400004647,
    0.0987507369998184,
    0.09637771200004863
  ],
  "prusti-tests/tests/verify/pass/quick/trait-contracts-refinement.rs": [
    2.0293029569998,
    0.16264067700012674,
    0.16452355499995974,
    0.15608625699996992,
    0.1573313739997957,
    0.15420827899993128,
    0.16834411600007115,
    0.16182469899990792,
    0.16631382400009898,
    0.1655246499999521
  ],
  "prusti-tests/tests/verify/pass/quick/routes.rs": [
    6.401066451999895,
    0.41147745400007807,
    0.40958907599997474,
    0.40676640899982885,
    0.4078649129999121,
    0.40272792799987656,
    0.3992607010000029,
    0.4057900170000721,
    0.40180464099989877,
    0.3993339690000539
  ],
  "prusti-tests/tests/verify/pass/quick/fibonacci.rs": [
    0.4359043209999527,
    0.436813605999987,
    0.4273670170000514,
    0.4300172659998225,
    0.4336515089999011,
    0.41576832500004457,
    0.41022370399991814,
    0.400280567999971,
    0.41283434999991186,
    0.4212218390000544
  ],
  "prusti-tests/tests/verify/pass/pure-fn/len-lookup.rs": [
    4.2048942390001685,
    0.23717941399991105,
    0.24196126800006823,
    0.23903238899993084,
    0.23934021800005212,
    0.23923200900003394,
    0.2407213489998412,
    0.24180495200016594,
    0.24141851600006703,
    0.2313800629999605
  ],
  "prusti-tests/tests/verify/pass/pure-fn/quantifiers.rs": [
    2.5037437579999278,
    0.21619812200015076,
    0.20407407100015007,
    0.2070807570000852,
    0.20534399200005282,
    0.21178790299995853,
    0.20698774800007413,
    0.20370143499985716,
    0.21269839000001411,
    0.2205463340001188
  ],
  "prusti-tests/tests/verify/pass/pure-fn/recursive-pure-fn.rs": [
    2.1429460169999857,
    0.16210649499998908,
    0.16200758499985568,
    0.1713298649999615,
    0.16491685999994843,
    0.17012875199998234,
    0.1623078140000871,
    0.15595481399986966,
    0.15849965500001417,
    0.1566812830001254
  ],
  "prusti-tests/tests/verify/pass/pure-fn/ref-mut-arg.rs": [
    3.2508240189999924,
    0.21921868399999767,
    0.21358495199979188,
    0.2018078409998907,
    0.21055656699991232,
    0.2036431139999877,
    0.20639987399999882,
    0.20889100899989899,
    0.20588892499995382,
    0.21945100499988257
  ],
  "prusti-tests/tests/verify/pass/rosetta/Ackermann_function.rs": [
    2.215587653999819,
    0.2541170649999458,
    0.25351640799999586,
    0.2710523620000913,
    0.265189509000038,
    0.25839866900014385,
    0.2672397029998592,
    0.2584994779999761,
    0.2577566080001361,
    0.25623006499995427
  ],
  "prusti-tests/tests/verify/pass/rosetta/Heapsort.rs": [
    11.778947321000032,
    1.202598835000117,
    1.1845721360000425,
    1.1735164940000686,
    1.1606652830000712,
    1.1562733690000186,
    1.1790183119999256,
    1.1732587900000908,
    1.2235968359998424,
    1.2357202829998641
  ]
}