{
  "prusti-tests/tests/verify/pass/rosetta/Knuth_shuffle.rs": [
    2.980946961999962,
    2.609533154000019,
    2.4422885919999544,
    2.72641856000007,
    2.520371282000042,
    2.654474929999992,
    2.4591227770000614,
    2.4174870659999215,
    2.623365238999895,
    2.4243517740000016
  ],
  "prusti-tests/tests/verify/pass/demos/account.rs": [
    2.111501714000042,
    2.1469255240000393,
    2.0195893869999963,
    2.042801739000083,
    1.9982836340000176,
    2.0645335550000254,
    1.9989898339999854,
    2.104179820000013,
    1.9643316269999787,
    1.933901032000108
  ],
  "prusti-tests/tests/verify/pass/rosetta/Knights_tour.rs": [
    137.29878860600002,
    139.93376712999998,
    134.174665001,
    134.20124629299994,
    132.04767592899998,
    124.88729699700002,
    135.87147437,
    138.40364648600007,
    136.04047597299996,
    130.4226238860001
  ],
  "prusti-tests/tests/verify/pass/quick/fold-unfold.rs": [
    1.391284498999994,
    1.3808826939998653,
    1.3560195820000445,
    1.335639171999901,
    1.3373893739999403,
    1.3416861760001666,
    1.3066068580001229,
    1.3242128669999147,
    1.3608308859998033,
    1.2670529399997577
  ],
  "prusti-tests/tests/verify/pass/quick/moves.rs": [
    1.59947640900009,
    1.617580518000068,
    1.626736922999953,
    1.6270874229999208,
    1.5642976919998546,
    1.5577724889999445,
    1.6329270280002675,
    1.5696950960000322,
    1.5217529709998416,
    1.6427220310001758
  ],
  "prusti-tests/tests/verify/pass/quick/mut-borrows.rs": [
    3.203479312000127,
    3.188275805000103,
    3.2475547330000154,
    3.1795624979999957,
    3.3044391610001185,
    3.2728550460001316,
    3.2982975589998205,
    3.350687963999917,
    3.375498668999626,
    3.141318860999945
  ],
  "prusti-tests/tests/verify/pass/quick/shared-borrows.rs": [
    2.056021031,
    1.9721470889999182,
    1.9836534949999987,
    2.1313697790001243,
    2.177903611000147,
    2.0611834510000335,
    2.1583466000001863,
    2.0514622489999965,
    2.1366014919999543,
    2.1776597129996844
  ],
  "prusti-tests/tests/verify/pass/quick/trait-contracts-refinement.rs": [
    1.8603660509998008,
    1.8016466220001348,
    1.8491457459999765,
    1.8469241439997859,
    2.0660659569998643,
    2.051366145999964,
    1.88604296099993,
    1.8619916540001213,
    1.9327153760000328,
    1.9996782000002895
  ],
  "prusti-tests/tests/verify/pass/quick/routes.rs": [
    6.092085055000098,
    6.0041508489998705,
    5.501160691000223,
    5.462543848999758,
    5.366943200999685,
    5.446899336000115,
    5.487094131000049,
    5.481407349999699,
    5.523989282999992,
    5.565517771000032
  ],
  "prusti-tests/tests/verify/pass/quick/fibonacci.rs": [
    6.880879981999897,
    7.03251279099959,
    6.956716607000089,
    6.911488483000085,
    7.366263404000165,
    7.516233109000041,
    7.755609708000065,
    7.258544515000267,
    7.162695073000123,
    7.370206120000148
  ],
  "prusti-tests/tests/verify/pass/pure-fn/len-lookup.rs": [
    4.1034978440002305,
    4.377937997000117,
    4.426046051999947,
    4.407831880000231,
    4.382324628999868,
    4.530906322999726,
    4.212316648000069,
    4.381622367000091,
    4.184349287000259,
    4.392382651999924
  ],
  "prusti-tests/tests/verify/pass/pure-fn/quantifiers.rs": [
    2.8373003130000143,
    2.8924038459999792,
    2.77103549200001,
    2.671013812000183,
    2.537377188999926,
    2.563504340000236,
    2.6658819059998677,
    2.681942053000057,
    2.7329982900000687,
    2.5364728900003684
  ],
  "prusti-tests/tests/verify/pass/pure-fn/recursive-pure-fn.rs": [
    2.3661727349999637,
    2.3147443210000347,
    2.391159260999757,
    2.2794190240001626,
    2.2746996770001715,
    2.339943415000107,
    2.4208825600003365,
    2.261253977999786,
    2.264319362999686,
    2.3026750819999506
  ],
  "prusti-tests/tests/verify/pass/pure-fn/ref-mut-arg.rs": [
    3.620345845999964,
    3.475760163999894,
    3.512791335000202,
    3.6735396419999233,
    3.4125002490000043,
    3.7075482529999135,
    3.562415480999789,
    3.397949497999889,
    3.4630980310002997,
    3.302244759000132
  ],
  "prusti-tests/tests/verify/pass/rosetta/Ackermann_function.rs": [
    2.3133708690002095,
    2.221003022000332,
    2.115688710000086,
    2.1260144620000574,
    2.2527209550003136,
    2.3199243050003133,
    2.1797897650003506,
    2.2793469590001223,
    2.224158430999978,
    2.3478804940000373
  ],
  "prusti-tests/tests/verify/pass/rosetta/Heapsort.rs": [
    12.56036059600001,
    12.732093813999654,
    12.403241284999694,
    12.325534102000347,
    12.105580450000161,
    12.29673560099991,
    12.172961877000034,
    11.946973144000367,
    12.269096358000297,
    11.932087440000032
  ]
}