{
  "prusti-tests/tests/verify/pass/rosetta/Knuth_shuffle.rs": [
    2.523781885000062,
    2.223022396999909,
    2.1082290729999613,
    2.1043137090000528,
    2.070106484000007,
    2.0759701399999813,
    2.0250052860000096,
    1.9760039060000736,
    2.0073245019999604,
    2.023048350999943
  ],
  "prusti-tests/tests/verify/pass/demos/account.rs": [
    1.9116961020000645,
    1.9270523290000483,
    1.9281138399999236,
    1.9142358020000074,
    1.9101951069999359,
    1.9144495760000382,
    1.9152947840000252,
    1.9150610819999656,
    1.8824668449999535,
    1.8910601530000122
  ],
  "prusti-tests/tests/verify/pass/rosetta/Knights_tour.rs": [
    115.16938582700004,
    109.30306097000005,
    111.84320746100002,
    112.79362286600008,
    106.41699636999988,
    113.89333378100014,
    113.95283527399988,
    110.11230440899999,
    110.06959430999996,
    109.424532323
  ],
  "prusti-tests/tests/verify/pass/quick/fold-unfold.rs": [
    1.2568107730000975,
    1.2587452930001746,
    1.2901644050000414,
    1.2700416049999603,
    1.269571810999878,
    1.2566831940000611,
    1.2572482989999116,
    1.2457372840001426,
    1.26183514499985,
    1.2451492790000884
  ],
  "prusti-tests/tests/verify/pass/quick/moves.rs": [
    1.515798358999973,
    1.5260024310000517,
    1.530811778999805,
    1.506616238999868,
    1.5227007980001872,
    1.5314819850000276,
    1.5245824869998614,
    1.535989698999856,
    1.5183939260000443,
    1.5355381960000614
  ],
  "prusti-tests/tests/verify/pass/quick/mut-borrows.rs": [
    2.9993197839999084,
    2.9943907439999293,
    3.0083338809999987,
    2.9905278620001354,
    3.0075731120000455,
    3.011455349000016,
    2.9834205490001295,
    2.9986080989999664,
    3.0364417729999786,
    3.0122606349998478
  ],
  "prusti-tests/tests/verify/pass/quick/shared-borrows.rs": [
    1.9139501929998914,
    1.934018991999892,
    1.905024598999944,
    1.8924065730000166,
    1.8880142309999428,
    1.9086084329999267,
    1.8828156659999422,
    1.901095770999973,
    1.8957497260000764,
    1.8841016129999844
  ],
  "prusti-tests/tests/verify/pass/quick/trait-contracts-refinement.rs": [
    1.646336008000162,
    1.6102452039999662,
    1.666084813999987,
    1.5875695719996656,
    1.5797965950000616,
    1.644649137000215,
    1.580930042000091,
    1.5854876950002108,
    1.6237397439999768,
    1.5874916190000476
  ],
  "prusti-tests/tests/verify/pass/quick/routes.rs": [
    5.23818450600038,
    4.865734244999658,
    4.937049479000052,
    4.788744777999909,
    4.839265893999709,
    4.72122573300021,
    4.801339663999897,
    4.759332963999896,
    4.728989430000183,
    4.8297132839998085
  ],
  "prusti-tests/tests/verify/pass/quick/fibonacci.rs": [
    6.076747050999984,
    6.120111605999682,
    6.215276735000316,
    6.060704164999606,
    6.061696212999777,
    6.102169609999692,
    6.056127665000076,
    6.082305303999874,
    6.049173454000083,
    6.1001549390002765
  ],
  "prusti-tests/tests/verify/pass/pure-fn/len-lookup.rs": [
    3.509092850000343,
    3.4889537970002493,
    3.4698308919996634,
    3.5061419889998433,
    3.4647332800000186,
    3.478142492000188,
    3.492577945999983,
    3.489951930999723,
    3.471970233999855,
    3.487401916000181
  ],
  "prusti-tests/tests/verify/pass/pure-fn/quantifiers.rs": [
    2.214878315000078,
    2.2150706070001434,
    2.157191105000038,
    2.133405380000113,
    2.132968728999913,
    2.13634741199985,
    2.1858481130002474,
    2.176654365000104,
    2.183406090999597,
    2.167784951000158
  ],
  "prusti-tests/tests/verify/pass/pure-fn/recursive-pure-fn.rs": [
    1.932053734999954,
    1.8964409459999843,
    1.9216858939998929,
    1.9072763320000377,
    1.9343031349999364,
    1.8943131700002596,
    1.9026173140000537,
    1.9182974909999757,
    1.9355732879998868,
    1.8904563129999588
  ],
  "prusti-tests/tests/verify/pass/pure-fn/ref-mut-arg.rs": [
    2.8299162959997375,
    2.8807207990003008,
    2.902185709999685,
    2.830770599999596,
    2.8914816860001338,
    2.935474109000097,
    2.820606205999866,
    2.82224472300004,
    2.9122929699997258,
    2.823395288000029
  ],
  "prusti-tests/tests/verify/pass/rosetta/Ackermann_function.rs": [
    1.8952545859997372,
    1.8851416900001823,
    1.884606366999833,
    1.8933314539999628,
    1.90299055100013,
    1.8867357859999174,
    1.8874734339997303,
    1.9149058070001956,
    1.9198450570002024,
    1.888055038999937
  ],
  "prusti-tests/tests/verify/pass/rosetta/Heapsort.rs": [
    9.723804708999978,
    9.643599024000196,
    9.63603250899996,
    9.615424399999938,
    9.632213321000108,
    9.666345746999923,
    9.693469965999611,
    9.76539491199992,
    9.327631243000269,
    9.416963027000293
  ]
}