{
  "prusti-tests/tests/verify/pass/rosetta/Knuth_shuffle.rs": [
    3.3679675790000374,
    0.40547327299998415,
    0.40378086800001256,
    0.41482075800001894,
    0.39751288799993745,
    0.43632196800001566,
    0.4001683140000978,
    0.4269776770000817,
    0.428603593000048,
    0.4329703349999363
  ],
  "prusti-tests/tests/verify/pass/demos/account.rs": [
    2.915644620999956,
    0.1453989230000161,
    0.14608712900007959,
    0.1593076579999888,
    0.1470749390000492,
    0.14126258199996755,
    0.1453232220000018,
    0.14821344899996802,
    0.15101307700001598,
    0.14529352099998505
  ],
  "prusti-tests/tests/verify/pass/rosetta/Knights_tour.rs": [
    111.5707873209999,
    2.8671889790000478,
    3.001587382000025,
    2.8694900899999993,
    2.8550822400000015,
    2.8352188380001735,
    2.8621989819998817,
    2.893928930000129,
    2.869949113999837,
    2.8653222289999576
  ],
  "prusti-tests/tests/verify/pass/quick/fold-unfold.rs": [
    1.4877184439999382,
    0.12177943500000765,
    0.11425807099999474,
    0.11231645500015475,
    0.10874762399998872,
    0.11670569199986858,
    0.1183558059999541,
    0.10727611199990861,
    0.11864570900002036,
    0.11863330899996072
  ],
  "prusti-tests/tests/verify/pass/quick/moves.rs": [
    1.7124088529999426,
    0.10617280300016319,
    0.10522409400005017,
    0.10723091199997725,
    0.10702410999988388,
    0.10519899399992028,
    0.10564729800012174,
    0.10209766699995271,
    0.10491209199994955,
    0.11311856099996476
  ],
  "prusti-tests/tests/verify/pass/quick/mut-borrows.rs": [
    3.4354640920000747,
    0.17947599300009642,
    0.18197921499995573,
    0.1924085080001987,
    0.18674935800004278,
    0.176239065000118,
    0.19025808800006416,
    0.17749507500002437,
    0.182810722999875,
    0.2026201989999663
  ],
  "prusti-tests/tests/verify/pass/quick/shared-borrows.rs": [
    2.192014855000025,
    0.11257619899993188,
    0.11249259799978972,
    0.10631124299993644,
    0.11073028299983889,
    0.10530513399999109,
    0.1059462400000939,
    0.10614994200000183,
    0.10366601999999148,
    0.0989767789999405
  ],
  "prusti-tests/tests/verify/pass/quick/trait-contracts-refinement.rs": [
    2.1081315229998836,
    0.15481138199993438,
    0.1675501960000929,
    0.18225022799992985,
    0.17292374399994515,
    0.15967142500016962,
    0.1527464640000744,
    0.1500605399999131,
    0.14659360899986495,
    0.1542536779998045
  ],
  "prusti-tests/tests/verify/pass/quick/routes.rs": [
    6.1468617919999815,
    0.3877659520001089,
    0.38218919500013726,
    0.38274439899987556,
    0.36898097699986465,
    0.3730362129999776,
    0.41370207399995707,
    0.3874561410000297,
    0.38399641000000884,
    0.40254107500004466
  ],
  "prusti-tests/tests/verify/pass/quick/fibonacci.rs": [
    0.3945562040000823,
    0.4063715089998823,
    0.40903893200015773,
    0.4138542759999382,
    0.4287201070001174,
    0.3983879379998143,
    0.40029695500015805,
    0.3998179509999318,
    0.4061759080000229,
    0.39945024799999373
  ],
  "prusti-tests/tests/verify/pass/pure-fn/len-lookup.rs": [
    4.153775145000054,
    0.24362208799993823,
    0.2647040780000225,
    0.23963575299990225,
    0.22850255200000902,
    0.2330229930000769,
    0.2497272430000521,
    0.23699182899986226,
    0.2453232029999981,
    0.2336981990001732
  ],
  "prusti-tests/tests/verify/pass/pure-fn/quantifiers.rs": [
    2.5946651950000614,
    0.25321556399990186,
    0.22354299800008448,
    0.23253927800010388,
    0.22363779900001646,
    0.21186799299994163,
    0.21460361799995553,
    0.21104818599997088,
    0.22919574799993825,
    0.2225695889999315
  ],
  "prusti-tests/tests/verify/pass/pure-fn/recursive-pure-fn.rs": [
    2.212207471999818,
    0.1748195630000282,
    0.1712701310000284,
    0.16396456500001477,
    0.1606769360000726,
    0.17440925799996876,
    0.17302434699990954,
    0.16897551000010935,
    0.17593847300008747,
    0.17216903799999272
  ],
  "prusti-tests/tests/verify/pass/pure-fn/ref-mut-arg.rs": [
    3.3575445039998613,
    0.20245653500001026,
    0.21868957499987118,
    0.2188096760000917,
    0.20589756499998657,
    0.22055359099999805,
    0.2007660209999358,
    0.22422032299982675,
    0.2046972549999282,
    0.22300971200002095
  ],
  "prusti-tests/tests/verify/pass/rosetta/Ackermann_function.rs": [
    2.2077207260001614,
    0.24793382500001826,
    0.25148275599985936,
    0.2529958689999603,
    0.2497367400001167,
    0.2494109379999827,
    0.28232292000006964,
    0.26224524799999926,
    0.24288298199985547,
    0.24956603900000118
  ],
  "prusti-tests/tests/verify/pass/rosetta/Heapsort.rs": [
    12.01886312900001,
    1.176374388999875,
    1.1360017419999622,
    1.1764600900000914,
    1.1430850170002032,
    1.1551310009999725,
    1.1766760379998686,
    1.1844615230002091,
    1.1615083710000818,
    1.210896615000138
  ]
}