{
  "prusti-tests/tests/verify/pass/rosetta/Knuth_shuffle.rs": [
    1.9147168480000119,
    1.7199140769999985,
    1.622855100000038,
    1.6349402419999706,
    1.566890768999997,
    1.5837227109999503,
    1.577235256999984,
    1.5618316630000209,
    1.5363349369999924,
    1.5771016680000685
  ],
  "prusti-tests/tests/verify/pass/demos/account.rs": [
    0.6706233290000227,
    0.6214472310000474,
    0.6630951679999271,
    0.7569149280000147,
    0.6487087519999477,
    0.7268136840000352,
    0.6762813770000093,
    0.613244166999948,
    0.6522862840000698,
    0.6381271689999721
  ],
  "prusti-tests/tests/verify/pass/rosetta/Knights_tour.rs": [
    96.82595433100005,
    93.98335117099998,
    95.97781676800003,
    97.30624150599988,
    94.93983247999995,
    96.68459410800006,
    97.87481126199987,
    96.58552113299993,
    95.19667789599998,
    97.79395801099986
  ],
  "prusti-tests/tests/verify/pass/quick/fold-unfold.rs": [
    0.4854752690000623,
    0.4662236159999793,
    0.457272643999886,
    0.4674171250001109,
    0.4847841629998584,
    0.4670678229999794,
    0.48834869200004505,
    0.46699507499988613,
    0.47262739600000714,
    0.45235342399996625
  ],
  "prusti-tests/tests/verify/pass/quick/moves.rs": [
    0.4899923430000399,
    0.4680864570000267,
    0.47516401699999733,
    0.47768233800002236,
    0.47186938899994857,
    0.49789981000003536,
    0.46596653899996454,
    0.4505023090000577,
    0.46406522300003417,
    0.46458992799989574
  ],
  "prusti-tests/tests/verify/pass/quick/mut-borrows.rs": [
    0.7803771979999965,
    0.688382219999994,
    0.6974077959998795,
    0.7409394379999412,
    0.6842792509999072,
    0.6853573609998875,
    0.7436952329999258,
    0.6904724010000791,
    0.6926986190001116,
    0.6636233839999477
  ],
  "prusti-tests/tests/verify/pass/quick/shared-borrows.rs": [
    0.5620003589999669,
    0.49508851699988554,
    0.5499476610000329,
    0.504687094000019,
    0.6011230770000111,
    0.49590632900003584,
    0.5114908000000469,
    0.4930447440001444,
    0.549875621999945,
    0.5082964719999836
  ],
  "prusti-tests/tests/verify/pass/quick/trait-contracts-refinement.rs": [
    0.7492655979999654,
    0.7770904320000227,
    0.692244318000121,
    0.6817115300000296,
    0.6627965709999444,
    0.7337395669999296,
    0.6737049620001017,
    0.6722111500000665,
    0.7438474479999968,
    0.6866783160000978
  ],
  "prusti-tests/tests/verify/pass/quick/routes.rs": [
    2.185737978000134,
    1.888621146999867,
    1.889452355000003,
    1.8237964469999497,
    1.8077058430001216,
    1.9478583239999807,
    1.8720248559998254,
    1.9808192420000523,
    1.7782620479999878,
    1.7159239379998326
  ],
  "prusti-tests/tests/verify/pass/quick/fibonacci.rs": [
    1.9878688629999033,
    1.6312826460000451,
    1.9934183699999721,
    1.6732466559999466,
    1.861977917999866,
    1.9031140589997904,
    1.7540720639999563,
    1.610897317999843,
    1.779676223000024,
    1.8643720289999237
  ],
  "prusti-tests/tests/verify/pass/pure-fn/len-lookup.rs": [
    0.7826386189999539,
    0.8382989829999588,
    0.8457384939999883,
    0.8594544389998191,
    0.8356983399999081,
    0.8033631670000432,
    0.7749644269999862,
    0.8352705360000527,
    0.7871382309999717,
    0.8587652329999855
  ],
  "prusti-tests/tests/verify/pass/pure-fn/quantifiers.rs": [
    0.7171071400000528,
    0.703132622999874,
    0.7143362880001405,
    0.7527704870001344,
    0.7051061900001514,
    0.6817017939999914,
    0.7764024850000624,
    0.692021479999994,
    0.6828106030000072,
    0.686383332999867
  ],
  "prusti-tests/tests/verify/pass/pure-fn/recursive-pure-fn.rs": [
    0.5985402989999784,
    0.5485794819999228,
    0.5412406210000427,
    0.558073861000139,
    0.5945954720000373,
    0.5463827779999519,
    0.5340623760000653,
    0.5419096419998368,
    0.5340575750001335,
    0.5959758950000378
  ],
  "prusti-tests/tests/verify/pass/pure-fn/ref-mut-arg.rs": [
    0.7045987050000804,
    0.7029606909998165,
    0.7079958330000409,
    0.7681383369999821,
    0.7149521909998384,
    0.7005348709999453,
    0.7619559209999807,
    0.7016365040001347,
    0.69814733599992,
    0.6998377470001742
  ],
  "prusti-tests/tests/verify/pass/rosetta/Ackermann_function.rs": [
    0.854042574999994,
    0.7984180749999723,
    0.7437716839999666,
    0.8445464899998569,
    0.7521665599999778,
    0.7568741019999834,
    0.8085378660000515,
    0.8517325650000203,
    0.7609210470000107,
    0.7479634519997944
  ],
  "prusti-tests/tests/verify/pass/rosetta/Heapsort.rs": [
    5.711683420000099,
    5.439986170999873,
    5.406393514999991,
    5.508502515999908,
    5.481386455999882,
    5.388587494999911,
    5.455345042999852,
    5.4030847290000565,
    5.482812415999888,
    5.240279145000159
  ]
}