{
  "prusti-tests/tests/verify/pass/rosetta/Knuth_shuffle.rs": [
    2.2855812919999607,
    2.063782444000026,
    2.043257961999984,
    2.064378268999917,
    1.9633571669999128,
    1.9688845299999684,
    1.9357595610000544,
    1.9870106660000602,
    1.9963317449999067,
    1.9019521589999613
  ],
  "prusti-tests/tests/verify/pass/demos/account.rs": [
    1.823674954000012,
    1.7929042419999632,
    1.8289808439999433,
    1.8027183909999849,
    1.786932739000008,
    1.8033131959999764,
    1.7848048289999952,
    1.8517209510000612,
    1.8247439919999806,
    1.7670662240000183
  ],
  "prusti-tests/tests/verify/pass/rosetta/Knights_tour.rs": [
    108.22163480900008,
    103.2936050950002,
    104.89428064999993,
    100.379994635,
    102.6349796479999,
    102.14827770400007,
    102.1134140669999,
    102.28924933300004,
    98.5344095439998,
    102.706802294
  ],
  "prusti-tests/tests/verify/pass/quick/fold-unfold.rs": [
    1.2048484539998299,
    1.1881618509999043,
    1.1891831630000524,
    1.1838877980001143,
    1.1723052570000618,
    1.1810792640001182,
    1.1851763240001674,
    1.1843215619999228,
    1.1954743539999981,
    1.1951395510000111
  ],
  "prusti-tests/tests/verify/pass/quick/moves.rs": [
    1.4672642940001879,
    1.4451435880000645,
    1.4359183280000707,
    1.4514699590001783,
    1.4331420720000096,
    1.4425428679999186,
    1.4527717720000055,
    1.4241659809999874,
    1.424366235999969,
    1.4552452780001204
  ],
  "prusti-tests/tests/verify/pass/quick/mut-borrows.rs": [
    2.8250120309999147,
    2.8474979119998807,
    2.844684342000164,
    2.8477908840000055,
    2.8202129170001626,
    2.854855769000096,
    2.8519874189998973,
    2.847907394999993,
    2.837129037000068,
    2.8396217709998837
  ],
  "prusti-tests/tests/verify/pass/quick/shared-borrows.rs": [
    1.821924244999991,
    1.8125928319998366,
    1.8036501850001514,
    1.8232432030001746,
    1.7783942640000987,
    1.8168193749997954,
    1.8096160829998098,
    1.8074208550001458,
    1.8135089329998664,
    1.8119822230000864
  ],
  "prusti-tests/tests/verify/pass/quick/trait-contracts-refinement.rs": [
    1.5742373899997801,
    1.5705641419999665,
    1.5401181469997027,
    1.5451782130003267,
    1.5195609849997709,
    1.5557077040002696,
    1.5132083579997015,
    1.559294250000221,
    1.5178458170003069,
    1.554198727000312
  ],
  "prusti-tests/tests/verify/pass/quick/routes.rs": [
    5.059346356000333,
    4.808856242999809,
    4.730367184999977,
    4.6225751000001765,
    4.754114276000109,
    4.6239157760001035,
    4.659472282000024,
    4.695134308999968,
    4.659849602000122,
    4.727205755000341
  ],
  "prusti-tests/tests/verify/pass/quick/fibonacci.rs": [
    6.047271550999994,
    6.091194255000119,
    6.075919317000171,
    6.040076823000163,
    6.139095992999955,
    6.119156852999822,
    5.909804656000233,
    6.008186128000034,
    5.960246463999738,
    6.063132014000075
  ],
  "prusti-tests/tests/verify/pass/pure-fn/len-lookup.rs": [
    3.4573696319998817,
    3.5891472329999488,
    3.4474070870001015,
    3.4523240319999786,
    3.527991706999728,
    3.472734300999946,
    3.4494259550001516,
    3.5168735360002756,
    3.4593009929999425,
    3.554989835000015
  ],
  "prusti-tests/tests/verify/pass/pure-fn/quantifiers.rs": [
    2.1962745999999242,
    2.2106935839997277,
    2.337917636000384,
    2.103426990999651,
    2.15353190299993,
    2.1736214630000177,
    2.1122965690001365,
    2.145032865000303,
    2.2428972620000422,
    2.3082811680001214
  ],
  "prusti-tests/tests/verify/pass/pure-fn/recursive-pure-fn.rs": [
    2.0895393700002387,
    2.050324498000009,
    2.197731508000288,
    2.0919718410000314,
    2.0650795940000535,
    2.1014963890002036,
    2.034907731000203,
    2.2407579959999566,
    2.086621818000367,
    2.1292531340000096
  ],
  "prusti-tests/tests/verify/pass/pure-fn/ref-mut-arg.rs": [
    3.1198561750002227,
    2.9978173270001207,
    3.1546730739996747,
    3.1181366020000496,
    3.161427476999961,
    3.234034426999642,
    3.281255831999715,
    3.3044146820002425,
    3.2793164569998225,
    3.128775105999921
  ],
  "prusti-tests/tests/verify/pass/rosetta/Ackermann_function.rs": [
    2.0826972959998784,
    2.1541458219999186,
    2.037160397000207,
    2.11293042699981,
    2.145089342999654,
    2.128378125999916,
    2.134727996000038,
    2.0805362769997373,
    2.173789781999858,
    2.0361773039999207
  ],
  "prusti-tests/tests/verify/pass/rosetta/Heapsort.rs": [
    10.633309302999805,
    10.331994099999974,
    10.419930019000276,
    10.46149975299977,
    10.431331165999836,
    10.364314295999975,
    10.402570712999932,
    10.478047027999764,
    10.379963854999914,
    10.530519139000262
  ]
}