{
  "prusti-tests/tests/verify/pass/rosetta/Knuth_shuffle.rs": [
    2.170993107999948,
    1.8751845169999797,
    1.846634344999984,
    1.8329598029999943,
    1.872117261999847,
    1.854552766000097,
    1.8580191260000447,
    1.7888207109999712,
    1.8216418829999839,
    1.7868230020001192
  ],
  "prusti-tests/tests/verify/pass/demos/account.rs": [
    1.6433296040002006,
    1.6502441229999931,
    1.627038296999899,
    1.6457541380000293,
    1.6222051759998521,
    1.6463078550000319,
    1.6416841810000733,
    1.6328239770000437,
    1.6470984219999991,
    1.6291406889999962
  ],
  "prusti-tests/tests/verify/pass/rosetta/Knights_tour.rs": [
    100.33266049999997,
    98.82911987500006,
    98.36798442199984,
    101.69112452099989,
    101.09679757799995,
    97.65969437600006,
    98.845835523,
    99.71274469600007,
    102.06418590300018,
    97.52732629999991
  ],
  "prusti-tests/tests/verify/pass/quick/fold-unfold.rs": [
    1.1072529610000856,
    1.1168711499999517,
    1.1097703659997933,
    1.1019237470000007,
    1.0936403460000292,
    1.1030590340001254,
    1.1005378639997616,
    1.1228715990000637,
    1.1232929940001668,
    1.1101871220002977
  ],
  "prusti-tests/tests/verify/pass/quick/moves.rs": [
    1.342495181999766,
    1.3508427880001364,
    1.339675914000054,
    1.3459153439998772,
    1.353743556000154,
    1.3572282000000087,
    1.3342514880000635,
    1.3416836020001028,
    1.3380199449998145,
    1.3390015330001006
  ],
  "prusti-tests/tests/verify/pass/quick/mut-borrows.rs": [
    2.653335803000118,
    2.6125776629996835,
    2.636242693999975,
    2.6257730910001555,
    2.6063821669999925,
    2.6229691739999907,
    2.6087676099996315,
    2.5953346659998715,
    2.6184981950000292,
    2.6031618320002963
  ],
  "prusti-tests/tests/verify/pass/quick/shared-borrows.rs": [
    1.6446583150000151,
    1.657665464999809,
    1.6564326789998631,
    1.6602844340000047,
    1.6608206610003435,
    1.6632961820000673,
    1.6531515009996838,
    1.6556310719997782,
    1.6597948230000839,
    1.6585666910000327
  ],
  "prusti-tests/tests/verify/pass/quick/trait-contracts-refinement.rs": [
    1.5092342840002857,
    1.451637959999971,
    1.4620874379997986,
    1.4524563499999203,
    1.4573261970003841,
    1.4580924040001264,
    1.4491267090002111,
    1.4492969060001997,
    1.4464718399999583,
    1.4422166899998956
  ],
  "prusti-tests/tests/verify/pass/quick/routes.rs": [
    4.284279206000065,
    4.15981524100016,
    3.953528944000027,
    3.9977639310000086,
    3.954985344999841,
    3.9635364360001404,
    3.9438408010000785,
    3.9317295509999894,
    3.925370436999856,
    3.929515188000096
  ],
  "prusti-tests/tests/verify/pass/quick/fibonacci.rs": [
    4.985645095000109,
    4.999366955999903,
    4.975010693000058,
    4.961747947999811,
    4.984733281999979,
    4.963277762000416,
    4.983881626999846,
    4.997878184000001,
    4.967917549000049,
    4.955982743999812
  ],
  "prusti-tests/tests/verify/pass/pure-fn/len-lookup.rs": [
    2.9249336729999413,
    2.9121019230001366,
    2.8934388839998064,
    2.9255521290001525,
    2.9187733080002545,
    2.9205613279996214,
    2.886660220000067,
    2.9006651589998,
    2.8845692650002093,
    2.9019183589998647
  ],
  "prusti-tests/tests/verify/pass/pure-fn/quantifiers.rs": [
    1.7872193300004255,
    1.79075899999998,
    1.7853423639999164,
    1.7737423009998565,
    1.7864693500000612,
    1.7842088610000246,
    1.7805615360002776,
    1.7772330759999022,
    1.7770604779998393,
    1.7788412630002313
  ],
  "prusti-tests/tests/verify/pass/pure-fn/recursive-pure-fn.rs": [
    1.582068875999994,
    1.5946306069999991,
    1.587287393999759,
    1.5893921699998828,
    1.5774682100000064,
    1.6177404509999178,
    1.5849837040000239,
    1.595874898999682,
    1.5892150909999145,
    1.5824164840000776
  ],
  "prusti-tests/tests/verify/pass/pure-fn/ref-mut-arg.rs": [
    2.365825612000208,
    2.3319980410001335,
    2.3565022359998693,
    2.3333267400003024,
    2.309704550999868,
    2.3288737379998565,
    2.3206435450001663,
    2.3383569359998546,
    2.324446868999985,
    2.3195633509999425
  ],
  "prusti-tests/tests/verify/pass/rosetta/Ackermann_function.rs": [
    1.6417244879999089,
    1.6546456959999887,
    1.6337902219997886,
    1.627034096999978,
    1.6343078170002627,
    1.6308130820002589,
    1.6298426510002173,
    1.6285013729998354,
    1.651061000000027,
    1.6375932219998504
  ],
  "prusti-tests/tests/verify/pass/rosetta/Heapsort.rs": [
    9.633579103000102,
    9.613768983999762,
    9.593790908000301,
    9.552823416000138,
    9.5622207360002,
    9.526431351000156,
    9.529952500000036,
    9.538314822000302,
    9.576882164999915,
    9.555216494999968
  ]
}