{
  "prusti-tests/tests/verify/pass/rosetta/Knuth_shuffle.rs": [
    3.0390208849999,
    0.3911821399999553,
    0.37539923799999997,
    0.3774641210000027,
    0.37702978199990866,
    0.391021324999997,
    0.3810854430000745,
    0.38210497599993687,
    0.3803090480000719,
    0.3860939569999573
  ],
  "prusti-tests/tests/verify/pass/demos/account.rs": [
    2.562832299999968,
    0.14775389500005076,
    0.1537112179998985,
    0.14615855499994268,
    0.14650388500001554,
    0.14942534200008595,
    0.14961625900002673,
    0.14496294900004614,
    0.1469584249999798,
    0.14837774900001932
  ],
  "prusti-tests/tests/verify/pass/rosetta/Knights_tour.rs": [
    111.74476417799997,
    2.509728447000043,
    2.507659411000077,
    2.4711264089999077,
    2.381476426000063,
    2.4556547439999576,
    2.5941268060000766,
    2.6133347990000857,
    2.584752580999975,
    2.589886342999989
  ],
  "prusti-tests/tests/verify/pass/quick/fold-unfold.rs": [
    1.5066823069998918,
    0.11418404999994891,
    0.11274932300011642,
    0.1123189850000017,
    0.11238789100002577,
    0.11277412499998718,
    0.11168803000009575,
    0.11101036999980352,
    0.11363190099996245,
    0.114599687000009
  ],
  "prusti-tests/tests/verify/pass/quick/moves.rs": [
    1.761252513000045,
    0.11349668900015786,
    0.1092511150000064,
    0.1099344750000455,
    0.10708612500002346,
    0.10851485200009847,
    0.10649567499990553,
    0.10855725699980212,
    0.10489853400008542,
    0.105987930000083
  ],
  "prusti-tests/tests/verify/pass/quick/mut-borrows.rs": [
    3.4675078479999684,
    0.1697629440000128,
    0.17245218099992599,
    0.17252048800014563,
    0.17367378899984942,
    0.17287871899998208,
    0.17311443899984624,
    0.17067742399990493,
    0.17179132299997946,
    0.18033037500003957
  ],
  "prusti-tests/tests/verify/pass/quick/shared-borrows.rs": [
    2.149469819999922,
    0.10553138999989642,
    0.1005798539999887,
    0.10259013100017,
    0.1073062669997853,
    0.10394377800002985,
    0.10486565900009737,
    0.10468714300009196,
    0.10483515600003557,
    0.10529419599993162
  ],
  "prusti-tests/tests/verify/pass/quick/trait-contracts-refinement.rs": [
    1.8910011630000554,
    0.1494516959999146,
    0.14870052900005248,
    0.151499676000185,
    0.14954820499997368,
    0.14746132000004764,
    0.15164939000010236,
    0.14991023600009612,
    0.1501090540000405,
    0.1583569819999866
  ],
  "prusti-tests/tests/verify/pass/quick/routes.rs": [
    6.260577043000012,
    0.38923695099992983,
    0.3876996169999529,
    0.38773261899996214,
    0.3895818819999022,
    0.38400879099981466,
    0.3878728309998678,
    0.3831022119998124,
    0.3845704410000508,
    0.3863223949999792
  ],
  "prusti-tests/tests/verify/pass/quick/fibonacci.rs": [
    0.40637255999990884,
    0.40360851600007663,
    0.3985809739999695,
    0.41150191099995936,
    0.406081734000054,
    0.4008296719998725,
    0.39756995400011874,
    0.3990657869999268,
    0.3972708280000461,
    0.4053540439999779
  ],
  "prusti-tests/tests/verify/pass/pure-fn/len-lookup.rs": [
    4.262823597000079,
    0.2394263310000042,
    0.25658705299997564,
    0.2626629909998428,
    0.24086135799984731,
    0.23544857799993224,
    0.24028470600001128,
    0.2417637379999178,
    0.23912640399998963,
    0.24075521800000388
  ],
  "prusti-tests/tests/verify/pass/pure-fn/quantifiers.rs": [
    2.7145276520000152,
    0.219489029999977,
    0.21191286200019022,
    0.219653044000097,
    0.22729141600007097,
    0.21025421600006666,
    0.21051603899991278,
    0.21771927299982963,
    0.21281584099983775,
    0.21084926900016399
  ],
  "prusti-tests/tests/verify/pass/pure-fn/recursive-pure-fn.rs": [
    2.2745794090001255,
    0.16382192699984444,
    0.1606357460000254,
    0.17500101099994936,
    0.1710432630000014,
    0.1592429230001926,
    0.1612423999999919,
    0.16298074300016197,
    0.1648009999998976,
    0.160704639999949
  ],
  "prusti-tests/tests/verify/pass/pure-fn/ref-mut-arg.rs": [
    3.373621938000042,
    0.20181075699997564,
    0.2062316459998783,
    0.20348260400010076,
    0.20366111900011674,
    0.20258092399990346,
    0.2047061120001672,
    0.20936692199984464,
    0.20473141399997985,
    0.2020990820001316
  ],
  "prusti-tests/tests/verify/pass/rosetta/Ackermann_function.rs": [
    2.2137655839999297,
    0.24186399800009895,
    0.24486788200010778,
    0.24010006299999986,
    0.24569935600015924,
    0.24494048800011115,
    0.24910965600020063,
    0.24371548099998108,
    0.24103274499998406,
    0.23739722400000574
  ],
  "prusti-tests/tests/verify/pass/rosetta/Heapsort.rs": [
    11.597379950999994,
    1.0839145150000604,
    1.066304964999972,
    1.10093988299991,
    1.1006578959998023,
    1.0951090040000508,
    1.092915309000091,
    1.091648996999993,
    1.09194972399996,
    1.0808111359999657
  ]
}