{
  "prusti-tests/tests/verify/pass/rosetta/Knuth_shuffle.rs": [
    2.0403577469999163,
    1.8413870529999485,
    1.7901753410000083,
    1.7610654619999195,
    1.6228342399999747,
    1.7089028020000114,
    1.7414802219999501,
    1.6484708169999749,
    1.7179405020000331,
    1.6252648189999945
  ],
  "prusti-tests/tests/verify/pass/demos/account.rs": [
    0.8943856249999271,
    0.9093313870000657,
    0.8696126280000271,
    0.8679300200000171,
    0.8515781670000706,
    0.9030526830000554,
    0.7992982980000534,
    0.8938758920000964,
    0.8248937480000222,
    0.8498431550000305
  ],
  "prusti-tests/tests/verify/pass/rosetta/Knights_tour.rs": [
    106.32637709000005,
    101.69364889099995,
    105.99399037400008,
    104.29439546100002,
    104.70946372599997,
    102.25334980499997,
    105.00284955400002,
    100.72479647399996,
    107.12786658300001,
    102.70300518999989
  ],
  "prusti-tests/tests/verify/pass/quick/fold-unfold.rs": [
    0.6130275289999645,
    0.596440733999998,
    0.6044841530001577,
    0.612929898999937,
    0.6027880420001566,
    0.5748567329999332,
    0.607021616999873,
    0.59015952499999,
    0.6245804540001245,
    0.5939422700000705
  ],
  "prusti-tests/tests/verify/pass/quick/moves.rs": [
    0.6026660339998671,
    0.5885449200000039,
    0.5871811320000688,
    0.6302420199999688,
    0.6234958969998843,
    0.599018218999845,
    0.5903649589999986,
    0.576447657000017,
    0.5831792930000574,
    0.6158623110000008
  ],
  "prusti-tests/tests/verify/pass/quick/mut-borrows.rs": [
    0.953218773999879,
    1.0606114340000659,
    1.0273550780000278,
    0.9639966729998832,
    0.9588994250000269,
    0.9393257110000377,
    0.9076632620001419,
    0.8828469550001046,
    0.9284652089997962,
    0.882983663999994
  ],
  "prusti-tests/tests/verify/pass/quick/shared-borrows.rs": [
    0.6584701290000794,
    0.7202853300000243,
    0.6565601050001533,
    0.6410504010000295,
    0.7514369590001024,
    0.6846355570000924,
    0.6371031780001886,
    0.6282884059999105,
    0.6831290600000557,
    0.686843799999906
  ],
  "prusti-tests/tests/verify/pass/quick/trait-contracts-refinement.rs": [
    0.9401868140000715,
    0.8764258839999002,
    0.9353294000000005,
    0.8749021849998826,
    0.8563498829998935,
    0.9327372339998874,
    0.8578093789999457,
    0.867121281999971,
    0.9284573560000808,
    0.9336766940000416
  ],
  "prusti-tests/tests/verify/pass/quick/routes.rs": [
    2.73221932499996,
    2.4534638299999187,
    2.480937550999897,
    2.4114477540001644,
    2.3492053070001475,
    2.3920103980001386,
    2.451880878000111,
    2.420339113999944,
    2.3785122799999954,
    2.483987004000028
  ],
  "prusti-tests/tests/verify/pass/quick/fibonacci.rs": [
    2.6618627109999125,
    2.5169526240001687,
    2.3902129450000302,
    2.1646523229999275,
    2.1854173790000004,
    2.1977119099999527,
    2.4407397200000105,
    2.474938657999928,
    2.400354243000038,
    2.603377048000084
  ],
  "prusti-tests/tests/verify/pass/pure-fn/len-lookup.rs": [
    1.156129989999954,
    1.1071310070001346,
    1.164258855999833,
    1.0948805919999813,
    1.1521724259998791,
    1.1840004229998158,
    1.1092791099999886,
    1.1456428399999368,
    1.0693348039999364,
    1.1577615900000637
  ],
  "prusti-tests/tests/verify/pass/pure-fn/quantifiers.rs": [
    0.960382761999881,
    1.0449403410000286,
    0.9633887610000329,
    1.0441001850001612,
    0.9330803609998384,
    1.0358360410000387,
    0.9552808250000453,
    1.0425267760001589,
    0.9611052629998085,
    1.0356445079999048
  ],
  "prusti-tests/tests/verify/pass/pure-fn/recursive-pure-fn.rs": [
    0.743317493999939,
    0.756528168999921,
    0.8237395630001174,
    0.7481776590000209,
    0.7583976230000644,
    0.8067071589998704,
    0.7342649570000503,
    0.7743509419999555,
    0.7959731819998979,
    0.8070224330001565
  ],
  "prusti-tests/tests/verify/pass/pure-fn/ref-mut-arg.rs": [
    0.9516646350000428,
    1.0077404239998486,
    0.91822042900003,
    0.9831957970000076,
    0.9571319099998163,
    0.990420863999816,
    0.9452926430001298,
    0.921186913999918,
    0.98112395499993,
    0.9344998110000233
  ],
  "prusti-tests/tests/verify/pass/rosetta/Ackermann_function.rs": [
    1.0925811700003578,
    1.0429484229998707,
    1.0095244700000876,
    1.1085697480002636,
    1.0621487630000956,
    1.072367235999991,
    1.06160032400021,
    0.9830832299999201,
    1.169303447999937,
    1.0398681860001489
  ],
  "prusti-tests/tests/verify/pass/rosetta/Heapsort.rs": [
    6.098569683999813,
    5.48006998899973,
    5.761072762999902,
    5.636606782000399,
    5.528197909000028,
    5.5850096649996885,
    5.690379384000153,
    5.729575944999851,
    5.370999893000317,
    5.758693712000422
  ]
}