{
  "prusti-tests/tests/verify/pass/rosetta/Knuth_shuffle.rs": [
    1.9206208570000172,
    1.6714042269999254,
    1.6545465159999821,
    1.6278275829999984,
    1.588288360999968,
    1.5855965250000281,
    1.5754392909999524,
    1.6165190149999944,
    1.5800627880000775,
    1.5781370649999644
  ],
  "prusti-tests/tests/verify/pass/demos/account.rs": [
    0.6892706139999518,
    0.7408645439999191,
    0.6665157359999512,
    0.730993323000007,
    0.6635740000000396,
    0.6538799520000111,
    0.679143898999996,
    0.6503051050000295,
    0.6420748489999824,
    0.6977606850000484
  ],
  "prusti-tests/tests/verify/pass/rosetta/Knights_tour.rs": [
    96.35397889500007,
    97.61787949100005,
    94.32492964599999,
    93.37216710900009,
    95.96627100899991,
    95.34889982000004,
    93.0016778889999,
    96.1051372469999,
    97.98256342800005,
    96.60959660499998
  ],
  "prusti-tests/tests/verify/pass/quick/fold-unfold.rs": [
    0.5400098250001975,
    0.48677983199991104,
    0.49171770899988587,
    0.5011631909999323,
    0.504565434999904,
    0.6436752089998663,
    0.4602880700001606,
    0.46446392200004993,
    0.4563658199999736,
    0.48119393600018157
  ],
  "prusti-tests/tests/verify/pass/quick/moves.rs": [
    0.4432024520001505,
    0.48129813700006707,
    0.45751623400019525,
    0.4596707619998597,
    0.47852590299999065,
    0.4619703910000226,
    0.4628529020001224,
    0.5078431759998239,
    0.4764760220000426,
    0.9579583049999201
  ],
  "prusti-tests/tests/verify/pass/quick/mut-borrows.rs": [
    1.1579806789998202,
    0.7274195240001973,
    0.7217330480000328,
    0.6441984109999339,
    0.7092142809999586,
    0.6842633469998418,
    0.7000806579999335,
    0.8106110349999653,
    0.731500178000033,
    0.7643728579998879
  ],
  "prusti-tests/tests/verify/pass/quick/shared-borrows.rs": [
    0.5621364190001259,
    0.5663667650001116,
    0.5103146449998803,
    0.6027986679998776,
    0.5842292629999974,
    0.5173526230000789,
    0.5551441420000174,
    0.5010260429999107,
    0.51168946100006,
    0.5089141299999937
  ],
  "prusti-tests/tests/verify/pass/quick/trait-contracts-refinement.rs": [
    0.8259786380001515,
    0.7474532589999399,
    0.7452687740001238,
    0.6954540449999058,
    0.6844748930000151,
    0.7365507370000159,
    0.6917808279999917,
    0.6826324850001129,
    0.7283585980001135,
    0.6788766889999351
  ],
  "prusti-tests/tests/verify/pass/quick/routes.rs": [
    2.4942251459999625,
    2.282564312999966,
    2.1024147820000962,
    2.052522238999927,
    2.020470273000001,
    2.054239945000063,
    2.0001821150001433,
    1.9274183470001844,
    1.972208849000026,
    1.892007423999985
  ],
  "prusti-tests/tests/verify/pass/quick/fibonacci.rs": [
    1.9428839309998693,
    1.884705466000014,
    1.744261442999914,
    1.8466013859999748,
    1.8673025760001565,
    1.7391414010000972,
    1.7341278449998754,
    1.7975704490002045,
    1.6405495260000862,
    1.8477259100000083
  ],
  "prusti-tests/tests/verify/pass/pure-fn/len-lookup.rs": [
    0.8299982149999323,
    0.8633224759998939,
    0.8756836099998964,
    0.7983365699999467,
    0.7740529719999358,
    0.8067228529998829,
    0.8092108889998144,
    0.7964057990000128,
    0.8766703979999875,
    0.7661801469998863
  ],
  "prusti-tests/tests/verify/pass/pure-fn/quantifiers.rs": [
    0.7967380039999625,
    0.738020226000117,
    0.7446114249999027,
    0.777308105999964,
    0.7116631930000494,
    0.7138362020000386,
    0.7688142069998776,
    0.7119126439999945,
    0.7158522930001254,
    0.7595305419999931
  ],
  "prusti-tests/tests/verify/pass/pure-fn/recursive-pure-fn.rs": [
    0.5419173080001656,
    0.5446451420000358,
    0.5525178409998261,
    0.6115450819997932,
    0.5429052209999554,
    0.540838395000037,
    0.5478260820000287,
    0.6064209639998808,
    0.5658937390001029,
    0.5406591160001426
  ],
  "prusti-tests/tests/verify/pass/pure-fn/ref-mut-arg.rs": [
    0.7515032140001949,
    0.7599815219998618,
    0.7189187960000254,
    0.8025988670001425,
    0.7426084000001083,
    0.722482841999863,
    0.8036021789998813,
    0.7315211579998504,
    0.7111797970001135,
    0.785361352000109
  ],
  "prusti-tests/tests/verify/pass/rosetta/Ackermann_function.rs": [
    0.8476328490000924,
    0.7976414090001072,
    0.8197807929998362,
    0.8049627030000011,
    0.7746947160001127,
    0.8413550690002012,
    0.7733537980000165,
    0.7684964359998503,
    0.8046925420001116,
    0.7189519629998813
  ],
  "prusti-tests/tests/verify/pass/rosetta/Heapsort.rs": [
    8.074973521999937,
    7.891754280999976,
    8.032201113999918,
    8.158140926000215,
    7.881755964999911,
    7.774154756999906,
    7.547405847999926,
    7.941174013999898,
    7.605589772999792,
    8.12460027499992
  ]
}