{
  "prusti-tests/tests/verify/pass/rosetta/Knuth_shuffle.rs": [
    3.157563024000069,
    0.4137354829999822,
    0.41542531999994026,
    0.4380726700001105,
    0.42143471100007446,
    0.4231252489998951,
    0.42887911899993014,
    0.4173612790000334,
    0.41030160299987983,
    0.4190694699998403
  ],
  "prusti-tests/tests/verify/pass/demos/account.rs": [
    2.6371080720000464,
    0.15058962700004486,
    0.1522193610001068,
    0.15375898700017387,
    0.15306842999984838,
    0.15432503300007738,
    0.15472426599990285,
    0.15345456199997898,
    0.15329584899996007,
    0.15237387299998773
  ],
  "prusti-tests/tests/verify/pass/rosetta/Knights_tour.rs": [
    110.72028634000003,
    3.042474455000047,
    3.1366811230000167,
    3.188667103999933,
    3.152826075999883,
    3.0242033840002023,
    3.0311947330001203,
    3.081094695000047,
    3.187047571999983,
    3.207039603999874
  ],
  "prusti-tests/tests/verify/pass/quick/fold-unfold.rs": [
    1.5995369649999702,
    0.12043332799999007,
    0.11679013100001612,
    0.12205156000004536,
    0.11690754000005654,
    0.11717096200004562,
    0.11880519600003936,
    0.11806353500014666,
    0.12200175699990723,
    0.11933113800000683
  ],
  "prusti-tests/tests/verify/pass/quick/moves.rs": [
    1.9018737070000498,
    0.11292611499993654,
    0.11398470200015254,
    0.11857717600014439,
    0.11112826899989159,
    0.11296261899997262,
    0.11057502299991029,
    0.11176082100018903,
    0.11005748100001256,
    0.11175262000006114
  ],
  "prusti-tests/tests/verify/pass/quick/mut-borrows.rs": [
    3.6872648139999455,
    0.19749622799986355,
    0.1887292129999878,
    0.20198599600007583,
    0.19433967100007976,
    0.1967214649998823,
    0.2053041659999053,
    0.18964618799986965,
    0.19560307400001875,
    0.19620722299987392
  ],
  "prusti-tests/tests/verify/pass/quick/shared-borrows.rs": [
    2.402654312999857,
    0.11166771900002459,
    0.1118670360001488,
    0.11135569399993983,
    0.11384899700010465,
    0.1145342529998743,
    0.11160501400013345,
    0.11184673399998246,
    0.11144800199986094,
    0.11032301000000189
  ],
  "prusti-tests/tests/verify/pass/quick/trait-contracts-refinement.rs": [
    2.1564672079998672,
    0.16687262699997518,
    0.1621065389999785,
    0.16667271200003597,
    0.17008909099990888,
    0.1731399389998387,
    0.16692333199989662,
    0.16491776800012303,
    0.16581224099991232,
    0.1677810020000834
  ],
  "prusti-tests/tests/verify/pass/quick/routes.rs": [
    6.695043362999968,
    0.41534631999979865,
    0.41692334999993363,
    0.4454927829999633,
    0.41332625700010794,
    0.41695345199991607,
    0.42690746600010243,
    0.43177206299992577,
    0.44889456199985034,
    0.41762180699993223
  ],
  "prusti-tests/tests/verify/pass/quick/fibonacci.rs": [
    0.45143046899988803,
    0.5037615419998929,
    0.4909688980001192,
    0.45100873399997,
    0.45359624599996096,
    0.4623308590000761,
    0.4661773729999368,
    0.45084512099992935,
    0.4671375509999507,
    0.46453893900002186
  ],
  "prusti-tests/tests/verify/pass/pure-fn/len-lookup.rs": [
    4.515842109999994,
    0.2808556369998314,
    0.26573360200018215,
    0.261055320999958,
    0.2563699380000344,
    0.2589746500000274,
    0.2554183600000215,
    0.2739575739999509,
    0.2633116049998989,
    0.2667833889997837
  ],
  "prusti-tests/tests/verify/pass/pure-fn/quantifiers.rs": [
    2.8409378550002202,
    0.23681953300001624,
    0.22361425500002952,
    0.22336123400009456,
    0.22364075699988462,
    0.2294622319998325,
    0.228423346999989,
    0.22331972999995742,
    0.23123937700006536,
    0.22662420099982228
  ],
  "prusti-tests/tests/verify/pass/pure-fn/recursive-pure-fn.rs": [
    2.4133534140000847,
    0.1738636929999302,
    0.17888960400000542,
    0.18774942699997155,
    0.1791013209999619,
    0.17554283100002976,
    0.1845921700000872,
    0.18736139499992532,
    0.1834194729999581,
    0.17953145599994969
  ],
  "prusti-tests/tests/verify/pass/pure-fn/ref-mut-arg.rs": [
    3.8385160550001274,
    0.22547221300010278,
    0.22840115100007097,
    0.2270268390000183,
    0.2317993290000686,
    0.23199304499985374,
    0.2333333550000134,
    0.2401264089999131,
    0.23266910000006646,
    0.22699613700001464
  ],
  "prusti-tests/tests/verify/pass/rosetta/Ackermann_function.rs": [
    2.4136159869999574,
    0.28492625500007307,
    0.28356764499994824,
    0.28578172500010623,
    0.28417389400010507,
    0.2755346889998691,
    0.2728021660000195,
    0.2719787979999637,
    0.2837873620001119,
    0.2824004500000683
  ],
  "prusti-tests/tests/verify/pass/rosetta/Heapsort.rs": [
    12.562300628000003,
    1.2631741360000888,
    1.2892931700000645,
    1.2968075840001347,
    1.2906984849998935,
    1.272470597000165,
    1.2498014459999922,
    1.3113296470000932,
    1.305921926999872,
    1.251433182000028
  ]
}