{
  "prusti-tests/tests/verify/pass/rosetta/Knuth_shuffle.rs": [
    3.1780676470000344,
    0.4105308190000869,
    0.41736995799999477,
    0.4159517670000241,
    0.42126602500002264,
    0.4193924760000982,
    0.4276131000000305,
    0.41439845600007175,
    0.41142116599996825,
    0.41268694799998684
  ],
  "prusti-tests/tests/verify/pass/demos/account.rs": [
    2.5992464439999594,
    0.14733680599999843,
    0.153774516999988,
    0.15111464700009947,
    0.15047020700001212,
    0.1504064030000336,
    0.15146557000002758,
    0.14906051700006628,
    0.16140810399997463,
    0.1498200649999717
  ],
  "prusti-tests/tests/verify/pass/rosetta/Knights_tour.rs": [
    108.14826736299995,
    3.0264431250000143,
    3.027058311000019,
    3.0179655960000673,
    3.01663811100002,
    3.0153972240000257,
    3.014144057000067,
    3.016363898999998,
    3.0204833299999336,
    3.0097143119999146
  ],
  "prusti-tests/tests/verify/pass/quick/fold-unfold.rs": [
    1.525479378,
    0.11500417199999902,
    0.1311771079999744,
    0.11770914500016261,
    0.12116446599998199,
    0.11688689200013869,
    0.11567671500006327,
    0.11503317300002891,
    0.1192092409999077,
    0.1266578299998855
  ],
  "prusti-tests/tests/verify/pass/quick/moves.rs": [
    1.7880410119998942,
    0.11141925399988395,
    0.10667254999998477,
    0.10808764100011103,
    0.1079807339999661,
    0.10752520400001231,
    0.11161606700011362,
    0.10948372999996536,
    0.11098842599994896,
    0.10891119299981256
  ],
  "prusti-tests/tests/verify/pass/quick/mut-borrows.rs": [
    3.5690476720001243,
    0.18430913500014867,
    0.1944728869998471,
    0.19715775999998186,
    0.18748253900002965,
    0.18773835499996494,
    0.1863183640000443,
    0.19468470099991464,
    0.1849276740001642,
    0.1836764919999041
  ],
  "prusti-tests/tests/verify/pass/quick/shared-borrows.rs": [
    2.277539802000092,
    0.11157366299994464,
    0.11024347700004,
    0.11131254599990825,
    0.10690696300002855,
    0.10904279999999744,
    0.10949342799995065,
    0.10938302099998509,
    0.10861687200008419,
    0.11157156200010832
  ],
  "prusti-tests/tests/verify/pass/quick/trait-contracts-refinement.rs": [
    2.0673063069998534,
    0.16544192100013788,
    0.1616783790000227,
    0.15979505800009974,
    0.16211190700005318,
    0.16249913100000413,
    0.16556562799996755,
    0.17056684899989705,
    0.16199409899991224,
    0.16350019500009694
  ],
  "prusti-tests/tests/verify/pass/quick/routes.rs": [
    6.341095561999964,
    0.41754248799998095,
    0.41141619499990156,
    0.4067839980000372,
    0.4085156090000055,
    0.4103616280001461,
    0.4139466569999968,
    0.40633307899997817,
    0.40767628499997954,
    0.4232630860001336
  ],
  "prusti-tests/tests/verify/pass/quick/fibonacci.rs": [
    0.43773781699997016,
    0.4387065790001543,
    0.43742959699989115,
    0.44375960399997894,
    0.4370827739999186,
    0.4428262429998995,
    0.44878272599999036,
    0.43747299899996506,
    0.4367869549998886,
    0.4318176360000052
  ],
  "prusti-tests/tests/verify/pass/pure-fn/len-lookup.rs": [
    4.476130291000118,
    0.2548387520000688,
    0.25115721499992105,
    0.2536164739999549,
    0.2636857200000122,
    0.2516538479999326,
    0.25616853800011086,
    0.2573165109999991,
    0.2584890859998268,
    0.25067478500000107
  ],
  "prusti-tests/tests/verify/pass/pure-fn/quantifiers.rs": [
    2.694674909000014,
    0.22872287600011987,
    0.21975250099990262,
    0.22461781300012262,
    0.22073996399990392,
    0.21877173799998673,
    0.21963992900009544,
    0.2178686329998527,
    0.22078822200001014,
    0.22552912700007255
  ],
  "prusti-tests/tests/verify/pass/pure-fn/recursive-pure-fn.rs": [
    2.3380501990000084,
    0.17585582700007762,
    0.17353647799995997,
    0.17339676899996448,
    0.17244460699998854,
    0.17305824699997174,
    0.17698519999999007,
    0.1739500040000621,
    0.17856890199982445,
    0.17539519799993286
  ],
  "prusti-tests/tests/verify/pass/pure-fn/ref-mut-arg.rs": [
    3.52243544199996,
    0.22803704299985839,
    0.22470342899987372,
    0.22761801700016804,
    0.22618472400017708,
    0.22490514199989775,
    0.23229761700008567,
    0.23717723000004298,
    0.2247172300001239,
    0.22832986299999902
  ],
  "prusti-tests/tests/verify/pass/rosetta/Ackermann_function.rs": [
    2.3303843469998355,
    0.272359090000009,
    0.2699420349999855,
    0.27065918099992814,
    0.27064117999998416,
    0.26960431299994525,
    0.2755167920001895,
    0.26977092299989636,
    0.27066008100018735,
    0.27078118800000084
  ],
  "prusti-tests/tests/verify/pass/rosetta/Heapsort.rs": [
    12.38424119399997,
    1.2412141939998946,
    1.2444567019999795,
    1.2475286000001233,
    1.2542449809998288,
    1.2449678790001144,
    1.2477039549999063,
    1.2696026589999292,
    1.2505108340001243,
    1.2463456670000141
  ]
}