{
  "prusti-tests/tests/verify/pass/rosetta/Knuth_shuffle.rs": [
    1.8304504750000206,
    1.5424985749999678,
    1.4010613419999345,
    1.3999126339999748,
    1.3793031969998992,
    1.3941393960000141,
    1.4154523359999303,
    1.2815517530000307,
    1.3649694029999182,
    1.3595673670000679
  ],
  "prusti-tests/tests/verify/pass/demos/account.rs": [
    0.7215174589999833,
    0.7367049590000079,
    0.6943956799999569,
    0.7282978030000322,
    0.7670478589999448,
    0.6671720000000505,
    0.699036910000018,
    0.6473201689999541,
    0.7172275299999455,
    0.6714927279999756
  ],
  "prusti-tests/tests/verify/pass/rosetta/Knights_tour.rs": [
    87.34243532100004,
    87.06226480999999,
    81.37510773499992,
    82.944835775,
    82.7402960400002,
    81.43060235000007,
    84.13124119500003,
    84.9894912289999,
    83.1375307369999,
    84.53869521699994
  ],
  "prusti-tests/tests/verify/pass/quick/fold-unfold.rs": [
    0.46048624499985635,
    0.4586228340001526,
    0.454233504000058,
    0.4630413630000021,
    0.45921963799992227,
    0.45472820899999533,
    0.46442327300019315,
    0.5265611830000125,
    0.4721077229999082,
    0.45407810400001836
  ],
  "prusti-tests/tests/verify/pass/quick/moves.rs": [
    0.46915690400010135,
    0.4588393349999933,
    0.45818253099992035,
    0.4653036790000442,
    0.4700927100000172,
    0.473044530000152,
    0.5044614370001455,
    0.47006600999998227,
    0.46664608800006135,
    0.47241202500003965
  ],
  "prusti-tests/tests/verify/pass/quick/mut-borrows.rs": [
    0.7601102220000939,
    0.7664797659999749,
    0.7036953439999252,
    0.7781150450000496,
    0.6916717629999312,
    0.7096859839998615,
    0.7271866020000743,
    0.7172046350001438,
    0.7791949520001253,
    0.6827800020000723
  ],
  "prusti-tests/tests/verify/pass/quick/shared-borrows.rs": [
    0.5049433039998803,
    0.5300163570000223,
    0.5193762760000027,
    0.5259898200001771,
    0.6049365480000688,
    0.5171654609998768,
    0.49722402700012935,
    0.5306824520000646,
    0.5110053199998674,
    0.5286143370001355
  ],
  "prusti-tests/tests/verify/pass/quick/trait-contracts-refinement.rs": [
    0.8383957109999756,
    0.6894027129999358,
    0.6730021040000338,
    0.7096690490000128,
    0.6780493270000534,
    0.6908162750000884,
    0.7367733800001588,
    0.6947967019998487,
    0.6752607720000015,
    0.7241003960000398
  ],
  "prusti-tests/tests/verify/pass/quick/routes.rs": [
    2.2738198600000032,
    2.105567747000123,
    1.7977577760000258,
    1.8920640040000762,
    1.8632046119998904,
    1.9857196279999698,
    1.8125120919999063,
    1.9669948279999971,
    1.9099709480001366,
    1.7272208280000996
  ],
  "prusti-tests/tests/verify/pass/quick/fibonacci.rs": [
    1.8439723709998361,
    1.9620782469999085,
    1.7364899230001356,
    1.8250595210001848,
    1.9223124539998935,
    1.6689745139999559,
    1.795056354000053,
    1.8749730859999545,
    1.756491997000012,
    1.9370973649999996
  ],
  "prusti-tests/tests/verify/pass/pure-fn/len-lookup.rs": [
    0.8262303149999752,
    0.8359521790000599,
    0.9280522829999427,
    0.8251651079999647,
    0.8399385049999637,
    0.9220706440000868,
    0.8262644159999581,
    0.8379762999998093,
    0.9076116070000353,
    0.8718369709999934
  ],
  "prusti-tests/tests/verify/pass/pure-fn/quantifiers.rs": [
    0.7545337949998157,
    0.7577694159999737,
    0.8367662390000987,
    0.7508094700001493,
    0.7547062950000054,
    0.7344032609998976,
    0.8119177739999941,
    0.7504104669999379,
    0.7348316670002077,
    0.8160062040001321
  ],
  "prusti-tests/tests/verify/pass/pure-fn/recursive-pure-fn.rs": [
    0.5899146070000825,
    0.5981298619999507,
    0.5844211710000309,
    0.5822493560001476,
    0.6410177449999992,
    0.5845364710000922,
    0.5817683529999158,
    0.5800466419998429,
    0.6104535429999487,
    0.6533409270000448
  ],
  "prusti-tests/tests/verify/pass/pure-fn/ref-mut-arg.rs": [
    0.7143182510001225,
    0.7115115599999626,
    0.7282144719999906,
    0.7848465510001006,
    0.7083285390001492,
    0.7164173930000288,
    0.7089331429999675,
    0.768858044000126,
    0.7087307409999539,
    0.7070127299998603
  ],
  "prusti-tests/tests/verify/pass/rosetta/Ackermann_function.rs": [
    0.796459928999866,
    0.8138051509999968,
    0.8424094479998985,
    0.7562395700001616,
    0.8166060749999815,
    0.7537285529999735,
    0.7844505590001063,
    0.8533922210001492,
    0.7929021160000502,
    0.8061970050000582
  ],
  "prusti-tests/tests/verify/pass/rosetta/Heapsort.rs": [
    4.6624266940000325,
    4.257808667000063,
    4.331071956999949,
    4.643904732999999,
    4.3690494900001795,
    4.7498054609998235,
    4.563763975000029,
    4.617909771999848,
    4.663675942000054,
    4.675080739000123
  ]
}