{
  "prusti-tests/tests/verify/pass/rosetta/Knuth_shuffle.rs": [
    2.0168567660000463,
    1.8549893900000143,
    1.8572953780000034,
    1.7922385950000717,
    1.745193687999972,
    1.649882003000016,
    1.710226122999984,
    1.625677013000086,
    1.571256567999967,
    1.6463128859999188
  ],
  "prusti-tests/tests/verify/pass/demos/account.rs": [
    0.8618463669999983,
    0.9474291310000353,
    0.8929324520000819,
    0.7650283740000532,
    0.8866404130000092,
    0.8310572919999686,
    0.841241380999918,
    0.8794802380000419,
    0.8047825879999664,
    0.8272934469999882
  ],
  "prusti-tests/tests/verify/pass/rosetta/Knights_tour.rs": [
    106.43442293700002,
    105.33109888999991,
    107.65068244899999,
    107.31476909399998,
    106.01155117000008,
    105.16523903999996,
    105.55359167799998,
    110.07812630600006,
    106.32823873000007,
    103.72102686900007
  ],
  "prusti-tests/tests/verify/pass/quick/fold-unfold.rs": [
    0.5831075429998691,
    0.559479053999894,
    0.5837894680000772,
    0.5273693459998867,
    0.5344506120000005,
    0.5846852030001628,
    0.5622482580001815,
    0.5644466410001314,
    0.6003637930000423,
    0.559840167999937
  ],
  "prusti-tests/tests/verify/pass/quick/moves.rs": [
    0.5557446130001154,
    0.552019472999973,
    0.54887755499999,
    0.5988375650001672,
    0.5786454260000937,
    0.5616014739998718,
    0.544989939000061,
    0.5349585559999923,
    0.5548533159999351,
    0.5441496070000085
  ],
  "prusti-tests/tests/verify/pass/quick/mut-borrows.rs": [
    0.9281332900000052,
    0.901511371999959,
    0.8521026819998951,
    0.804631967999967,
    0.820941891000075,
    0.8696638049998455,
    0.8676323990000583,
    0.8151495329998397,
    0.8353311900000335,
    0.8598275060001015
  ],
  "prusti-tests/tests/verify/pass/quick/shared-borrows.rs": [
    0.6382820080000329,
    0.6938427899999624,
    0.6213007720000405,
    0.6032952980001483,
    0.6793518470001345,
    0.642254856999898,
    0.5816797150000639,
    0.5757022249999864,
    0.5843004539999583,
    0.585100784999895
  ],
  "prusti-tests/tests/verify/pass/quick/trait-contracts-refinement.rs": [
    0.9238597449998451,
    0.9025827309999386,
    0.8276905660000011,
    0.8129752029999509,
    0.8304730720001317,
    0.8440889930000139,
    0.884908127000017,
    0.8152052139998887,
    0.8330560950000745,
    0.8328850890000012
  ],
  "prusti-tests/tests/verify/pass/quick/routes.rs": [
    2.837080483000136,
    2.652306071999874,
    2.574997193999934,
    2.3290686630000437,
    2.2446076599999287,
    2.230793597999991,
    2.431482489000018,
    2.312780743999838,
    2.968048109000165,
    2.3731662259999666
  ],
  "prusti-tests/tests/verify/pass/quick/fibonacci.rs": [
    2.3480819750000137,
    2.3239241969999966,
    2.399725933000127,
    2.4250916030000553,
    2.363627150999946,
    2.293957202999991,
    2.45228196700009,
    2.1696546489999946,
    2.3717337990001397,
    2.4045033920001515
  ],
  "prusti-tests/tests/verify/pass/pure-fn/len-lookup.rs": [
    1.0318724920000477,
    1.0522189690000232,
    1.0650228580000203,
    1.0117943249999826,
    1.1687338740000541,
    1.1244244429999526,
    1.0123980549999487,
    1.1068807720000677,
    1.0914266800000405,
    1.0117495310000777
  ],
  "prusti-tests/tests/verify/pass/pure-fn/quantifiers.rs": [
    1.0792826160000004,
    0.9351846989998194,
    0.931244113000048,
    0.9824445669996749,
    0.9031671359998654,
    0.8935800690001088,
    0.9797311629999967,
    0.8882033640002192,
    0.9136344359999384,
    1.0384902099999636
  ],
  "prusti-tests/tests/verify/pass/pure-fn/recursive-pure-fn.rs": [
    0.7056141909997677,
    0.7227647889999389,
    0.7002758270000413,
    0.768744450000213,
    0.7819538570001896,
    0.7106624250000095,
    0.6979643390000092,
    0.6942757980000351,
    0.8382258130000082,
    0.7070005850000598
  ],
  "prusti-tests/tests/verify/pass/pure-fn/ref-mut-arg.rs": [
    0.8603823609996653,
    0.8840912639998351,
    0.9484535219999088,
    0.8604795530000047,
    0.8514183070001309,
    0.9151849489999222,
    0.8863887459997386,
    0.8604514530002234,
    0.853391682000165,
    0.9416966639996645
  ],
  "prusti-tests/tests/verify/pass/rosetta/Ackermann_function.rs": [
    0.9872118829998726,
    0.9384266990000469,
    0.936843639000017,
    0.9931779940002343,
    0.9841288479997274,
    0.9482052739999745,
    0.9438496070001747,
    0.9328722870000092,
    1.0302935300001081,
    0.9639754340000763
  ],
  "prusti-tests/tests/verify/pass/rosetta/Heapsort.rs": [
    5.82811670000001,
    5.556526775000293,
    5.318761574999826,
    5.108088848999614,
    5.391503186000136,
    5.265353880000021,
    4.985698479000348,
    5.406077132000064,
    5.515281890999631,
    5.240659633999712
  ]
}