{
  "prusti-tests/tests/verify/pass/rosetta/Knuth_shuffle.rs": [
    2.850078057000019,
    0.37157387299998845,
    0.3595816450000484,
    0.3276951390000704,
    0.32979677900004845,
    0.3291157660000863,
    0.36075696800003243,
    0.32909536499994374,
    0.3608663699999397,
    0.3281278460000294
  ],
  "prusti-tests/tests/verify/pass/demos/account.rs": [
    2.3126249009999356,
    0.12637020399995436,
    0.13046478199999,
    0.13206351299993457,
    0.13146750199996404,
    0.1323699189999843,
    0.13120279700001447,
    0.12904835599999842,
    0.1336961430000656,
    0.14139679000004435
  ],
  "prusti-tests/tests/verify/pass/rosetta/Knights_tour.rs": [
    96.46554612600016,
    2.6283702100001847,
    2.433708604000003,
    2.614097030999801,
    2.6010018819999914,
    2.596330893000186,
    2.3313140529999146,
    2.333123887000056,
    2.3230882959999235,
    2.3202599579999514
  ],
  "prusti-tests/tests/verify/pass/quick/fold-unfold.rs": [
    1.1975642349998452,
    0.0964428309998766,
    0.09683613900006094,
    0.1048077899999953,
    0.10219894000010754,
    0.10351316499986751,
    0.10124442200003614,
    0.10331486100017173,
    0.10176823200004037,
    0.10108591900007013
  ],
  "prusti-tests/tests/verify/pass/quick/moves.rs": [
    1.4620254550000027,
    0.09236475300008351,
    0.09220515000015439,
    0.09546551199991882,
    0.09505990499997097,
    0.09650553200003742,
    0.0958184189998974,
    0.09635222900010376,
    0.09655303299996376,
    0.09789855899998656
  ],
  "prusti-tests/tests/verify/pass/quick/mut-borrows.rs": [
    3.0421476900000926,
    0.16439182500016614,
    0.15551005600013923,
    0.15466763900008118,
    0.16972522600008233,
    0.16385611499981678,
    0.16530094199993073,
    0.16619295899999997,
    0.16431332299998758,
    0.16446692600015922
  ],
  "prusti-tests/tests/verify/pass/quick/shared-borrows.rs": [
    1.83499568000002,
    0.09466100000008737,
    0.09326947199997448,
    0.09438709400001244,
    0.09418708999987757,
    0.09515340899997682,
    0.09587802300006842,
    0.09632363099990471,
    0.09861367500002416,
    0.10089971799993691
  ],
  "prusti-tests/tests/verify/pass/quick/trait-contracts-refinement.rs": [
    1.839091757999995,
    0.1455075650001163,
    0.1438223340001059,
    0.14196719799997481,
    0.13571567899998627,
    0.1369628019999709,
    0.13513376800005972,
    0.1383147280000685,
    0.14255430900016108,
    0.14352532799989604
  ],
  "prusti-tests/tests/verify/pass/quick/routes.rs": [
    5.502733268999918,
    0.36296279700013656,
    0.3290916539999671,
    0.36887720899994747,
    0.3446121479998965,
    0.33047307899983025,
    0.33526355899994087,
    0.36533502900010717,
    0.3293787469999643,
    0.3279203199999756
  ],
  "prusti-tests/tests/verify/pass/quick/fibonacci.rs": [
    0.3585711010000523,
    0.39054940799996984,
    0.3906029090001084,
    0.38796975900004327,
    0.39558640400014156,
    0.3968853290000425,
    0.39726913599997715,
    0.35163856999997734,
    0.35310459700008323,
    0.3582909959998233
  ],
  "prusti-tests/tests/verify/pass/pure-fn/len-lookup.rs": [
    3.576771880000024,
    0.21385016699991866,
    0.21040300200002093,
    0.21122591700009252,
    0.22181651899995813,
    0.20647122700006548,
    0.21982238100008544,
    0.22593049700003576,
    0.2099835940000503,
    0.2134562599999299
  ],
  "prusti-tests/tests/verify/pass/pure-fn/quantifiers.rs": [
    2.154624277000039,
    0.20324896500005707,
    0.18389199699981873,
    0.1973330519999763,
    0.20350177000000258,
    0.20157883399997445,
    0.1987597800000458,
    0.1962932339999952,
    0.1984539739999036,
    0.20196034099990356
  ],
  "prusti-tests/tests/verify/pass/pure-fn/recursive-pure-fn.rs": [
    2.0215445169999384,
    0.14239800199993624,
    0.14498585100000128,
    0.14477474699992854,
    0.1428820099999939,
    0.14325011699997958,
    0.14775390299996616,
    0.15308810499982428,
    0.15443363000008503,
    0.1493153330000041
  ],
  "prusti-tests/tests/verify/pass/pure-fn/ref-mut-arg.rs": [
    2.9409344910000073,
    0.18406549200017253,
    0.19570661200009454,
    0.18570102299986502,
    0.18454960100007156,
    0.18645753700002388,
    0.18190695099997356,
    0.18440799899985905,
    0.18481300600001305,
    0.185108911000043
  ],
  "prusti-tests/tests/verify/pass/rosetta/Ackermann_function.rs": [
    2.258668228000033,
    0.22129569300000185,
    0.22218920999989678,
    0.2231089270001121,
    0.22355743499997516,
    0.24060165800005962,
    0.2561911529999179,
    0.23890362599991022,
    0.22240441400003874,
    0.22393884300004174
  ],
  "prusti-tests/tests/verify/pass/rosetta/Heapsort.rs": [
    10.404670891000023,
    1.0887370080001801,
    1.085079738000104,
    0.9759489759999269,
    0.9992119400001229,
    1.0854970170000797,
    0.9979254310001124,
    0.9722731770000337,
    1.0819687779999185,
    1.0846811300000354
  ]
}