{
  "prusti-tests/tests/verify/pass/rosetta/Knuth_shuffle.rs": [
    2.6942941800000426,
    2.403658587999871,
    2.2908267059999616,
    2.317613405999964,
    2.2938750739999705,
    2.233222353999963,
    2.2218111230001796,
    2.262813907000009,
    2.316458440999895,
    2.2175726760001453
  ],
  "prusti-tests/tests/verify/pass/demos/account.rs": [
    2.0555196640000304,
    2.0536272410001857,
    2.0306758759998047,
    2.009302529000024,
    2.0296796699999504,
    2.0137605810000423,
    2.00968967100016,
    2.085067085999981,
    2.014973955999949,
    2.049423863999891
  ],
  "prusti-tests/tests/verify/pass/rosetta/Knights_tour.rs": [
    113.61017631200002,
    114.52172804399993,
    115.58970862299998,
    110.81103188800012,
    113.60092265899993,
    111.10620110800005,
    112.89810543899989,
    112.56481072700012,
    110.49422683500029,
    113.72908038600008
  ],
  "prusti-tests/tests/verify/pass/quick/fold-unfold.rs": [
    1.377005679999911,
    1.3703526799999963,
    1.369128764999914,
    1.3900252159996853,
    1.4090116439997473,
    1.3937537609999708,
    1.3905435140000009,
    1.3875857670000187,
    1.3862316499998997,
    1.3663643119998596
  ],
  "prusti-tests/tests/verify/pass/quick/moves.rs": [
    1.6512314329997935,
    1.6540044670000498,
    1.6741074149999804,
    1.6653278079998017,
    1.6627638770000885,
    1.6843846400001894,
    1.6518229070002235,
    1.6562977139997201,
    1.6666032379998796,
    1.67195330200002
  ],
  "prusti-tests/tests/verify/pass/quick/mut-borrows.rs": [
    3.2726483320002444,
    3.2175084020000213,
    3.2741530810003496,
    3.260720305000177,
    3.2844614430000547,
    3.310837669999728,
    3.2260334839997995,
    3.250659279000047,
    3.257040554000014,
    3.2335315499999524
  ],
  "prusti-tests/tests/verify/pass/quick/shared-borrows.rs": [
    2.058182936999856,
    2.087483574000089,
    2.0780464610002127,
    2.0757924350000394,
    2.0469003919997704,
    2.0910626259997116,
    2.0612419710000722,
    2.060112456999832,
    2.0572496289996707,
    2.0541274120000708
  ],
  "prusti-tests/tests/verify/pass/quick/trait-contracts-refinement.rs": [
    1.9333634709996659,
    1.8281420149996848,
    1.81961841500015,
    1.8120155440001326,
    1.8194705330001852,
    1.8262926150000567,
    1.8189890280000327,
    1.8213387739997415,
    1.8273205550003695,
    1.827265455000088
  ],
  "prusti-tests/tests/verify/pass/quick/routes.rs": [
    5.384939120000126,
    5.18542605399989,
    4.994029454999691,
    4.957694471000195,
    4.961482258999695,
    4.944528702000298,
    4.987528626999847,
    5.008137503999933,
    4.959279952000088,
    4.917534637999779
  ],
  "prusti-tests/tests/verify/pass/quick/fibonacci.rs": [
    6.2835891989998345,
    6.317153028000121,
    6.324897666000197,
    6.279301340000075,
    6.3398724030002995,
    6.278420352000012,
    6.277921646000323,
    6.367960073999711,
    6.356428043000051,
    6.389689391000047
  ],
  "prusti-tests/tests/verify/pass/pure-fn/len-lookup.rs": [
    3.7295572170000924,
    3.7122692109996933,
    3.711534656999902,
    3.74609903999999,
    3.7048632969999744,
    3.7134552269999404,
    3.714563653999903,
    3.7222683489999326,
    3.7172439080000004,
    3.737787975000174
  ],
  "prusti-tests/tests/verify/pass/pure-fn/quantifiers.rs": [
    2.2711319000000003,
    2.307960774000094,
    2.2605134630002794,
    2.287103193999883,
    2.272730736000085,
    2.2800849469999775,
    2.2878257990000748,
    2.3528329060000033,
    2.3361938570001257,
    2.348722227000053
  ],
  "prusti-tests/tests/verify/pass/pure-fn/recursive-pure-fn.rs": [
    2.05864745100007,
    2.0822677490000387,
    2.070979553000143,
    2.049889692999841,
    2.0335155090001535,
    2.0576753249997637,
    2.058972541000003,
    2.0703810159998284,
    2.112925924999672,
    2.0417815410000912
  ],
  "prusti-tests/tests/verify/pass/pure-fn/ref-mut-arg.rs": [
    3.016449620000003,
    3.0047757069996806,
    3.030444406999777,
    3.0618964820000656,
    3.0393591100000776,
    2.997445279999738,
    3.03335172099969,
    3.036422940999728,
    3.0289753750003,
    3.0003900789997715
  ],
  "prusti-tests/tests/verify/pass/rosetta/Ackermann_function.rs": [
    2.1199603099998967,
    2.1123385030000463,
    2.0859750839999833,
    2.078582137000012,
    2.094132635999813,
    2.1328105640000103,
    2.0704668409998703,
    2.129342231999999,
    2.1029434420001962,
    2.150509198999771
  ],
  "prusti-tests/tests/verify/pass/rosetta/Heapsort.rs": [
    11.59670216900031,
    11.465277465999861,
    11.491514505000396,
    11.416866692999974,
    11.453632164999817,
    11.526730252000107,
    11.587728556999991,
    11.579985941999894,
    11.457967596999879,
    11.53173915599973
  ]
}