{
  "prusti-tests/tests/verify/pass/rosetta/Knuth_shuffle.rs": [
    2.1529937899999823,
    1.9212392679999084,
    1.9300905310001326,
    1.8814334369999415,
    1.854702350000025,
    1.9220732639998914,
    1.89469618000021,
    1.8689524879998771,
    1.8629666140000154,
    1.8495718729998316
  ],
  "prusti-tests/tests/verify/pass/demos/account.rs": [
    1.693915233000098,
    1.725782898999796,
    1.7098197660000096,
    1.6938447339998675,
    1.7075757819998216,
    1.6715161339998303,
    1.6762517140000455,
    1.701980906000017,
    1.6736109250000482,
    1.6641017620002003
  ],
  "prusti-tests/tests/verify/pass/rosetta/Knights_tour.rs": [
    100.53295573900004,
    101.14786248199994,
    100.57431878500006,
    104.27320462399985,
    103.30675002499993,
    102.93106103800005,
    101.31390936399998,
    102.35063960299999,
    101.65101013899994,
    100.6572084569998
  ],
  "prusti-tests/tests/verify/pass/quick/fold-unfold.rs": [
    1.1698627729997497,
    1.1647210950000044,
    1.1655540910001037,
    1.164224097999977,
    1.1797784349996618,
    1.1608618159998514,
    1.1628594070002691,
    1.156652233999921,
    1.1690103810001347,
    1.1664720919998217
  ],
  "prusti-tests/tests/verify/pass/quick/moves.rs": [
    1.3939235140001074,
    1.408618149999711,
    1.3979780960003154,
    1.4074940549999155,
    1.407503954999811,
    1.393885613999828,
    1.40422926500014,
    1.3942911069998445,
    1.3976398930003597,
    1.393657609999991
  ],
  "prusti-tests/tests/verify/pass/quick/mut-borrows.rs": [
    2.689116441999886,
    2.667982230999769,
    2.6746206030002213,
    2.673968405999858,
    2.6781825860002755,
    2.683884261000003,
    2.6817401710000013,
    2.683398865000072,
    2.6875623460000497,
    2.682348469000317
  ],
  "prusti-tests/tests/verify/pass/quick/shared-borrows.rs": [
    1.722095397999965,
    1.732747652999933,
    1.7219523990002017,
    1.7206160040000213,
    1.7178970109998772,
    1.7245833759998277,
    1.724619176000033,
    1.7282319609998922,
    1.7240995790002671,
    1.7201294980000057
  ],
  "prusti-tests/tests/verify/pass/quick/trait-contracts-refinement.rs": [
    1.5461723469998105,
    1.522714248000284,
    1.5382088810001733,
    1.5287953219999508,
    1.5372306829999616,
    1.5168086690000564,
    1.5436978540001292,
    1.5294437150000704,
    1.514878777999911,
    1.517543263999869
  ],
  "prusti-tests/tests/verify/pass/quick/routes.rs": [
    4.333608827999797,
    4.126183032999961,
    4.084805646999939,
    4.015107244999854,
    4.015501139999742,
    4.0599063489999025,
    4.008914868999909,
    4.062143238999852,
    3.986553959000048,
    3.9879232529997353
  ],
  "prusti-tests/tests/verify/pass/quick/fibonacci.rs": [
    5.072835086000396,
    5.075635393000084,
    5.060637965999831,
    5.069680205000168,
    5.06184596400044,
    5.055349816999751,
    5.016266844999791,
    5.033102600000348,
    5.066665377999925,
    5.067708528999901
  ],
  "prusti-tests/tests/verify/pass/pure-fn/len-lookup.rs": [
    2.9771126199998434,
    2.9697892190001767,
    2.9655618570000115,
    2.9577128559999437,
    2.9519871850002346,
    2.9635529259999203,
    2.989122565999878,
    2.9586886350002715,
    2.9638034140002674,
    2.9756250929999624
  ],
  "prusti-tests/tests/verify/pass/pure-fn/quantifiers.rs": [
    1.8432905310000933,
    1.8505638020001243,
    1.8292315900002905,
    1.831766880000032,
    1.852543993999916,
    1.83640616699995,
    1.8369639649999954,
    1.8346230940001078,
    1.8320423010000013,
    1.837214579999909
  ],
  "prusti-tests/tests/verify/pass/pure-fn/recursive-pure-fn.rs": [
    1.6479918539998835,
    1.6554606240001704,
    1.6561625809999896,
    1.6618399409999256,
    1.6495003189997988,
    1.6614709430000403,
    1.6497444169999653,
    1.6706149580004421,
    1.6556958029996167,
    1.660312384000008
  ],
  "prusti-tests/tests/verify/pass/pure-fn/ref-mut-arg.rs": [
    2.412285204999989,
    2.411304452999957,
    2.4159840350002924,
    2.4232188060000226,
    2.4250269570002274,
    2.424141775999942,
    2.4292937589998473,
    2.419352990999869,
    2.441526959999919,
    2.4163916120000977
  ],
  "prusti-tests/tests/verify/pass/rosetta/Ackermann_function.rs": [
    1.706375258999742,
    1.6880718200000047,
    1.6739846179998494,
    1.6964759410002443,
    1.678813579999769,
    1.6902404540001044,
    1.6730928150000182,
    1.683961396000086,
    1.6840028960000382,
    1.6959454470002129
  ],
  "prusti-tests/tests/verify/pass/rosetta/Heapsort.rs": [
    9.53758881099975,
    9.520943692999936,
    9.432837885000026,
    9.46701221100011,
    9.498505368999759,
    9.446903729000041,
    9.44667987999992,
    9.47209048700006,
    9.486772219999693,
    9.437527390000014
  ]
}