{
  "prusti-tests/tests/verify/pass/rosetta/Knuth_shuffle.rs": [
    2.5320114799999374,
    2.216296878000094,
    2.1340889360001256,
    2.1181212750000213,
    1.968704488999947,
    2.004799587999969,
    2.0656469890000153,
    2.0678854170000704,
    1.9782268530000238,
    2.0056900960000803
  ],
  "prusti-tests/tests/verify/pass/demos/account.rs": [
    1.7954735419998542,
    1.8480664649998744,
    1.810113296000054,
    1.7879888630000096,
    1.7302523089999795,
    1.7630552509999688,
    1.8228494450002017,
    1.7864402529999097,
    1.8438897040000484,
    1.7863333519999287
  ],
  "prusti-tests/tests/verify/pass/rosetta/Knights_tour.rs": [
    99.95985894199998,
    100.65624806799997,
    99.43208343300012,
    99.29768818100001,
    96.77361298400001,
    96.66865465900014,
    98.18008009100004,
    100.97247950199994,
    100.87241823799991,
    102.77706910200004
  ],
  "prusti-tests/tests/verify/pass/quick/fold-unfold.rs": [
    1.1739057549998506,
    1.182913407000342,
    1.1963388329995723,
    1.1828347059999942,
    1.1849255410002115,
    1.1771317090001503,
    1.1736234800000602,
    1.183437024000341,
    1.1850033499999881,
    1.1949991130004491
  ],
  "prusti-tests/tests/verify/pass/quick/moves.rs": [
    1.408221813000182,
    1.4469519490003222,
    1.4261246650003159,
    1.4194857679999586,
    1.4198779739999736,
    1.4579795039999226,
    1.4192205630001808,
    1.4525518139998894,
    1.411361215999932,
    1.4212290719997327
  ],
  "prusti-tests/tests/verify/pass/quick/mut-borrows.rs": [
    2.825164959000176,
    2.8086488730000383,
    2.8134178210002574,
    2.831061509999927,
    2.8090724509997926,
    2.8077246700004252,
    2.8323441869997623,
    2.8530223729999307,
    2.843264217000069,
    2.8207096480000473
  ],
  "prusti-tests/tests/verify/pass/quick/shared-borrows.rs": [
    1.7991061249999802,
    1.7925257930000953,
    1.7797794759999306,
    1.7942571230000794,
    1.7834335380002813,
    1.7829273170000306,
    1.7730738400000519,
    1.7685588659996938,
    1.7609317399997053,
    1.775496731000203
  ],
  "prusti-tests/tests/verify/pass/quick/trait-contracts-refinement.rs": [
    1.6883905239997148,
    1.6534953440000209,
    1.595113074999972,
    1.614798902000075,
    1.6144249039998613,
    1.5914372349998303,
    1.58620494600018,
    1.6002912839999226,
    1.5787203189997854,
    1.6250983530003396
  ],
  "prusti-tests/tests/verify/pass/quick/routes.rs": [
    5.125565081999866,
    4.910778971000127,
    4.48244458299996,
    4.448892869999781,
    4.505966601999717,
    4.490429248000055,
    4.475195041000006,
    4.416352701000051,
    4.394812448999801,
    4.383915519999846
  ],
  "prusti-tests/tests/verify/pass/quick/fibonacci.rs": [
    5.844560710999758,
    5.621635527000308,
    5.563462547999734,
    5.5635082119997605,
    5.625530645000254,
    5.5261848489999466,
    5.805975019000016,
    5.560723313999915,
    5.533855408999898,
    5.526883743000326
  ],
  "prusti-tests/tests/verify/pass/pure-fn/len-lookup.rs": [
    3.3170363539998107,
    3.3150005180000335,
    3.2644649290000416,
    3.2123583380002856,
    3.249923582000065,
    3.268754543000341,
    3.2514514810000037,
    3.2115248959999008,
    3.206180606000089,
    3.2114609959999143
  ],
  "prusti-tests/tests/verify/pass/pure-fn/quantifiers.rs": [
    2.0133820279997963,
    2.023934267000186,
    2.063952040999993,
    2.015328822000356,
    1.9583241760001329,
    2.004795278000074,
    2.0743110490002437,
    1.9989031780000914,
    2.0462071329998253,
    2.00702852600034
  ],
  "prusti-tests/tests/verify/pass/pure-fn/recursive-pure-fn.rs": [
    1.7830483630000344,
    1.7665341850001823,
    1.7997846439998284,
    1.7695103329997437,
    1.743081288999747,
    1.7557615020000412,
    1.76507785900003,
    1.8260148489998755,
    1.794933662999938,
    1.777647171999888
  ],
  "prusti-tests/tests/verify/pass/pure-fn/ref-mut-arg.rs": [
    2.7374381529998573,
    2.627091759999985,
    2.6257278800003405,
    2.6812361209999835,
    2.7003252889999203,
    2.644106722000288,
    2.647796784000093,
    2.617633829999704,
    2.63296200700006,
    2.6013061649996416
  ],
  "prusti-tests/tests/verify/pass/rosetta/Ackermann_function.rs": [
    1.8512080549999155,
    1.7935235390000344,
    1.7864180190003935,
    1.8099902179997116,
    1.8016673970000738,
    1.8032879480001611,
    1.7980877599998166,
    1.7993552809998619,
    1.8106853740000588,
    1.8029585809999844
  ],
  "prusti-tests/tests/verify/pass/rosetta/Heapsort.rs": [
    10.246644325000034,
    10.25853219999999,
    10.302339720999953,
    10.227465355999811,
    10.264184697000019,
    10.126874713000234,
    10.177963962000376,
    10.281912393000312,
    10.174060101000123,
    10.163094526999885
  ]
}