{
  "prusti-tests/tests/verify/pass/rosetta/Knuth_shuffle.rs": [
    2.658312879999926,
    2.253286391000074,
    2.1578737589999264,
    2.233083296000018,
    2.163770907000071,
    2.1163503880000007,
    2.0664763549999634,
    2.2102988960000403,
    2.1447413439999536,
    2.0712860399999045
  ],
  "prusti-tests/tests/verify/pass/demos/account.rs": [
    1.9552584949999527,
    2.019941992999975,
    2.044313603999967,
    1.949145102999978,
    1.9684488239998927,
    1.9740780669999367,
    1.9453013990000727,
    2.0025498950000156,
    1.9772148999999217,
    1.9614879619999783
  ],
  "prusti-tests/tests/verify/pass/rosetta/Knights_tour.rs": [
    115.64282789899994,
    107.98670572799995,
    112.33627220400012,
    110.53272360599999,
    111.13679592699987,
    112.23733658900005,
    112.3069873689999,
    114.02153896200002,
    111.134890305,
    109.53318026400007
  ],
  "prusti-tests/tests/verify/pass/quick/fold-unfold.rs": [
    1.30635799699985,
    1.310680136999963,
    1.3052094070001203,
    1.2863955420000366,
    1.3074491239999588,
    1.288487135999958,
    1.3051836460001596,
    1.302442031000055,
    1.304228571000067,
    1.2844471169998997
  ],
  "prusti-tests/tests/verify/pass/quick/moves.rs": [
    1.5679201559999,
    1.582314985000039,
    1.568145473999948,
    1.614146183999992,
    1.5601003430001583,
    1.561512128000004,
    1.5724510869999904,
    1.5677277160000358,
    1.5833244410000589,
    1.635156810999888
  ],
  "prusti-tests/tests/verify/pass/quick/mut-borrows.rs": [
    3.1585887930000354,
    3.2012932439999986,
    3.2158736670000962,
    3.223260122000056,
    3.11488971499989,
    3.125369960000171,
    3.1556832300000224,
    3.360541084000033,
    3.345283935999987,
    3.325945950000005
  ],
  "prusti-tests/tests/verify/pass/quick/shared-borrows.rs": [
    1.9924691979999807,
    1.97017573800008,
    1.9500335469999754,
    1.9923945920002097,
    1.9518854440000268,
    1.9746144299999742,
    1.974112390000073,
    1.982812074000094,
    2.0039209619999383,
    1.969381450000128
  ],
  "prusti-tests/tests/verify/pass/quick/trait-contracts-refinement.rs": [
    1.7303678680000303,
    1.68860058700011,
    1.6539139080000496,
    1.6688920730000518,
    1.6681421139999202,
    1.666063849000011,
    1.6684852410000985,
    1.6658837859999949,
    1.6507433409999521,
    1.6685752419998607
  ],
  "prusti-tests/tests/verify/pass/quick/routes.rs": [
    5.360817616999839,
    5.217521515000044,
    5.016186650999998,
    5.092126650999944,
    5.000149228999817,
    5.138209034000056,
    5.390592948999938,
    5.4467138910004,
    5.077622275000067,
    5.11217546700027
  ],
  "prusti-tests/tests/verify/pass/quick/fibonacci.rs": [
    6.726408136999908,
    6.969256950000272,
    6.835170895999909,
    6.421702742999969,
    6.451962076999735,
    6.635178340000039,
    6.416287055999874,
    6.43051279600013,
    6.503623785999935,
    6.544154343000173
  ],
  "prusti-tests/tests/verify/pass/pure-fn/len-lookup.rs": [
    3.753875218000303,
    3.6949241070001335,
    3.670681212999625,
    3.680495928000255,
    3.6659710240001004,
    3.7446792340001593,
    3.716721390999737,
    3.643085293999775,
    3.8398460769999474,
    3.9330930859996442
  ],
  "prusti-tests/tests/verify/pass/pure-fn/quantifiers.rs": [
    2.4270227259999047,
    2.4656108520002817,
    2.4118135219996475,
    2.3495370559999174,
    2.3145364319998407,
    2.3033088500001213,
    2.272920658000203,
    2.2775502640001832,
    2.2800179569999273,
    2.2887100369998734
  ],
  "prusti-tests/tests/verify/pass/pure-fn/recursive-pure-fn.rs": [
    2.030772006999996,
    1.9952700499998173,
    2.012963832999958,
    2.0026757289997477,
    2.029329110999697,
    2.0099603580001713,
    2.020747104000293,
    2.022126212999865,
    2.01354662499989,
    1.9997603279998657
  ],
  "prusti-tests/tests/verify/pass/pure-fn/ref-mut-arg.rs": [
    2.9972587560000647,
    3.0146440990001793,
    3.093017699000029,
    3.0248788570002034,
    3.03397730900042,
    2.974158594000073,
    2.988585223999962,
    3.1113355030001912,
    2.9867033369996534,
    3.0132684879999942
  ],
  "prusti-tests/tests/verify/pass/rosetta/Ackermann_function.rs": [
    2.0132008279997535,
    2.0021539630001826,
    1.9910940979998486,
    2.012826652000058,
    2.0078064629997243,
    2.0007281140001396,
    1.9861861869999302,
    1.9882685900001889,
    2.053000466999947,
    2.047864265000044
  ],
  "prusti-tests/tests/verify/pass/rosetta/Heapsort.rs": [
    10.989852970999891,
    10.391275417999623,
    10.526622796000083,
    10.394622365000032,
    10.328458716000114,
    10.964764341999853,
    10.704081836999649,
    10.188139868000235,
    10.366032261999862,
    10.38532278699995
  ]
}