{
  "prusti-tests/tests/verify/pass/rosetta/Knuth_shuffle.rs": [
    2.3693817050000234,
    2.164202746000001,
    2.0501379300000053,
    1.9966994860000113,
    2.0705591790000426,
    1.9862282619999405,
    2.074840760000029,
    1.9741269469999452,
    1.984929702000045,
    2.038816322999992
  ],
  "prusti-tests/tests/verify/pass/demos/account.rs": [
    1.8017827280000347,
    1.789585216999967,
    1.8036401690000048,
    1.7840760010000167,
    1.80353595400004,
    1.7855668289998903,
    1.796367823999958,
    1.8316560660000505,
    1.7698658389999764,
    1.7921656019999546
  ],
  "prusti-tests/tests/verify/pass/rosetta/Knights_tour.rs": [
    98.77800482700002,
    97.40537857999993,
    97.98577093900008,
    96.86192951800012,
    96.65316561200007,
    93.97049415900005,
    96.70434463099991,
    93.67573534799999,
    94.20848729300019,
    95.55872960600004
  ],
  "prusti-tests/tests/verify/pass/quick/fold-unfold.rs": [
    1.1654147249998914,
    1.1621418639999774,
    1.1696175080001012,
    1.1571223920000193,
    1.1675681789999999,
    1.1553214599998682,
    1.1585150159999102,
    1.1604022510000505,
    1.169526913000027,
    1.1873845580000761
  ],
  "prusti-tests/tests/verify/pass/quick/moves.rs": [
    1.413289137999982,
    1.436753490000001,
    1.4095074649999333,
    1.3984559520001767,
    1.4007403959999465,
    1.4329472869999336,
    1.399735302000181,
    1.4046608900000592,
    1.4282022130000769,
    1.4022273460000179
  ],
  "prusti-tests/tests/verify/pass/quick/mut-borrows.rs": [
    2.821248446000027,
    2.8188538829999743,
    2.836434919000112,
    2.8383596270000453,
    2.833148273000006,
    2.8143127460000414,
    2.838944675999983,
    2.848679177000122,
    2.852008715000011,
    2.8075884100001076
  ],
  "prusti-tests/tests/verify/pass/quick/shared-borrows.rs": [
    1.7986915110000155,
    1.8194137789998877,
    1.799990149999985,
    1.8165210719998868,
    1.7716772750000018,
    1.8005798880001294,
    1.8023995210000976,
    1.8053170170001067,
    1.8133163350000814,
    1.7994302719998814
  ],
  "prusti-tests/tests/verify/pass/quick/trait-contracts-refinement.rs": [
    1.5726173640000525,
    1.5324392990000888,
    1.5634457660000862,
    1.513308928000015,
    1.5454136289999951,
    1.524445736999951,
    1.5503891599998951,
    1.5301160999999865,
    1.557880293999915,
    1.5289910809999583
  ],
  "prusti-tests/tests/verify/pass/quick/routes.rs": [
    5.217198442999916,
    4.955809951000219,
    4.88264521200017,
    4.770709107999892,
    4.842438700000002,
    4.742860535000091,
    4.862868841999898,
    4.820734169999923,
    4.727179375000105,
    4.79681357100003
  ],
  "prusti-tests/tests/verify/pass/quick/fibonacci.rs": [
    6.070930082000132,
    6.027476245999878,
    6.078790932999937,
    6.174432421999882,
    6.038784072999988,
    6.237065378000125,
    5.985738412000046,
    6.001769074000094,
    6.036239870999907,
    6.151811232
  ],
  "prusti-tests/tests/verify/pass/pure-fn/len-lookup.rs": [
    3.4950313679996725,
    3.4798339769999984,
    3.4700068509996527,
    3.510242369000025,
    3.4765475149997656,
    3.482397801999923,
    3.506866043000173,
    3.5078575170000477,
    3.552807439999924,
    3.476118223999947
  ],
  "prusti-tests/tests/verify/pass/pure-fn/quantifiers.rs": [
    2.1913720739999007,
    2.1677200260000973,
    2.1889179580002747,
    2.201096176000192,
    2.1275627639997765,
    2.2052569219999896,
    2.1927270950000093,
    2.1446128380002847,
    2.3100488079999195,
    2.3860437240000465
  ],
  "prusti-tests/tests/verify/pass/pure-fn/recursive-pure-fn.rs": [
    2.0850334470001144,
    2.1358389540000644,
    2.052007058000072,
    2.2151458739999725,
    2.100072518000161,
    2.113808364000306,
    2.088342712999747,
    2.1142575769999894,
    2.2138260560000163,
    2.04687737400036
  ],
  "prusti-tests/tests/verify/pass/pure-fn/ref-mut-arg.rs": [
    2.6056980769999427,
    2.520249149999927,
    2.487703268000132,
    2.4899840680000125,
    2.5970783759998994,
    2.749539799000104,
    2.5192241009999634,
    2.519047901000249,
    2.5154077360002702,
    2.654745963000096
  ],
  "prusti-tests/tests/verify/pass/rosetta/Ackermann_function.rs": [
    2.0313090170002397,
    2.0818949179997617,
    2.0482918200000313,
    2.050631435000014,
    2.1011682270000165,
    2.0305864730003123,
    2.1010452390000864,
    2.0353089090003778,
    2.1101922439997907,
    2.0372322430002896
  ],
  "prusti-tests/tests/verify/pass/rosetta/Heapsort.rs": [
    10.287200811000275,
    10.240975828000046,
    10.384660510999765,
    10.232070350000413,
    10.371054142000048,
    10.434363206999933,
    10.516591204999713,
    10.679794071999822,
    10.427919319000011,
    10.385700625000027
  ]
}