{
  "prusti-tests/tests/verify/pass/rosetta/Knuth_shuffle.rs": [
    2.809288074000051,
    2.4913761320000276,
    2.527432212000008,
    2.597665430999996,
    2.4858649959999184,
    2.462110460999952,
    2.4116084060000276,
    2.389094196999963,
    2.4158274090000305,
    2.488854052000079
  ],
  "prusti-tests/tests/verify/pass/demos/account.rs": [
    2.2644809350000514,
    2.1724022530000866,
    2.2424431189999723,
    2.1954826379999304,
    2.2348447069999793,
    2.226791831000014,
    2.2138215149999496,
    2.279002473999981,
    2.1866448190000938,
    2.193438872999991
  ],
  "prusti-tests/tests/verify/pass/rosetta/Knights_tour.rs": [
    128.96898657099996,
    126.61599655199984,
    127.92704342000002,
    127.31386349700006,
    125.13570688000004,
    131.0586087040001,
    126.11648488699984,
    127.848171568,
    122.43010695400017,
    121.25386429899982
  ],
  "prusti-tests/tests/verify/pass/quick/fold-unfold.rs": [
    1.4994785280000542,
    1.492855199999667,
    1.4955016109997814,
    1.5171996409999338,
    1.4258962550002252,
    1.432674309000049,
    1.4245863630003441,
    1.4357098519999454,
    1.4752032090000284,
    1.4415517159995943
  ],
  "prusti-tests/tests/verify/pass/quick/moves.rs": [
    1.7342151600000761,
    1.7278068480000002,
    1.7595939869997892,
    1.759847008000179,
    1.756175350000376,
    1.8267985160000535,
    1.7942762200000288,
    1.8012659779997193,
    1.8366558069997154,
    1.8464582990000054
  ],
  "prusti-tests/tests/verify/pass/quick/mut-borrows.rs": [
    3.567370270999618,
    3.608972922999783,
    3.637136109000039,
    3.557214169999952,
    3.539669046999734,
    3.5997147479997693,
    3.470507647999966,
    3.5297120430000177,
    3.5403424259998246,
    3.5533606099997996
  ],
  "prusti-tests/tests/verify/pass/quick/shared-borrows.rs": [
    2.2382098680000126,
    2.2289378450000186,
    2.207650973999989,
    2.27119725700004,
    2.256841414999599,
    2.244325995000054,
    2.277807468999981,
    2.278371813999911,
    2.2183299970001826,
    2.286604183000236
  ],
  "prusti-tests/tests/verify/pass/quick/trait-contracts-refinement.rs": [
    2.0146849110001313,
    1.9556131819999791,
    1.9252579200001492,
    1.9132450510001036,
    1.9486567819999436,
    1.9459834680001222,
    2.0065733569999793,
    1.8957797779999055,
    2.019749176000005,
    1.9122564930003136
  ],
  "prusti-tests/tests/verify/pass/quick/routes.rs": [
    6.44569170800014,
    6.086394810999991,
    6.10609281699999,
    5.887797827000213,
    5.98554120999961,
    5.924179942000137,
    5.937979908000216,
    5.903358959999878,
    5.842730875999678,
    6.02261171400005
  ],
  "prusti-tests/tests/verify/pass/quick/fibonacci.rs": [
    7.524522772000182,
    7.557998947999749,
    7.487590464999812,
    7.583681554000123,
    7.521624300999974,
    7.70610857299971,
    7.301748548999967,
    7.69841175900001,
    7.466594399000314,
    7.439811632000328
  ],
  "prusti-tests/tests/verify/pass/pure-fn/len-lookup.rs": [
    4.206291565000356,
    4.3502622979999614,
    4.357490237000093,
    4.368033451999963,
    4.38270144199987,
    4.492172129999744,
    4.365429941999992,
    4.347132213999885,
    4.436531498000022,
    4.3706534369998735
  ],
  "prusti-tests/tests/verify/pass/pure-fn/quantifiers.rs": [
    2.7056865020003897,
    2.833733430000393,
    2.7247326769997926,
    2.7067686410000533,
    2.7702055069999005,
    2.899578220999956,
    2.7741740080000454,
    2.705057685999691,
    2.7841581880002195,
    2.883979558000192
  ],
  "prusti-tests/tests/verify/pass/pure-fn/recursive-pure-fn.rs": [
    2.5368281240002943,
    2.6995531649999975,
    2.626078700999642,
    2.7340252980002333,
    2.5719634780002707,
    2.619320762999905,
    2.858409827000287,
    2.5575038609999865,
    2.7012121389998356,
    2.709963441999662
  ],
  "prusti-tests/tests/verify/pass/pure-fn/ref-mut-arg.rs": [
    3.2926452940000672,
    3.198653886000102,
    3.164672306999819,
    3.183201263999763,
    3.2938747939997484,
    3.284971459999724,
    3.166180376000284,
    3.235811840000224,
    3.477641610000319,
    3.1134789430002456
  ],
  "prusti-tests/tests/verify/pass/rosetta/Ackermann_function.rs": [
    2.551641763999669,
    2.6243665599999986,
    2.5184815829998115,
    2.7908670510000775,
    2.727251176000209,
    2.64630478700019,
    2.496806306000053,
    2.6112943360003555,
    2.587834287000078,
    2.6173731129997577
  ],
  "prusti-tests/tests/verify/pass/rosetta/Heapsort.rs": [
    13.336919051999757,
    12.89410737099979,
    12.989028550000057,
    13.44567230199982,
    13.398555629999919,
    12.937271120999867,
    12.84644857100011,
    12.786759621000328,
    13.219756379000046,
    12.995447311000135
  ]
}