{
  "prusti-tests/tests/verify/pass/rosetta/Knuth_shuffle.rs": [
    2.4996813330000123,
    2.166916733999983,
    2.0479277199999615,
    2.072815073000015,
    2.0293237560000534,
    2.067002878999915,
    2.1159420110000156,
    1.9992141599999513,
    2.0417612620000227,
    2.0147423800000297
  ],
  "prusti-tests/tests/verify/pass/demos/account.rs": [
    1.85776166200003,
    1.8335006190000058,
    1.8197462230000383,
    1.8585688729999674,
    1.8494482300000072,
    1.8219563420000213,
    1.8697532160000492,
    1.8705923290000328,
    1.840232895999975,
    1.8240205629999764
  ],
  "prusti-tests/tests/verify/pass/rosetta/Knights_tour.rs": [
    114.48612799700004,
    111.46081739199997,
    112.75379428300005,
    116.56731207499979,
    114.959259643,
    112.39067364000016,
    112.78250460200002,
    113.9702226280001,
    115.02249356599987,
    111.76137957200012
  ],
  "prusti-tests/tests/verify/pass/quick/fold-unfold.rs": [
    1.2214006320000408,
    1.2139713270000811,
    1.2164019619999635,
    1.195453366000038,
    1.223718763999841,
    1.2064014069999303,
    1.2071258130001752,
    1.18900475800001,
    1.21450341700006,
    1.1939504269998906
  ],
  "prusti-tests/tests/verify/pass/quick/moves.rs": [
    1.496496390999937,
    1.443485242000179,
    1.4503451369998857,
    1.489823792999914,
    1.4424961259999236,
    1.4519235580000895,
    1.4794744470000296,
    1.453423186000009,
    1.4710108339997987,
    1.4568364340000244
  ],
  "prusti-tests/tests/verify/pass/quick/mut-borrows.rs": [
    2.9263468459998876,
    2.8998839609998868,
    2.912532236000061,
    2.9197891369999525,
    2.9010339550000026,
    2.896211386999994,
    2.9141731339998387,
    2.921946423999998,
    2.9269798949999313,
    2.865084531000093
  ],
  "prusti-tests/tests/verify/pass/quick/shared-borrows.rs": [
    1.8580918939999265,
    1.8601947229999496,
    1.8455678180000632,
    1.8560915909999949,
    1.8477516059999743,
    1.8323781900000995,
    1.838484274999928,
    1.8634556279998833,
    1.8106425979999585,
    1.8555570290000105
  ],
  "prusti-tests/tests/verify/pass/quick/trait-contracts-refinement.rs": [
    1.6424093279999852,
    1.5979447019999498,
    1.6053701080002156,
    1.6024993700000323,
    1.5605949799999053,
    1.608834558999888,
    1.5597112670000115,
    1.5965191860000232,
    1.5666187649999301,
    1.6058078169999135
  ],
  "prusti-tests/tests/verify/pass/quick/routes.rs": [
    5.452314201000036,
    5.133437934000085,
    5.1076481539998895,
    5.048414286000025,
    4.9583705600000485,
    4.945331886000076,
    5.002630527000292,
    4.969404039999972,
    5.028016490000027,
    4.996954179999648
  ],
  "prusti-tests/tests/verify/pass/quick/fibonacci.rs": [
    6.379493427000398,
    6.297494500000084,
    6.378980142999808,
    6.610040332999688,
    6.187217705999956,
    6.2841338520001955,
    6.322315655000239,
    6.311137804999817,
    6.361445804000141,
    6.430541172000176
  ],
  "prusti-tests/tests/verify/pass/pure-fn/len-lookup.rs": [
    3.687356776999877,
    3.633909225000025,
    3.6685396719999517,
    3.618763220999881,
    3.6678521019998698,
    3.620760046000214,
    3.6636963329997343,
    3.6419554289996086,
    3.6771244659998956,
    3.672379188999912
  ],
  "prusti-tests/tests/verify/pass/pure-fn/quantifiers.rs": [
    2.415860649000024,
    2.2272251669996876,
    2.275636434000262,
    2.2587107210001705,
    2.1947458820000065,
    2.275925910999831,
    2.2812784899997496,
    2.219593089999762,
    2.353599628000211,
    2.3997050190000664
  ],
  "prusti-tests/tests/verify/pass/pure-fn/recursive-pure-fn.rs": [
    2.1297297769997385,
    2.2717325819999132,
    2.193294618999971,
    2.134579020000274,
    2.1784048419999635,
    2.1113263889997143,
    2.4108205080001426,
    2.203445679000197,
    2.207163132000005,
    2.1364769309998337
  ],
  "prusti-tests/tests/verify/pass/pure-fn/ref-mut-arg.rs": [
    2.685063359000196,
    2.5658049030002985,
    2.739864798999861,
    2.7445503660001123,
    2.5920611379997354,
    2.6527038859999266,
    2.776877026999955,
    2.606304850000015,
    2.6574936819997674,
    2.7177165299999615
  ],
  "prusti-tests/tests/verify/pass/rosetta/Ackermann_function.rs": [
    2.18447870800037,
    2.115395921000072,
    2.153236282999842,
    2.117491487999814,
    2.155220017999909,
    2.1773457290000806,
    2.110657243999867,
    2.1665830410001945,
    2.172273521999614,
    2.183553082999879
  ],
  "prusti-tests/tests/verify/pass/rosetta/Heapsort.rs": [
    10.92250870099997,
    10.759927129000062,
    10.660655098999996,
    10.78641803299979,
    10.981929856000079,
    10.727862882999943,
    10.702418234000106,
    10.867720553000254,
    10.983902031999605,
    10.801283066999986
  ]
}