{
  "prusti-tests/tests/verify/pass/rosetta/Knuth_shuffle.rs": [
    2.11417055000004,
    1.9203224139999975,
    1.8483592730000282,
    1.878933423000035,
    1.7980655820000493,
    1.729615636999938,
    1.8919130369999948,
    1.7907377459999907,
    1.7229593069999964,
    1.7982297059999155
  ],
  "prusti-tests/tests/verify/pass/demos/account.rs": [
    0.9523516770000242,
    0.9320929149999984,
    0.9095394449999503,
    0.9714354390000608,
    0.8578668339999922,
    0.9158291950000148,
    0.9306602139999995,
    0.9350800489999074,
    0.8960903390000112,
    0.8354482549999602
  ],
  "prusti-tests/tests/verify/pass/rosetta/Knights_tour.rs": [
    98.37183885400009,
    101.43947394099996,
    97.12341753400005,
    100.88705254399997,
    103.02609101600001,
    101.73414084199999,
    101.98765904099992,
    108.98171078500013,
    112.04756570500012,
    115.43013230399993
  ],
  "prusti-tests/tests/verify/pass/quick/fold-unfold.rs": [
    0.5590549819999069,
    0.6025329480000892,
    0.5736150789998646,
    0.5357848639998792,
    0.5876832970000123,
    0.5482987679999951,
    0.5772838100001536,
    0.5742083850000199,
    0.6102449850000085,
    0.558763855000052
  ],
  "prusti-tests/tests/verify/pass/quick/moves.rs": [
    0.6198436639999727,
    0.5790247250001812,
    0.6051109420000103,
    0.6116525959998853,
    0.6540391490000275,
    0.622694311000032,
    0.6677409010001156,
    0.6400283780001246,
    0.6256519609999032,
    0.6341226289998758
  ],
  "prusti-tests/tests/verify/pass/quick/mut-borrows.rs": [
    1.0442098470000474,
    1.056320444999983,
    1.0140310029999,
    1.010251371999857,
    0.9461667539999326,
    0.9980726050000612,
    0.9633197169998766,
    0.9498319130000255,
    1.001363309999988,
    1.0385245960001157
  ],
  "prusti-tests/tests/verify/pass/quick/shared-borrows.rs": [
    0.6401612289998866,
    0.6168727500000841,
    0.6712604680001277,
    0.624447008000061,
    0.7934014229999775,
    0.6873359220001021,
    0.6093962850000025,
    0.6434245630000532,
    0.6152543319999495,
    0.6069136650000928
  ],
  "prusti-tests/tests/verify/pass/quick/trait-contracts-refinement.rs": [
    1.2386963320000177,
    1.1663310399999318,
    1.1158211269998901,
    1.1983431329999803,
    1.1605914479998773,
    1.0814827520000563,
    1.2087092110000413,
    1.2027635660001579,
    1.1399051930000041,
    1.1530829910000193
  ],
  "prusti-tests/tests/verify/pass/quick/routes.rs": [
    3.5245793999999933,
    3.386965786000019,
    3.214135775000159,
    2.5340571759998056,
    3.0437433740003144,
    3.1112065050001547,
    3.0804900520001866,
    2.997164881000117,
    2.5935516580002513,
    3.044761587999801
  ],
  "prusti-tests/tests/verify/pass/quick/fibonacci.rs": [
    2.4927571489997717,
    2.5632129290002013,
    2.532609283000056,
    2.4021815339997374,
    2.5982607209998605,
    2.2829784840000684,
    2.383491194000271,
    2.4529268140004206,
    2.4585880169997836,
    2.493371091999961
  ],
  "prusti-tests/tests/verify/pass/pure-fn/len-lookup.rs": [
    1.1959326930000316,
    1.1312385979999817,
    1.1583651380001356,
    1.1264911830003257,
    1.2543604029997368,
    1.091523604000031,
    1.0894295879998026,
    1.178029295000215,
    1.1223913509998056,
    1.1737876619999952
  ],
  "prusti-tests/tests/verify/pass/pure-fn/quantifiers.rs": [
    1.0168591100000413,
    1.0671223110002757,
    1.1028898969998409,
    0.9990341679999801,
    1.0026421970001138,
    1.0672752129999026,
    1.02965824399962,
    1.0274134289998074,
    1.0681533550000495,
    1.0140273229999366
  ],
  "prusti-tests/tests/verify/pass/pure-fn/recursive-pure-fn.rs": [
    0.7817920620000223,
    0.8414278399995965,
    0.791434739000124,
    0.7935768560000724,
    0.7869000040000174,
    0.8701621780001005,
    0.7863597059999847,
    0.758437782999863,
    0.7558744620000653,
    0.8936451670001588
  ],
  "prusti-tests/tests/verify/pass/pure-fn/ref-mut-arg.rs": [
    1.0421730580001167,
    1.0273666389998652,
    1.0108553069999289,
    0.9283643469998424,
    0.9773109560001103,
    1.0129075419999936,
    0.9356611210000665,
    1.017564579000009,
    1.0580012049999823,
    0.9932042829996135
  ],
  "prusti-tests/tests/verify/pass/rosetta/Ackermann_function.rs": [
    1.1272952610001994,
    1.0784874709997894,
    1.169746909999958,
    1.0911956789996111,
    1.0598082269998486,
    1.029019879000316,
    1.0716842209999413,
    1.0895559649998177,
    1.1051197910001065,
    1.0901962379998622
  ],
  "prusti-tests/tests/verify/pass/rosetta/Heapsort.rs": [
    6.10029540000005,
    5.834934175999933,
    6.144382048999887,
    6.372211202000017,
    6.2238982579997355,
    6.019405878000271,
    6.00941429500017,
    5.714356239999688,
    6.18657362499971,
    5.9626665790001425
  ]
}