{
  "prusti-tests/tests/verify/pass/rosetta/Knuth_shuffle.rs": [
    2.7509527859999707,
    0.36020318299995324,
    0.35665653299997757,
    0.3576655470000105,
    0.35924496899997393,
    0.36005938100004187,
    0.36218761200007066,
    0.3581928549999702,
    0.3602192829999922,
    0.35996548000002804
  ],
  "prusti-tests/tests/verify/pass/demos/account.rs": [
    2.2001078659999393,
    0.1329622970000628,
    0.13243118899993078,
    0.1325879910000367,
    0.1313954749999766,
    0.13365470600001572,
    0.1330523969999149,
    0.131060568999942,
    0.1309933689999525,
    0.13268639200009602
  ],
  "prusti-tests/tests/verify/pass/rosetta/Knights_tour.rs": [
    91.24710814100001,
    2.5697578519999524,
    2.567694907000032,
    2.5788900520000198,
    2.5750428469999633,
    2.568223795999984,
    2.5796943390000706,
    2.571985715999972,
    2.58258192400001,
    2.569019293999986
  ],
  "prusti-tests/tests/verify/pass/quick/fold-unfold.rs": [
    1.301792311999975,
    0.10144717000002856,
    0.10169187399992552,
    0.10070755799995368,
    0.10014135000005808,
    0.10026515100003053,
    0.10087646099998437,
    0.1030405949999249,
    0.10189837699999771,
    0.10045755399994505
  ],
  "prusti-tests/tests/verify/pass/quick/moves.rs": [
    1.52278826700001,
    0.09688674500000616,
    0.09754161700004715,
    0.09695450600008826,
    0.09656409899992013,
    0.096387596999989,
    0.09696910699994987,
    0.09628629499991348,
    0.09598448899998857,
    0.09740071399994576
  ],
  "prusti-tests/tests/verify/pass/quick/mut-borrows.rs": [
    2.9724669220000806,
    0.16356547899999896,
    0.16244416000006368,
    0.16158474400003797,
    0.1615152430000535,
    0.16398898700003883,
    0.16383638400009204,
    0.16359477899993635,
    0.16455419600004006,
    0.1615000430000464
  ],
  "prusti-tests/tests/verify/pass/quick/shared-borrows.rs": [
    1.8262325459999147,
    0.09509177300003557,
    0.09651369899995643,
    0.09565228400003889,
    0.09444966300009128,
    0.09496237199994084,
    0.09459046500001023,
    0.09413385699997434,
    0.09621439299996837,
    0.09495307099996353
  ],
  "prusti-tests/tests/verify/pass/quick/trait-contracts-refinement.rs": [
    1.7314095630000566,
    0.14295211000001018,
    0.14167929200004892,
    0.13979716599999392,
    0.1414920899999288,
    0.14054497600000104,
    0.1403865739999901,
    0.1411105839999891,
    0.14143278900007772,
    0.1413386870000295
  ],
  "prusti-tests/tests/verify/pass/quick/routes.rs": [
    5.349757742000065,
    0.3562634180000259,
    0.35342216900005496,
    0.35644500700004755,
    0.35484575300006327,
    0.3561797720000186,
    0.3566028779999897,
    0.3559447679999721,
    0.35230171699993207,
    0.35514575699994566
  ],
  "prusti-tests/tests/verify/pass/quick/fibonacci.rs": [
    0.38023731400005545,
    0.3792811010000605,
    0.38180303699994056,
    0.3776456780000217,
    0.3876641209999434,
    0.3832028570000148,
    0.38113282699998763,
    0.38567079200004173,
    0.3856786929999316,
    0.3818117370000209
  ],
  "prusti-tests/tests/verify/pass/pure-fn/len-lookup.rs": [
    3.7501451440000437,
    0.22074616800000513,
    0.2201832609999883,
    0.2200617579999289,
    0.22277589700001954,
    0.22048036400008186,
    0.2208116689999997,
    0.22098157200002788,
    0.22126987599995118,
    0.2216085809999413
  ],
  "prusti-tests/tests/verify/pass/pure-fn/quantifiers.rs": [
    2.2398042480000413,
    0.20630536099997698,
    0.20093708399997467,
    0.1933118749999494,
    0.1937958209999806,
    0.19632966900007887,
    0.19711698100002195,
    0.19611776599992936,
    0.19541555400007837,
    0.19561575699992773
  ],
  "prusti-tests/tests/verify/pass/pure-fn/recursive-pure-fn.rs": [
    1.9654009180000003,
    0.1533180960000209,
    0.15184657400004653,
    0.15067875499994443,
    0.1529847909999944,
    0.1514591670000982,
    0.14990634299999783,
    0.1527652870000793,
    0.15058315299995684,
    0.15106126099999528
  ],
  "prusti-tests/tests/verify/pass/pure-fn/ref-mut-arg.rs": [
    2.936712000000057,
    0.1943567380000104,
    0.19416613400005645,
    0.19407073299998956,
    0.1959251039999117,
    0.19687434100001155,
    0.19545382100000097,
    0.19562832300005084,
    0.19955288000005567,
    0.19799285699991742
  ],
  "prusti-tests/tests/verify/pass/rosetta/Ackermann_function.rs": [
    1.9479897090000122,
    0.24124898100001246,
    0.23947085600002538,
    0.239723859000037,
    0.23863124300009986,
    0.23935645400001704,
    0.23853534200009108,
    0.23884164599996893,
    0.23770703100001356,
    0.23866384399991603
  ],
  "prusti-tests/tests/verify/pass/rosetta/Heapsort.rs": [
    10.514149360000033,
    1.0800417799999877,
    1.0723327389999895,
    1.0736682570000085,
    1.0769465030000447,
    1.0721855369999957,
    1.0757083859999739,
    1.0709069190000946,
    1.0743758440000875,
    1.0768357819999892
  ]
}