{
  "prusti-tests/tests/verify/pass/rosetta/Knuth_shuffle.rs": [
    2.2290430980000338,
    1.9798563169999852,
    1.9625699799998984,
    1.9554025400000228,
    1.925998363000076,
    1.9419932630000858,
    1.9043859160000238,
    1.8614999760000046,
    1.907422276000034,
    1.874654932999988
  ],
  "prusti-tests/tests/verify/pass/demos/account.rs": [
    1.7101071099999672,
    1.7211368259999063,
    1.734280283999965,
    1.7023526579999952,
    1.690987979000056,
    1.681402348000006,
    1.6889034959999663,
    1.686642452000001,
    1.6694712129999516,
    1.7162307620000092
  ],
  "prusti-tests/tests/verify/pass/rosetta/Knights_tour.rs": [
    106.654436325,
    109.65365046,
    106.15421059899995,
    102.55813505000015,
    108.14102721600011,
    103.2828924370001,
    102.11716156200009,
    100.54164915699994,
    98.15141673799985,
    101.81822033399999
  ],
  "prusti-tests/tests/verify/pass/quick/fold-unfold.rs": [
    1.1800660440001138,
    1.1810266299999057,
    1.172295055000177,
    1.172012149000011,
    1.1535338799999408,
    1.1634269779999613,
    1.153592880000133,
    1.1644724130001123,
    1.1792638530000659,
    1.171075885000164
  ],
  "prusti-tests/tests/verify/pass/quick/moves.rs": [
    1.4187776789999589,
    1.4066232289999334,
    1.4135784730001433,
    1.4056471909998436,
    1.428238957000076,
    1.4343176780000704,
    1.4296731850001834,
    1.4408112060000349,
    1.4471558319999076,
    1.426741785999866
  ],
  "prusti-tests/tests/verify/pass/quick/mut-borrows.rs": [
    2.7874877679998917,
    2.7902783229999386,
    2.8043854600000486,
    2.7619494139999006,
    2.761380001999896,
    2.7733688100001928,
    2.7421432589999313,
    2.7771732539999903,
    2.808665090999966,
    2.7414356219999263
  ],
  "prusti-tests/tests/verify/pass/quick/shared-borrows.rs": [
    1.7627216999999291,
    1.7768649849999747,
    1.7550208650000059,
    1.7698095569999168,
    1.7716997950001314,
    1.771394187999931,
    1.7598625509999692,
    1.7713842020000357,
    1.7554427869999927,
    1.7602468820000468
  ],
  "prusti-tests/tests/verify/pass/quick/trait-contracts-refinement.rs": [
    1.5954077209999014,
    1.5689660240000194,
    1.5493105350001315,
    1.56394682500013,
    1.5638883230001284,
    1.5526108990000012,
    1.5637778169998455,
    1.575250644000107,
    1.5485608149999734,
    1.5485835160000079
  ],
  "prusti-tests/tests/verify/pass/quick/routes.rs": [
    4.5854506410000795,
    4.393161768000027,
    4.270586782999999,
    4.293307641999945,
    4.276567671999828,
    4.257952608000323,
    4.242349124999691,
    4.265658888999951,
    4.278074043999823,
    4.230161324000164
  ],
  "prusti-tests/tests/verify/pass/quick/fibonacci.rs": [
    5.423594491000131,
    5.366373586000009,
    5.238161980999848,
    5.211742998000318,
    5.216406349999943,
    5.062734549000197,
    5.326555280000321,
    5.408157071000005,
    5.432753394999963,
    5.4116990080001415
  ],
  "prusti-tests/tests/verify/pass/pure-fn/len-lookup.rs": [
    3.236398044999987,
    3.2020422489999874,
    3.198296876000313,
    3.1472625810001773,
    3.1550035310001476,
    3.189947628000027,
    3.2114685440001267,
    3.15665557300008,
    3.166247815999668,
    3.1839888609997615
  ],
  "prusti-tests/tests/verify/pass/pure-fn/quantifiers.rs": [
    1.9562921350002398,
    1.9608724679997067,
    1.9351416569998037,
    1.9189766360000249,
    1.9443998410001768,
    1.9283470260002105,
    1.9181489849997888,
    1.9328515729998799,
    1.9465265400003773,
    1.9443805450000582
  ],
  "prusti-tests/tests/verify/pass/pure-fn/recursive-pure-fn.rs": [
    1.7142602650001209,
    1.7233718440002121,
    1.71656971099992,
    1.7096963869998945,
    1.715737543999694,
    1.7208240429999933,
    1.7207314409997707,
    1.709775325999999,
    1.708741198000098,
    1.699624613999731
  ],
  "prusti-tests/tests/verify/pass/pure-fn/ref-mut-arg.rs": [
    2.510846988999674,
    2.5207239420001315,
    2.520551042000079,
    2.5502879330001633,
    2.566094344999783,
    2.5409742379997624,
    2.5620784110001296,
    2.519672203999562,
    2.5290672930000255,
    2.5372973309999907
  ],
  "prusti-tests/tests/verify/pass/rosetta/Ackermann_function.rs": [
    1.803058811000028,
    1.7924728029997823,
    1.7942879439997341,
    1.754303261000132,
    1.7412649039997632,
    1.7275257350001993,
    1.7033403209998141,
    1.680791477999719,
    2.849282783000035,
    2.493340913999873
  ],
  "prusti-tests/tests/verify/pass/rosetta/Heapsort.rs": [
    9.211926486000266,
    9.354575408000073,
    9.163006166000287,
    9.088584926999829,
    9.080284680999739,
    9.141839607999827,
    9.368563912999889,
    9.711284363999766,
    9.598911225999927,
    9.590742610000234
  ]
}