{
  "prusti-tests/tests/verify/pass/rosetta/Knuth_shuffle.rs": [
    2.0711113880000767,
    1.854928351999888,
    1.8398317389999193,
    1.7167695639998328,
    1.658278096999993,
    1.6663197710001896,
    1.7097290439999142,
    1.6095350430000508,
    1.6825171199998294,
    1.63327934799986
  ],
  "prusti-tests/tests/verify/pass/demos/account.rs": [
    0.8973704649999945,
    0.8096637869998631,
    0.8260115420000602,
    0.7400046230000044,
    0.8892941909998626,
    0.7485912140000437,
    0.8315301299999192,
    0.7790365500000007,
    0.7873970349999126,
    0.7606539270000212
  ],
  "prusti-tests/tests/verify/pass/rosetta/Knights_tour.rs": [
    100.44873169199991,
    104.00218212999994,
    101.09795548099987,
    102.72780387500006,
    101.10084883600007,
    98.24939026400011,
    102.33671766399993,
    103.74983822199988,
    97.6552925420001,
    100.58852310100019
  ],
  "prusti-tests/tests/verify/pass/quick/fold-unfold.rs": [
    0.5745183100002578,
    0.5774353080000765,
    0.562328295000043,
    0.5425842250001551,
    0.5582067559998904,
    0.5743684389999544,
    0.5822648710000067,
    0.5649730889999773,
    0.5873696419998851,
    0.589263505999952
  ],
  "prusti-tests/tests/verify/pass/quick/moves.rs": [
    0.5641596619998381,
    0.5481278229999589,
    0.550091789000362,
    0.5454385319999346,
    0.6187172950003514,
    0.5619891890000872,
    0.5621194929999547,
    0.5346891710000818,
    0.5905983500001639,
    0.5551361429997996
  ],
  "prusti-tests/tests/verify/pass/quick/mut-borrows.rs": [
    0.9382306190000236,
    0.8750985579999906,
    0.8746909439996671,
    0.8021766619999653,
    0.8983203530001447,
    0.851174538000123,
    0.8554532849998395,
    0.9057182060000741,
    0.8181573090000711,
    0.8867494119999719
  ],
  "prusti-tests/tests/verify/pass/quick/shared-borrows.rs": [
    0.5902632749998702,
    0.5844289759997991,
    0.6601927649999197,
    0.5941479080001955,
    0.6905458030000773,
    0.646407095000086,
    0.5772992329998488,
    0.5763929019999523,
    0.6631428659998164,
    0.5932780779999121
  ],
  "prusti-tests/tests/verify/pass/quick/trait-contracts-refinement.rs": [
    0.8692272109997248,
    0.9030637549999483,
    0.7927888879999045,
    0.8009919700002683,
    0.8600500949996785,
    0.8518760150000162,
    0.9010290999999597,
    0.8300032649999594,
    0.7788307089999762,
    0.8766759650002314
  ],
  "prusti-tests/tests/verify/pass/quick/routes.rs": [
    2.628641721999884,
    2.453870425000332,
    2.257342587000039,
    2.4382093190001797,
    2.224076805000095,
    2.2271752110000307,
    2.2402321589997882,
    2.3338323469997704,
    2.309688828999697,
    2.3678007329999673
  ],
  "prusti-tests/tests/verify/pass/quick/fibonacci.rs": [
    2.093398461000106,
    2.2614141900003233,
    2.3772009569997863,
    2.6488571360000606,
    2.414031123999848,
    2.60419108699989,
    2.227179174000412,
    2.1880932169997322,
    2.24158396599978,
    2.413745177000237
  ],
  "prusti-tests/tests/verify/pass/pure-fn/len-lookup.rs": [
    0.9958853940001973,
    1.1349241449997862,
    1.008022962999803,
    1.013183040000058,
    1.0020351570001367,
    1.1210476380001637,
    1.091532425999958,
    1.1123272390000238,
    1.1285743970001931,
    1.0217196290000174
  ],
  "prusti-tests/tests/verify/pass/pure-fn/quantifiers.rs": [
    0.9482815100000153,
    0.9015724099999716,
    0.978873059000307,
    0.8907574390000264,
    0.8839381049997428,
    0.9167928309998388,
    0.9148034630002257,
    0.9662985939999089,
    0.8909171609998339,
    0.9170212540002467
  ],
  "prusti-tests/tests/verify/pass/pure-fn/recursive-pure-fn.rs": [
    0.6866074750000735,
    0.7029344339998715,
    0.7281490959999246,
    0.6854284359997109,
    0.7494072229997073,
    0.6815259019999758,
    0.6982003729999633,
    0.7139735109999492,
    0.6903390450002007,
    0.7063704100000905
  ],
  "prusti-tests/tests/verify/pass/pure-fn/ref-mut-arg.rs": [
    0.9394371979997231,
    0.8456620850001855,
    0.875252699000157,
    0.8972815540000738,
    0.8440598299998783,
    0.8942422499999338,
    0.9446301769999081,
    0.9171538310001779,
    0.8473306320001939,
    0.8393971600003169
  ],
  "prusti-tests/tests/verify/pass/rosetta/Ackermann_function.rs": [
    1.0265207720003673,
    1.0136546310000085,
    0.9702791450004042,
    1.025215827000011,
    0.9465711329999067,
    0.9973638729998129,
    0.9364573759999075,
    0.9232887249995656,
    1.0242001809997419,
    0.930320466000012
  ],
  "prusti-tests/tests/verify/pass/rosetta/Heapsort.rs": [
    5.779333157999645,
    5.667334432000189,
    5.044321406000108,
    5.648883538000064,
    5.4581785420000415,
    5.53129030700029,
    5.369145427000149,
    5.1822086209999725,
    5.420983555000021,
    5.504606111000157
  ]
}