{
  "prusti-tests/tests/verify/pass/rosetta/Knuth_shuffle.rs": [
    2.347129981999956,
    2.293474802999981,
    2.203325499000016,
    2.0482930849999548,
    1.9666735370000197,
    1.997923046999972,
    2.033278730999996,
    1.9531090069999664,
    1.9574299140000448,
    1.996965810000006
  ],
  "prusti-tests/tests/verify/pass/demos/account.rs": [
    1.8527193910000506,
    1.8558116990000144,
    1.878113348999932,
    1.8561187279999558,
    1.8395837110000457,
    1.8435227730000179,
    1.8526878540000098,
    1.8607328589999952,
    1.8219335350000847,
    1.818208041000048
  ],
  "prusti-tests/tests/verify/pass/rosetta/Knights_tour.rs": [
    107.38885606499991,
    107.02123985399987,
    103.89053808800008,
    103.58596241999999,
    105.21620088199984,
    101.8492903639999,
    101.81020328400018,
    104.34458113100004,
    104.84009481199996,
    100.69296458100007
  ],
  "prusti-tests/tests/verify/pass/quick/fold-unfold.rs": [
    1.2191397869999037,
    1.213800640000045,
    1.209730916000126,
    1.2140272410001671,
    1.222460589999855,
    1.2492531479999798,
    1.230681339000057,
    1.2316480900001352,
    1.2278500650002115,
    1.2217257530001007
  ],
  "prusti-tests/tests/verify/pass/quick/moves.rs": [
    1.4834497720000854,
    1.484339355999964,
    1.4745558919998984,
    1.503203730999985,
    1.4771794870000576,
    1.480660505999822,
    1.470538748999843,
    1.4744774719999896,
    1.502454231999991,
    1.477623956999878
  ],
  "prusti-tests/tests/verify/pass/quick/mut-borrows.rs": [
    2.8996672890000355,
    2.970586495999896,
    2.912754798999913,
    2.913988790000076,
    2.8868945030001214,
    2.922253506999823,
    2.9316387700000632,
    2.9226958629999444,
    2.964151333000018,
    2.8959880440002053
  ],
  "prusti-tests/tests/verify/pass/quick/shared-borrows.rs": [
    1.8453334390001146,
    1.8384522619999188,
    1.8520732330000556,
    1.8503342239998801,
    1.839729319999833,
    1.8618588709998676,
    1.8417177659998742,
    1.8407718609998938,
    1.8402103669998269,
    1.8567587769998681
  ],
  "prusti-tests/tests/verify/pass/quick/trait-contracts-refinement.rs": [
    1.5974464720000014,
    1.5852055010000186,
    1.56794990100002,
    1.5466966530000263,
    1.5900167090001105,
    1.5573656219999066,
    1.548781573000042,
    1.586544589999903,
    1.5697242150001784,
    1.5650461699999596
  ],
  "prusti-tests/tests/verify/pass/quick/routes.rs": [
    5.195380639999939,
    4.790128128999868,
    4.811693371000047,
    4.6981924020001316,
    4.678440230999968,
    4.664382856999964,
    4.653524826999956,
    4.700752504000093,
    4.620003009000129,
    4.680488893000074
  ],
  "prusti-tests/tests/verify/pass/quick/fibonacci.rs": [
    5.870004901000129,
    5.920057244999953,
    5.921890339999891,
    5.907474626999829,
    6.004830827000205,
    6.010068366999803,
    5.892679672999748,
    5.985060893000082,
    6.003548043000137,
    5.940775793999819
  ],
  "prusti-tests/tests/verify/pass/pure-fn/len-lookup.rs": [
    3.3928310900000724,
    3.5451811500001895,
    3.4177899199999047,
    3.391919311000038,
    3.4027654419996907,
    3.3781335180001406,
    3.403584801999841,
    3.449677271999917,
    3.3809036900001956,
    3.4267500949999885
  ],
  "prusti-tests/tests/verify/pass/pure-fn/quantifiers.rs": [
    2.1397739789999832,
    2.1508870590000697,
    2.1415322050002032,
    2.1389656910000667,
    2.127154935999897,
    2.1370278999997936,
    2.1479388769998877,
    2.3173901630002547,
    2.1158585009998205,
    2.1542658529997425
  ],
  "prusti-tests/tests/verify/pass/pure-fn/recursive-pure-fn.rs": [
    1.861266201000035,
    1.8409699459998592,
    1.8350189839998166,
    1.8433794249999664,
    1.8917880149997472,
    1.841745415999867,
    1.8382450670001163,
    1.839084357000047,
    1.9058024549999573,
    1.8515947310002048
  ],
  "prusti-tests/tests/verify/pass/pure-fn/ref-mut-arg.rs": [
    2.857739734000006,
    2.75736464099964,
    2.7305163800001537,
    2.874725448999925,
    2.742444862999946,
    2.7680435160000343,
    2.8448119829999996,
    2.763798000999941,
    2.7974618010002814,
    2.7566830929999924
  ],
  "prusti-tests/tests/verify/pass/rosetta/Ackermann_function.rs": [
    1.832740097000169,
    1.8356841149998218,
    1.8411796370000957,
    1.8856195630000911,
    1.860507116000008,
    1.8313153449998936,
    1.8572279969998817,
    1.8335996690002503,
    1.8475540550002734,
    1.8251521229999526
  ],
  "prusti-tests/tests/verify/pass/rosetta/Heapsort.rs": [
    9.69380053399982,
    9.601410812999802,
    9.550876474000233,
    9.47448360899989,
    9.56942452200019,
    9.62580978699998,
    9.78938233000008,
    9.441797084000427,
    9.449655257999893,
    9.42303862000017
  ]
}