{
  "prusti-tests/tests/verify/pass/rosetta/Knuth_shuffle.rs": [
    2.868396430999951,
    2.5411485100000846,
    2.2636758270000428,
    2.2329059300000154,
    2.286123826999983,
    2.391610533000062,
    2.3961448910000627,
    2.4457478859999355,
    2.460693847000016,
    2.3595031449999624
  ],
  "prusti-tests/tests/verify/pass/demos/account.rs": [
    2.138735407000013,
    2.209195617999967,
    2.1836290889999646,
    2.1516043770000124,
    2.1259599290000324,
    2.194502555000099,
    2.198910911999974,
    2.2170074439999325,
    2.1303783790000352,
    2.13489016799997
  ],
  "prusti-tests/tests/verify/pass/rosetta/Knights_tour.rs": [
    118.43476369299992,
    114.21998353200001,
    112.72373885800016,
    118.78513081999995,
    123.20788448999997,
    119.17756245499982,
    114.65180717800013,
    119.814612979,
    117.5649987669999,
    119.1553178019999
  ],
  "prusti-tests/tests/verify/pass/quick/fold-unfold.rs": [
    1.416617510999913,
    1.3275115779997577,
    1.3239876339998773,
    1.3220714789999874,
    1.2904204250003204,
    1.3102259799998137,
    1.3307468450002489,
    1.404968702000133,
    1.4940228489999754,
    1.4742958960000578
  ],
  "prusti-tests/tests/verify/pass/quick/moves.rs": [
    1.734367746999851,
    1.7219259869998496,
    1.7084027129999413,
    1.5839029120002124,
    1.5927619710000727,
    1.6114259139999376,
    1.5583235250001053,
    1.5497515130000465,
    1.6064343490002102,
    1.7122374939999645
  ],
  "prusti-tests/tests/verify/pass/quick/mut-borrows.rs": [
    3.167399064000165,
    3.139594605000184,
    3.1920475470001293,
    3.187146983000275,
    3.0240919640000357,
    3.1388651870001922,
    3.1466792880000867,
    3.1958100540000487,
    3.263342724999802,
    3.0344608259997585
  ],
  "prusti-tests/tests/verify/pass/quick/shared-borrows.rs": [
    1.966982293000001,
    1.9798262560002513,
    1.955685148000157,
    1.9780127250000987,
    2.063881222999953,
    1.9864325270000336,
    2.0069085899999664,
    1.98494482399974,
    2.0186685730000136,
    2.0787758460000987
  ],
  "prusti-tests/tests/verify/pass/quick/trait-contracts-refinement.rs": [
    1.872298690000207,
    1.8104002089999085,
    1.779941036999844,
    1.764370136999787,
    1.786904826999944,
    1.8740258490001906,
    1.8445127310001226,
    1.8683808329997191,
    1.865815399999974,
    1.7951069979999374
  ],
  "prusti-tests/tests/verify/pass/quick/routes.rs": [
    5.438517907999994,
    5.254997851000098,
    5.399313445000189,
    4.915431881000131,
    4.935419657999773,
    4.934928334000233,
    5.234425342000122,
    4.869016513000133,
    4.879264295000212,
    4.8823302860000695
  ],
  "prusti-tests/tests/verify/pass/quick/fibonacci.rs": [
    6.30526867799972,
    6.2147566700000425,
    6.241338560999793,
    6.215978257000188,
    6.209217222999996,
    6.204403003000152,
    6.253313198000342,
    6.477481075000014,
    6.369968775999951,
    6.385524368999995
  ],
  "prusti-tests/tests/verify/pass/pure-fn/len-lookup.rs": [
    3.9411287339999035,
    4.006977382999594,
    3.807204205000289,
    3.768968612000208,
    3.9725938360002147,
    4.109009295000305,
    3.6933616330002224,
    3.7438203840001734,
    3.6065652299998874,
    3.630961744999695
  ],
  "prusti-tests/tests/verify/pass/pure-fn/quantifiers.rs": [
    2.26018096100006,
    2.220204746000036,
    2.3568956099998104,
    2.3082678830000987,
    2.308004878999782,
    2.2689048740003273,
    2.2818864420000864,
    2.5003679569999804,
    2.5078471500000887,
    2.534377293000034
  ],
  "prusti-tests/tests/verify/pass/pure-fn/recursive-pure-fn.rs": [
    2.258613134999905,
    2.1025073199998587,
    2.0757168739996814,
    2.1825578520001727,
    2.0873351259997435,
    2.0652225429998907,
    2.1502972399998725,
    2.0999966910003423,
    2.142670285999884,
    2.1802528550001625
  ],
  "prusti-tests/tests/verify/pass/pure-fn/ref-mut-arg.rs": [
    3.009899230999963,
    2.9989868249999745,
    2.9227465620001567,
    2.9581065180000223,
    2.9891719960000955,
    2.8926278510002703,
    2.9542409509999743,
    2.9195126330000676,
    2.9913264589999926,
    2.9359421419999308
  ],
  "prusti-tests/tests/verify/pass/rosetta/Ackermann_function.rs": [
    2.0779887819999203,
    2.1368857400002526,
    2.169551361000231,
    2.129740442000184,
    2.262098145999971,
    2.2475086580002426,
    2.2492460940002275,
    2.2806763339999634,
    2.191334480000023,
    2.1455085899997357
  ],
  "prusti-tests/tests/verify/pass/rosetta/Heapsort.rs": [
    12.627907519000019,
    11.69821586099988,
    11.632637262000117,
    11.629290070000025,
    11.702149110999926,
    11.895506448000106,
    11.977224963000026,
    11.750965513999745,
    11.027613692000159,
    11.03112957600024
  ]
}