{
  "prusti-tests/tests/verify/pass/rosetta/Knuth_shuffle.rs": [
    2.4241529619999937,
    2.182941641999946,
    2.0350379870000097,
    2.12485029700008,
    2.1333377060000203,
    2.126716321999993,
    2.1362114459999475,
    1.9704786180000156,
    2.013692974000037,
    2.0678304690000004
  ],
  "prusti-tests/tests/verify/pass/demos/account.rs": [
    1.819025285000066,
    1.8262116329999571,
    1.8148580910000192,
    1.7970417679999855,
    1.7862587409999833,
    1.8190072890000692,
    1.7626342739999927,
    1.8399493550000443,
    1.7790655830000333,
    1.7451528160000862
  ],
  "prusti-tests/tests/verify/pass/rosetta/Knights_tour.rs": [
    107.90615310599992,
    105.81080024200003,
    107.83640093500003,
    108.097766439,
    107.72309118300018,
    108.32018902499999,
    107.66102851100004,
    108.27991197799997,
    111.76985371399996,
    108.502869078
  ],
  "prusti-tests/tests/verify/pass/quick/fold-unfold.rs": [
    1.1688832459999503,
    1.1540908500001024,
    1.1581237030000011,
    1.166211211000018,
    1.1668173179998576,
    1.1703363340000124,
    1.152600350000057,
    1.1578942189998997,
    1.1649327109998922,
    1.1811900229999992
  ],
  "prusti-tests/tests/verify/pass/quick/moves.rs": [
    1.4222382719999587,
    1.4007073919999584,
    1.394798135999963,
    1.4242620259999512,
    1.4040080579998175,
    1.4227933060001305,
    1.4252128380001068,
    1.420976315000189,
    1.4026601329999266,
    1.430812306000007
  ],
  "prusti-tests/tests/verify/pass/quick/mut-borrows.rs": [
    2.7994146870000804,
    2.834125841000059,
    2.837182639000048,
    2.8140011000000413,
    2.8258466800000406,
    2.859277613000131,
    2.8492286820001027,
    2.808150502999979,
    2.8438017689998105,
    2.842975438999929
  ],
  "prusti-tests/tests/verify/pass/quick/shared-borrows.rs": [
    1.8109215040001345,
    1.7848189930000444,
    1.7838556720000724,
    1.7579926739999792,
    1.7946425419997922,
    1.8102940789999593,
    1.7798284870000316,
    1.7960098009998546,
    1.7797461850000218,
    1.7853068079998593
  ],
  "prusti-tests/tests/verify/pass/quick/trait-contracts-refinement.rs": [
    1.6072102030000224,
    1.5529213939998954,
    1.5547907249999753,
    1.5574696700000459,
    1.5590193840000666,
    1.5194461250000586,
    1.5579294859999209,
    1.5567021649999333,
    1.5737031579999439,
    1.5282044599998699
  ],
  "prusti-tests/tests/verify/pass/quick/routes.rs": [
    5.1920833369999855,
    5.052255242000001,
    5.057813850999992,
    4.840897634999919,
    4.933428886999991,
    4.929715748999797,
    4.905870452999807,
    4.8369808079999075,
    4.877527117,
    4.866050137000002
  ],
  "prusti-tests/tests/verify/pass/quick/fibonacci.rs": [
    6.183061447,
    6.200902566000195,
    6.172507527000107,
    6.207991923000009,
    6.408121776999906,
    6.177529784999933,
    6.166376158000048,
    6.2175686810001025,
    6.240563600999849,
    6.209080210000138
  ],
  "prusti-tests/tests/verify/pass/pure-fn/len-lookup.rs": [
    3.567941185000109,
    3.560310952999771,
    3.525223990000086,
    3.529152291000173,
    3.54142137000008,
    3.575093978000041,
    3.537486299000193,
    3.5352996609999536,
    3.5552747430001546,
    3.517977463999614
  ],
  "prusti-tests/tests/verify/pass/pure-fn/quantifiers.rs": [
    2.276748624999982,
    2.188625917999616,
    2.236676752999756,
    2.2072931319999043,
    2.358825205999892,
    2.1769415999997364,
    2.2637118100001317,
    2.226843774000372,
    2.3049130960002913,
    2.4682795290000286
  ],
  "prusti-tests/tests/verify/pass/pure-fn/recursive-pure-fn.rs": [
    2.11393496699975,
    2.158151423000163,
    2.095199871999739,
    2.136754622999888,
    2.287523622000208,
    2.086461456000052,
    2.1725089040000967,
    2.1879120509997847,
    2.286727911000071,
    2.1257673330001126
  ],
  "prusti-tests/tests/verify/pass/pure-fn/ref-mut-arg.rs": [
    2.5257773599996654,
    2.6891714779999347,
    2.576442627000233,
    2.7809538129999964,
    2.732596084999841,
    2.6645417790000465,
    2.6650540400000864,
    2.5998311359999207,
    2.712830664000194,
    2.7344119180002053
  ],
  "prusti-tests/tests/verify/pass/rosetta/Ackermann_function.rs": [
    2.176636129000144,
    2.0861595899996246,
    2.1541510209999615,
    2.1112510160000966,
    2.0892094549999456,
    2.15213718699988,
    2.10418684699971,
    2.163874388000295,
    2.08820369499972,
    2.198302845999933
  ],
  "prusti-tests/tests/verify/pass/rosetta/Heapsort.rs": [
    10.86669446399992,
    10.797573579000073,
    10.707354364999901,
    10.641426948999651,
    10.85660175799967,
    10.685916367999653,
    10.549778505000177,
    10.640957638000145,
    10.557838018999973,
    10.819676173999596
  ]
}