{
  "prusti-tests/tests/verify/pass/rosetta/Knuth_shuffle.rs": [
    2.219952688000035,
    2.115361294000081,
    1.939192781000088,
    2.0528371540000308,
    1.9169483560000344,
    1.9847114030000057,
    1.9278557920000594,
    1.8328101780000452,
    1.9077432080000563,
    1.9223342419999199
  ],
  "prusti-tests/tests/verify/pass/demos/account.rs": [
    1.8319962800001122,
    1.8287410169999703,
    1.726382656999931,
    1.7658657129999256,
    1.719446214999948,
    1.7338286899999957,
    1.7403841149999835,
    1.7511684209999885,
    1.7663069349999887,
    1.7124734410000428
  ],
  "prusti-tests/tests/verify/pass/rosetta/Knights_tour.rs": [
    107.45105335899996,
    108.28837209000005,
    103.375735921,
    106.75923910799997,
    105.38471973999981,
    103.93299984200007,
    109.44203329599986,
    107.57638205099988,
    101.59159171800002,
    104.64650704100018
  ],
  "prusti-tests/tests/verify/pass/quick/fold-unfold.rs": [
    1.1795870230000673,
    1.122067928999968,
    1.1207054039998638,
    1.1498539630001687,
    1.1108176499999445,
    1.1165095579999615,
    1.1537284670000645,
    1.1290291959999195,
    1.1996516409999458,
    1.200085448999971
  ],
  "prusti-tests/tests/verify/pass/quick/moves.rs": [
    1.4456977259999348,
    1.3635215629999493,
    1.3838759509999363,
    1.3476091600000473,
    1.4091118310000184,
    1.3927932210001472,
    1.4116954539999824,
    1.4161404189999303,
    1.4193183800000497,
    1.378959112000075
  ],
  "prusti-tests/tests/verify/pass/quick/mut-borrows.rs": [
    2.761810598000011,
    2.8110460779998903,
    2.8135640299999523,
    2.7881038479999916,
    2.775816948000056,
    2.692873969999937,
    2.7322660240001824,
    2.803812612999991,
    2.849937190999981,
    2.7936844209998526
  ],
  "prusti-tests/tests/verify/pass/quick/shared-borrows.rs": [
    1.8071771280001485,
    1.7892417870000372,
    1.7281981239998458,
    1.734002634000035,
    1.7034451389999958,
    1.7292481290000978,
    1.7338281159998132,
    1.7971601230001397,
    1.7644176000001153,
    1.7580050799999754
  ],
  "prusti-tests/tests/verify/pass/quick/trait-contracts-refinement.rs": [
    1.557336358000157,
    1.4759478080000008,
    1.5055684719998226,
    1.4344909249998636,
    1.4856192229999579,
    1.5763483529999576,
    1.4761179419999735,
    1.6188364629999796,
    1.4759746390000146,
    1.5658810970001014
  ],
  "prusti-tests/tests/verify/pass/quick/routes.rs": [
    5.161744413999941,
    4.8650089570001,
    4.800715636999939,
    4.806639454000106,
    4.810274131999904,
    4.720227983000086,
    5.022747343999981,
    4.874817841000095,
    4.834613971999943,
    4.857854942999893
  ],
  "prusti-tests/tests/verify/pass/quick/fibonacci.rs": [
    6.2548588900001505,
    6.0955148410000675,
    6.091344117000062,
    6.277123384000106,
    6.07179621399996,
    6.283991164000099,
    6.1838473600000725,
    5.954371482999932,
    6.020318743999951,
    6.149898960999963
  ],
  "prusti-tests/tests/verify/pass/pure-fn/len-lookup.rs": [
    3.528624961000105,
    3.536763503999964,
    3.4630698539999685,
    3.4720421679999163,
    3.7416456749999725,
    3.4641805119999844,
    3.423530231999848,
    3.546058412000093,
    3.4725569470001574,
    3.369660235000083
  ],
  "prusti-tests/tests/verify/pass/pure-fn/quantifiers.rs": [
    2.0719964190000155,
    2.1573885899999823,
    2.220395488999884,
    2.144254232000094,
    2.113488254999993,
    2.1862299189999703,
    2.2775028870000824,
    2.0835754450001787,
    2.210362251000106,
    2.3791517510001086
  ],
  "prusti-tests/tests/verify/pass/pure-fn/recursive-pure-fn.rs": [
    2.1533872429999974,
    2.1066677569999683,
    2.0555753890000688,
    2.2951521429999957,
    2.0417256999999154,
    2.024573270999781,
    2.08471822599995,
    2.0744143840001925,
    2.3122279970002637,
    2.079463758000202
  ],
  "prusti-tests/tests/verify/pass/pure-fn/ref-mut-arg.rs": [
    2.709722176000014,
    2.605114864999905,
    2.639687223999772,
    2.6153909699996802,
    2.7409335980000833,
    2.6407172750000427,
    2.6282104699998854,
    2.4755652899998495,
    2.5702548189997287,
    2.525660804999916
  ],
  "prusti-tests/tests/verify/pass/rosetta/Ackermann_function.rs": [
    1.9355094940001436,
    2.2226944320000257,
    2.0853995809998196,
    2.0402370079996217,
    2.086343432999911,
    1.9726415380000617,
    2.0236639200002173,
    2.2085090479999963,
    2.0750035139999454,
    1.9981232459999774
  ],
  "prusti-tests/tests/verify/pass/rosetta/Heapsort.rs": [
    10.847750916000223,
    10.436989874000119,
    10.528211987999839,
    10.555963309999697,
    10.539577537000241,
    10.589306539000063,
    10.683938157999819,
    10.61406884600001,
    10.240482374999829,
    10.64205161100017
  ]
}