{
  "prusti-tests/tests/verify/pass/rosetta/Knuth_shuffle.rs": [
    2.4236539749999793,
    2.098785669999984,
    2.083267703000047,
    2.0773258980000264,
    2.0660397170000806,
    1.9989514469999676,
    1.939886085000012,
    1.9871366959999932,
    1.965046007000069,
    1.9468136640000466
  ],
  "prusti-tests/tests/verify/pass/demos/account.rs": [
    0.8666925410000204,
    0.9046782820000772,
    0.8250003250000191,
    0.9064315589999978,
    0.809905136999987,
    0.8596545079999487,
    0.8947092480000265,
    0.8354731660000425,
    0.867320081999992,
    0.8193516389999331
  ],
  "prusti-tests/tests/verify/pass/rosetta/Knights_tour.rs": [
    116.02424819599992,
    117.79413917199986,
    114.96301754299998,
    116.87587561400005,
    121.59955728199998,
    114.19405645699999,
    115.00079318299981,
    113.01103779799996,
    116.36512040499997,
    116.99985212499996
  ],
  "prusti-tests/tests/verify/pass/quick/fold-unfold.rs": [
    0.6189733870000964,
    0.6162224099998639,
    0.6078216619998784,
    0.5868063479997545,
    0.6455448689998775,
    0.5847833440002432,
    0.5963970150000932,
    0.5902764980000939,
    0.6258897879997676,
    0.6117258609997407
  ],
  "prusti-tests/tests/verify/pass/quick/moves.rs": [
    0.6679423259997748,
    0.6142739169999913,
    0.5938207559997863,
    0.5820076650002193,
    0.6223913349999748,
    0.635850992000087,
    0.6004815670003154,
    0.5831841419999364,
    0.630883853999876,
    0.5838981140000215
  ],
  "prusti-tests/tests/verify/pass/quick/mut-borrows.rs": [
    1.0140538149998974,
    0.9478845390003698,
    0.9662510920002205,
    1.0155779690003328,
    0.9267612080002436,
    0.9122132390002662,
    0.96806896399994,
    0.9239678190001541,
    0.905965507000019,
    1.0095176210002137
  ],
  "prusti-tests/tests/verify/pass/quick/shared-borrows.rs": [
    0.6546351330002835,
    0.6654382199999418,
    0.6700101790002009,
    0.7152106240000649,
    0.693975188999957,
    0.6628561600000467,
    0.6568036230000871,
    0.6996060040000884,
    0.6643810489999851,
    0.620061276999877
  ],
  "prusti-tests/tests/verify/pass/quick/trait-contracts-refinement.rs": [
    0.9898402950002492,
    0.943919360000109,
    0.9057525080002051,
    0.9080124359998081,
    0.949869660999866,
    0.8731154150000293,
    0.9012067469998328,
    0.942851249999876,
    0.9177476169998044,
    0.8882730410000477
  ],
  "prusti-tests/tests/verify/pass/quick/routes.rs": [
    2.976047233999907,
    2.5514550610000697,
    2.3975912079999944,
    2.4446860480002215,
    2.2937112240001625,
    2.544560752999587,
    2.354653098000199,
    2.425353829999949,
    2.3278119070000685,
    2.21585548999974
  ],
  "prusti-tests/tests/verify/pass/quick/fibonacci.rs": [
    2.2392883419997816,
    2.3535792789998595,
    2.3962553559999833,
    2.2512830179998673,
    2.526244380999742,
    2.384639217000313,
    2.587512893999701,
    2.449996112000008,
    2.499430936999943,
    2.515094194000085
  ],
  "prusti-tests/tests/verify/pass/pure-fn/len-lookup.rs": [
    1.0935303460000796,
    1.0523999960000765,
    1.0713904120002553,
    1.0628755749999073,
    1.0758634009998786,
    1.0379326729998866,
    1.1530388920000405,
    1.0591272130000107,
    1.0954290770000625,
    1.042233706999923
  ],
  "prusti-tests/tests/verify/pass/pure-fn/quantifiers.rs": [
    0.9370374869999978,
    0.9999336860000767,
    0.8894310369996674,
    0.9347652100000232,
    0.9920079859998623,
    0.891231118000178,
    0.8921379099997466,
    0.9098882009998306,
    0.9686716309997792,
    0.8950516520003475
  ],
  "prusti-tests/tests/verify/pass/pure-fn/recursive-pure-fn.rs": [
    0.742782735000219,
    0.7811418100000083,
    0.8027823960001115,
    0.7167525059999207,
    0.7113060560000122,
    0.7060306220000712,
    0.7770291940000789,
    0.6931876250000641,
    0.6821211070000572,
    0.7052343420000398
  ],
  "prusti-tests/tests/verify/pass/pure-fn/ref-mut-arg.rs": [
    0.8896629219998431,
    0.9911080349997974,
    0.9165954139998576,
    0.8993174710003586,
    1.0045961969999553,
    0.888232651999715,
    0.9100548540000091,
    0.9810194169999704,
    0.9552469129998826,
    0.9547198419995766
  ],
  "prusti-tests/tests/verify/pass/rosetta/Ackermann_function.rs": [
    1.0768350650000684,
    1.1199483159998636,
    0.9936697729999651,
    1.0078405029998976,
    1.1254531710001174,
    1.0041938340000343,
    1.049706822999724,
    1.0837627529999736,
    0.9734893259997079,
    0.9725950359998023
  ],
  "prusti-tests/tests/verify/pass/rosetta/Heapsort.rs": [
    6.95319442500022,
    7.0185446250002315,
    6.943491514000016,
    6.9299080929999946,
    7.27693742800011,
    6.9703259660000185,
    6.8907951969999885,
    7.267495205000159,
    6.930549088999669,
    6.996117600999696
  ]
}