{
  "prusti-tests/tests/verify/pass/rosetta/Knuth_shuffle.rs": [
    2.360629008999922,
    2.0880642649999572,
    1.9992052180000428,
    2.0080304119999255,
    1.9793912439999986,
    1.9703679650001504,
    1.9539054799997757,
    1.9711630739998327,
    1.9754252380000707,
    1.9441324350000286
  ],
  "prusti-tests/tests/verify/pass/demos/account.rs": [
    1.8223381930001779,
    1.8167587549999098,
    1.8114818090000426,
    1.821824746999937,
    1.8023641340000722,
    1.8175786009999229,
    1.8065791810001883,
    1.8207479400000466,
    1.7996390979999433,
    1.835579972000005
  ],
  "prusti-tests/tests/verify/pass/rosetta/Knights_tour.rs": [
    103.18924830399988,
    103.83742662000009,
    103.92298308799991,
    103.57140768399995,
    102.8601071449998,
    103.24306063799986,
    106.44753898500016,
    107.14869504300032,
    105.10739466199993,
    105.56461329700005
  ],
  "prusti-tests/tests/verify/pass/quick/fold-unfold.rs": [
    1.2102911720003249,
    1.1983224390000942,
    1.2031086930001038,
    1.2163754399998652,
    1.1913955619997978,
    1.2007511669999076,
    1.2007900209996478,
    1.1944271519996619,
    1.2204904459999852,
    1.2097376240003541
  ],
  "prusti-tests/tests/verify/pass/quick/moves.rs": [
    1.4463356890000796,
    1.4683730370002195,
    1.4569433619999472,
    1.4607729680001285,
    1.4611611720001747,
    1.4605991660000655,
    1.4664505309997367,
    1.471486666999681,
    1.4450804299999618,
    1.4528869170003418
  ],
  "prusti-tests/tests/verify/pass/quick/mut-borrows.rs": [
    2.861844246000146,
    2.8672305950003647,
    2.8590721880000274,
    2.862233923000076,
    2.8479352039998957,
    2.8702191389998006,
    2.8387899699996524,
    2.857938008000019,
    2.8560217819999707,
    2.8388167709999834
  ],
  "prusti-tests/tests/verify/pass/quick/shared-borrows.rs": [
    1.805771017999632,
    1.8106044269998165,
    1.822472555999866,
    1.8173047000000224,
    1.8192003840003963,
    1.809182831000271,
    1.819830047999858,
    1.8169932159999007,
    1.8161219779999556,
    1.8181314850003218
  ],
  "prusti-tests/tests/verify/pass/quick/trait-contracts-refinement.rs": [
    1.6319976699996914,
    1.6026198509998721,
    1.609920331000012,
    1.5724357160002,
    1.579137062999962,
    1.5862402399998246,
    1.57303779699987,
    1.592162303999885,
    1.5954271919999883,
    1.5820343289997254
  ],
  "prusti-tests/tests/verify/pass/quick/routes.rs": [
    4.715954356000111,
    4.453471680999883,
    4.336652559999948,
    4.309697570000026,
    4.294139968000309,
    4.318701440000041,
    4.321332428999995,
    4.310855091999656,
    4.303177926999979,
    4.2973524070002895
  ],
  "prusti-tests/tests/verify/pass/quick/fibonacci.rs": [
    5.751067898999736,
    5.76871399699985,
    5.704599962999964,
    5.747346451999874,
    5.715772622999793,
    5.707705647000239,
    5.718296848000136,
    5.725017113999911,
    5.703704390999974,
    5.691810658000122
  ],
  "prusti-tests/tests/verify/pass/pure-fn/len-lookup.rs": [
    3.2695794979999846,
    3.300634817000173,
    3.258289418000004,
    3.2636420460003137,
    3.2597324029998163,
    3.244185868999921,
    3.251251103999948,
    3.2560126640000817,
    3.2425547500001812,
    3.26647560299989
  ],
  "prusti-tests/tests/verify/pass/pure-fn/quantifiers.rs": [
    2.004156410000178,
    1.9835721449999255,
    1.9849951599999258,
    1.9851972619999287,
    1.9756879920000756,
    1.969775559000027,
    1.9815672839999934,
    1.9612726689997544,
    1.970402163000017,
    1.993736538000121
  ],
  "prusti-tests/tests/verify/pass/pure-fn/recursive-pure-fn.rs": [
    1.7634209420002662,
    1.7671651810001094,
    1.7671929440002714,
    1.7678262949998498,
    1.7617684319998261,
    1.757894589999978,
    1.7776301999997486,
    1.7596237070001735,
    1.753688344999773,
    1.753956847000154
  ],
  "prusti-tests/tests/verify/pass/pure-fn/ref-mut-arg.rs": [
    2.595080041000074,
    2.5892457939999076,
    2.5818489210000735,
    2.5770521700001154,
    2.587642828999833,
    2.5951042110000344,
    2.597455534999881,
    2.5767157929999485,
    2.5928515709997555,
    2.5923558649997176
  ],
  "prusti-tests/tests/verify/pass/rosetta/Ackermann_function.rs": [
    1.8235431769999195,
    1.7842926129997068,
    1.7807842750003147,
    1.7768060339999465,
    1.7802139699997497,
    1.776938364000216,
    1.7735928409997541,
    1.7919034349997673,
    1.8032545549999668,
    1.7778693860000203
  ],
  "prusti-tests/tests/verify/pass/rosetta/Heapsort.rs": [
    10.638750085000083,
    10.503582366000046,
    10.561004294000213,
    10.527247075000105,
    10.470129482000175,
    10.513269281000248,
    10.490294881999944,
    10.480738187000043,
    10.531646628999624,
    10.47676708300014
  ]
}