{
  "prusti-tests/tests/verify/pass/rosetta/Knuth_shuffle.rs": [
    2.173067392000121,
    1.8314838969999983,
    1.8288599170000452,
    1.8036567159999777,
    1.7832705680000345,
    1.7956044709999333,
    1.7957502690001093,
    1.78738063600008,
    1.8063126980000561,
    1.76717371299992
  ],
  "prusti-tests/tests/verify/pass/demos/account.rs": [
    1.6322190819998923,
    1.6277657160001127,
    1.600228134999952,
    1.613446513999861,
    1.6147075029998632,
    1.6278681979999874,
    1.6044689840000501,
    1.6187397710000369,
    1.6051718819999223,
    1.5946363660000316
  ],
  "prusti-tests/tests/verify/pass/rosetta/Knights_tour.rs": [
    99.21152452599995,
    99.07919277199994,
    100.65999215500005,
    100.73484268600009,
    101.63973474,
    103.25398961600013,
    97.96973655199986,
    101.39535142799969,
    100.8564535380001,
    96.8813270300002
  ],
  "prusti-tests/tests/verify/pass/quick/fold-unfold.rs": [
    1.095888228000149,
    1.097278617000029,
    1.0959046279999711,
    1.0914891630000056,
    1.0944192429997202,
    1.0912592690001475,
    1.0913466680003694,
    1.083326832000239,
    1.1058037519997015,
    1.1075802380000823
  ],
  "prusti-tests/tests/verify/pass/quick/moves.rs": [
    1.320856530999663,
    1.3343117129998063,
    1.3177106449998064,
    1.3193298319997666,
    1.3172119490000114,
    1.332275627999934,
    1.3138330759998098,
    1.3256087890003982,
    1.3454633309997917,
    1.328135869000107
  ],
  "prusti-tests/tests/verify/pass/quick/mut-borrows.rs": [
    2.5891733759999624,
    2.5742404120001083,
    2.576144420000219,
    2.5967738549998103,
    2.5870196289997693,
    2.573209727000176,
    2.5758600050003224,
    2.579783088000113,
    2.5932134419999784,
    2.5663504560002366
  ],
  "prusti-tests/tests/verify/pass/quick/shared-borrows.rs": [
    1.6358355680004024,
    1.6317208829996162,
    1.632555162999779,
    1.6431137780000427,
    1.6423699839997425,
    1.6321062669999264,
    1.6330199620001622,
    1.6477674449997721,
    1.6487241380000341,
    1.647999443000117
  ],
  "prusti-tests/tests/verify/pass/quick/trait-contracts-refinement.rs": [
    1.5002628229999573,
    1.4501611569999113,
    1.4413615450002908,
    1.4342370009999286,
    1.444508718999714,
    1.432518815000094,
    1.4455574049998177,
    1.4517264080000132,
    1.430504977000055,
    1.4280266969999502
  ],
  "prusti-tests/tests/verify/pass/quick/routes.rs": [
    4.260491043999991,
    4.089156320999791,
    3.9461568779997833,
    3.919877282000016,
    3.924044386999867,
    3.9122779999997874,
    3.902993830000014,
    3.9560679340002025,
    3.9541733879996173,
    3.9920082160001584
  ],
  "prusti-tests/tests/verify/pass/quick/fibonacci.rs": [
    5.101699495999583,
    5.118294421999963,
    5.03117380499998,
    4.921148623000136,
    4.953473019000285,
    4.915240857999834,
    4.914569904000018,
    4.8983382349997555,
    4.913451191000149,
    4.903395163999903
  ],
  "prusti-tests/tests/verify/pass/pure-fn/len-lookup.rs": [
    2.857531389000087,
    2.870539339000061,
    2.8605836169999748,
    2.8551184599996304,
    2.866653968999799,
    2.8780062790001466,
    2.8772727830000804,
    2.8540395679997346,
    2.866352370000186,
    2.8782695760000934
  ],
  "prusti-tests/tests/verify/pass/pure-fn/quantifiers.rs": [
    1.7677919819998351,
    1.7530995980000625,
    1.7328133589999197,
    1.7438149360000352,
    1.7435724470001333,
    1.731974338999862,
    1.7429356510001526,
    1.7292759390002175,
    1.7394707009998456,
    1.7738144280001507
  ],
  "prusti-tests/tests/verify/pass/pure-fn/recursive-pure-fn.rs": [
    1.5635379970003669,
    1.5464660319998984,
    1.551900790000218,
    1.549231012999826,
    1.5642347940001855,
    1.5782208829996307,
    1.5767185950003295,
    1.5817635559997143,
    1.5781995849997656,
    1.5696381520001523
  ],
  "prusti-tests/tests/verify/pass/pure-fn/ref-mut-arg.rs": [
    2.2935308119999718,
    2.303705828999682,
    2.268557602000328,
    2.285935064000114,
    2.2980932669997856,
    2.309165503999793,
    2.30714253799988,
    2.2934662459997526,
    2.3001179899997624,
    2.280252421000114
  ],
  "prusti-tests/tests/verify/pass/rosetta/Ackermann_function.rs": [
    1.622960232999958,
    1.6056131699997422,
    1.6144059000002926,
    1.611605922000308,
    1.6030973899996752,
    1.6052269729998443,
    1.6180676710000625,
    1.6051927739999883,
    1.613479304000066,
    1.6054925660000663
  ],
  "prusti-tests/tests/verify/pass/rosetta/Heapsort.rs": [
    9.10171771100022,
    9.025257885999963,
    9.04239735300007,
    9.046931571999721,
    8.984413438000047,
    8.964989616999901,
    8.994401005999862,
    8.962273019999884,
    9.002938692000043,
    9.014955485999963
  ]
}