{
  "prusti-tests/tests/verify/pass/rosetta/Knuth_shuffle.rs": [
    3.4401466909999954,
    0.4248492649999207,
    0.41757145200006107,
    0.4231028609999612,
    0.4335427810000283,
    0.4412488939999548,
    0.42731346899995515,
    0.42625076699994224,
    0.4198870550000038,
    0.41986055600000327
  ],
  "prusti-tests/tests/verify/pass/demos/account.rs": [
    2.8538632359999383,
    0.14403095900001972,
    0.14444735999995828,
    0.14546436200009794,
    0.14910076799992567,
    0.15656558199998472,
    0.15560997999989468,
    0.1489160679999486,
    0.14301155699990886,
    0.14563696200002596
  ],
  "prusti-tests/tests/verify/pass/rosetta/Knights_tour.rs": [
    137.97566665,
    3.0573822280000513,
    3.0809372610001446,
    3.09796904000018,
    3.141246615,
    3.1040698039998915,
    3.0751063200000317,
    3.092491848999998,
    3.09513813500007,
    3.1048107560000062
  ],
  "prusti-tests/tests/verify/pass/quick/fold-unfold.rs": [
    1.5252295289999438,
    0.11176880000016354,
    0.11644170799991116,
    0.11249940200013953,
    0.11701980599991657,
    0.11311409900008584,
    0.11310739900000044,
    0.11327259900008357,
    0.11420600100018419,
    0.11056859499990424
  ],
  "prusti-tests/tests/verify/pass/quick/moves.rs": [
    1.8274031169999034,
    0.11024169400002393,
    0.10685398800001167,
    0.10778949000018656,
    0.10916189199997461,
    0.10657768700002634,
    0.10716078900009052,
    0.10796419000007518,
    0.10547528600000078,
    0.10978939300002821
  ],
  "prusti-tests/tests/verify/pass/quick/mut-borrows.rs": [
    3.6544212329999937,
    0.18153371900007187,
    0.18426742400015428,
    0.18370322400005534,
    0.18724532900000668,
    0.18560062900019147,
    0.18340412899988223,
    0.18332322800006295,
    0.18638303499983522,
    0.191213641999866
  ],
  "prusti-tests/tests/verify/pass/quick/shared-borrows.rs": [
    2.287005299000157,
    0.10828759399987575,
    0.10816219399998772,
    0.11143199999992248,
    0.10749649300009878,
    0.10806509400003961,
    0.11706421000008049,
    0.10752649300002304,
    0.10421208699995077,
    0.11100059900013548
  ],
  "prusti-tests/tests/verify/pass/quick/trait-contracts-refinement.rs": [
    2.175437699999975,
    0.162217789999886,
    0.16275899099991875,
    0.16182999099987683,
    0.1608790880000015,
    0.1633012930001314,
    0.16341519299999163,
    0.16307099200002995,
    0.16459549499995774,
    0.1603027869998641
  ],
  "prusti-tests/tests/verify/pass/quick/routes.rs": [
    6.517160641999908,
    0.406233057999998,
    0.4076430610000443,
    0.40686286000004657,
    0.4073277600000438,
    0.40771945200003756,
    0.4255215779999162,
    0.4042300389999127,
    0.40391063799984295,
    0.4002176320000217
  ],
  "prusti-tests/tests/verify/pass/quick/fibonacci.rs": [
    0.4400824049998846,
    0.44385101100010615,
    0.44456891200002246,
    0.4481317190000027,
    0.4505370240001412,
    0.44737711799984936,
    0.4509590239999852,
    0.44529371400017226,
    0.4595700400000169,
    0.43889650200003416
  ],
  "prusti-tests/tests/verify/pass/pure-fn/len-lookup.rs": [
    4.478924745000086,
    0.25196836600002825,
    0.24861555899997256,
    0.25291716800006725,
    0.24811595899996064,
    0.2505129629998919,
    0.25930797899991376,
    0.26422428899991246,
    0.2592667789999723,
    0.2475281580000228
  ],
  "prusti-tests/tests/verify/pass/pure-fn/quantifiers.rs": [
    3.0545906689999356,
    0.3626509389998773,
    0.22500225799990403,
    0.23042446999988897,
    0.22282995399996253,
    0.21719294200011063,
    0.21920144699993216,
    0.22595555999987482,
    0.22437885699991966,
    0.2190608460000476
  ],
  "prusti-tests/tests/verify/pass/pure-fn/recursive-pure-fn.rs": [
    2.4399630689999867,
    0.19141808900008073,
    0.17179145000000062,
    0.17060064699990107,
    0.17809706299999561,
    0.17549155799997607,
    0.17274265199989713,
    0.17174984999996923,
    0.17063264700004765,
    0.17166704900000695
  ],
  "prusti-tests/tests/verify/pass/pure-fn/ref-mut-arg.rs": [
    3.718010270999912,
    0.22520709199989142,
    0.2229678880000847,
    0.22663139400015098,
    0.23498580899990884,
    0.22144068500006142,
    0.2159521759999734,
    0.21883478099994136,
    0.22055078299990782,
    0.2245257900001434
  ],
  "prusti-tests/tests/verify/pass/rosetta/Ackermann_function.rs": [
    2.456157272000155,
    0.26333165799997005,
    0.26565306199995575,
    0.26986886899999263,
    0.2673212649999641,
    0.2689516670000103,
    0.2638731619999817,
    0.2654741730000296,
    0.26125546599996596,
    0.275849191999896
  ],
  "prusti-tests/tests/verify/pass/rosetta/Heapsort.rs": [
    14.665102313000034,
    1.3012715079998998,
    1.2666694279998865,
    1.265548926000065,
    1.280570248999993,
    1.2829152520000662,
    1.2524787429999833,
    1.2840240040000026,
    1.2871357100000296,
    1.2715261810001266
  ]
}