{
  "prusti-tests/tests/verify/pass/rosetta/Knuth_shuffle.rs": [
    3.54031942000006,
    0.45583181400002104,
    0.4179680390000158,
    0.4354577200000449,
    0.4213127540000414,
    0.43237010499990447,
    0.41912564400001884,
    0.42120235400000183,
    0.4294420920000448,
    0.4439388590000135
  ],
  "prusti-tests/tests/verify/pass/demos/account.rs": [
    2.834106537000025,
    0.16089244099998723,
    0.1597477359999857,
    0.1476275809999379,
    0.1454157699999996,
    0.14522206900005585,
    0.14880518599989045,
    0.14541246999999657,
    0.15767622700002448,
    0.15155699900003583
  ],
  "prusti-tests/tests/verify/pass/rosetta/Knights_tour.rs": [
    135.42616335599996,
    3.0753923439999653,
    3.130106276000106,
    3.1437515359998542,
    3.185612593000087,
    3.081415505999985,
    3.0908291230000486,
    3.127541521000012,
    3.08407899000008,
    3.0620550440000898
  ],
  "prusti-tests/tests/verify/pass/quick/fold-unfold.rs": [
    1.4701931440001772,
    0.11275152199982585,
    0.11379152900008194,
    0.11090820799995527,
    0.11694215200009239,
    0.11420183299992459,
    0.11872116499989716,
    0.1171769550001045,
    0.11536644100010562,
    0.11274312099999406
  ],
  "prusti-tests/tests/verify/pass/quick/moves.rs": [
    1.762819448999835,
    0.1049421650000113,
    0.10639587600007872,
    0.10544646900007137,
    0.10874029299998256,
    0.1069217789997765,
    0.1033213529999557,
    0.10141953900006229,
    0.1052766679999877,
    0.10616427399986605
  ],
  "prusti-tests/tests/verify/pass/quick/mut-borrows.rs": [
    3.5818327940000927,
    0.18889195199994901,
    0.17784760799986543,
    0.1834149310000157,
    0.19435817399994448,
    0.181687323999995,
    0.1796606159998646,
    0.18481513599999744,
    0.18667564300017148,
    0.1824331269999675
  ],
  "prusti-tests/tests/verify/pass/quick/shared-borrows.rs": [
    2.2006853640000372,
    0.10961903599991274,
    0.10736452700007248,
    0.11412295400009498,
    0.10807623000005151,
    0.11388265400000819,
    0.1117936450000343,
    0.10966833599991332,
    0.1108643409997967,
    0.11446305499998743
  ],
  "prusti-tests/tests/verify/pass/quick/trait-contracts-refinement.rs": [
    2.224823860000015,
    0.1712093820001428,
    0.1677993680000327,
    0.1797132149999925,
    0.17619680100006008,
    0.16599822100010897,
    0.16528039300010278,
    0.16291888500018104,
    0.16280978500003584,
    0.1625168840000697
  ],
  "prusti-tests/tests/verify/pass/quick/routes.rs": [
    6.909695113999987,
    0.43423985900017215,
    0.39759382500005813,
    0.39355451100004757,
    0.40716445999987627,
    0.41639159299984385,
    0.41412018400001216,
    0.41655359300011696,
    0.4306684440000481,
    0.44424499199999445
  ],
  "prusti-tests/tests/verify/pass/quick/fibonacci.rs": [
    0.48812124900018716,
    0.5067001160000473,
    0.45852754300017295,
    0.43858017200000177,
    0.4399053769998318,
    0.4505101150000428,
    0.43393825499993,
    0.4439856910000799,
    0.44969991199991455,
    0.4703790859998662
  ],
  "prusti-tests/tests/verify/pass/pure-fn/len-lookup.rs": [
    4.654353217000107,
    0.259800149000057,
    0.25854934499989213,
    0.26151305400003366,
    0.2621402559998387,
    0.2540384300000369,
    0.25292602700005773,
    0.253882429999976,
    0.2618447560000732,
    0.25894284600008177
  ],
  "prusti-tests/tests/verify/pass/pure-fn/quantifiers.rs": [
    3.051503939999975,
    0.22573362200000702,
    0.24204967500008934,
    0.2247424189999947,
    0.2291224330001569,
    0.2257832220000182,
    0.2287829319998309,
    0.23443735000000743,
    0.2358533560000069,
    0.23177684200004478
  ],
  "prusti-tests/tests/verify/pass/pure-fn/recursive-pure-fn.rs": [
    2.485637558999997,
    0.17279285299991898,
    0.17507946099999572,
    0.17531066200012901,
    0.17504766000001837,
    0.18210618300008719,
    0.18246148399998674,
    0.18241458400007105,
    0.18032057699997495,
    0.18265009199990345
  ],
  "prusti-tests/tests/verify/pass/pure-fn/ref-mut-arg.rs": [
    3.8571529159999045,
    0.2233373249998749,
    0.2262382339999931,
    0.22714103700013766,
    0.23270635499989112,
    0.23866867399988223,
    0.2321260539999912,
    0.2422779860000901,
    0.2535082220001641,
    0.22405472700006612
  ],
  "prusti-tests/tests/verify/pass/rosetta/Ackermann_function.rs": [
    2.439870287999838,
    0.2818343249998634,
    0.27655842800004393,
    0.27697152799987634,
    0.29075712000008025,
    0.28158872500011967,
    0.28922882100005154,
    0.26802573400004803,
    0.27885502699996323,
    0.2741338299999825
  ],
  "prusti-tests/tests/verify/pass/rosetta/Heapsort.rs": [
    15.407573333000073,
    1.3802609120000398,
    1.3239201269998375,
    1.4172113319998516,
    1.326774635999982,
    1.3142378560000907,
    1.32607966400019,
    1.340675395000062,
    1.3431836999998268,
    1.3037276160000602
  ]
}