{
  "prusti-tests/tests/verify/pass/rosetta/Knuth_shuffle.rs": [
    2.3587911260000283,
    2.1761989640000365,
    2.0858893210000815,
    2.0160351810000066,
    2.0168698090000134,
    1.9885062619999871,
    1.9802530389999902,
    1.9849318220000214,
    1.9813860839999506,
    1.9647633769999402
  ],
  "prusti-tests/tests/verify/pass/demos/account.rs": [
    0.9898391309999397,
    0.9739373070000283,
    0.8946671969999898,
    0.8529174599999578,
    0.8846543029999339,
    0.8784236559999954,
    0.9043557730000202,
    0.822107347000042,
    0.8879058280000436,
    0.8723094160000073
  ]
}