{
  "prusti-tests/tests/verify/pass/rosetta/Knuth_shuffle.rs": [
    2.18242052100004,
    2.0190978859999404,
    1.963962926000022,
    1.979829814000027,
    1.991149547999953,
    1.9942247609999413,
    1.946234344000004,
    1.9634909469999684,
    1.9364268279999806,
    1.9333826060000092
  ],
  "prusti-tests/tests/verify/pass/demos/account.rs": [
    1.7054471650000096,
    1.7308119639999404,
    1.7088211039999806,
    1.7209613470000704,
    1.731418180999981,
    1.7161698079999042,
    1.7005596230000037,
    1.7197201499999437,
    1.7442537399999765,
    1.744815057999972
  ],
  "prusti-tests/tests/verify/pass/rosetta/Knights_tour.rs": [
    110.29943692600011,
    107.01158371400015,
    107.11805643399998,
    107.58177646700005,
    108.35843538900008,
    108.46753492199991,
    106.43398217200001,
    104.25842158199998,
    106.35633847000008,
    107.08951064600024
  ],
  "prusti-tests/tests/verify/pass/quick/fold-unfold.rs": [
    1.1332169900001645,
    1.1475946580003438,
    1.136014322000392,
    1.1470322519999172,
    1.1407913779999035,
    1.1215885869996782,
    1.1336684309999328,
    1.162360732000252,
    1.147481376000087,
    1.1236349249998057
  ],
  "prusti-tests/tests/verify/pass/quick/moves.rs": [
    1.3662852789998396,
    1.400100115999976,
    1.3555192940002598,
    1.355831192000096,
    1.3697610000003806,
    1.3764750519999325,
    1.3718982519999372,
    1.3895858640003098,
    1.3879680129998633,
    1.3490752010002325
  ],
  "prusti-tests/tests/verify/pass/quick/mut-borrows.rs": [
    2.695540569000059,
    2.727847051000026,
    2.676305878999756,
    2.6965475900001366,
    2.694608304999747,
    2.716730840999844,
    2.6764885170000525,
    2.6563532840000335,
    2.7049116049997792,
    2.6893163839999943
  ],
  "prusti-tests/tests/verify/pass/quick/shared-borrows.rs": [
    1.705231109000124,
    1.7326860749999469,
    1.6959603739996965,
    1.6992690209999637,
    1.716129058000206,
    1.7234283610000602,
    1.7129961859996001,
    1.6911814529998992,
    1.694457691000025,
    1.7185157750000144
  ],
  "prusti-tests/tests/verify/pass/quick/trait-contracts-refinement.rs": [
    1.555931856999905,
    1.5817217619996882,
    1.576593401000082,
    1.5838253870001608,
    1.504475650999666,
    1.5560722589998477,
    1.627272732000165,
    1.5518791819999933,
    1.5437942879998445,
    1.5150787560000936
  ],
  "prusti-tests/tests/verify/pass/quick/routes.rs": [
    4.575078995999775,
    4.4350949599997875,
    4.136531272000411,
    4.093343525999899,
    4.1275683929998195,
    4.206519585000024,
    4.237482935000116,
    4.192903291999755,
    4.1524786679997305,
    4.224745252000048
  ],
  "prusti-tests/tests/verify/pass/quick/fibonacci.rs": [
    5.35187276500028,
    5.325662055000066,
    5.262803244000224,
    5.276047403999655,
    5.1776021030000265,
    5.280551865999769,
    5.128106673000275,
    5.307144328000049,
    5.3611073530000795,
    5.376026186000217
  ],
  "prusti-tests/tests/verify/pass/pure-fn/len-lookup.rs": [
    3.1013118470000336,
    3.0983513470000617,
    3.0404263739997077,
    3.0490884370001368,
    3.0263816919996316,
    3.0494126720000168,
    3.0219242220000524,
    3.0950475979998373,
    3.0379696400000284,
    3.063737184999809
  ],
  "prusti-tests/tests/verify/pass/pure-fn/quantifiers.rs": [
    1.8940412329998253,
    1.8984820840000793,
    1.8947644620002393,
    1.8989071910000348,
    1.8461532890000854,
    1.8745971129997088,
    1.8406262819999029,
    1.8610308339998483,
    1.8696779319998313,
    1.9197027000000162
  ],
  "prusti-tests/tests/verify/pass/pure-fn/recursive-pure-fn.rs": [
    1.6605129560002752,
    1.622353163000298,
    1.6359508890000143,
    1.7359961719998864,
    1.6685692419996485,
    1.6852879710004345,
    1.6535421899998255,
    1.6790405779997855,
    1.656267821000256,
    1.6671797439998954
  ],
  "prusti-tests/tests/verify/pass/pure-fn/ref-mut-arg.rs": [
    2.4746136590001697,
    2.4092713960003493,
    2.396687059999749,
    2.44915641300031,
    2.433805393000057,
    2.4165548990004027,
    2.401334727000176,
    2.467874828999811,
    2.4168419679999715,
    2.425018422999983
  ],
  "prusti-tests/tests/verify/pass/rosetta/Ackermann_function.rs": [
    1.7237579560000995,
    1.6982183900004202,
    1.7777626469996903,
    1.740302143000008,
    1.6980757880000965,
    1.6742712509999365,
    1.68430560600018,
    1.7171859690001838,
    1.7080408679998982,
    1.70553681399997
  ],
  "prusti-tests/tests/verify/pass/rosetta/Heapsort.rs": [
    10.504703593000158,
    10.466567141999803,
    10.104140875999747,
    10.149564809999902,
    10.078853905000415,
    10.272058873999868,
    10.366927250000117,
    10.312607850999939,
    10.13238022600035,
    10.358957805000045
  ]
}