{
  "prusti-tests/tests/verify/pass/rosetta/Knuth_shuffle.rs": [
    2.5599858250000125,
    2.3022105539999984,
    2.0559483989999308,
    2.0326483290000397,
    1.9590109940000957,
    2.0292804990000377,
    1.954611026000066,
    1.965263254999968,
    1.9009586759999593,
    1.9369996030000038
  ],
  "prusti-tests/tests/verify/pass/demos/account.rs": [
    1.1188443209999832,
    0.9504490690000011,
    0.9722871269999587,
    0.9850661880000189,
    0.9616320730000325,
    1.14238439199994,
    0.9515801510000301,
    0.9443292219999648,
    0.9784665470000391,
    0.9671562970000878
  ]
}