{
  "prusti-tests/tests/verify/pass/rosetta/Knuth_shuffle.rs": [
    1.7983316600000308,
    1.6037331559999757,
    1.6513527989999375,
    1.5221975380000003,
    1.4911413869999706,
    1.4342034420000118,
    1.4488278070000433,
    1.4387990889999855,
    1.362067613000022,
    1.3571151569999529
  ],
  "prusti-tests/tests/verify/pass/demos/account.rs": [
    0.690333512000052,
    0.799228544000016,
    0.7040383669999528,
    0.7376282469999751,
    0.7159665020000148,
    0.6770356609999908,
    0.694038556999999,
    0.6933157530000926,
    0.6799712019999333,
    0.6506646699999692
  ],
  "prusti-tests/tests/verify/pass/rosetta/Knights_tour.rs": [
    85.57331645199997,
    82.25398327699986,
    82.07661982800005,
    84.22802891099991,
    83.00433249000002,
    81.43292780800016,
    81.54493051899999,
    89.00258170699999,
    82.94414856100002,
    85.10047925100002
  ],
  "prusti-tests/tests/verify/pass/quick/fold-unfold.rs": [
    0.45666555400021025,
    0.43281008500002827,
    0.44184958700020616,
    0.4528050500000518,
    0.45355919300004643,
    0.4326720540000224,
    0.5025054529999124,
    0.46044707200007906,
    0.4710339929999918,
    0.4632896040000105
  ],
  "prusti-tests/tests/verify/pass/quick/moves.rs": [
    0.4516920720000144,
    0.4481645320001917,
    0.4403029410000272,
    0.49840540600007444,
    0.4412820529998953,
    0.46000856699993165,
    0.5049730810001165,
    0.43954393299986805,
    0.453664893999985,
    0.4466052130001117
  ],
  "prusti-tests/tests/verify/pass/quick/mut-borrows.rs": [
    0.7338215570000557,
    0.6924772429999848,
    0.6946782699999403,
    0.7159367229999134,
    0.6742944269999498,
    0.6719004980000136,
    0.6963663899998664,
    0.6923774419999518,
    0.6851799569999457,
    0.7266283499998281
  ],
  "prusti-tests/tests/verify/pass/quick/shared-borrows.rs": [
    0.4823686429999725,
    0.502047876000006,
    0.5054041149999193,
    0.47508648999996694,
    0.5162652219999018,
    0.4860091049999937,
    0.5488392639999802,
    0.47895472999994126,
    0.5002055530001144,
    0.4984136339999168
  ],
  "prusti-tests/tests/verify/pass/quick/trait-contracts-refinement.rs": [
    0.7491072669999994,
    0.6581649120000748,
    0.7537069150000661,
    0.6554174829998374,
    0.7445812200001001,
    0.6540311690000635,
    0.663169082000195,
    0.664711602999887,
    0.7652991530001145,
    0.7117638409999927
  ],
  "prusti-tests/tests/verify/pass/quick/routes.rs": [
    2.0489775359999385,
    1.9856136110001898,
    1.8841452760000266,
    1.798406962999934,
    1.8145790490000309,
    1.8351341860000048,
    1.7840176980000706,
    1.8772335870000916,
    1.8469492260001061,
    1.701823265999792
  ],
  "prusti-tests/tests/verify/pass/quick/fibonacci.rs": [
    1.8075871749999806,
    1.8939293679998173,
    1.8452004549999401,
    2.018363777999866,
    1.7469695080001202,
    1.7563499759999104,
    1.834831054999995,
    1.7782463050000388,
    1.6773801480001111,
    1.8742035069999474
  ],
  "prusti-tests/tests/verify/pass/pure-fn/len-lookup.rs": [
    0.8051475509998909,
    0.9039608399998542,
    0.8099944549999236,
    0.8165246300000035,
    0.9141697579998436,
    0.833038421000083,
    0.8633983730001091,
    0.8538434619999862,
    0.8961938509999072,
    0.8539849630001299
  ],
  "prusti-tests/tests/verify/pass/pure-fn/quantifiers.rs": [
    0.7137304180000683,
    0.8365472640000462,
    0.7722602139999708,
    0.7251296639999509,
    0.7070788529999845,
    0.7859070729998621,
    0.7168754669999089,
    0.7315307379999467,
    0.7292422109999279,
    0.7911375339999722
  ],
  "prusti-tests/tests/verify/pass/pure-fn/recursive-pure-fn.rs": [
    0.5681527320000441,
    0.5846945840000899,
    0.5796479180000915,
    0.5755189699998482,
    0.5534161179998591,
    0.6167832420001105,
    0.5976193230001172,
    0.5747469620000629,
    0.5635998349998772,
    0.582421949000036
  ],
  "prusti-tests/tests/verify/pass/pure-fn/ref-mut-arg.rs": [
    0.7871930869998778,
    0.7128273380001247,
    0.710245309000129,
    0.7082243610000205,
    0.7858669419999842,
    0.6955455459999484,
    0.6901936809999825,
    0.6953975430001265,
    0.6973799669999607,
    0.7789930589999585
  ],
  "prusti-tests/tests/verify/pass/rosetta/Ackermann_function.rs": [
    0.8048060720000194,
    0.8699972640001761,
    0.7448061439999947,
    0.7716017689999717,
    0.7958802109999397,
    0.7541359110000485,
    0.7417417679998835,
    0.7693685869999172,
    0.7833083479999914,
    0.8680000270001074
  ],
  "prusti-tests/tests/verify/pass/rosetta/Heapsort.rs": [
    4.6487379130001045,
    4.463202669000111,
    4.600182682000195,
    4.570414894999885,
    4.637077226999963,
    4.337188738000123,
    4.321393422000028,
    4.413543783000023,
    4.397111659000075,
    4.593163569000126
  ]
}