{
  "prusti-tests/tests/verify/pass/rosetta/Knuth_shuffle.rs": [
    2.780141877999995,
    0.35755904600000576,
    0.35878476299990325,
    0.35926846899997145,
    0.3589093640000556,
    0.3563298300000497,
    0.35759134600004927,
    0.36060819699991953,
    0.3562325420000434,
    0.359639687999902
  ],
  "prusti-tests/tests/verify/pass/demos/account.rs": [
    2.1549756900000148,
    0.13318241100000705,
    0.12937765799995304,
    0.1282325419999779,
    0.13005806699993627,
    0.12922875599997496,
    0.13011146899998494,
    0.1302619699999923,
    0.12917615600008503,
    0.13047417400002814
  ],
  "prusti-tests/tests/verify/pass/rosetta/Knights_tour.rs": [
    97.66457762499988,
    2.5838524409998627,
    2.584603515000026,
    2.5873943990000043,
    2.5923579130001144,
    2.5841945100000885,
    2.5938777629999095,
    2.58678566399999,
    2.5849678179999955,
    2.5842426820001947
  ],
  "prusti-tests/tests/verify/pass/quick/fold-unfold.rs": [
    1.2588018829999328,
    0.10197837600003368,
    0.10128616600013629,
    0.10174237299997912,
    0.10129696700005297,
    0.10152006899988919,
    0.1024844819999089,
    0.10089766200007944,
    0.10210167700006423,
    0.1040495039999314
  ],
  "prusti-tests/tests/verify/pass/quick/moves.rs": [
    1.4875628649999726,
    0.09709565100001782,
    0.09710475099996074,
    0.09622914700003093,
    0.09641664799983118,
    0.09660234800003309,
    0.09635114699995029,
    0.09707495100019514,
    0.09624144700001125,
    0.09766775299999608
  ],
  "prusti-tests/tests/verify/pass/quick/mut-borrows.rs": [
    2.909477939999988,
    0.16020360999982586,
    0.1590410939998037,
    0.1600301070000114,
    0.161001719000069,
    0.16184942999984742,
    0.15889159299990752,
    0.16073211599996284,
    0.1623141359998499,
    0.16245103699998253
  ],
  "prusti-tests/tests/verify/pass/quick/shared-borrows.rs": [
    1.8275688219998756,
    0.09529519500006245,
    0.09515829299994039,
    0.0961316610000722,
    0.09477732000004835,
    0.09385460199996487,
    0.09453611599997203,
    0.09527342899991709,
    0.09372119999989081,
    0.09319339000012405
  ],
  "prusti-tests/tests/verify/pass/quick/trait-contracts-refinement.rs": [
    1.6625585320000482,
    0.14531679100014117,
    0.1399744880000071,
    0.13951777900001616,
    0.14027359399983652,
    0.14081900499991207,
    0.1404383979997874,
    0.14029019500003415,
    0.139965089000043,
    0.1407677039999271
  ],
  "prusti-tests/tests/verify/pass/quick/routes.rs": [
    4.837078542999961,
    0.35436587900017,
    0.3498009170000387,
    0.35046612699989055,
    0.34744028600016463,
    0.34709968199990726,
    0.3465093729998898,
    0.3442477430000963,
    0.34622777000004135,
    0.3450770540000576
  ],
  "prusti-tests/tests/verify/pass/quick/fibonacci.rs": [
    0.37384544200017444,
    0.37385014199981015,
    0.37561906599989925,
    0.37119410700006483,
    0.3757442680000622,
    0.37659897900016404,
    0.3782231010000032,
    0.3767607820000194,
    0.3767688810000891,
    0.37688008300006004
  ],
  "prusti-tests/tests/verify/pass/pure-fn/len-lookup.rs": [
    3.453550511000003,
    0.21696204199997737,
    0.21762555299983433,
    0.2165113339999607,
    0.21508501099992827,
    0.2181962619999922,
    0.21834866499989403,
    0.21590612399995734,
    0.21984218900001906,
    0.21685914099998627
  ],
  "prusti-tests/tests/verify/pass/pure-fn/quantifiers.rs": [
    2.062543473000005,
    0.19846974000006412,
    0.18929799100010314,
    0.1914581260000432,
    0.19119439399992189,
    0.1889379149999968,
    0.19251366399998915,
    0.1928156610001679,
    0.1902192570000807,
    0.19078856500004804
  ],
  "prusti-tests/tests/verify/pass/pure-fn/recursive-pure-fn.rs": [
    1.806912936000117,
    0.14875073400003203,
    0.14972664800006896,
    0.1501346539998849,
    0.14957954600004086,
    0.14988985199988747,
    0.1528180949999296,
    0.15025815700005296,
    0.150681362999876,
    0.15163737700004276
  ],
  "prusti-tests/tests/verify/pass/pure-fn/ref-mut-arg.rs": [
    2.6544620649999615,
    0.195277932999943,
    0.19627304699997694,
    0.19547943599991413,
    0.19961249800007863,
    0.19756886699997267,
    0.19612094499984778,
    0.1962901479998891,
    0.19768236900017655,
    0.19777624400012428
  ],
  "prusti-tests/tests/verify/pass/rosetta/Ackermann_function.rs": [
    1.830152838999993,
    0.23153951900007996,
    0.2321983290000844,
    0.2315609190000032,
    0.2312627149999571,
    0.23076290900007734,
    0.2319190250000247,
    0.2292809870000383,
    0.23066890700010845,
    0.23133221600005527
  ],
  "prusti-tests/tests/verify/pass/rosetta/Heapsort.rs": [
    9.869164599999976,
    1.0680664009998964,
    1.066894684999852,
    1.0736514119998901,
    1.0777583730000515,
    1.0744359249999889,
    1.0673071250000703,
    1.0684099410000272,
    1.0666797159999533,
    1.0709645769998133
  ]
}