{
  "prusti-tests/tests/verify/pass/rosetta/Knuth_shuffle.rs": [
    2.188485301000128,
    1.6599319629999627,
    1.8320640189999722,
    1.7896673800000826,
    1.8345577930001582,
    1.8259702079999443,
    1.6077773209999577,
    1.6508466779998798,
    1.4914051169998856,
    1.5024877149999156
  ],
  "prusti-tests/tests/verify/pass/demos/account.rs": [
    0.8624261110001044,
    0.839291669999966,
    0.8217437809998955,
    0.8470990210000764,
    0.8489468400000533,
    0.7962582719999318,
    0.7927909160000581,
    0.7767936950001513,
    0.7634063909999895,
    0.7779664479999155
  ],
  "prusti-tests/tests/verify/pass/rosetta/Knights_tour.rs": [
    91.45900397300011,
    92.39020686899994,
    92.71192071500013,
    96.5342294720001,
    94.54705646000002,
    91.9339874740001,
    93.01335932099983,
    93.03644549199998,
    90.44704131999993,
    92.24693055599982
  ],
  "prusti-tests/tests/verify/pass/quick/fold-unfold.rs": [
    0.47886117600000944,
    0.4964606759999697,
    0.4802498399999422,
    0.5074582769998415,
    0.4708318110001528,
    0.4983565620000263,
    0.47490189600011945,
    0.49919730099964,
    0.5047898819998409,
    0.4868102820000786
  ],
  "prusti-tests/tests/verify/pass/quick/moves.rs": [
    0.5510802109997712,
    0.5712740310000299,
    0.542922838999857,
    0.5600388190000558,
    0.558793562000119,
    0.5408925460001228,
    0.6090427509998335,
    0.5459084750000329,
    0.5452738460003275,
    0.5493715319998955
  ],
  "prusti-tests/tests/verify/pass/quick/mut-borrows.rs": [
    0.9038122829997519,
    0.8281951979997757,
    0.8668078639998384,
    0.8160166750003555,
    0.8404959780000354,
    0.8131023430000823,
    0.8052181879997988,
    0.843955334000384,
    0.8630735960000493,
    0.841037303000121
  ],
  "prusti-tests/tests/verify/pass/quick/shared-borrows.rs": [
    0.5836774040003547,
    0.583354288999999,
    0.5386304510002446,
    0.6139863339999465,
    0.6133787070002654,
    0.538500488000409,
    0.5801006870001402,
    0.5320795950001411,
    0.5458288230001926,
    0.6287209069996607
  ],
  "prusti-tests/tests/verify/pass/quick/trait-contracts-refinement.rs": [
    0.8875782269997217,
    0.8169096999999965,
    0.868479354000101,
    0.8673338030002924,
    0.9091830679999475,
    0.8209562600000027,
    0.7737554290001754,
    0.8741956640001263,
    0.880850363999798,
    0.9373330140001599
  ],
  "prusti-tests/tests/verify/pass/quick/routes.rs": [
    2.7713778069996806,
    2.488993124999979,
    2.272721358000126,
    2.1610020120001536,
    2.358873879999919,
    2.0397822170002655,
    2.13221228600014,
    2.2849881779998213,
    2.081697795999844,
    2.0937520360002964
  ],
  "prusti-tests/tests/verify/pass/quick/fibonacci.rs": [
    2.100240529000075,
    2.193530136999925,
    2.067435053000281,
    2.134349671000109,
    2.2234937909997825,
    2.0542905590000373,
    1.9397019889997864,
    2.0750149919999785,
    2.2011377799999536,
    2.106924532999983
  ],
  "prusti-tests/tests/verify/pass/pure-fn/len-lookup.rs": [
    1.0172331840003608,
    0.9656639580002775,
    1.0296493440000631,
    0.9571895760000189,
    1.048839609999959,
    1.002048799000022,
    1.090791402999912,
    1.0535365109999475,
    1.0384291300001678,
    1.0868497129999923
  ],
  "prusti-tests/tests/verify/pass/pure-fn/quantifiers.rs": [
    0.8747664499996972,
    0.9650611210004172,
    0.8694313080000029,
    0.9261977689998275,
    0.8714328989999558,
    0.8999551470001279,
    0.8670991439998943,
    0.8720400669999435,
    0.9212799840001935,
    0.8395222019998982
  ],
  "prusti-tests/tests/verify/pass/pure-fn/recursive-pure-fn.rs": [
    0.7381919399999788,
    0.7097567589999016,
    0.7105233940001199,
    0.7637336899997536,
    0.7157241279996924,
    0.7687255649998406,
    0.6766199410003537,
    0.7102804609999112,
    0.7260580730003312,
    0.7194126730000789
  ],
  "prusti-tests/tests/verify/pass/pure-fn/ref-mut-arg.rs": [
    0.8415564860001723,
    0.8752737079998951,
    0.8745181740000589,
    0.8869659359997968,
    0.8474994550001611,
    0.869350829999803,
    0.8242864879998706,
    0.8269566090002627,
    0.909837447999962,
    0.823346046000097
  ],
  "prusti-tests/tests/verify/pass/rosetta/Ackermann_function.rs": [
    0.9451906429999326,
    0.895493100999829,
    0.7997488809996867,
    0.9443469050002022,
    0.8063952770003198,
    0.9065495869999722,
    0.8268335910001952,
    0.8066168800000924,
    0.879611572000158,
    0.835954001999653
  ],
  "prusti-tests/tests/verify/pass/rosetta/Heapsort.rs": [
    5.249665882000045,
    4.781578797999828,
    5.11462910399996,
    5.0848143890002575,
    4.685960265000176,
    5.18152058700025,
    5.137442367999938,
    5.423795490999964,
    5.055856639000012,
    4.692759815000045
  ]
}