{
  "prusti-tests/tests/verify/pass/rosetta/Knuth_shuffle.rs": [
    1.863043919000006,
    1.7669646709999824,
    1.656401634999952,
    1.6097304639999948,
    1.600337100000047,
    1.6224919509999154,
    1.667000153999993,
    1.542128152000032,
    1.6111411219999354,
    1.539888454999982
  ],
  "prusti-tests/tests/verify/pass/demos/account.rs": [
    0.7470433769999545,
    0.6517916809999633,
    0.636738586999968,
    0.6433284590000312,
    0.728935502000013,
    0.6839327229999981,
    0.6390569609999375,
    0.6814318140000069,
    0.6983794310000349,
    0.6509168019999834
  ],
  "prusti-tests/tests/verify/pass/rosetta/Knights_tour.rs": [
    105.34415614300008,
    100.565540285,
    98.06003679300011,
    97.91701013300008,
    103.79209178500014,
    100.83171635599979,
    103.19987498899991,
    100.85993331400005,
    104.1010191580001,
    108.66976988200008
  ],
  "prusti-tests/tests/verify/pass/quick/fold-unfold.rs": [
    0.5133554470000945,
    0.5449157450000257,
    0.49494187300001613,
    0.49850830800005497,
    0.48535708299982616,
    0.5237050450000424,
    0.518802899000093,
    0.4956541809999635,
    0.4835803659998419,
    0.49515947500003676
  ],
  "prusti-tests/tests/verify/pass/quick/moves.rs": [
    0.5324402269998245,
    0.4912282380000761,
    0.4950277749999259,
    0.48760250400005134,
    0.5177482890001102,
    0.4937470210002175,
    0.4997711280000203,
    0.485058466000055,
    0.4880936299998666,
    0.5414012209998873
  ],
  "prusti-tests/tests/verify/pass/quick/mut-borrows.rs": [
    0.809050692000028,
    0.7155360799999926,
    0.786296196999956,
    0.7099348069998541,
    0.7875273140000445,
    0.7209847509998326,
    0.7465053809999063,
    0.7396766109998225,
    0.7379207250000945,
    0.8165678029999981
  ],
  "prusti-tests/tests/verify/pass/quick/shared-borrows.rs": [
    0.57752329799996,
    0.5384260569999242,
    0.5489321600000494,
    0.5502036479999788,
    0.5576958799999829,
    0.566367899999932,
    0.5133592009999575,
    0.5242953389999911,
    0.5334461840000131,
    0.587084736999941
  ],
  "prusti-tests/tests/verify/pass/quick/trait-contracts-refinement.rs": [
    0.7773620230000233,
    0.8219349759999659,
    0.7385424500000681,
    0.7121711449999566,
    0.6919902469999215,
    0.7064875609999035,
    0.7628027949999705,
    0.6953993960000844,
    0.6999526649999552,
    0.704621232999898
  ],
  "prusti-tests/tests/verify/pass/quick/routes.rs": [
    2.2437419600000794,
    2.0890596719998484,
    1.8195521120001104,
    1.9483204519999617,
    2.0425549990000036,
    1.8108737939999173,
    2.0853893710000193,
    1.8968833709998307,
    1.9073061020001205,
    1.8764854009998544
  ],
  "prusti-tests/tests/verify/pass/quick/fibonacci.rs": [
    1.7936091910000869,
    1.8657893449999392,
    1.9752169430000777,
    2.0708658300000025,
    1.7635028849999799,
    1.790981489999922,
    1.8570651689999522,
    2.0278857130001597,
    1.8222959019999507,
    1.8338226440000653
  ],
  "prusti-tests/tests/verify/pass/pure-fn/len-lookup.rs": [
    0.8083343769999374,
    0.799480807000009,
    0.978305649000049,
    0.8379092039999705,
    0.8643790700000409,
    0.9586100379999607,
    0.8132190980002179,
    0.8502424400001019,
    0.9267705229999592,
    0.9577560760001234
  ],
  "prusti-tests/tests/verify/pass/pure-fn/quantifiers.rs": [
    0.7433219459999236,
    0.7843681459999061,
    0.7613808710000285,
    0.7371119269998871,
    0.804844495999987,
    0.7586666669999431,
    0.7397327690000566,
    0.7313744370001132,
    0.7983617939999021,
    0.7286300929999925
  ],
  "prusti-tests/tests/verify/pass/pure-fn/recursive-pure-fn.rs": [
    0.6101843250000911,
    0.5728037349999795,
    0.5732791430000361,
    0.5826661910000439,
    0.6864014899999802,
    0.5943879229998856,
    0.5881707270000334,
    0.5877497200001471,
    0.6051850909998393,
    0.5734701989999849
  ],
  "prusti-tests/tests/verify/pass/pure-fn/ref-mut-arg.rs": [
    0.828404755000065,
    0.7531181859999379,
    0.7534514920000674,
    0.7354000109999106,
    0.7757745379999506,
    0.8258374700001241,
    0.740109633999964,
    0.728418432999888,
    0.7366752750001524,
    0.7437593970000762
  ],
  "prusti-tests/tests/verify/pass/rosetta/Ackermann_function.rs": [
    0.9678527529999883,
    0.8677869299999657,
    0.816482348000136,
    0.7906714609998744,
    0.9126360740001473,
    0.8143311949997951,
    0.8127248369996778,
    0.8286514719998195,
    0.8414773630001946,
    0.8856464159998723
  ],
  "prusti-tests/tests/verify/pass/rosetta/Heapsort.rs": [
    6.144393092999962,
    5.93279626399999,
    5.78004278499975,
    5.471359636000216,
    5.899209807999796,
    5.977074047999849,
    5.878438929999902,
    5.676088607999645,
    5.859850445999655,
    5.992261602999861
  ]
}