{
  "prusti-tests/tests/verify/pass/rosetta/Knuth_shuffle.rs": [
    2.6805329139999685,
    2.39423616199997,
    2.290860807000172,
    2.3401983170001586,
    2.285267121000061,
    2.297418629000049,
    2.3679420880000634,
    2.3850094310000713,
    2.323930050999934,
    2.277166391000037
  ],
  "prusti-tests/tests/verify/pass/demos/account.rs": [
    2.1410554929998398,
    2.132641098000022,
    2.10531796500004,
    2.1355274079999162,
    2.2132482940000955,
    2.180975275999799,
    2.1110668249998525,
    2.1501071669999874,
    2.094719103000216,
    2.0821382110000286
  ],
  "prusti-tests/tests/verify/pass/rosetta/Knights_tour.rs": [
    127.56916469499993,
    123.90297384799987,
    126.024683331,
    122.74721550800018,
    125.71905191700012,
    126.93655518000014,
    121.09815234000007,
    124.79957842900012,
    126.28376659300011,
    124.89956653199988
  ],
  "prusti-tests/tests/verify/pass/quick/fold-unfold.rs": [
    1.428643152999939,
    1.4392224159996658,
    1.4329416629998377,
    1.4618542040002467,
    1.4551657840002008,
    1.4377170150000893,
    1.4188340430000608,
    1.425432821999948,
    1.435477720000108,
    1.4342588879999312
  ],
  "prusti-tests/tests/verify/pass/quick/moves.rs": [
    1.7431116620000466,
    1.7276209800002107,
    1.7388302620001923,
    1.7685089259998676,
    1.7589514569999665,
    1.8052954929999032,
    1.7615746470000886,
    1.7924378580000848,
    1.7866393130002507,
    1.7834882899996956
  ],
  "prusti-tests/tests/verify/pass/quick/mut-borrows.rs": [
    3.519920992000152,
    3.523212405000322,
    3.4547306780000326,
    3.475163662000341,
    3.450125749000108,
    3.455773449999924,
    3.4018029789999673,
    3.4339766630000668,
    3.424448106,
    3.4294011360002514
  ],
  "prusti-tests/tests/verify/pass/quick/shared-borrows.rs": [
    2.1702247749999515,
    2.1600182780002797,
    2.170914160999928,
    2.151483956999982,
    2.181051628000205,
    2.187875867999992,
    2.212202296999749,
    2.1761976379998487,
    2.1727721470001597,
    2.15307734299995
  ],
  "prusti-tests/tests/verify/pass/quick/trait-contracts-refinement.rs": [
    1.9291332420002618,
    1.9335870449999675,
    1.9117124869999316,
    1.8887540919999992,
    1.8757545749999736,
    1.8823860420002347,
    1.8774782729997241,
    1.9683305549997385,
    1.9225614319998385,
    1.9407189489998018
  ],
  "prusti-tests/tests/verify/pass/quick/routes.rs": [
    5.578174841999953,
    5.17207094899959,
    5.289190059000248,
    5.173248630999751,
    5.266159377999884,
    5.2054717250002795,
    5.153886796999814,
    5.24794184800021,
    5.082987888999924,
    5.167169897999884
  ],
  "prusti-tests/tests/verify/pass/quick/fibonacci.rs": [
    6.578806545000134,
    6.602095086999725,
    6.51091994699982,
    6.581822483999986,
    6.563485501999821,
    6.60564538799963,
    6.5720509759999,
    6.475146659000075,
    6.505540779000057,
    6.529474929999651
  ],
  "prusti-tests/tests/verify/pass/pure-fn/len-lookup.rs": [
    3.774714701999983,
    3.885755232000065,
    3.815693956999894,
    3.7924910609999642,
    3.816466350000155,
    3.9284943939996992,
    3.852933464999751,
    3.869866828999875,
    3.8751017859999592,
    3.902621763999832
  ],
  "prusti-tests/tests/verify/pass/pure-fn/quantifiers.rs": [
    2.3308425320001334,
    2.3564684359998864,
    2.4211813320002875,
    2.3559593149998364,
    2.3242197310000847,
    2.3720683220003593,
    2.3590334010000333,
    2.318223738999677,
    2.3189054829999804,
    2.3128357569999025
  ],
  "prusti-tests/tests/verify/pass/pure-fn/recursive-pure-fn.rs": [
    2.1134833599999183,
    2.10949200999994,
    2.12526176900019,
    2.0734773439999117,
    2.090429245999985,
    2.0966299490000893,
    2.0834012229997825,
    2.102577181000015,
    2.1360323040003095,
    2.08387753299985
  ],
  "prusti-tests/tests/verify/pass/pure-fn/ref-mut-arg.rs": [
    3.0602442570002495,
    3.0527354850000847,
    3.026043758999549,
    3.0335145340000054,
    3.048796322999806,
    3.0566624640000555,
    3.023235886999828,
    3.056411518999994,
    3.023734572000194,
    3.045887326999946
  ],
  "prusti-tests/tests/verify/pass/rosetta/Ackermann_function.rs": [
    2.1687335030001123,
    2.1314662370000406,
    2.143554712000423,
    2.1323785149998002,
    2.1100238040003205,
    2.205866693999724,
    2.1337113520003186,
    2.1662524449998273,
    2.1818096130000413,
    2.227406000999963
  ],
  "prusti-tests/tests/verify/pass/rosetta/Heapsort.rs": [
    12.087205843999982,
    11.988828571999875,
    11.770724986000005,
    11.774172633000035,
    12.069513666999683,
    11.776367443999789,
    11.903550214999996,
    11.661248637999961,
    11.738332896999964,
    11.916990751999947
  ]
}