{
  "prusti-tests/tests/verify/pass/rosetta/Knuth_shuffle.rs": [
    2.5770829630000662,
    0.34368670800006385,
    0.3419689139999491,
    0.3422311129999116,
    0.3449558040000511,
    0.34428160599998137,
    0.3454731020000281,
    0.34372780799992597,
    0.3410974170000145,
    0.3434283089999326
  ],
  "prusti-tests/tests/verify/pass/demos/account.rs": [
    2.105210029000091,
    0.12606605799999215,
    0.12143197400007466,
    0.12214957200001209,
    0.12139887500006807,
    0.12212677200000144,
    0.12195857300002899,
    0.1222451710000314,
    0.12226947199997085,
    0.11915238299991415
  ],
  "prusti-tests/tests/verify/pass/rosetta/Knights_tour.rs": [
    89.28990700600002,
    2.511406086000079,
    2.5143363040000395,
    2.517741290999993,
    2.5145166669999526,
    2.522906890999934,
    2.5116844650000303,
    2.513357358999997,
    2.5132839589999776,
    2.5114584700000933
  ],
  "prusti-tests/tests/verify/pass/quick/fold-unfold.rs": [
    1.2229575489999434,
    0.08965638899996975,
    0.08948618900001293,
    0.08980748800001948,
    0.09064238400003433,
    0.08887549100006709,
    0.09013808700001391,
    0.08995838800001366,
    0.09205148000000918,
    0.09108618400000523
  ],
  "prusti-tests/tests/verify/pass/quick/moves.rs": [
    1.436353908000001,
    0.0861657009999135,
    0.08482750500002112,
    0.08823369399999592,
    0.08646229900000435,
    0.08592580100003033,
    0.0842547070000137,
    0.08469640500004516,
    0.08442760700006602,
    0.08628540000006524
  ],
  "prusti-tests/tests/verify/pass/quick/mut-borrows.rs": [
    2.850254318999987,
    0.15221157299993138,
    0.15112867700008792,
    0.15138377599998876,
    0.1504520789999333,
    0.14951308199999858,
    0.1521500730000298,
    0.15161177499999212,
    0.15242787199997565,
    0.14933268300001146
  ],
  "prusti-tests/tests/verify/pass/quick/shared-borrows.rs": [
    1.7579075129999637,
    0.08524850499998138,
    0.08481770600008076,
    0.08396750899999006,
    0.08522310500006824,
    0.08497480599999108,
    0.08504660600010538,
    0.0885366930000373,
    0.08611000200005492,
    0.08607280199998968
  ],
  "prusti-tests/tests/verify/pass/quick/trait-contracts-refinement.rs": [
    1.6671372280000014,
    0.13035494899997957,
    0.13000524999995378,
    0.13057254800003193,
    0.13170744399997147,
    0.13136444500003108,
    0.13041614899998422,
    0.13127704499993342,
    0.13036094800008868,
    0.13028254899995773
  ],
  "prusti-tests/tests/verify/pass/quick/routes.rs": [
    5.197496903000001,
    0.34210501500001556,
    0.3427341130000059,
    0.3413899180000044,
    0.34166991699999016,
    0.34309061199996904,
    0.3432871109999951,
    0.3400242210000215,
    0.34300920999999107,
    0.3402707190000456
  ],
  "prusti-tests/tests/verify/pass/quick/fibonacci.rs": [
    0.3706874139999172,
    0.37095401300007325,
    0.3732526050000615,
    0.36715732499999376,
    0.37088441299999886,
    0.37589779600000384,
    0.3726215059999731,
    0.3661445290000529,
    0.36680462699996497,
    0.3675844250000182
  ],
  "prusti-tests/tests/verify/pass/pure-fn/len-lookup.rs": [
    3.539780084999961,
    0.2108550320000404,
    0.20988733600006526,
    0.21063253300008,
    0.21147093099989434,
    0.21009473599997364,
    0.2132166239999833,
    0.2127593259999685,
    0.21093563199997334,
    0.21198322899999766
  ],
  "prusti-tests/tests/verify/pass/pure-fn/quantifiers.rs": [
    2.155611255999929,
    0.1838192310000295,
    0.1827802340000062,
    0.18427183000005698,
    0.1828833349999286,
    0.1852165260000902,
    0.1825043359999654,
    0.18378573099994355,
    0.18223533700006556,
    0.18316153399996438
  ],
  "prusti-tests/tests/verify/pass/pure-fn/recursive-pure-fn.rs": [
    1.8659687090000716,
    0.13996539100003247,
    0.1398619950000466,
    0.14033001100006004,
    0.1388427159999992,
    0.1399794120000024,
    0.138772316000086,
    0.14007421099995554,
    0.14158990700002505,
    0.14066881000007925
  ],
  "prusti-tests/tests/verify/pass/pure-fn/ref-mut-arg.rs": [
    2.7834623979999833,
    0.181197367999971,
    0.1838420589999714,
    0.1819983659999025,
    0.18480535600008352,
    0.18245666399991478,
    0.1812312680000332,
    0.1835787600000458,
    0.1825290640000503,
    0.1819218660000388
  ],
  "prusti-tests/tests/verify/pass/rosetta/Ackermann_function.rs": [
    1.8681251890000112,
    0.22552931399991394,
    0.22476751700003206,
    0.22652531000005638,
    0.2261857120000741,
    0.22575801299990417,
    0.22518391500000234,
    0.22597781199999645,
    0.22539341399999557,
    0.2248746159999655
  ],
  "prusti-tests/tests/verify/pass/rosetta/Heapsort.rs": [
    9.997528152999962,
    1.053355627999963,
    1.0434345630000053,
    1.0471364499999254,
    1.044363360000034,
    1.0447538749999694,
    1.0431478999998944,
    1.0445098950000329,
    1.046023089000073,
    1.0446217940000224
  ]
}