{
  "prusti-tests/tests/verify/pass/rosetta/Knuth_shuffle.rs": [
    2.3834732980000126,
    2.0967119939999748,
    2.101972384000078,
    2.0330628570000044,
    1.9853806319999876,
    1.9265840010000375,
    1.9319244010000602,
    1.9063946300000225,
    1.919540168000026,
    1.893932030999963
  ],
  "prusti-tests/tests/verify/pass/demos/account.rs": [
    0.9362270479999779,
    0.9154003459999558,
    0.9547193450000577,
    0.8890734740000426,
    0.9766080829999737,
    0.89587817000006,
    0.9189329600000065,
    0.9755566990000943,
    0.8782788439999649,
    0.8971803019999243
  ]
}