{
  "prusti-tests/tests/verify/pass/rosetta/Knuth_shuffle.rs": [
    1.7984526239999923,
    1.4683746900000187,
    1.4046292380000978,
    1.3036922599999343,
    1.338073215999998,
    1.3269830369999909,
    1.282977419999952,
    1.2905539749999662,
    1.288352959000008,
    1.344054640999957
  ],
  "prusti-tests/tests/verify/pass/demos/account.rs": [
    0.6436487549999583,
    0.7284719560000212,
    0.653057722000085,
    0.6608511780000299,
    0.6492502950000016,
    0.6510502080000151,
    0.6800172130000419,
    0.7091808200000287,
    0.6064108919999853,
    0.6463537750000796
  ],
  "prusti-tests/tests/verify/pass/rosetta/Knights_tour.rs": [
    85.08643983900004,
    88.91442621500005,
    86.39889203899997,
    90.71341312300001,
    88.06481210599986,
    86.6750941549999,
    88.89012699599994,
    88.4446304789999,
    90.8646597410002,
    86.24712221699997
  ],
  "prusti-tests/tests/verify/pass/quick/fold-unfold.rs": [
    0.5129364459999124,
    0.49394691499992405,
    0.5292565090001062,
    0.4698346139998648,
    0.4696624129999236,
    0.47645094599988624,
    0.4807339679998677,
    0.4804587660000834,
    0.5212092669999038,
    0.4775385519999418
  ],
  "prusti-tests/tests/verify/pass/quick/moves.rs": [
    0.47471233800001755,
    0.48540199100011705,
    0.4736257330000626,
    0.49991146200000003,
    0.5405525699998179,
    0.48875011699988136,
    0.48200416999998197,
    0.483650581999882,
    0.5167965050000021,
    0.481940626000096
  ],
  "prusti-tests/tests/verify/pass/quick/mut-borrows.rs": [
    0.775187065999944,
    0.7242422469998928,
    0.8296990090000236,
    0.7074023410000336,
    0.6976716799999849,
    0.7736565569998675,
    0.7127735750000284,
    0.7194538159999411,
    0.779671394999923,
    0.7133498040000177
  ],
  "prusti-tests/tests/verify/pass/quick/shared-borrows.rs": [
    0.559682868000209,
    0.6017614589998175,
    0.527230242999849,
    0.5112890339999012,
    0.546915078999973,
    0.5527230200000304,
    0.5253117299998848,
    0.5124954420000449,
    0.5643191999999999,
    0.5635177940000631
  ],
  "prusti-tests/tests/verify/pass/quick/trait-contracts-refinement.rs": [
    0.8028148490000149,
    0.7142542369999774,
    0.749576880999939,
    0.7129193939999823,
    0.6925375590001295,
    0.7445929240000169,
    0.7091510759998982,
    0.704419942999948,
    0.7642140619998372,
    0.7141534109998702
  ],
  "prusti-tests/tests/verify/pass/quick/routes.rs": [
    2.3069696869999916,
    2.0841833799997858,
    2.040541501000007,
    1.9282383249999384,
    1.9125948160001371,
    1.8939467950001472,
    2.066774832999954,
    2.045804250999936,
    1.9004852129999108,
    1.8982769639999333
  ],
  "prusti-tests/tests/verify/pass/quick/fibonacci.rs": [
    1.9063746780000201,
    1.9206956780001292,
    1.9411855220000689,
    1.8083462760000657,
    1.9938138190000245,
    1.9613214559999506,
    1.8238547680000465,
    1.970160450000094,
    1.9144737199999327,
    1.8153951310000593
  ],
  "prusti-tests/tests/verify/pass/pure-fn/len-lookup.rs": [
    0.9123098469999604,
    0.9035648870001296,
    0.9608457849999468,
    0.8817339349998292,
    0.9032080150000183,
    0.9157043139998677,
    0.9085023679999722,
    0.8990843080000559,
    0.8539336220001132,
    0.9458635060000233
  ],
  "prusti-tests/tests/verify/pass/pure-fn/quantifiers.rs": [
    0.7978312650000134,
    0.8905291309999939,
    0.7935075079999478,
    0.8238569180000468,
    0.7959630159998596,
    0.8274089379999623,
    0.7726089510001657,
    0.8228039050000007,
    0.7873562560000664,
    0.8232414089998201
  ],
  "prusti-tests/tests/verify/pass/pure-fn/recursive-pure-fn.rs": [
    0.6106209080001008,
    0.6222773910001251,
    0.656378931000063,
    0.6108556100000442,
    0.6126664290000008,
    0.646623295000154,
    0.6114218550001169,
    0.6100235459998657,
    0.6594852819998778,
    0.6250694479999765
  ],
  "prusti-tests/tests/verify/pass/pure-fn/ref-mut-arg.rs": [
    0.7462947720000557,
    0.7931713899999977,
    0.7520576120000442,
    0.7807448070000191,
    0.749201691000053,
    0.7444426679999196,
    0.7850649370000156,
    0.7482745830000113,
    0.7827464200001941,
    0.750345697000057
  ],
  "prusti-tests/tests/verify/pass/rosetta/Ackermann_function.rs": [
    0.8200664789999337,
    0.8462510609999754,
    0.8111575169998559,
    0.8448632509998788,
    0.7942512009999518,
    0.7924199770000087,
    0.9330373510001664,
    0.8126190569998926,
    0.8144057689999045,
    0.8785566920000747
  ],
  "prusti-tests/tests/verify/pass/rosetta/Heapsort.rs": [
    4.816796817000068,
    4.520778570999937,
    4.618951000000152,
    4.726763526000013,
    4.793925018999971,
    4.58106688099997,
    4.668933269000036,
    4.5740666829999554,
    4.704608691999965,
    4.429525085000023
  ]
}