{
  "prusti-tests/tests/verify/pass/rosetta/Knuth_shuffle.rs": [
    2.7965371669999968,
    2.2048630450000246,
    2.121630780999908,
    2.166587742000047,
    2.047503536000022,
    2.077124769999955,
    2.1339586670000017,
    2.0679632710000533,
    1.9621597660000134,
    1.9425875169999927
  ],
  "prusti-tests/tests/verify/pass/demos/account.rs": [
    0.8914765409999745,
    0.9657878689999961,
    0.9250982800000429,
    0.8564512919999743,
    0.9249735789999249,
    0.869095381999955,
    0.9028437140000278,
    0.9187964269999611,
    0.8870146770000247,
    0.883056033999992
  ]
}