{
  "prusti-tests/tests/verify/pass/rosetta/Knuth_shuffle.rs": [
    2.3949651439999116,
    2.0754673289999346,
    2.026019313000006,
    1.9657093199999736,
    1.9658677429999898,
    1.9857285110000475,
    1.9459824739999476,
    2.0542366910000283,
    1.925730117999933,
    1.941685514000028
  ],
  "prusti-tests/tests/verify/pass/demos/account.rs": [
    1.79135132600004,
    1.7935138469999856,
    1.78271258999996,
    1.7766074770000841,
    1.7942036029999144,
    1.7721681949999493,
    1.7318817860000308,
    1.7672709529999793,
    1.7743000829999573,
    1.779323677000093
  ],
  "prusti-tests/tests/verify/pass/rosetta/Knights_tour.rs": [
    95.63453579399993,
    92.46175960599999,
    92.45974251100006,
    98.8837563300001,
    98.97664066400012,
    100.86511392500006,
    100.137517591,
    99.75958986200021,
    97.24881725699993,
    98.74351703600018
  ],
  "prusti-tests/tests/verify/pass/quick/fold-unfold.rs": [
    1.224678256000061,
    1.2371014799998648,
    1.2063404549999177,
    1.2149592160001248,
    1.2116650549999122,
    1.2153951230000075,
    1.2229958619998342,
    1.2176721640000778,
    1.2381608370001231,
    1.2180441550001433
  ],
  "prusti-tests/tests/verify/pass/quick/moves.rs": [
    1.474218886000017,
    1.4604276339998705,
    1.4990783410000859,
    1.470668021999927,
    1.4656448490000002,
    1.5025211789998139,
    1.4722166210001433,
    1.4766166019999218,
    1.490603960000044,
    1.4707216930000868
  ],
  "prusti-tests/tests/verify/pass/quick/mut-borrows.rs": [
    2.9235917230000723,
    2.9665651210000306,
    2.933242224999958,
    2.960973008999872,
    2.9508808400000817,
    2.835463331000028,
    2.84730172400009,
    2.8821246529998916,
    2.829520220999939,
    2.7931868109999414
  ],
  "prusti-tests/tests/verify/pass/quick/shared-borrows.rs": [
    1.833969290000141,
    1.803876086999935,
    1.7957314860000224,
    1.779236157000014,
    1.7947998669999379,
    1.7295902680000381,
    1.7690732039998238,
    1.8171975239999938,
    1.7544405490000372,
    1.7491997510001056
  ],
  "prusti-tests/tests/verify/pass/quick/trait-contracts-refinement.rs": [
    1.5759809080000196,
    1.5218387249999523,
    1.584455627999887,
    1.508208120000063,
    1.544950247000088,
    1.4986242299999049,
    1.5437204939998992,
    1.5384599450001133,
    1.5651014370000667,
    1.4948320379999132
  ],
  "prusti-tests/tests/verify/pass/quick/routes.rs": [
    5.071016194000094,
    5.02129534300002,
    5.226008519000061,
    4.795525251000072,
    4.7665906209999775,
    4.829920286000288,
    4.804003483999622,
    4.770764979999967,
    4.66500539100025,
    4.7920442419999745
  ],
  "prusti-tests/tests/verify/pass/quick/fibonacci.rs": [
    6.069184802000109,
    6.015846560999762,
    5.992326928999773,
    6.16519547300004,
    6.313510476999909,
    5.876925376999679,
    5.936932316999901,
    6.043722056000206,
    6.033042331999695,
    6.20099217500001
  ],
  "prusti-tests/tests/verify/pass/pure-fn/len-lookup.rs": [
    3.4973680930002047,
    3.5835531450002236,
    3.5009129660002145,
    3.4799484239997582,
    3.6235932999998113,
    3.5257707929999924,
    3.4666325680000227,
    3.5843614939999497,
    3.521821841000019,
    3.508713799999896
  ],
  "prusti-tests/tests/verify/pass/pure-fn/quantifiers.rs": [
    2.1691828299999543,
    2.216039314000227,
    2.1933365429999867,
    2.1451564049998524,
    2.106224889999794,
    2.3464376940000875,
    2.20860241399987,
    2.244060272999832,
    2.400155089999771,
    2.3485664959998758
  ],
  "prusti-tests/tests/verify/pass/pure-fn/recursive-pure-fn.rs": [
    2.201138188999721,
    2.063482359000318,
    2.2420195069998954,
    2.1039874960001725,
    2.133742987000005,
    2.095965664000232,
    2.152675441000156,
    2.101688220000142,
    2.0976739709999492,
    2.0831397839997408
  ],
  "prusti-tests/tests/verify/pass/pure-fn/ref-mut-arg.rs": [
    2.6271589300004052,
    2.6875614069999756,
    2.546749566000017,
    2.5949040770001375,
    2.4482136999999966,
    2.5117687739998473,
    2.6234695230000398,
    2.4851814349999586,
    2.5197352039999714,
    2.4601043200000277
  ],
  "prusti-tests/tests/verify/pass/rosetta/Ackermann_function.rs": [
    2.1994542449997425,
    2.022047515000395,
    1.9567068819997075,
    2.0403373160002047,
    1.9818187180003406,
    2.0992675190000227,
    1.9679455310001686,
    2.0267629619997933,
    2.0708612739999808,
    1.9580169939999905
  ],
  "prusti-tests/tests/verify/pass/rosetta/Heapsort.rs": [
    10.158084658999996,
    10.070488129000296,
    10.130395376999786,
    10.072566647999793,
    10.109588232999613,
    9.99853035599972,
    10.305978214999868,
    10.168928049999977,
    10.082515609999973,
    10.12154565999981
  ]
}