{
  "prusti-tests/tests/verify/pass/rosetta/Knuth_shuffle.rs": [
    2.3922401489999174,
    2.3018065200000137,
    2.1583628180000005,
    2.064909284999999,
    1.952808426000047,
    1.9940676820000363,
    1.9153608709999617,
    1.7819296840000334,
    1.8753215129999035,
    1.8696648029999778
  ],
  "prusti-tests/tests/verify/pass/demos/account.rs": [
    0.8974885489999451,
    1.0542618670000365,
    0.8715544120000231,
    0.9009557529999483,
    0.8838646290000725,
    0.8585686940000414,
    1.060383872999978,
    0.8993746490000376,
    0.8519286829999828,
    0.8336728570000105
  ]
}