{
  "prusti-tests/tests/verify/pass/rosetta/Knuth_shuffle.rs": [
    2.475980235999941,
    2.0912018930000613,
    2.039829499999996,
    2.0171351019999975,
    1.8711742599999752,
    1.9260113889999957,
    1.876316662000022,
    2.024911561000067,
    1.95936704799999,
    1.8885094570000547
  ],
  "prusti-tests/tests/verify/pass/demos/account.rs": [
    0.9889946729999792,
    0.9768043740000394,
    1.0459179649999442,
    0.9815049190000309,
    0.9858608979999417,
    1.003099796000015,
    0.8982584160000897,
    1.0626782829999684,
    0.9519078060000083,
    0.9248101109999425
  ],
  "prusti-tests/tests/verify/pass/rosetta/Knights_tour.rs": [
    114.75201160100005,
    126.47663570100008,
    123.33245087199998,
    117.33495601599998,
    122.91343250700015,
    116.11900938500003,
    109.16704714799994,
    113.38805034300003,
    112.25517048300003,
    110.66719536999994
  ],
  "prusti-tests/tests/verify/pass/quick/fold-unfold.rs": [
    0.6306143050001083,
    0.6014254769997933,
    0.5942521699998906,
    0.6054474799998388,
    0.6473889210001289,
    0.6101333850001538,
    0.6092817839999043,
    0.6114468099999613,
    0.5899226460001046,
    0.6589138940003068
  ],
  "prusti-tests/tests/verify/pass/quick/moves.rs": [
    0.5994371950000641,
    0.5873582959998203,
    0.6047101950002798,
    0.6392000949999783,
    0.6265067949998411,
    0.5933288960000027,
    0.6440236950002145,
    0.6073411950001173,
    0.6301782949999506,
    0.5819983960000172
  ],
  "prusti-tests/tests/verify/pass/quick/mut-borrows.rs": [
    0.9987161109997942,
    1.0557658930001708,
    1.0736523749997104,
    0.9967533180001737,
    1.0268308340000658,
    0.9374302870000975,
    1.0146722280001086,
    0.9537242960000185,
    0.9491443560000334,
    1.14412959900028
  ],
  "prusti-tests/tests/verify/pass/quick/shared-borrows.rs": [
    0.6936342579997472,
    0.6982539549999274,
    0.7064835529999982,
    0.6564387700000225,
    0.7140470499998628,
    0.7126031329999023,
    0.6586062759997731,
    0.6905057890003263,
    0.7220910730002288,
    0.6907862540001588
  ],
  "prusti-tests/tests/verify/pass/quick/trait-contracts-refinement.rs": [
    1.0208997409999938,
    1.0785215040000367,
    0.9110602119999385,
    0.9656669770001827,
    1.01528269299979,
    0.9249490540000807,
    1.022971281000082,
    1.0434950180001579,
    0.9485271890002878,
    1.0451330749997396
  ],
  "prusti-tests/tests/verify/pass/quick/routes.rs": [
    3.053632120999737,
    3.074728884000251,
    3.555792956999994,
    2.4836204870002803,
    2.5203923359999862,
    2.664006624999729,
    3.3901842589998523,
    2.6793283680003697,
    2.506087600000228,
    2.5829537660001733
  ],
  "prusti-tests/tests/verify/pass/quick/fibonacci.rs": [
    2.662203376999969,
    2.3489416840002377,
    2.3103153870001734,
    2.4228969589998997,
    2.477913370999886,
    2.305418400000235,
    2.3333858050000345,
    2.576225819999763,
    2.444157828999778,
    2.560800721000305
  ],
  "prusti-tests/tests/verify/pass/pure-fn/len-lookup.rs": [
    1.2318953480003074,
    1.1901632620001692,
    1.1947890609999376,
    1.2134592620000149,
    1.1545503629999985,
    1.2055857609998384,
    1.1676970640000945,
    1.201708655999937,
    1.1344723519996478,
    1.1930655560004197
  ],
  "prusti-tests/tests/verify/pass/pure-fn/quantifiers.rs": [
    1.0541562489997887,
    1.0935509509999974,
    1.0286807470001804,
    1.0609481499996036,
    0.9987899389998347,
    1.1123059430001376,
    1.0638693399996555,
    1.0666609410000092,
    0.9995109379997302,
    1.0646860399997422
  ],
  "prusti-tests/tests/verify/pass/pure-fn/recursive-pure-fn.rs": [
    0.7841160299999501,
    0.7891159300002073,
    0.8363169470003413,
    0.7761204530002033,
    0.7855080540002746,
    0.8700468600000022,
    0.7991701549999561,
    0.8094157559999076,
    0.8482599579997441,
    0.8527318589999595
  ],
  "prusti-tests/tests/verify/pass/pure-fn/ref-mut-arg.rs": [
    1.001278068999909,
    1.0415885459997298,
    1.0048404669996671,
    1.0064221669999824,
    0.9910956680000709,
    0.9736768679999841,
    1.005693066999811,
    0.9747590679999121,
    1.0678731650000373,
    0.9803247740001098
  ],
  "prusti-tests/tests/verify/pass/rosetta/Ackermann_function.rs": [
    1.1512473910001972,
    1.11913099100002,
    1.1172815909999372,
    1.1473725900000318,
    1.0567665919998035,
    1.0743723909999972,
    1.151681194000048,
    1.0830470430000787,
    1.148976045999916,
    1.2185963490001086
  ],
  "prusti-tests/tests/verify/pass/rosetta/Heapsort.rs": [
    6.332255179000185,
    6.018352622000293,
    6.070340175000183,
    6.277703604999715,
    5.882678796000164,
    6.2865235099998245,
    6.5725591559998975,
    6.061921271999836,
    6.152785543999926,
    6.437841468999977
  ]
}