{
  "prusti-tests/tests/verify/pass/rosetta/Knuth_shuffle.rs": [
    2.8341240929999003,
    2.5111672149998867,
    2.4337170780001998,
    2.424359289999984,
    2.4044636770001944,
    2.369058295999821,
    2.3744835049999438,
    2.3769744329999867,
    2.363316283999893,
    2.413669721000133
  ],
  "prusti-tests/tests/verify/pass/demos/account.rs": [
    2.1937009419998503,
    2.1197920470001463,
    2.1182170669999323,
    2.206482215000051,
    2.178551592000076,
    2.1228525860001355,
    2.1114508269999988,
    2.139709534000076,
    2.066772778000086,
    2.0599872230000074
  ],
  "prusti-tests/tests/verify/pass/rosetta/Knights_tour.rs": [
    133.50092034499994,
    130.11744447799992,
    132.4412975309997,
    134.78097483400006,
    132.0599651309999,
    132.00401521000003,
    130.79406732999996,
    130.29031597600033,
    131.69724516099996,
    129.972982666
  ],
  "prusti-tests/tests/verify/pass/quick/fold-unfold.rs": [
    1.3793617860001177,
    1.3550415669997165,
    1.417349918999662,
    1.3592747269999563,
    1.3133003190000636,
    1.3236735589998716,
    1.3362674380000499,
    1.3884134180002548,
    1.4130109520001497,
    1.371325367999816
  ],
  "prusti-tests/tests/verify/pass/quick/moves.rs": [
    1.6125245779999204,
    1.6523514749997048,
    1.676960409000003,
    1.6415670780002074,
    1.6112415499997041,
    1.6287237999999888,
    1.5525843020000138,
    1.6124437200001012,
    1.6129152390003583,
    1.6187091629999486
  ],
  "prusti-tests/tests/verify/pass/quick/mut-borrows.rs": [
    3.313382242999978,
    3.3060158660000525,
    3.3302789630001826,
    3.3855678230002013,
    3.3294503009997243,
    3.3127949089998765,
    3.2934649750000062,
    3.2424651779997475,
    3.309992235000209,
    3.248218810999788
  ],
  "prusti-tests/tests/verify/pass/quick/shared-borrows.rs": [
    2.0800496380002187,
    2.0897050160001527,
    2.0460451059998377,
    2.0837997129997348,
    2.068941181000355,
    2.0152424650000285,
    2.0418113630003063,
    2.029979230000208,
    2.0317305110002053,
    2.0228524849999303
  ],
  "prusti-tests/tests/verify/pass/quick/trait-contracts-refinement.rs": [
    1.8547811049998018,
    1.8493404509999891,
    1.8605067210000925,
    1.8695669600001565,
    1.8610016400002678,
    1.8341002330002993,
    1.8643433530000948,
    1.8608038499996837,
    1.8450203099996543,
    1.9307785720002357
  ],
  "prusti-tests/tests/verify/pass/quick/routes.rs": [
    5.919971712000006,
    5.520748005999849,
    5.519461183000203,
    5.484784152999964,
    5.503782773000239,
    5.3034650649997275,
    5.338328641999851,
    5.298924064000403,
    5.214420791000066,
    5.183149456000137
  ],
  "prusti-tests/tests/verify/pass/quick/fibonacci.rs": [
    6.714712806999614,
    6.687543202000143,
    6.745572670000001,
    6.618408445000114,
    6.586195020000105,
    7.268781940999816,
    7.523250959000052,
    6.916587025999888,
    6.923915831999693,
    7.029330342999856
  ],
  "prusti-tests/tests/verify/pass/pure-fn/len-lookup.rs": [
    4.12146983599996,
    3.9593258439999772,
    4.068766993999816,
    4.071792833000018,
    4.023223810000218,
    4.021529294000175,
    4.1097032699999545,
    4.009847739999714,
    3.951487723000355,
    3.9106806439999673
  ],
  "prusti-tests/tests/verify/pass/pure-fn/quantifiers.rs": [
    2.3631580189999113,
    2.421280255000056,
    2.3111775900001703,
    2.3827315100002124,
    2.363362282000253,
    2.345985963000203,
    2.3502876099996683,
    2.4011096829999587,
    2.3059937799998806,
    2.3062179559997276
  ],
  "prusti-tests/tests/verify/pass/pure-fn/recursive-pure-fn.rs": [
    2.0935281669999313,
    2.0422592659997463,
    2.0448100460002934,
    2.02182430799985,
    2.046826411999973,
    2.052094886999839,
    2.044193715000347,
    2.0604319009999017,
    2.0149331880002137,
    2.0182559650002077
  ],
  "prusti-tests/tests/verify/pass/pure-fn/ref-mut-arg.rs": [
    3.146283478999976,
    3.1510027740000623,
    3.0782757160000074,
    3.050389326000186,
    3.0929733100001613,
    3.1565321900002346,
    3.199525112000174,
    3.155672504999984,
    3.2326102820002234,
    3.1949642980002864
  ],
  "prusti-tests/tests/verify/pass/rosetta/Ackermann_function.rs": [
    2.173322472000109,
    2.1402057529999183,
    2.1030495189997964,
    2.1097846699999536,
    2.091191054000319,
    2.1633433880001576,
    2.076614266999968,
    2.1244197830001212,
    2.113718750999851,
    2.4540355059998546
  ],
  "prusti-tests/tests/verify/pass/rosetta/Heapsort.rs": [
    14.049284574000012,
    12.974521342000116,
    12.919683115000225,
    12.784396475999984,
    12.862583627999811,
    12.948421485999916,
    12.780694682000103,
    12.807224929999848,
    12.749268960000336,
    12.731802132000212
  ]
}