{
  "prusti-tests/tests/verify/pass/rosetta/Knuth_shuffle.rs": [
    2.614033733000042,
    0.3501404809999258,
    0.35444312799995714,
    0.35363241899995046,
    0.3539707229999749,
    0.35800556700007746,
    0.3526018090000207,
    0.35514103900004557,
    0.35452833399995143,
    0.35860167800001364
  ],
  "prusti-tests/tests/verify/pass/demos/account.rs": [
    2.09681587099999,
    0.12856048999992709,
    0.12293292899994412,
    0.12396274100001392,
    0.12345193499993456,
    0.12457424700005504,
    0.12429244300005848,
    0.125021851999918,
    0.1240469409999605,
    0.12432424400003583
  ],
  "prusti-tests/tests/verify/pass/rosetta/Knights_tour.rs": [
    101.33482414399998,
    2.5726877930001137,
    2.5742980109998825,
    2.5778545350001423,
    2.58089948199995,
    2.576332235999871,
    2.57525796799996,
    2.5801864999998543,
    2.5774521710000045,
    2.578099295999891
  ],
  "prusti-tests/tests/verify/pass/quick/fold-unfold.rs": [
    1.2244279940000524,
    0.09751844299989898,
    0.1000155699998686,
    0.09660173299994312,
    0.09671233500012022,
    0.09624682999992729,
    0.09638843000016095,
    0.09531301899983191,
    0.0968271360000017,
    0.09739334100004271
  ],
  "prusti-tests/tests/verify/pass/quick/moves.rs": [
    1.4739148619999014,
    0.093414599000198,
    0.09343789900003685,
    0.09339459900002112,
    0.09174778100009462,
    0.09225718600009714,
    0.09394930500002374,
    0.09445420999986709,
    0.09274199199990107,
    0.09307299600004626
  ],
  "prusti-tests/tests/verify/pass/quick/mut-borrows.rs": [
    2.915676579999854,
    0.1566757759999291,
    0.157467995999923,
    0.1565156870001374,
    0.15888611200011837,
    0.15864340899997842,
    0.15837300600014714,
    0.15699449199996707,
    0.15777109999999084,
    0.15690018999998756
  ],
  "prusti-tests/tests/verify/pass/quick/shared-borrows.rs": [
    1.8029381280000507,
    0.10272030700002688,
    0.09074547800014443,
    0.09121318300003622,
    0.09149208500002715,
    0.0922962950000965,
    0.09191329000009318,
    0.09163758699992286,
    0.09166048799988857,
    0.09108248100005767
  ],
  "prusti-tests/tests/verify/pass/quick/trait-contracts-refinement.rs": [
    1.6201506580000569,
    0.13473455100006504,
    0.1348113529998045,
    0.13662077200001477,
    0.13516525600016394,
    0.134177346000115,
    0.13511365599993042,
    0.13493525400008366,
    0.13561016100015877,
    0.13428344699991612
  ],
  "prusti-tests/tests/verify/pass/quick/routes.rs": [
    4.758042393000096,
    0.3412100789998931,
    0.34051787099997455,
    0.34146138200003406,
    0.3409772770000927,
    0.34971817000018746,
    0.34038916999998037,
    0.34019106799996734,
    0.33674893100010195,
    0.3357882200000404
  ],
  "prusti-tests/tests/verify/pass/quick/fibonacci.rs": [
    0.3701438909999979,
    0.36999008900011177,
    0.36928208199992696,
    0.36978138700010277,
    0.3687784720000309,
    0.37060939100001633,
    0.37218030799999724,
    0.3714442999998937,
    0.371183197000164,
    0.371423600000071
  ],
  "prusti-tests/tests/verify/pass/pure-fn/len-lookup.rs": [
    3.3610658969998894,
    0.21221738600002027,
    0.21121137499994802,
    0.21203268299996125,
    0.21105637300001945,
    0.21151017800002592,
    0.20888734899995143,
    0.21536821899985625,
    0.20716833100004806,
    0.208607647000008
  ],
  "prusti-tests/tests/verify/pass/pure-fn/quantifiers.rs": [
    2.045943331999979,
    0.18464048800001365,
    0.18451378700001442,
    0.184292884000115,
    0.1851922939999895,
    0.1861055040001247,
    0.18796262399996522,
    0.18367387800003598,
    0.1866862100000617,
    0.18460898800003633
  ],
  "prusti-tests/tests/verify/pass/pure-fn/recursive-pure-fn.rs": [
    1.7829344990000209,
    0.14752348900015022,
    0.14531496500012508,
    0.14484736000008525,
    0.1476822899999206,
    0.14522416399995564,
    0.14625427499981924,
    0.14558706699995128,
    0.14671257999998488,
    0.14536756500001502
  ],
  "prusti-tests/tests/verify/pass/pure-fn/ref-mut-arg.rs": [
    2.600138096999899,
    0.18739661800009344,
    0.18734891700000844,
    0.1877097210001466,
    0.18826422699999057,
    0.18974204200003442,
    0.18851472999995167,
    0.1878719229998751,
    0.18914433600002667,
    0.18939953799986142
  ],
  "prusti-tests/tests/verify/pass/rosetta/Ackermann_function.rs": [
    1.818829580000056,
    0.22716484500006118,
    0.2271960460000173,
    0.22575473100005183,
    0.22520832499981225,
    0.22371540800008916,
    0.22403091099999983,
    0.2260153330000776,
    0.22484381999993275,
    0.22530272599988166
  ],
  "prusti-tests/tests/verify/pass/rosetta/Heapsort.rs": [
    9.836580175000108,
    1.0628882389999035,
    1.0639441499999975,
    1.0660357719998501,
    1.0592024989998663,
    1.0571264769998834,
    1.0596611040000425,
    1.064831260000119,
    1.0656863750000412,
    1.0687088100000892
  ]
}