{
  "prusti-tests/tests/verify/pass/rosetta/Knuth_shuffle.rs": [
    2.308493750000025,
    2.02492753599995,
    1.9871331240001382,
    1.93498858199996,
    1.897462219999852,
    1.8140505759999996,
    1.7910620079999262,
    1.731898633000128,
    1.7356337969999913,
    1.7926236810001228
  ],
  "prusti-tests/tests/verify/pass/demos/account.rs": [
    0.9555479299999661,
    0.9666184689999682,
    0.8733656680001332,
    0.9132409510000343,
    0.9580635899999379,
    0.8958448959999714,
    0.9297206000001097,
    0.8859923170000457,
    0.9522472680000647,
    0.8446424240000852
  ],
  "prusti-tests/tests/verify/pass/rosetta/Knights_tour.rs": [
    133.19348083900013,
    138.77213460099983,
    132.66437589800012,
    131.57083513400016,
    132.77572932499993,
    128.49958899500007,
    130.6837005939999,
    137.343689671,
    126.56646752500001,
    128.33460129900004
  ],
  "prusti-tests/tests/verify/pass/quick/fold-unfold.rs": [
    0.5656670110001869,
    0.5884622470002796,
    0.6029239049998978,
    0.6276977299999089,
    0.5924109269999462,
    0.5760058810001283,
    0.5843712589999086,
    0.5928553389999252,
    0.6323867350001819,
    0.5881479259996922
  ],
  "prusti-tests/tests/verify/pass/quick/moves.rs": [
    0.5753636439999354,
    0.6086662580000848,
    0.5829380879999917,
    0.5702650129996982,
    0.5857029140001941,
    0.5624873599999773,
    0.623843246999968,
    0.626420564,
    0.5937304789999871,
    0.5819752450001943
  ],
  "prusti-tests/tests/verify/pass/quick/mut-borrows.rs": [
    1.0078427240000565,
    0.9893558869998742,
    0.9459323120004228,
    0.93677539600003,
    0.9233578850003141,
    0.9380240529999355,
    0.9542617909996807,
    0.9968594279998797,
    0.9372306119998939,
    0.966065818000061
  ],
  "prusti-tests/tests/verify/pass/quick/shared-borrows.rs": [
    0.6451270289999229,
    0.730201195999598,
    0.6602076140002282,
    0.7841155469996011,
    0.6455925489999572,
    0.6363486300001568,
    0.6877733670003181,
    0.6237667569998848,
    0.6670869270001276,
    0.6967907759999434
  ],
  "prusti-tests/tests/verify/pass/quick/trait-contracts-refinement.rs": [
    0.9929036359999373,
    0.9075885570000537,
    0.9663295279997328,
    0.8807039349999286,
    0.9359426460000577,
    0.8835356629997477,
    0.8857013629999528,
    0.9390594870001223,
    0.8886871069998961,
    0.9428189759996712
  ],
  "prusti-tests/tests/verify/pass/quick/routes.rs": [
    2.928392770999835,
    3.70034516800024,
    2.553760366000006,
    2.6332477729997663,
    2.4858994869996422,
    3.240080654000394,
    3.3482208020000144,
    2.417463658000088,
    2.3904898139999204,
    2.459541154999897
  ],
  "prusti-tests/tests/verify/pass/quick/fibonacci.rs": [
    2.5483871940000427,
    2.3158685869998408,
    2.4778109489998315,
    2.581038942000305,
    2.60747344299989,
    2.6499691740000344,
    2.6832600880002246,
    2.5019964509997408,
    2.577184768999814,
    2.5873134299999947
  ],
  "prusti-tests/tests/verify/pass/pure-fn/len-lookup.rs": [
    1.2137623830003577,
    1.1636731070002497,
    1.2134169690002636,
    1.1998983539997425,
    1.1003709299998263,
    1.1328440050001518,
    1.1134108220003327,
    1.1785329829999682,
    1.080890644000192,
    1.1496154689998548
  ],
  "prusti-tests/tests/verify/pass/pure-fn/quantifiers.rs": [
    1.071325909999814,
    1.1231143640002301,
    1.0808546429998387,
    1.0977465109999685,
    1.000316680999731,
    1.0564478340002097,
    1.040958529999898,
    1.0406784179999704,
    0.9869375749999563,
    1.0286016680001921
  ],
  "prusti-tests/tests/verify/pass/pure-fn/recursive-pure-fn.rs": [
    0.7640200389996608,
    0.8538078209999185,
    0.973879281000336,
    0.7840412499999729,
    0.8121223269999973,
    0.8671704299999874,
    0.8131441739997172,
    0.7777444639996247,
    0.8923472739998033,
    0.796052495999902
  ],
  "prusti-tests/tests/verify/pass/pure-fn/ref-mut-arg.rs": [
    1.0662624830001732,
    0.979361630999847,
    1.0172813549997954,
    1.0518568259999483,
    0.9324462969998422,
    1.0796625900002255,
    1.0727670770002078,
    1.0540359260003243,
    1.0397709769999892,
    1.1609875889998875
  ],
  "prusti-tests/tests/verify/pass/rosetta/Ackermann_function.rs": [
    1.3086226039999929,
    1.1896915959996477,
    1.1282608040000923,
    1.0454686380003295,
    1.0635324599998057,
    1.1483558169998105,
    1.008840173000408,
    1.0830506470001637,
    1.1864136459998917,
    1.20443186600005
  ],
  "prusti-tests/tests/verify/pass/rosetta/Heapsort.rs": [
    6.606492415000048,
    6.288890674999948,
    6.351191602000199,
    5.721488128999681,
    5.809690112000226,
    6.2824462170001425,
    5.736685582999598,
    6.033759696000288,
    6.072627031000138,
    5.8785169230000065
  ]
}