{
  "prusti-tests/tests/verify/pass/rosetta/Knuth_shuffle.rs": [
    2.1533279159999665,
    2.0000059970000166,
    1.9747456779999766,
    1.9007299189999003,
    1.9157571800000142,
    1.8835423680000076,
    1.798994701999959,
    1.8537034290000065,
    1.750649658000043,
    1.7866594449999411
  ],
  "prusti-tests/tests/verify/pass/demos/account.rs": [
    0.9201445060000424,
    0.8613931010000897,
    0.9412498420000475,
    0.8729981159999625,
    0.927556336000066,
    0.8972940930000277,
    0.8871702440000035,
    0.9224438080000255,
    0.8283958350000376,
    0.8702765929999714
  ],
  "prusti-tests/tests/verify/pass/rosetta/Knights_tour.rs": [
    103.62348162900003,
    100.52688357499994,
    108.62350896600014,
    109.16544991499995,
    111.4518498729999,
    102.2036194599998,
    103.319591748,
    103.89746764899996,
    100.88868367300006,
    99.32755331299995
  ],
  "prusti-tests/tests/verify/pass/quick/fold-unfold.rs": [
    0.5875456710000435,
    0.5091723940001884,
    0.5285801550000997,
    0.5137525969998933,
    0.5013055439999334,
    0.5152417629999491,
    0.5378325659999064,
    0.5263628570000947,
    0.5115039919999163,
    0.5507357220001268
  ],
  "prusti-tests/tests/verify/pass/quick/moves.rs": [
    0.5889815190000718,
    0.5743694700001925,
    0.585475962999908,
    0.5659970990000147,
    0.5944322599998486,
    0.5813020779999079,
    0.5905233870000757,
    0.5851585489999707,
    0.6339560129999882,
    0.5382934699998714
  ],
  "prusti-tests/tests/verify/pass/quick/mut-borrows.rs": [
    0.937354766999988,
    0.9438949699999739,
    0.9037795049998749,
    0.938630552000177,
    0.8348422460001075,
    0.8471948939998128,
    0.8360597009998401,
    0.8542931099998441,
    0.9288825200001156,
    0.9262835040001391
  ],
  "prusti-tests/tests/verify/pass/quick/shared-borrows.rs": [
    0.5946087859999807,
    0.6090665279998575,
    0.5681794130000526,
    0.6262065879998318,
    0.6811557270000321,
    0.5471399800001109,
    0.5838862109999354,
    0.5670719639999788,
    0.6058655859999362,
    0.6068935319999582
  ],
  "prusti-tests/tests/verify/pass/quick/trait-contracts-refinement.rs": [
    0.965863360999947,
    0.8949944169999071,
    0.8627718870000081,
    0.8582110869999724,
    0.9211750810000012,
    0.9061365140000817,
    0.835196064999991,
    0.8396740650000538,
    0.8225773049998679,
    0.9001350470000489
  ],
  "prusti-tests/tests/verify/pass/quick/routes.rs": [
    2.6508509440000125,
    2.4191627640000206,
    2.381493391999811,
    2.2433038589999796,
    2.156750994000049,
    2.24653967800009,
    2.3825801140001204,
    2.31611473199996,
    2.2653497440001047,
    2.1982046670000273
  ],
  "prusti-tests/tests/verify/pass/quick/fibonacci.rs": [
    2.441865271000097,
    2.3249992920000295,
    2.3685388229998807,
    2.3420604489999732,
    2.2401506680000693,
    2.193958149000082,
    2.131833992999873,
    2.2312571040001785,
    1.9872819980000713,
    2.2582030240000677
  ],
  "prusti-tests/tests/verify/pass/pure-fn/len-lookup.rs": [
    1.0374103429999195,
    1.1968469189998814,
    1.1397248840000884,
    1.0660119980000218,
    1.160453865999898,
    1.1370500289999654,
    1.1373661430000084,
    1.1481538210000508,
    1.0973299669999506,
    1.0933239889998276
  ],
  "prusti-tests/tests/verify/pass/pure-fn/quantifiers.rs": [
    1.056554664000032,
    0.9927863509999497,
    1.0093376859999807,
    1.0617685120000715,
    0.9790639419998115,
    0.9874530140000388,
    0.9785653200001434,
    1.1047268180000174,
    0.9513144110001122,
    0.9604609180000807
  ],
  "prusti-tests/tests/verify/pass/pure-fn/recursive-pure-fn.rs": [
    0.8558200750001106,
    0.7244417450001492,
    0.7365862839999409,
    0.7183747760000188,
    0.7004758820000916,
    0.8203671020000911,
    0.7483237050000753,
    0.7474870680000549,
    0.7376580330001161,
    0.7462942249999287
  ],
  "prusti-tests/tests/verify/pass/pure-fn/ref-mut-arg.rs": [
    1.0006321129999378,
    0.918793580999818,
    0.9159125520000089,
    1.044700968999905,
    0.9383710489998975,
    0.9263416149999557,
    0.9483361919999425,
    0.9823530149999442,
    0.9301435100001072,
    0.9147001250000812
  ],
  "prusti-tests/tests/verify/pass/rosetta/Ackermann_function.rs": [
    1.000631040999906,
    1.0714798879998852,
    1.035414886000126,
    0.9553513300002123,
    1.0713182810000035,
    1.0286103049998019,
    1.0591710670000793,
    1.091686005000156,
    1.031931762000113,
    1.0794333630001347
  ],
  "prusti-tests/tests/verify/pass/rosetta/Heapsort.rs": [
    5.956303751000178,
    6.04936825499999,
    5.050689287000296,
    5.637240733999988,
    5.246774067999922,
    4.962969057999999,
    4.913385156999993,
    5.059134020999863,
    4.991806815000018,
    5.215495013000236
  ]
}