{
  "prusti-tests/tests/verify/pass/rosetta/Knuth_shuffle.rs": [
    2.4656579830000283,
    0.34434815600002366,
    0.34378436400004375,
    0.3436068669999486,
    0.3438381629999867,
    0.34513204499990024,
    0.3429614760000277,
    0.34563313800003925,
    0.34375796400001946,
    0.3440313609999066
  ],
  "prusti-tests/tests/verify/pass/demos/account.rs": [
    2.030908730999954,
    0.12042240599998877,
    0.11918372399998134,
    0.11920672300004753,
    0.1208279009999842,
    0.11971371600009206,
    0.11958431699997618,
    0.12091739999993933,
    0.12001471099995342,
    0.11994211299997914
  ],
  "prusti-tests/tests/verify/pass/rosetta/Knights_tour.rs": [
    96.84548483700007,
    2.5329055619999963,
    2.541472940999938,
    2.5402672630000325,
    2.5366554639999777,
    2.535349082000039,
    2.5351661850002074,
    2.541486604000056,
    2.5380423629999314,
    2.5328928769999948
  ],
  "prusti-tests/tests/verify/pass/quick/fold-unfold.rs": [
    1.2208924829999432,
    0.09152504700000463,
    0.09156294700005674,
    0.09221133500000178,
    0.09156474699989303,
    0.09169794500007811,
    0.09211673700019674,
    0.09130925199997364,
    0.09166764499991586,
    0.09054076600000371
  ],
  "prusti-tests/tests/verify/pass/quick/moves.rs": [
    1.4336936160000278,
    0.08784671400007937,
    0.0862330429999929,
    0.08776951499999086,
    0.0874452210000527,
    0.08622994300003484,
    0.08669643500002167,
    0.08670393399984277,
    0.08657356200001232,
    0.0866221769999811
  ],
  "prusti-tests/tests/verify/pass/quick/mut-borrows.rs": [
    2.8092002500000035,
    0.1509601699999621,
    0.15216125199981434,
    0.15043517700019038,
    0.1507867720001741,
    0.15118066600007296,
    0.15207875400005832,
    0.15153726099993037,
    0.15215085199997702,
    0.15125316600006045
  ],
  "prusti-tests/tests/verify/pass/quick/shared-borrows.rs": [
    1.7571771800000988,
    0.08713476899993111,
    0.08530439500009379,
    0.08529389499994977,
    0.08539019399995595,
    0.08654257800003506,
    0.08710256899985325,
    0.08783156000004055,
    0.08689867200018853,
    0.08694557200010422
  ],
  "prusti-tests/tests/verify/pass/quick/trait-contracts-refinement.rs": [
    1.5828011400001287,
    0.13030875899994498,
    0.13108784800010653,
    0.13152994200004287,
    0.13037455900007444,
    0.131582840999954,
    0.1329880209998464,
    0.13112204799995197,
    0.13136604399983298,
    0.13006316300015897
  ],
  "prusti-tests/tests/verify/pass/quick/routes.rs": [
    4.680138776999911,
    0.337363693000043,
    0.33373864400005004,
    0.33491822700011653,
    0.33401854099997763,
    0.33203196800013757,
    0.33134017900010804,
    0.33152097499987576,
    0.332137166999928,
    0.33143607700003486
  ],
  "prusti-tests/tests/verify/pass/quick/fibonacci.rs": [
    0.36657647600009113,
    0.3689419419999922,
    0.3655928910000057,
    0.36354871900016406,
    0.36192004300005465,
    0.36625648100016406,
    0.3649279989999741,
    0.3644163069998285,
    0.36211733899995124,
    0.36686738100002003
  ],
  "prusti-tests/tests/verify/pass/pure-fn/len-lookup.rs": [
    3.244751150999946,
    0.20492708500000845,
    0.2053000799999154,
    0.20639336500016725,
    0.20595096999977613,
    0.20614536799985217,
    0.2041003979998095,
    0.20555787700004657,
    0.2055237770000531,
    0.20646196300003794
  ],
  "prusti-tests/tests/verify/pass/pure-fn/quantifiers.rs": [
    1.9766648859999805,
    0.18046033399991757,
    0.17941834800012657,
    0.18168271600006847,
    0.180604995000067,
    0.1790353960000175,
    0.1797803849999582,
    0.1814062619998822,
    0.17992008300007,
    0.18237804799991864
  ],
  "prusti-tests/tests/verify/pass/pure-fn/recursive-pure-fn.rs": [
    1.7210042690001046,
    0.1389067799998429,
    0.14066455400006816,
    0.13860738399989714,
    0.13949157100000775,
    0.1406832539998959,
    0.14030155999989802,
    0.13923937399999886,
    0.13888078000013593,
    0.13914437699986593
  ],
  "prusti-tests/tests/verify/pass/pure-fn/ref-mut-arg.rs": [
    2.5231661020000047,
    0.18349003100001937,
    0.1808049700000538,
    0.18297903899997436,
    0.18347713100001783,
    0.18326683500004037,
    0.1831159360001493,
    0.1844820169999366,
    0.1853576040000462,
    0.18669130299986136
  ],
  "prusti-tests/tests/verify/pass/rosetta/Ackermann_function.rs": [
    1.742708083000025,
    0.2221347429999696,
    0.22160436099989056,
    0.2208500849999382,
    0.2210748780000813,
    0.22086048500000288,
    0.2226398259999769,
    0.2202738049998061,
    0.2209705689999737,
    0.22122717000002012
  ],
  "prusti-tests/tests/verify/pass/rosetta/Heapsort.rs": [
    9.650792712999873,
    1.0451442910000424,
    1.0429874230001133,
    1.037696490999906,
    1.0483796190001158,
    1.0373172419999719,
    1.038259528000026,
    1.040198600000167,
    1.0445030390001193,
    1.041748478000045
  ]
}