{
  "prusti-tests/tests/verify/pass/rosetta/Knuth_shuffle.rs": [
    2.284463143000039,
    2.1204641870000387,
    2.0360055460000694,
    1.985160378000046,
    1.9950199740000016,
    1.995207961999995,
    1.9528681549999192,
    1.961735534000013,
    1.9501072539999313,
    1.9594002819999332
  ],
  "prusti-tests/tests/verify/pass/demos/account.rs": [
    1.870492119000005,
    1.8232042669999373,
    1.79605140700005,
    1.8334305600000107,
    1.8005178380000189,
    1.7930985670000155,
    1.7813008539999373,
    1.8400930159999689,
    1.8022750190000352,
    1.7947935469999265
  ],
  "prusti-tests/tests/verify/pass/rosetta/Knights_tour.rs": [
    111.43848685099988,
    109.55270825899993,
    112.00511206200008,
    110.05580442600012,
    116.89341622200004,
    118.47523116000002,
    114.27256465300002,
    113.30827993100002,
    113.11241819800011,
    112.17017575399973
  ],
  "prusti-tests/tests/verify/pass/quick/fold-unfold.rs": [
    1.2144594649998908,
    1.185070703999827,
    1.1841529379998974,
    1.1845655490001263,
    1.1935111329999017,
    1.1836167410001508,
    1.1755502659998456,
    1.1745551569997588,
    1.1901907010001196,
    1.197759016999953
  ],
  "prusti-tests/tests/verify/pass/quick/moves.rs": [
    1.4525310290000562,
    1.4468536650001624,
    1.4724039530001392,
    1.4462153569998009,
    1.434569379000095,
    1.447912912999982,
    1.4357653059996665,
    1.450316249000025,
    1.4465155100001539,
    1.439143735000016
  ],
  "prusti-tests/tests/verify/pass/quick/mut-borrows.rs": [
    2.8717821499999445,
    2.8554212359999838,
    2.843415656000161,
    2.8321677429999,
    2.817692468000132,
    2.8673580089998723,
    2.809469973999967,
    2.7998058919997675,
    2.8072600469999998,
    2.790925193000021
  ],
  "prusti-tests/tests/verify/pass/quick/shared-borrows.rs": [
    1.8087461449999864,
    1.8108077169999888,
    1.7925962610001989,
    1.809350079000069,
    1.8078894660002334,
    1.802354013999775,
    1.803335837999839,
    1.8364854709998326,
    1.8999050379998152,
    1.8413857160003317
  ],
  "prusti-tests/tests/verify/pass/quick/trait-contracts-refinement.rs": [
    1.7585638770001424,
    1.6356257080001342,
    1.737693906000004,
    1.6453007869999965,
    1.6089317639998626,
    1.5684260380003252,
    1.5559538459997384,
    1.5813302210003712,
    1.5781743950001328,
    1.5641769829999248
  ],
  "prusti-tests/tests/verify/pass/quick/routes.rs": [
    4.738206193999758,
    4.477096117000201,
    4.3954427520002355,
    4.3132113460001165,
    4.3007812559999365,
    4.265254206000009,
    4.330459129000246,
    4.3073008920000575,
    4.287519055999837,
    4.27816532099996
  ],
  "prusti-tests/tests/verify/pass/quick/fibonacci.rs": [
    5.670376686000054,
    5.731577817000016,
    5.737970695000058,
    5.707691528999931,
    5.741363791999902,
    5.739705065999715,
    5.702490848000252,
    5.6996859609998864,
    5.644188083000245,
    5.667344605999915
  ],
  "prusti-tests/tests/verify/pass/pure-fn/len-lookup.rs": [
    3.234284494000349,
    3.250236416000007,
    3.2093716920003317,
    3.2206946870001048,
    3.2173114710003574,
    3.2168855670001903,
    3.2506387710000126,
    3.284585302999858,
    3.2554155560001163,
    3.2827855020000243
  ],
  "prusti-tests/tests/verify/pass/pure-fn/quantifiers.rs": [
    1.9904233779998322,
    2.0369676750001418,
    1.988754077000067,
    2.0030218519996197,
    2.0111855209997884,
    1.9793553519998568,
    2.006265004999932,
    2.0844632829998773,
    2.0275252000001274,
    2.1043874520000827
  ],
  "prusti-tests/tests/verify/pass/pure-fn/recursive-pure-fn.rs": [
    1.7407871259997592,
    1.7990378470003634,
    1.8437792290001198,
    1.8278768939999281,
    1.7996828440000172,
    1.7565165020000677,
    1.756508502000088,
    1.7499103449999893,
    1.7587283220000245,
    1.7599304699997447
  ],
  "prusti-tests/tests/verify/pass/pure-fn/ref-mut-arg.rs": [
    2.5800281490001,
    2.555562737999935,
    2.6106176670000423,
    2.601085414999943,
    2.5819699509997918,
    2.58642256200028,
    2.5826040649999413,
    2.5696696549998705,
    2.587376297999981,
    2.583670534999783
  ],
  "prusti-tests/tests/verify/pass/rosetta/Ackermann_function.rs": [
    1.8050997249997636,
    1.7708782350000547,
    1.7774074900003143,
    1.7720768449999014,
    1.7680338109998956,
    1.7706343329996344,
    1.7895583939998687,
    1.8757436099999723,
    1.8285891040000024,
    1.8985659979998672
  ],
  "prusti-tests/tests/verify/pass/rosetta/Heapsort.rs": [
    10.92992717900006,
    10.585181137999825,
    10.538866624000093,
    10.506131086000096,
    10.64153267699976,
    10.587845786999878,
    10.592870574000244,
    10.503985425000337,
    10.65598164999983,
    10.580138626000007
  ]
}