{
  "prusti-tests/tests/verify/pass/rosetta/Knuth_shuffle.rs": [
    2.6665987960000166,
    2.3704033980000077,
    2.3567216740000276,
    2.3155375489998278,
    2.363362843999994,
    2.3542511440000453,
    2.3645198130000153,
    2.294453024000177,
    2.290777324999908,
    2.27478661799978
  ],
  "prusti-tests/tests/verify/pass/demos/account.rs": [
    2.2058848010001384,
    2.209784000999889,
    2.1782431920000818,
    2.14097998200009,
    2.0810834599999453,
    2.0539996319998863,
    2.0786779410000236,
    2.1389563650000127,
    2.060944997999968,
    2.086671328999955
  ],
  "prusti-tests/tests/verify/pass/rosetta/Knights_tour.rs": [
    128.03415821599992,
    133.95952195199993,
    122.00630775600007,
    121.11843868000005,
    121.1211784420002,
    130.4237705100004,
    135.82077711400007,
    136.06787849099965,
    131.65001341300012,
    121.16478053900028
  ],
  "prusti-tests/tests/verify/pass/quick/fold-unfold.rs": [
    1.3832447259997025,
    1.3837512180002705,
    1.4203319199996258,
    1.4218701300001158,
    1.4056000349996793,
    1.3862466210002822,
    1.4010956080001051,
    1.4156524330001048,
    1.4095818079999844,
    1.415645644000051
  ],
  "prusti-tests/tests/verify/pass/quick/moves.rs": [
    1.771630641000229,
    1.7959619850003037,
    1.7985105389998353,
    1.6930090290002227,
    1.7074821150004027,
    1.6915365199997723,
    1.700637874000222,
    1.6917593090001901,
    1.700969164000071,
    1.761556821999875
  ],
  "prusti-tests/tests/verify/pass/quick/mut-borrows.rs": [
    3.325430870999753,
    3.339332431999992,
    3.3886260230001426,
    3.3401226920000227,
    3.4283286909999333,
    3.42220072300006,
    3.412694792000366,
    3.3868349089998446,
    3.3577845709996836,
    3.3401314679999814
  ],
  "prusti-tests/tests/verify/pass/quick/shared-borrows.rs": [
    2.1568170719997397,
    2.1432545560001017,
    2.1602493559998948,
    2.086977425999976,
    2.096953680000297,
    2.114421979999861,
    2.1057903299997633,
    2.1690574999997807,
    2.1074099610000303,
    2.06788983000024
  ],
  "prusti-tests/tests/verify/pass/quick/trait-contracts-refinement.rs": [
    1.9115150130000984,
    1.9279020090002632,
    1.8970893320001778,
    1.829458736000106,
    1.83102034500007,
    1.7954455359999884,
    1.8471292400004131,
    1.8567719969996688,
    1.8534656779997931,
    1.8596556140000757
  ],
  "prusti-tests/tests/verify/pass/quick/routes.rs": [
    5.728419421000126,
    5.176118278999638,
    5.026195897999969,
    5.215215312000055,
    5.227324287000101,
    5.282885425999666,
    5.079776051999943,
    5.1185703959999955,
    4.955639186000099,
    4.9845935169996665
  ],
  "prusti-tests/tests/verify/pass/quick/fibonacci.rs": [
    6.5763237229998595,
    6.578883715999837,
    6.438736775000052,
    6.451334278999639,
    6.545570854000289,
    6.72092818100009,
    6.7728896630001145,
    6.403769137999916,
    6.367311473999962,
    6.339833631000147
  ],
  "prusti-tests/tests/verify/pass/pure-fn/len-lookup.rs": [
    3.6931037419999484,
    3.74988197499988,
    3.812653642999976,
    3.81150750300003,
    3.7920496849997107,
    3.7714567349999015,
    3.7856733429998712,
    3.76733421300014,
    3.7134888210002828,
    3.6669904689997566
  ],
  "prusti-tests/tests/verify/pass/pure-fn/quantifiers.rs": [
    2.2543936990000475,
    2.257103415000074,
    2.3593222139998034,
    2.2508776780000517,
    2.2641404549999606,
    2.2768108300001586,
    2.296339345999968,
    2.241745427999831,
    2.2615911450002386,
    2.240294019999965
  ],
  "prusti-tests/tests/verify/pass/pure-fn/recursive-pure-fn.rs": [
    2.0177439349999986,
    2.066146419999768,
    2.0126376069997605,
    2.0366774480003187,
    2.1275494020001133,
    2.0925468979999096,
    2.0707272690001446,
    2.0450664140003028,
    2.0241841530000784,
    2.0262463650001337
  ],
  "prusti-tests/tests/verify/pass/pure-fn/ref-mut-arg.rs": [
    3.0078482120002263,
    2.9756847510002444,
    3.0559087310002724,
    2.9682279200001176,
    2.9263256049998745,
    2.961948415000279,
    2.9306910430000244,
    2.9541803820002315,
    2.965388849000192,
    3.006883454999752
  ],
  "prusti-tests/tests/verify/pass/rosetta/Ackermann_function.rs": [
    2.1322385010003018,
    2.0780377839996618,
    2.0432909769997423,
    2.1231899219997104,
    2.0932616459999736,
    2.1040638090003085,
    2.1321191800002453,
    2.1027352209998753,
    2.139281235999988,
    2.1147221920000447
  ],
  "prusti-tests/tests/verify/pass/rosetta/Heapsort.rs": [
    11.638742327999807,
    11.750205113999982,
    11.574263052999868,
    11.49231249100012,
    11.431838035000055,
    11.734302968000065,
    11.593906428000082,
    11.400038401000074,
    11.404396445000202,
    11.673306704999959
  ]
}