{
  "prusti-tests/tests/verify/pass/rosetta/Knuth_shuffle.rs": [
    2.4071113990000867,
    2.29045095999993,
    2.167588161000026,
    2.0114134080000667,
    2.0154872939999677,
    1.9704948390000254,
    2.052391668000041,
    1.9581662299999607,
    2.0560772180000413,
    1.9366013119999934
  ],
  "prusti-tests/tests/verify/pass/demos/account.rs": [
    1.8106066459999965,
    1.7959172509999917,
    1.8066383579999865,
    1.810099895999997,
    1.8024913130000186,
    1.7896726510000462,
    1.780435961999956,
    1.819082275000028,
    1.7768015219999143,
    1.7911916760000395
  ],
  "prusti-tests/tests/verify/pass/rosetta/Knights_tour.rs": [
    105.29414816199994,
    104.63131314999998,
    102.21465386900013,
    106.43533449699999,
    103.76181085100006,
    102.59232429400004,
    103.4154459429999,
    103.56538682000019,
    105.05840529300008,
    101.89708826099991
  ],
  "prusti-tests/tests/verify/pass/quick/fold-unfold.rs": [
    1.163515327000141,
    1.1739694220000274,
    1.1612339030000385,
    1.1689939790001063,
    1.1653501659998255,
    1.1681557760000487,
    1.1646326099998987,
    1.1633475500000259,
    1.1689178040001025,
    1.160139025999797
  ],
  "prusti-tests/tests/verify/pass/quick/moves.rs": [
    1.4420951049999076,
    1.4126891230000638,
    1.4167041519999657,
    1.4272000620001108,
    1.4168304739998803,
    1.420944855000016,
    1.4443715119998615,
    1.4119988859999921,
    1.4079297219998352,
    1.4317911210000602
  ],
  "prusti-tests/tests/verify/pass/quick/mut-borrows.rs": [
    2.8037656139999854,
    2.862945342999865,
    2.8722284099999342,
    2.8575532089998887,
    2.810943787000042,
    2.83500896999999,
    2.8459405789999437,
    2.8940116359999593,
    2.859408558000041,
    2.8116464360000464
  ],
  "prusti-tests/tests/verify/pass/quick/shared-borrows.rs": [
    1.797659552999903,
    1.8031456960000014,
    1.805496268999832,
    1.800409375000072,
    1.8024180620000152,
    1.7635075549999328,
    1.7947643439999865,
    1.8044931400002042,
    1.7978394320000461,
    1.79624347999993
  ],
  "prusti-tests/tests/verify/pass/quick/trait-contracts-refinement.rs": [
    1.6146454329998505,
    1.5855367990000104,
    1.535373669000137,
    1.5606835659998524,
    1.5327814389997911,
    1.5674968450000506,
    1.5325639130001036,
    1.5849435380000614,
    1.584468933000153,
    1.5444635920000565
  ],
  "prusti-tests/tests/verify/pass/quick/routes.rs": [
    5.3449875229998725,
    5.205467553000062,
    4.989186837000034,
    4.986185634999856,
    5.045545465000032,
    4.973688919999859,
    4.91899813100008,
    4.946275563000199,
    4.96810775400013,
    4.959590615000025
  ],
  "prusti-tests/tests/verify/pass/quick/fibonacci.rs": [
    6.2332175510000525,
    6.223604205999891,
    6.295683214000064,
    6.251474685000176,
    6.45704108200016,
    6.198578253000051,
    6.153430212000103,
    6.281777138000052,
    6.242384000000129,
    6.328747975000169
  ],
  "prusti-tests/tests/verify/pass/pure-fn/len-lookup.rs": [
    3.569938808000188,
    3.649845857999935,
    3.5933935590001056,
    3.58535817999973,
    3.639573129999917,
    3.5947758160000376,
    3.555006902000059,
    3.7034594050001033,
    3.639425599000333,
    3.5580016849999083
  ],
  "prusti-tests/tests/verify/pass/pure-fn/quantifiers.rs": [
    2.259168683000098,
    2.2705330979997598,
    2.3620552050001606,
    2.1875584049998906,
    2.2178684109999267,
    2.2588264239998352,
    2.1852686830002312,
    2.246061013000144,
    2.236811829999624,
    2.3249899200000073
  ],
  "prusti-tests/tests/verify/pass/pure-fn/recursive-pure-fn.rs": [
    2.1724387310000566,
    2.1139783630001148,
    2.2509097920001295,
    2.1217966179997347,
    2.093722335000166,
    2.1577076779999516,
    2.111631417999888,
    2.3088790150000023,
    2.1540433680002025,
    2.1919943030002287
  ],
  "prusti-tests/tests/verify/pass/pure-fn/ref-mut-arg.rs": [
    2.6470260579999376,
    2.5868361069997263,
    2.6401587850000396,
    2.5638814479998473,
    2.6766018469998016,
    2.7166507060001095,
    2.597849191000023,
    2.6962189509999916,
    2.557490833999964,
    2.739129170999604
  ],
  "prusti-tests/tests/verify/pass/rosetta/Ackermann_function.rs": [
    2.0821216550002646,
    2.094442302999596,
    2.1318011590001333,
    2.093359235999742,
    2.1128246230000514,
    2.1778939519999767,
    2.086943635999887,
    2.1581139270001586,
    2.1295320999997784,
    2.1983497460000763
  ],
  "prusti-tests/tests/verify/pass/rosetta/Heapsort.rs": [
    11.239334753000094,
    10.944330735000221,
    10.723642034000022,
    11.065788202000022,
    10.81220301400026,
    10.917602391999935,
    11.022004982999988,
    10.993442086999949,
    11.00548670399985,
    11.054193865999878
  ]
}