{
  "prusti-tests/tests/verify/pass/rosetta/Knuth_shuffle.rs": [
    2.3686202920000596,
    2.090348216999928,
    1.9719507010001962,
    2.0088352729999315,
    1.9606455870000445,
    1.9699517810001907,
    1.9730690110000069,
    1.946350541999891,
    1.9209990849999485,
    1.9570300000000316
  ],
  "prusti-tests/tests/verify/pass/demos/account.rs": [
    1.8143425579999075,
    1.7960719699999572,
    1.778583289999915,
    1.8029985409998517,
    1.7916080840000177,
    1.7765646759999072,
    1.785054903999935,
    1.7998377230001097,
    1.7941875880001135,
    1.7552182039999025
  ],
  "prusti-tests/tests/verify/pass/rosetta/Knights_tour.rs": [
    106.1029542719998,
    103.30868808500009,
    103.55252535,
    106.0517543200001,
    104.0612614050001,
    104.1113342000001,
    103.56784845700008,
    104.49404495099998,
    103.87988425100002,
    104.73655516400004
  ],
  "prusti-tests/tests/verify/pass/quick/fold-unfold.rs": [
    1.1902501240001584,
    1.1861419820002084,
    1.176042277000306,
    1.1792013000003863,
    1.1792935000003126,
    1.1759022659998664,
    1.1801525089999814,
    1.1718686240001261,
    1.1880558890002249,
    1.1815912179999941
  ],
  "prusti-tests/tests/verify/pass/quick/moves.rs": [
    1.4364877009998054,
    1.429958734000138,
    1.4259807940002247,
    1.4529880679997405,
    1.438539222000145,
    1.4375110009996206,
    1.419946919999802,
    1.4299750220002352,
    1.4373278960001699,
    1.4290503129996068
  ],
  "prusti-tests/tests/verify/pass/quick/mut-borrows.rs": [
    2.8326677999998537,
    2.818535032999989,
    2.8046626929999547,
    2.804223861999617,
    2.812306499999977,
    2.8027339059999576,
    2.806879093000134,
    2.802425807000418,
    2.816826563000177,
    2.807544886999949
  ],
  "prusti-tests/tests/verify/pass/quick/shared-borrows.rs": [
    1.77990834000002,
    1.7807937500001572,
    1.7900864580001326,
    1.7744527899999412,
    1.7840748899998289,
    1.7848840990000099,
    1.7788398360003157,
    1.7901291059997675,
    1.7875934399999096,
    1.788329447000251
  ],
  "prusti-tests/tests/verify/pass/quick/trait-contracts-refinement.rs": [
    1.5955311940001593,
    1.5736199610000767,
    1.557887409000159,
    1.5667595300001267,
    1.5585030449997248,
    1.5486989450000692,
    1.5524515829997654,
    1.555034988999978,
    1.5735928069998408,
    1.5584062510001786
  ],
  "prusti-tests/tests/verify/pass/quick/routes.rs": [
    4.647537490000104,
    4.386096314000042,
    4.30035030099998,
    4.317057270999612,
    4.273247102999903,
    4.229984307999985,
    4.2457048389997,
    4.239100272000087,
    4.2509303059996455,
    4.219085844999881
  ],
  "prusti-tests/tests/verify/pass/quick/fibonacci.rs": [
    5.675258429000223,
    5.655211882000003,
    5.643327838999994,
    5.662195457000053,
    5.654073104999952,
    5.629409145999944,
    5.661824478999733,
    5.677228557000035,
    5.669449075000102,
    5.6893813149999914
  ],
  "prusti-tests/tests/verify/pass/pure-fn/len-lookup.rs": [
    3.2441588719998435,
    3.227239028999975,
    3.2424478420002742,
    3.2222670969999854,
    3.2140310099998715,
    3.2228054349998274,
    3.225720264999836,
    3.216009277000012,
    3.213865048000116,
    3.2078442620004353
  ],
  "prusti-tests/tests/verify/pass/pure-fn/quantifiers.rs": [
    1.960378043000219,
    1.961294853000254,
    1.9666338050001286,
    1.9575381160002507,
    1.9507504749999498,
    1.9571340550000969,
    1.9589725739997448,
    1.9542462270001124,
    1.9640785380001944,
    1.9617398169998523
  ],
  "prusti-tests/tests/verify/pass/pure-fn/recursive-pure-fn.rs": [
    1.7333076210002218,
    1.7359436470001128,
    1.7266843190000145,
    1.7594400520001727,
    1.7409921849998682,
    1.7479551480000737,
    1.7326330519999829,
    1.7310620150001341,
    1.7409160840002187,
    1.7347427159998006
  ],
  "prusti-tests/tests/verify/pass/pure-fn/ref-mut-arg.rs": [
    2.572382550000384,
    2.533301138999832,
    2.548348743999668,
    2.54364399699989,
    2.5443732499998077,
    2.5562921409996306,
    2.5581114589999743,
    2.5611475780001456,
    2.555997218000357,
    2.5512613719997717
  ],
  "prusti-tests/tests/verify/pass/rosetta/Ackermann_function.rs": [
    1.7795114339996871,
    1.748480711999946,
    1.7516069430002972,
    1.7397239249999075,
    1.7592497179998645,
    1.7475596839999525,
    1.7527740089999497,
    1.7554288389997055,
    1.7652070510002886,
    1.766360285999781
  ],
  "prusti-tests/tests/verify/pass/rosetta/Heapsort.rs": [
    10.539043282999955,
    10.484069521000038,
    10.443311001999973,
    10.41029866100007,
    10.449451070000123,
    10.471127674999934,
    10.478064976999576,
    10.427542739000273,
    10.39101990600011,
    10.43692759500027
  ]
}