{
  "prusti-tests/tests/verify/pass/rosetta/Knuth_shuffle.rs": [
    2.4325960249999525,
    2.289550214000087,
    2.057149847000005,
    2.0798248669999566,
    2.022592259000021,
    2.073486363000029,
    1.9774136940000062,
    1.948302783000031,
    2.036367126000073,
    1.9224329359999501
  ],
  "prusti-tests/tests/verify/pass/demos/account.rs": [
    1.9017421610000156,
    1.9654072600000063,
    1.868119686,
    1.8226293469999746,
    1.8323877929999526,
    1.859913780999932,
    1.8410420150000846,
    1.860695392000025,
    2.0090744260000974,
    1.843263124999794
  ],
  "prusti-tests/tests/verify/pass/rosetta/Knights_tour.rs": [
    106.26387589000001,
    103.40123052500007,
    105.445413895,
    102.60394247499994,
    103.79579025400017,
    109.61444338299998,
    102.22672001699993,
    106.45094957899983,
    100.14089002900005,
    101.94144531700022
  ],
  "prusti-tests/tests/verify/pass/quick/fold-unfold.rs": [
    1.2065480480000588,
    1.1915631209999447,
    1.204012808999778,
    1.1885846199998014,
    1.1889913079999133,
    1.2199801669999033,
    1.2008238830003393,
    1.192469959000391,
    1.1969558259997939,
    1.1977693720000389
  ],
  "prusti-tests/tests/verify/pass/quick/moves.rs": [
    1.457628215999648,
    1.4438831229999778,
    1.4713609079999515,
    1.454109765999874,
    1.4491215959997135,
    1.4720562249999602,
    1.4423471939999217,
    1.4496576030001052,
    1.4646214280001004,
    1.4407964699998956
  ],
  "prusti-tests/tests/verify/pass/quick/mut-borrows.rs": [
    2.9438716679997015,
    2.8639368340000146,
    2.894292967000183,
    2.897978809000051,
    2.886693135999849,
    2.8527122550003696,
    2.8812023109999245,
    2.906516978000127,
    2.928292491999855,
    2.8855774140001813
  ],
  "prusti-tests/tests/verify/pass/quick/shared-borrows.rs": [
    1.8001028110002153,
    1.8391905690000385,
    1.836681046999729,
    1.8386738780000087,
    1.8364046450001297,
    1.8317801789999066,
    1.808872070000234,
    1.8302319949998491,
    1.8239395049999985,
    1.828524471000037
  ],
  "prusti-tests/tests/verify/pass/quick/trait-contracts-refinement.rs": [
    1.57805138599997,
    1.5736054949998106,
    1.5501624509997782,
    1.5697703319997345,
    1.5265516139997999,
    1.5552736250001544,
    1.534437379999872,
    1.5736890060002224,
    1.5415716490001614,
    1.569695749999937
  ],
  "prusti-tests/tests/verify/pass/quick/routes.rs": [
    5.039761650999935,
    4.784172207000211,
    5.142685250000341,
    4.6349178599998595,
    4.796353157999874,
    4.594698794000124,
    4.719721092000327,
    4.7423471100000825,
    4.632424952000292,
    4.689837776000331
  ],
  "prusti-tests/tests/verify/pass/quick/fibonacci.rs": [
    5.975790327000141,
    6.003725489999852,
    6.036295816999882,
    6.0296849460000885,
    6.074728779999987,
    6.1837211449997085,
    6.06209366999974,
    5.957155074000184,
    5.956815888000165,
    6.162620142999913
  ],
  "prusti-tests/tests/verify/pass/pure-fn/len-lookup.rs": [
    3.492043140000078,
    3.5118494110001848,
    3.469489514000088,
    3.497581210000135,
    3.5051100400000905,
    3.5055491500002063,
    3.487831122999978,
    3.4723529200000485,
    3.489981194000393,
    3.507371995000085
  ],
  "prusti-tests/tests/verify/pass/pure-fn/quantifiers.rs": [
    2.187312891000147,
    2.2055337150000014,
    2.125997868000013,
    2.164957021999726,
    2.1683924719995957,
    2.135024433000126,
    2.16707078599984,
    2.1904944230000183,
    2.1326514950001183,
    2.1661501710000266
  ],
  "prusti-tests/tests/verify/pass/pure-fn/recursive-pure-fn.rs": [
    2.015972168999724,
    2.068186434999916,
    2.0430604580001273,
    2.1472306219998245,
    2.1015716239999165,
    2.0423599800001284,
    2.077190461999635,
    2.018893247000051,
    2.1982463989997996,
    2.0581730959997913
  ],
  "prusti-tests/tests/verify/pass/pure-fn/ref-mut-arg.rs": [
    3.0353387320001275,
    3.135297840000021,
    3.175203630999931,
    3.0457623420002164,
    3.22700902600036,
    3.190158330000031,
    3.1850887420000618,
    3.19720278099976,
    3.305807466999795,
    3.333275118000074
  ],
  "prusti-tests/tests/verify/pass/rosetta/Ackermann_function.rs": [
    2.141062379000232,
    2.0641323780000675,
    2.042845483000292,
    2.0971366369999487,
    2.0309000669999477,
    2.141019642000174,
    2.0234874929997204,
    2.1165919989998656,
    2.052021947000412,
    2.226234683000257
  ],
  "prusti-tests/tests/verify/pass/rosetta/Heapsort.rs": [
    10.712488395000037,
    10.392192459999933,
    10.539357014000416,
    10.528953384000033,
    10.499159773999963,
    10.553137106000122,
    10.482728154000142,
    10.657169025999792,
    10.742525708999892,
    10.581670746000327
  ]
}