{
  "prusti-tests/tests/verify/pass/rosetta/Knuth_shuffle.rs": [
    2.7654102169999533,
    2.421036003999916,
    2.3722814630000357,
    2.3478982780000024,
    2.339485712000169,
    2.309833461000153,
    2.327559115999975,
    2.3208575829999063,
    2.3108140879999155,
    2.2827214359999743
  ],
  "prusti-tests/tests/verify/pass/demos/account.rs": [
    2.077925167999865,
    2.09720675199992,
    2.0800505119998434,
    2.1282125689999702,
    2.069666906999828,
    2.0943529969999872,
    2.1627121559999978,
    2.17534782000007,
    2.0892938029999186,
    2.059352163000085
  ],
  "prusti-tests/tests/verify/pass/rosetta/Knights_tour.rs": [
    120.79356831600012,
    121.44373914100015,
    118.511224588,
    119.41551508199996,
    118.28593840799999,
    118.73813132700025,
    121.28882306500009,
    121.87923589100001,
    119.22150460800003,
    121.4550238390002
  ],
  "prusti-tests/tests/verify/pass/quick/fold-unfold.rs": [
    1.4482090139999855,
    1.4285246230001576,
    1.4252673579999282,
    1.432044593000228,
    1.413311320000048,
    1.4443115019998913,
    1.4249248460000672,
    1.462274797000191,
    1.44996995099973,
    1.4242858339998747
  ],
  "prusti-tests/tests/verify/pass/quick/moves.rs": [
    1.7596999769998547,
    1.7401265799999237,
    1.7479366299999128,
    1.7279320319998988,
    1.7330784349996975,
    1.7700204809998468,
    1.7542329419998168,
    1.7626431110002159,
    1.7607084719998056,
    1.7631426210000427
  ],
  "prusti-tests/tests/verify/pass/quick/mut-borrows.rs": [
    3.454003263999766,
    3.4309181739999985,
    3.4840681589998894,
    3.4817548620003436,
    3.4033823139998276,
    3.528509906000181,
    3.4727804909998667,
    3.439750464000099,
    3.399337352999737,
    3.4142348180002955
  ],
  "prusti-tests/tests/verify/pass/quick/shared-borrows.rs": [
    2.154066572999909,
    2.141755326999828,
    2.170320565000111,
    2.1301278859996273,
    2.138249147999886,
    2.2117089090002082,
    2.1371018029999505,
    2.1349301449999984,
    2.1949942389996977,
    2.1780644030000076
  ],
  "prusti-tests/tests/verify/pass/quick/trait-contracts-refinement.rs": [
    1.9561220129999128,
    1.9451275110000097,
    1.9062445350000417,
    1.9116519429999244,
    1.9072617540000465,
    1.8829460299998573,
    1.8873263179998503,
    1.9185710380002092,
    1.8962486189998344,
    1.9294589089995497
  ],
  "prusti-tests/tests/verify/pass/quick/routes.rs": [
    5.662890167000114,
    5.544440024999858,
    5.293166171999928,
    5.175960351999947,
    5.207360034999965,
    5.239137439999922,
    5.179643507000037,
    5.273100265999801,
    5.242440338000051,
    5.217663628000082
  ],
  "prusti-tests/tests/verify/pass/quick/fibonacci.rs": [
    6.616678811999918,
    6.667958670000189,
    6.644895768999959,
    6.62636918599992,
    6.640168261999861,
    6.638904866999837,
    6.679874625000139,
    6.625472194999929,
    6.657752937999703,
    6.661436297999899
  ],
  "prusti-tests/tests/verify/pass/pure-fn/len-lookup.rs": [
    3.8746835609999835,
    3.976455083000019,
    3.9246931559996483,
    3.9035726419997445,
    3.8263196130001234,
    3.8627106490002916,
    3.897973968000315,
    3.8912970259998474,
    3.931598208000196,
    3.950428168000144
  ],
  "prusti-tests/tests/verify/pass/pure-fn/quantifiers.rs": [
    2.469264733000273,
    2.4479993099998865,
    2.366365353999754,
    2.3706149289996574,
    2.3158140400000775,
    2.351884856000197,
    2.3296767710003223,
    2.393158549999953,
    2.413400251999974,
    2.335631313000249
  ],
  "prusti-tests/tests/verify/pass/pure-fn/recursive-pure-fn.rs": [
    2.0904399420001027,
    2.0845985260002635,
    2.1150016309998136,
    2.132707734000178,
    2.0790748399999757,
    2.113507324999773,
    2.0780913210001017,
    2.0596245299998373,
    2.0655061840002418,
    2.08793653299972
  ],
  "prusti-tests/tests/verify/pass/pure-fn/ref-mut-arg.rs": [
    3.0408551870000338,
    3.0437054210001406,
    3.0915322719997675,
    3.065807464000045,
    3.060809113000232,
    3.0220383299997593,
    3.0817672440002752,
    3.036473542999829,
    3.022379873000318,
    3.0563123619999715
  ],
  "prusti-tests/tests/verify/pass/rosetta/Ackermann_function.rs": [
    2.162553393000053,
    2.1348647610002445,
    2.1216493419997278,
    2.1028914680000526,
    2.151670139000089,
    2.101824937999936,
    2.1837982609999926,
    2.099096174999886,
    2.121416619000229,
    2.0931882559998485
  ],
  "prusti-tests/tests/verify/pass/rosetta/Heapsort.rs": [
    11.853369977000057,
    11.769864985999902,
    11.662071677999847,
    11.777740095999889,
    11.708074211000167,
    11.646922795999672,
    11.756874286999846,
    11.755337032999705,
    11.743452891999823,
    11.741543317999913
  ]
}