{
  "prusti-tests/tests/verify/pass/rosetta/Knuth_shuffle.rs": [
    2.324546780999981,
    2.0311624450000636,
    1.9939730149999377,
    1.9827038070000071,
    1.9177492799999527,
    1.9240423179999198,
    1.8991279080000822,
    1.9218048340001133,
    1.906577044999949,
    1.9042167410000275
  ],
  "prusti-tests/tests/verify/pass/demos/account.rs": [
    1.7989809529999548,
    1.7878590399998302,
    1.7606610730001648,
    1.805421061000061,
    1.761623507999957,
    1.77667299299992,
    1.758751095999969,
    1.7913876140000866,
    1.7565611530001206,
    1.6578563549999217
  ],
  "prusti-tests/tests/verify/pass/rosetta/Knights_tour.rs": [
    101.7718938810001,
    100.88605607900013,
    100.487501006,
    101.00975694199997,
    97.82850961000008,
    99.78089579899984,
    97.7785908909998,
    96.31123580000008,
    95.495982121,
    94.503404241
  ],
  "prusti-tests/tests/verify/pass/quick/fold-unfold.rs": [
    1.114908319999813,
    1.1207192030001352,
    1.129971932999979,
    1.139644775999841,
    1.107817481999973,
    1.0820031090001976,
    1.142518482000014,
    1.0921439560002,
    1.1248708269999952,
    1.1007089790000464
  ],
  "prusti-tests/tests/verify/pass/quick/moves.rs": [
    1.4085855090002042,
    1.3552946319996408,
    1.3541847480000797,
    1.3719123840000975,
    1.3488477460000468,
    1.3424684659999002,
    1.3071482590003143,
    1.3677740460002497,
    1.3666800500000136,
    1.3287607480001498
  ],
  "prusti-tests/tests/verify/pass/quick/mut-borrows.rs": [
    2.7100791500001833,
    2.681699849999859,
    2.649365405000026,
    2.7028059599997505,
    2.646276623000176,
    2.6750440639998487,
    2.6874655610004083,
    2.690881216999969,
    2.653141753,
    2.689290859999801
  ],
  "prusti-tests/tests/verify/pass/quick/shared-borrows.rs": [
    1.681027126999652,
    1.725090886000089,
    1.7347630849999405,
    1.6898420430002261,
    1.610232605999954,
    1.6609213070000806,
    1.6976333239999803,
    1.7217563639997024,
    1.7657034829999247,
    1.695101904999774
  ],
  "prusti-tests/tests/verify/pass/quick/trait-contracts-refinement.rs": [
    1.5442529030001424,
    1.4323121009997521,
    1.4906661359996178,
    1.4409240239997416,
    1.4620571270002074,
    1.4281713690002107,
    1.4737086199997975,
    1.4301102249996802,
    1.4710465839998506,
    1.4465910499998245
  ],
  "prusti-tests/tests/verify/pass/quick/routes.rs": [
    4.630777352999758,
    4.603601820000222,
    4.388947035000001,
    4.451419990999966,
    4.393776825000259,
    4.479694476000077,
    4.3669867409998915,
    4.534923032999814,
    4.445687248000013,
    4.480958184999963
  ],
  "prusti-tests/tests/verify/pass/quick/fibonacci.rs": [
    5.692588191000141,
    5.506570646,
    5.624653416000001,
    5.751465113999984,
    5.86902458700024,
    5.668244342999969,
    5.641896015999919,
    5.736234317999788,
    5.7403458979997595,
    5.745279530000062
  ],
  "prusti-tests/tests/verify/pass/pure-fn/len-lookup.rs": [
    3.2595229840003412,
    3.282218461999946,
    3.2694524779999483,
    3.301403138999831,
    3.2420710829997006,
    3.319897098999718,
    3.2916424280001593,
    3.298995585999819,
    3.3095317729998897,
    3.4183601089998774
  ],
  "prusti-tests/tests/verify/pass/pure-fn/quantifiers.rs": [
    2.0569590300001437,
    2.046294984999804,
    2.191306921999967,
    2.070833076999861,
    2.007234133000111,
    2.041794057000061,
    2.128399285999876,
    1.991328181999961,
    2.2240555739999763,
    2.209718257000077
  ],
  "prusti-tests/tests/verify/pass/pure-fn/recursive-pure-fn.rs": [
    1.9288414450002165,
    2.063958674999867,
    1.9994675520001692,
    1.9911583349999091,
    1.9644237490001615,
    1.9158761479998248,
    2.1306319740001527,
    2.026446114999999,
    1.902904647000014,
    2.0090540670003065
  ],
  "prusti-tests/tests/verify/pass/pure-fn/ref-mut-arg.rs": [
    3.129249207999692,
    2.8307831039996927,
    3.10534150400008,
    3.06233890600015,
    3.0282598369999505,
    3.1534443400000782,
    2.969148916999984,
    3.061575170999731,
    3.002893053000207,
    3.0263809540001603
  ],
  "prusti-tests/tests/verify/pass/rosetta/Ackermann_function.rs": [
    1.9065254739998636,
    2.01820550299999,
    1.9500315219997901,
    1.9747710759997972,
    2.1440680910000083,
    1.9422646050002186,
    2.0209555789997466,
    1.9177854200002002,
    1.9392417230001229,
    1.9653730139998515
  ],
  "prusti-tests/tests/verify/pass/rosetta/Heapsort.rs": [
    9.958981268000116,
    9.913129254000069,
    9.802846563999992,
    9.802647160000106,
    9.925602126000285,
    9.749920028999895,
    9.87806410400026,
    9.750423694000347,
    9.929569811999954,
    10.09408055699987
  ]
}