{
  "prusti-tests/tests/verify/pass/rosetta/Knuth_shuffle.rs": [
    2.5730126400000017,
    0.3456734909999568,
    0.346977407000054,
    0.34652180199998384,
    0.34916373400005796,
    0.345907794000027,
    0.3457440970000789,
    0.34672251400002096,
    0.3448652920000086,
    0.3455735000000004
  ],
  "prusti-tests/tests/verify/pass/demos/account.rs": [
    2.0885097889999997,
    0.14535490800005846,
    0.12552486199990653,
    0.12730248399998345,
    0.12633777200005625,
    0.1281928959999732,
    0.1268980789999432,
    0.12789649100000133,
    0.12729358399997182,
    0.12624477100007425
  ],
  "prusti-tests/tests/verify/pass/rosetta/Knights_tour.rs": [
    92.14188652899998,
    2.5357680680000385,
    2.5346455579999656,
    2.5401142780000328,
    2.549317381000037,
    2.5500820849999855,
    2.543889449999938,
    2.543966977000082,
    2.5462850109998953,
    2.5335277719999567
  ],
  "prusti-tests/tests/verify/pass/quick/fold-unfold.rs": [
    1.255576364000035,
    0.10008301599998504,
    0.0986612059999743,
    0.09917740999992475,
    0.09818000299992491,
    0.09888520799995604,
    0.09894340799996826,
    0.09898790800002644,
    0.09953981199998907,
    0.09815910300005726
  ],
  "prusti-tests/tests/verify/pass/quick/moves.rs": [
    1.457336426999973,
    0.09435797499997989,
    0.09440727499998047,
    0.09441087499999412,
    0.09548528300001635,
    0.09459937700000864,
    0.09379867099994499,
    0.09436397599995416,
    0.09380737100002534,
    0.0943406750000122
  ],
  "prusti-tests/tests/verify/pass/quick/mut-borrows.rs": [
    2.882802925999954,
    0.16034114700005375,
    0.1583480330000384,
    0.16160815700004605,
    0.15796183100007966,
    0.15876643600006446,
    0.15908023799988769,
    0.15948114100001476,
    0.15919083900007536,
    0.15764273499996762
  ],
  "prusti-tests/tests/verify/pass/quick/shared-borrows.rs": [
    1.8195612609999898,
    0.09415568100007476,
    0.09199576499997875,
    0.0915829619999613,
    0.09080985600007807,
    0.09360317699997722,
    0.09418788099992526,
    0.0933852759999354,
    0.09309777399994346,
    0.09300847300005444
  ],
  "prusti-tests/tests/verify/pass/quick/trait-contracts-refinement.rs": [
    1.692689841999936,
    0.13540967899996303,
    0.13622708500008684,
    0.1376579950000405,
    0.13635498600001483,
    0.13722999200001595,
    0.1366350879999345,
    0.13862480199998117,
    0.13781059699999787,
    0.1385622020000028
  ],
  "prusti-tests/tests/verify/pass/quick/routes.rs": [
    5.184252714000081,
    0.34512722400006624,
    0.3477523560000009,
    0.34664104199998746,
    0.3463213379999388,
    0.3482932619999701,
    0.3492837750000035,
    0.34566532999997435,
    0.348401564000028,
    0.34676264300014736
  ],
  "prusti-tests/tests/verify/pass/quick/fibonacci.rs": [
    0.37042533300018476,
    0.3716475490000448,
    0.37155254699996476,
    0.370136230000071,
    0.3750963899999533,
    0.373834676000115,
    0.3698476769998251,
    0.36940295600015816,
    0.3728191100001368,
    0.37293561599994973
  ],
  "prusti-tests/tests/verify/pass/pure-fn/len-lookup.rs": [
    3.594043759999977,
    0.21525002699991092,
    0.2124759040000299,
    0.2143410189999031,
    0.21449482000002718,
    0.21380831400006173,
    0.21274130599999808,
    0.21231650300001093,
    0.2117805989998942,
    0.21330451100016035
  ],
  "prusti-tests/tests/verify/pass/pure-fn/quantifiers.rs": [
    2.2391092809998554,
    0.19787645499991413,
    0.1878565060001165,
    0.18924076799999057,
    0.1885161450002215,
    0.1885610250001264,
    0.18811372000004667,
    0.18821301999992102,
    0.1887784279999778,
    0.18677530299987666
  ],
  "prusti-tests/tests/verify/pass/pure-fn/recursive-pure-fn.rs": [
    1.877138344000059,
    0.14757529799999247,
    0.14660178500002985,
    0.14900001699993481,
    0.1480066030001126,
    0.15028913299988744,
    0.14790230300013718,
    0.14698148999991645,
    0.14677388800009794,
    0.14769860000001245
  ],
  "prusti-tests/tests/verify/pass/pure-fn/ref-mut-arg.rs": [
    2.8530497719998493,
    0.1910272669999813,
    0.19043985899998006,
    0.18987885100000312,
    0.19113656900003662,
    0.18831503000001248,
    0.18967204899990975,
    0.19206488100007846,
    0.19107356700010314,
    0.1898518509999576
  ],
  "prusti-tests/tests/verify/pass/rosetta/Ackermann_function.rs": [
    1.8881126710000444,
    0.22985068899993166,
    0.22809866500006137,
    0.22891097599995192,
    0.22814146499990784,
    0.22773026000004393,
    0.22954258499999014,
    0.22809526499986532,
    0.23075599999992846,
    0.2310670049998862
  ],
  "prusti-tests/tests/verify/pass/rosetta/Heapsort.rs": [
    10.153703636000046,
    1.0539889479998692,
    1.053350440000031,
    1.0453756460001387,
    1.0522439270000632,
    1.0468759640000371,
    1.0500123009999243,
    1.0475463010000112,
    1.049888964000047,
    1.0473750329999802
  ]
}