{
  "prusti-tests/tests/verify/pass/rosetta/Knuth_shuffle.rs": [
    2.3077741510001033,
    2.092050592000078,
    1.9763871999998628,
    1.9817050669998935,
    1.9755553909999435,
    1.8929589669999132,
    1.914891536000141,
    1.9414449470000363,
    1.9440097789999982,
    1.9146030150000115
  ],
  "prusti-tests/tests/verify/pass/demos/account.rs": [
    0.8200175570000283,
    0.8604761579999831,
    0.8013893540000936,
    0.8612018129999797,
    0.8474765410001055,
    0.7666858370000682,
    0.7579166279999754,
    0.8315367440000045,
    0.7722517059999063,
    0.7758766510000896
  ],
  "prusti-tests/tests/verify/pass/rosetta/Knights_tour.rs": [
    116.57468716599988,
    113.56598707100011,
    112.42014360000007,
    129.32041507100007,
    138.86667654500002,
    132.14540857399993,
    127.27453428800004,
    123.32573990499986,
    125.97832692800012,
    117.59223208099957
  ],
  "prusti-tests/tests/verify/pass/quick/fold-unfold.rs": [
    0.6251444749996153,
    0.5651440290002938,
    0.5491615289997753,
    0.5911000520000016,
    0.565169128999969,
    0.5589003510003749,
    0.6544137390001197,
    0.5830807520001144,
    0.6258112829996207,
    0.5680960650001907
  ],
  "prusti-tests/tests/verify/pass/quick/moves.rs": [
    0.5649829250000948,
    0.5573671160000231,
    0.6215599130000555,
    0.623473336999723,
    0.5895394149997628,
    0.5756717439999193,
    0.5807070060000115,
    0.613920218000203,
    0.5798399949999293,
    0.5832342369999424
  ],
  "prusti-tests/tests/verify/pass/quick/mut-borrows.rs": [
    0.9449437260000195,
    0.9956453550003062,
    0.9189304920000723,
    0.8601822319997154,
    0.9164527279999675,
    0.840722691999872,
    0.8565478870000334,
    0.9306220029998258,
    0.9153275140001824,
    0.9364781749995927
  ],
  "prusti-tests/tests/verify/pass/quick/shared-borrows.rs": [
    0.6021125429997483,
    0.6549942960000408,
    0.6283081780002249,
    0.6984984550003901,
    0.6788092110000434,
    0.6256011519999447,
    0.6782075040000564,
    0.6318283290002,
    0.6313734229997863,
    0.618516862999968
  ],
  "prusti-tests/tests/verify/pass/quick/trait-contracts-refinement.rs": [
    0.984222194999802,
    0.8949170879996018,
    0.8721881070000563,
    0.969027496000308,
    0.8777351600001566,
    0.8583546210002169,
    0.901948960000027,
    0.8494384099999479,
    0.8517286390001573,
    0.9336507530001654
  ],
  "prusti-tests/tests/verify/pass/quick/routes.rs": [
    2.5898759319998135,
    2.3565728950002267,
    2.3811996990002626,
    2.3178023170003144,
    2.2395820750002713,
    2.2774847509999745,
    2.2628194690000782,
    2.402206193999973,
    2.2917547360002573,
    2.1766797130003397
  ],
  "prusti-tests/tests/verify/pass/quick/fibonacci.rs": [
    2.341125246000047,
    2.2213342119998742,
    2.4405455419996542,
    2.4938042009998753,
    2.1797551089998706,
    2.3359247409998716,
    2.0802222729998903,
    2.1742283379999208,
    2.1884539919997223,
    2.269773647999955
  ],
  "prusti-tests/tests/verify/pass/pure-fn/len-lookup.rs": [
    1.0187208430002102,
    0.9738373909999609,
    1.1353369789999306,
    1.0216474450003261,
    1.1167267249998076,
    1.012980325999706,
    1.0120637259997238,
    1.0762668920001488,
    1.0388290690002577,
    1.0823470079999424
  ],
  "prusti-tests/tests/verify/pass/pure-fn/quantifiers.rs": [
    0.8961337010000534,
    0.8986392380002144,
    1.019495198000186,
    0.8961005480000495,
    0.9033202149998942,
    0.925158618000296,
    0.8748567500001627,
    0.8834805300002699,
    0.966406802000165,
    0.8698309030000928
  ],
  "prusti-tests/tests/verify/pass/pure-fn/recursive-pure-fn.rs": [
    0.6571527940000124,
    0.6888792569998259,
    0.7495301439998912,
    0.6587656140000036,
    0.6757863939997151,
    0.6645600419997209,
    0.7298547499999586,
    0.675355693000256,
    0.658905214999777,
    0.6553065970001626
  ],
  "prusti-tests/tests/verify/pass/pure-fn/ref-mut-arg.rs": [
    0.972833824999725,
    0.8932458550002593,
    0.8889064780000808,
    0.9528665210000327,
    0.8880095720001009,
    0.9129694070002188,
    0.8872268690001874,
    0.9572126449997995,
    0.8831125460001203,
    0.899924235999606
  ],
  "prusti-tests/tests/verify/pass/rosetta/Ackermann_function.rs": [
    1.123296664999998,
    1.0097291199999745,
    1.0154520060000323,
    1.069148321999819,
    1.0344208940000499,
    1.0611310989997946,
    1.1212872119999702,
    1.0308612409999114,
    1.052019504999862,
    1.0550669660001404
  ],
  "prusti-tests/tests/verify/pass/rosetta/Heapsort.rs": [
    6.598311279999962,
    6.676949977999811,
    6.607993328000248,
    6.9480000909998125,
    6.744946750000054,
    6.807186729000023,
    7.033251457000006,
    6.695497843999874,
    6.872655870000017,
    6.880602446000012
  ]
}