{
  "prusti-tests/tests/verify/pass/rosetta/Knuth_shuffle.rs": [
    2.8685179999999946,
    2.4960117420000643,
    2.4273074289999386,
    2.361102284000026,
    2.395663261999971,
    2.4084173310000097,
    2.3776626439998836,
    2.311127021999937,
    2.3514237729998513,
    2.2638882349999676
  ],
  "prusti-tests/tests/verify/pass/demos/account.rs": [
    2.1101513319999867,
    2.0586409679999633,
    2.0943128539997815,
    1.9957539590000124,
    2.0757286979999208,
    2.0919455139999172,
    2.0103061419999904,
    2.0777207170001475,
    2.025317229999928,
    2.0382546400001047
  ],
  "prusti-tests/tests/verify/pass/rosetta/Knights_tour.rs": [
    131.50481662700008,
    128.24059607499998,
    125.20070870900008,
    124.570764327,
    127.51599248299999,
    131.28443216900018,
    126.42117232099986,
    125.7463606639999,
    123.71558061899987,
    124.07896193199986
  ],
  "prusti-tests/tests/verify/pass/quick/fold-unfold.rs": [
    1.3809124649997102,
    1.3741925189997346,
    1.39059073000044,
    1.3213240979998773,
    1.348851027999899,
    1.3692377429997578,
    1.3367927609997423,
    1.352379965000182,
    1.3733407379995697,
    1.3163424170002145
  ],
  "prusti-tests/tests/verify/pass/quick/moves.rs": [
    1.632489016999898,
    1.6068541340000593,
    1.5864129259998663,
    1.601272668999627,
    1.6118203139999423,
    1.5944063359997926,
    1.5977247499999976,
    1.6121426130002874,
    1.5964198439996835,
    1.6022115399996437
  ],
  "prusti-tests/tests/verify/pass/quick/mut-borrows.rs": [
    3.2565551910001886,
    3.2243562740000016,
    3.1717035629999373,
    3.2739381960000173,
    3.2706607860000076,
    3.2860004589997516,
    3.292354954000075,
    3.2355206420002105,
    3.2527121629996145,
    3.2876731319997816
  ],
  "prusti-tests/tests/verify/pass/quick/shared-borrows.rs": [
    2.0179037560001234,
    2.039793391999865,
    2.0368077260000064,
    2.027797230000033,
    2.0550859639997725,
    2.059562992999872,
    2.032050618000085,
    2.076785401000052,
    2.0700027490001958,
    2.0710710080002173
  ],
  "prusti-tests/tests/verify/pass/quick/trait-contracts-refinement.rs": [
    1.8910000750001927,
    1.8500089669996669,
    1.761384856999939,
    1.7961290570001438,
    1.7485819280000214,
    1.7852963810000801,
    1.749087531999976,
    1.7760580099998151,
    1.7196793389998675,
    1.8072271180003554
  ],
  "prusti-tests/tests/verify/pass/quick/routes.rs": [
    5.9703665199999705,
    5.952894492000269,
    5.848388126000373,
    5.802384743999937,
    5.560515699000007,
    5.628420219999953,
    5.642105419000018,
    5.65890968299982,
    5.727401589000237,
    5.746439761999682
  ],
  "prusti-tests/tests/verify/pass/quick/fibonacci.rs": [
    7.265952949999701,
    7.271518759999708,
    7.35473907100004,
    7.449022702000093,
    7.269675962999827,
    7.051215674000105,
    7.166506958999889,
    7.134856399,
    7.4107749790000526,
    7.282281924000017
  ],
  "prusti-tests/tests/verify/pass/pure-fn/len-lookup.rs": [
    4.10966451899958,
    4.267173672999888,
    4.000328290000198,
    4.070899956000176,
    4.206414351999683,
    4.278063629999906,
    4.105888190999849,
    4.073248975999832,
    4.066445932000079,
    4.083137246000206
  ],
  "prusti-tests/tests/verify/pass/pure-fn/quantifiers.rs": [
    2.5766180669997993,
    2.5045594929997606,
    2.5929568920000747,
    2.538587131999975,
    2.5217064189996563,
    2.547098460000143,
    2.567305491999832,
    2.6222336569999243,
    2.664937355999882,
    2.822196898999664
  ],
  "prusti-tests/tests/verify/pass/pure-fn/recursive-pure-fn.rs": [
    2.4175507189997916,
    2.3691529079997053,
    2.548527097999795,
    2.4334007360002943,
    2.417581331999827,
    2.4686153709999417,
    2.3578131369999937,
    2.541828359000192,
    2.529896584999733,
    2.3633743790001063
  ],
  "prusti-tests/tests/verify/pass/pure-fn/ref-mut-arg.rs": [
    3.5463001160001113,
    3.7857253780002793,
    3.682253008000316,
    3.735244124000019,
    3.5679880140000932,
    3.6584476640000503,
    3.6365872179999315,
    3.5417259249998096,
    3.7990875089999463,
    3.7928745310000522
  ],
  "prusti-tests/tests/verify/pass/rosetta/Ackermann_function.rs": [
    2.4200093609997566,
    2.2983995479999066,
    2.3440394929998547,
    2.415626529000292,
    2.358279749000303,
    2.3944787890000043,
    2.5170439030002854,
    2.4182652469999084,
    2.4915926339999714,
    2.3753413580002416
  ],
  "prusti-tests/tests/verify/pass/rosetta/Heapsort.rs": [
    12.453755926999747,
    12.739460141999643,
    12.599274594000235,
    12.553877886999999,
    12.76485330100013,
    12.758555098000215,
    12.950984690000041,
    12.755767521999587,
    12.992746902999897,
    12.835429786000077
  ]
}