{
  "prusti-tests/tests/verify/pass/rosetta/Knuth_shuffle.rs": [
    2.4233407340000213,
    2.169454655000095,
    1.9775138439999864,
    1.9806842609999649,
    1.9966664840000021,
    1.9576906900000495,
    1.9306101949999857,
    1.8909912679999934,
    1.8767674510000916,
    1.9866996409999729
  ],
  "prusti-tests/tests/verify/pass/demos/account.rs": [
    0.9075496369999883,
    0.9037330310000016,
    0.874287234999997,
    0.870926317999988,
    0.869031595000024,
    0.8521748079999725,
    0.9353449750000209,
    0.8490457049999804,
    0.8567920049999884,
    0.929583004000051
  ]
}