{
  "prusti-tests/tests/verify/pass/rosetta/Knuth_shuffle.rs": [
    3.023159738000004,
    0.3789092870000559,
    0.3772047740000062,
    0.37645336899993254,
    0.3810606029999235,
    0.38260051500003556,
    0.3772575750000442,
    0.3777847789999669,
    0.3783989840000004,
    0.3740860519999387
  ],
  "prusti-tests/tests/verify/pass/demos/account.rs": [
    2.4371631269999625,
    0.13803071600000294,
    0.1369923080000035,
    0.13764161200003855,
    0.13714310900002147,
    0.13653760499994405,
    0.13742091100004927,
    0.13975742799993895,
    0.14217484599998897,
    0.14154214099994533
  ],
  "prusti-tests/tests/verify/pass/rosetta/Knights_tour.rs": [
    133.00520595600005,
    2.655754667999986,
    2.654030495000029,
    2.6617793530000426,
    2.6701698560000295,
    2.663917993000041,
    2.6567444400000113,
    2.672547946999998,
    2.6998333750000256,
    2.6663956290000215
  ],
  "prusti-tests/tests/verify/pass/quick/fold-unfold.rs": [
    1.3367111410000234,
    0.10666528499996275,
    0.1070961890000035,
    0.1088159009999572,
    0.10835359800000788,
    0.10716248900007486,
    0.10735379000004741,
    0.10701318799999626,
    0.10547627699997975,
    0.1058730799999239
  ],
  "prusti-tests/tests/verify/pass/quick/moves.rs": [
    1.5891881569999668,
    0.10639107999998032,
    0.10487686900000881,
    0.10461246700003812,
    0.10397386199997527,
    0.10577237600000444,
    0.1074791879999566,
    0.10615257799997835,
    0.10349235899991527,
    0.10421856400000706
  ],
  "prusti-tests/tests/verify/pass/quick/mut-borrows.rs": [
    3.1269336360001034,
    0.17157425799996417,
    0.17799560600019504,
    0.17016304899993884,
    0.16952254400007405,
    0.16858343700005207,
    0.17096955399983926,
    0.16968224399988685,
    0.16881023800010553,
    0.16750772900013544
  ],
  "prusti-tests/tests/verify/pass/quick/shared-borrows.rs": [
    1.9406760130000293,
    0.1008301469998969,
    0.09983084000009512,
    0.10164935300008437,
    0.10196275499993135,
    0.10300726200011923,
    0.10242815900005553,
    0.10046874399995431,
    0.10168905299997277,
    0.10078554599999734
  ],
  "prusti-tests/tests/verify/pass/quick/trait-contracts-refinement.rs": [
    1.89422702700017,
    0.15205782599991835,
    0.15135482099981346,
    0.1524023289998695,
    0.15334193500007132,
    0.1504878139999164,
    0.15083401700007926,
    0.15035341299994798,
    0.15147062200003347,
    0.15001851099987107
  ],
  "prusti-tests/tests/verify/pass/quick/routes.rs": [
    5.667907854000077,
    0.361511500000006,
    0.36495652500002507,
    0.36409591899996485,
    0.3636673159999191,
    0.3667315390000567,
    0.3686821520000194,
    0.3694058579999364,
    0.36905355600015355,
    0.36999516300011237
  ],
  "prusti-tests/tests/verify/pass/quick/fibonacci.rs": [
    0.40629733399987344,
    0.40394211700004234,
    0.4025065060000088,
    0.4005274900000586,
    0.3971258349999971,
    0.402794694000022,
    0.4039414039998519,
    0.40357010000002447,
    0.3965845430000172,
    0.39725844899999174
  ],
  "prusti-tests/tests/verify/pass/pure-fn/len-lookup.rs": [
    3.8676227299999937,
    0.22951937700008784,
    0.22755476100019223,
    0.23194329700004346,
    0.23120989099993494,
    0.23083338700007516,
    0.23554172600006495,
    0.2324622010000894,
    0.23321490700004688,
    0.23516310600007273
  ],
  "prusti-tests/tests/verify/pass/pure-fn/quantifiers.rs": [
    2.3643174649998855,
    0.20996128599995245,
    0.2117270000001099,
    0.2078023710000707,
    0.20891837900012433,
    0.20386564000000362,
    0.20409924199998386,
    0.20444234499996128,
    0.20007921199999146,
    0.201241120000077
  ],
  "prusti-tests/tests/verify/pass/pure-fn/recursive-pure-fn.rs": [
    2.0516127020000567,
    0.15928520399984336,
    0.15723838899998555,
    0.15658368300000802,
    0.1576530909999292,
    0.15992710799991983,
    0.16122701799986316,
    0.1587212990000353,
    0.15703608700005134,
    0.1618791240000519
  ],
  "prusti-tests/tests/verify/pass/pure-fn/ref-mut-arg.rs": [
    3.146788398999888,
    0.21416122700020424,
    0.21414262600001166,
    0.21088790200019503,
    0.20923958899993522,
    0.20576806300005046,
    0.20582906300001014,
    0.2068350710001141,
    0.21182780899994214,
    0.20944549000000734
  ],
  "prusti-tests/tests/verify/pass/rosetta/Ackermann_function.rs": [
    2.062465366999959,
    0.24396455399983097,
    0.2426321430000371,
    0.24496846100009861,
    0.24315394699988246,
    0.2420014379999884,
    0.24357525000004898,
    0.2424660420001601,
    0.2425502419998793,
    0.2437112509999224
  ],
  "prusti-tests/tests/verify/pass/rosetta/Heapsort.rs": [
    12.372279185000025,
    1.1178327530001297,
    1.1178562529998999,
    1.1131021420001161,
    1.1078459099999236,
    1.100827056999833,
    1.108662914999968,
    1.1058436939999865,
    1.1101183260000198,
    1.1119258399999126
  ]
}