{
  "prusti-tests/tests/verify/pass/rosetta/Knuth_shuffle.rs": [
    2.3481574260001707,
    2.1183568889998696,
    1.9994344839999485,
    1.993698939000069,
    1.962172684000052,
    1.9952708289999919,
    2.0087027399999897,
    1.9741088910000144,
    1.9532054210001206,
    1.950885721000077
  ],
  "prusti-tests/tests/verify/pass/demos/account.rs": [
    1.8331522609998956,
    1.8067687189998196,
    1.7934174800000164,
    1.8098861209998631,
    1.7961905070001194,
    1.8154424839999592,
    1.8198844680000548,
    1.8425589280000167,
    1.7824484350001057,
    1.8176140739999482
  ],
  "prusti-tests/tests/verify/pass/rosetta/Knights_tour.rs": [
    115.06308369699991,
    116.80026586100007,
    112.38392516599993,
    110.78137013700007,
    110.53264190600021,
    106.94100507700023,
    104.92777732400009,
    105.21298417000025,
    104.49187382599985,
    108.07898899299971
  ],
  "prusti-tests/tests/verify/pass/quick/fold-unfold.rs": [
    1.1744467280000208,
    1.1684870570002204,
    1.1848412529998313,
    1.1716779080002198,
    1.1915569809998487,
    1.1646199209999395,
    1.1545810220000021,
    1.1665836410002157,
    1.1700586760002807,
    1.172266597000089
  ],
  "prusti-tests/tests/verify/pass/quick/moves.rs": [
    1.4134930039999745,
    1.4197153919999437,
    1.412596424000185,
    1.425364146999982,
    1.4180472759999248,
    1.4129658279998694,
    1.4249239619998662,
    1.4363311100000828,
    1.4538438849999693,
    1.4409258560003764
  ],
  "prusti-tests/tests/verify/pass/quick/mut-borrows.rs": [
    2.805745148999904,
    2.8197538000003988,
    2.8063000679999277,
    2.813031271,
    2.778862879999906,
    2.7973045730000194,
    2.7944075010000233,
    2.8043189349996283,
    2.8164517579998574,
    2.8104627630000323
  ],
  "prusti-tests/tests/verify/pass/quick/shared-borrows.rs": [
    1.7681303240001398,
    1.776160604999859,
    1.7791679350002596,
    1.7768967050001265,
    1.7768311629997697,
    1.7680794759999117,
    1.7805309000000307,
    1.7769892649998837,
    1.7719448439997905,
    1.768038789000002
  ],
  "prusti-tests/tests/verify/pass/quick/trait-contracts-refinement.rs": [
    1.612530285000048,
    1.5726744999997209,
    1.560555782999927,
    1.5938719290002155,
    1.5585157089999484,
    1.5601929249996829,
    1.550174529999822,
    1.5534816609997506,
    1.5787718189999396,
    1.5451097039999695
  ],
  "prusti-tests/tests/verify/pass/quick/routes.rs": [
    4.734306310999727,
    4.466572201999952,
    4.27105508600016,
    4.262381634999656,
    4.23885553800028,
    4.217997806000312,
    4.263956731000235,
    4.289122742000018,
    4.242620071000147,
    4.218801414000154
  ],
  "prusti-tests/tests/verify/pass/quick/fibonacci.rs": [
    5.710255986999982,
    5.717440397000246,
    5.7066361359998155,
    5.749501471000258,
    5.727182964000349,
    5.642219806999947,
    5.655356307999682,
    5.740170898000088,
    5.687071520000245,
    5.694491673999892
  ],
  "prusti-tests/tests/verify/pass/pure-fn/len-lookup.rs": [
    3.242011165999884,
    3.2547231789999387,
    3.2475214080000114,
    3.2528817820002587,
    3.214257994000036,
    3.2113483430002816,
    3.226194229000157,
    3.2431330910003453,
    3.2505820839996886,
    3.2243387529997563
  ],
  "prusti-tests/tests/verify/pass/pure-fn/quantifiers.rs": [
    2.0177318139999443,
    1.9755467529998896,
    1.9791031869999642,
    1.9957901510001648,
    1.9486073920002127,
    1.9589026779999585,
    1.9671350580001672,
    1.9653533410000819,
    1.9670752739998534,
    1.9883433400000285
  ],
  "prusti-tests/tests/verify/pass/pure-fn/recursive-pure-fn.rs": [
    1.7406756690002112,
    1.7504637669999283,
    1.7616109779996805,
    1.7674783120000939,
    1.7418408560001808,
    1.751077745999737,
    1.7616643480000675,
    1.756777523999972,
    1.7631760170002053,
    1.756032046999735
  ],
  "prusti-tests/tests/verify/pass/pure-fn/ref-mut-arg.rs": [
    2.5893391370000245,
    2.555512619000183,
    2.573437419000129,
    2.5797072800000933,
    2.5692054160003863,
    2.615236176000053,
    2.568930532000195,
    2.5796580279998125,
    2.5696204189998753,
    2.5626883530003397
  ],
  "prusti-tests/tests/verify/pass/rosetta/Ackermann_function.rs": [
    1.7749945059999845,
    1.7658051769999474,
    1.7744572220003647,
    1.7662907449998784,
    1.777573052000207,
    1.7812589549998847,
    1.7783495539997602,
    1.7828684969999813,
    1.7648404249998748,
    1.7792903620002107
  ],
  "prusti-tests/tests/verify/pass/rosetta/Heapsort.rs": [
    10.586518191999858,
    10.525975811999615,
    10.528109144000155,
    10.532579190999968,
    10.535009663999972,
    10.506991837999976,
    10.602765823000027,
    10.601523949000239,
    10.692087467999954,
    10.62608367599978
  ]
}