{
  "prusti-tests/tests/verify/pass/rosetta/Knuth_shuffle.rs": [
    2.8348174949999247,
    2.573031938999975,
    2.431459626999981,
    2.4271028690000094,
    2.563344810999979,
    2.471333933999972,
    2.3461088349999955,
    2.3820518040000707,
    2.297809825999934,
    2.4234082340000214
  ],
  "prusti-tests/tests/verify/pass/demos/account.rs": [
    2.163275495000107,
    2.15672521099998,
    2.197430332000067,
    2.2088161699999773,
    2.1564085799999475,
    2.1491585879999775,
    2.123534260000042,
    2.145949244999997,
    2.1869419270000208,
    2.121728282999925
  ],
  "prusti-tests/tests/verify/pass/rosetta/Knights_tour.rs": [
    123.79646772499996,
    122.48906173499995,
    120.32636494800022,
    118.12465447799991,
    118.32879538199995,
    118.02541523700006,
    116.42404945800013,
    113.02869831700013,
    114.23884805900002,
    113.91257214000007
  ],
  "prusti-tests/tests/verify/pass/quick/fold-unfold.rs": [
    1.420013917000233,
    1.3951558280000427,
    1.3817144820000067,
    1.3111204899996665,
    1.3195846439998604,
    1.2858690279999792,
    1.27889650599991,
    1.312943365999672,
    1.3492616319999797,
    1.3081589779999376
  ],
  "prusti-tests/tests/verify/pass/quick/moves.rs": [
    1.613559376000012,
    1.6643551069996647,
    1.600143718000254,
    1.5633614489997854,
    1.6160273239997878,
    1.6041547039999386,
    1.5969674709999708,
    1.6008845019996443,
    1.591101469000023,
    1.5703445889998875
  ],
  "prusti-tests/tests/verify/pass/quick/mut-borrows.rs": [
    3.1835819610000726,
    3.210633486000006,
    3.263560756000061,
    3.1320816299999024,
    3.2359829649999483,
    3.1890592129998367,
    3.200433616999817,
    3.2171814629996334,
    3.289584773000115,
    3.254245557000104
  ],
  "prusti-tests/tests/verify/pass/quick/shared-borrows.rs": [
    2.057894787999885,
    1.9925823710000259,
    2.0238214470000457,
    2.035863266999968,
    2.0211601979999614,
    2.0187710770001104,
    2.015396504000364,
    2.0430250180002076,
    2.0222907329998634,
    1.9898403819997839
  ],
  "prusti-tests/tests/verify/pass/quick/trait-contracts-refinement.rs": [
    1.818398361999698,
    1.765232289999858,
    1.7421817680001368,
    1.8117614410002716,
    1.728643207999994,
    1.8024013879999075,
    1.747821885999656,
    1.7755100939998556,
    1.7166872100001456,
    1.7524463469999318
  ],
  "prusti-tests/tests/verify/pass/quick/routes.rs": [
    5.7734772119997615,
    5.6678796830001374,
    5.787161347000165,
    5.597130632999779,
    5.586419117999867,
    5.514638476000073,
    5.738483367999834,
    5.62381213100025,
    5.606752368999878,
    5.705335923999883
  ],
  "prusti-tests/tests/verify/pass/quick/fibonacci.rs": [
    6.988618211000357,
    7.052175098000134,
    7.070071109999844,
    7.056598338000185,
    7.209528069000044,
    6.992140043999825,
    6.979944554999747,
    6.906784047999736,
    7.028197447999901,
    6.985776464000082
  ],
  "prusti-tests/tests/verify/pass/pure-fn/len-lookup.rs": [
    4.086875686999974,
    4.09994929100003,
    4.0680684090002615,
    4.070733720000135,
    4.054725727999994,
    4.010725303000072,
    4.0243125100000725,
    4.13084390899985,
    3.9414729350000925,
    4.062694684000235
  ],
  "prusti-tests/tests/verify/pass/pure-fn/quantifiers.rs": [
    2.468337260000226,
    2.5691135030001533,
    2.60002866800005,
    2.4722059290002107,
    2.450573532999897,
    2.5147126070000922,
    2.49367052100024,
    2.443444202000137,
    2.632968869999786,
    2.754874600000221
  ],
  "prusti-tests/tests/verify/pass/pure-fn/recursive-pure-fn.rs": [
    2.3437934789999417,
    2.353559357999984,
    2.343242269000257,
    2.374393639000118,
    2.543537733999983,
    2.3245620279999457,
    2.3865648620003412,
    2.363510640000186,
    2.534333665000304,
    2.41861974800031
  ],
  "prusti-tests/tests/verify/pass/pure-fn/ref-mut-arg.rs": [
    2.8571348710001985,
    2.8679568679999647,
    3.0798893460000727,
    2.843872827999803,
    3.0984306850000394,
    2.9025344009996843,
    2.9792485049997595,
    2.855625243999839,
    3.0927331810003125,
    2.8895043630000146
  ],
  "prusti-tests/tests/verify/pass/rosetta/Ackermann_function.rs": [
    2.269184614000096,
    2.3259509529998468,
    2.3703607649999867,
    2.378993023000021,
    2.483066927999971,
    2.414115266999943,
    2.408644665999873,
    2.343230869999843,
    2.3833380030000626,
    2.46152873300025
  ],
  "prusti-tests/tests/verify/pass/rosetta/Heapsort.rs": [
    13.040741792000063,
    12.234118129999842,
    12.200924412999939,
    12.073895824999909,
    12.253869749999922,
    12.030310682000163,
    12.45830661500031,
    12.324750610000137,
    12.646466878999945,
    12.247235466000348
  ]
}