{
  "prusti-tests/tests/verify/pass/rosetta/Knuth_shuffle.rs": [
    2.1000321440001244,
    1.7567302810000456,
    1.7363970700000664,
    1.6492728299999726,
    1.721774853999932,
    1.5930371920001107,
    1.6042292189999898,
    1.5886676439999974,
    1.5402918380000301,
    1.614072182999962
  ],
  "prusti-tests/tests/verify/pass/demos/account.rs": [
    0.8628026799999589,
    0.8472362019999764,
    0.7967324239998561,
    0.7682845980000366,
    0.7445950950000224,
    0.8811989779999294,
    0.7657169710000744,
    0.7751283780000904,
    0.7874578170001314,
    0.7403330829999959
  ],
  "prusti-tests/tests/verify/pass/rosetta/Knights_tour.rs": [
    100.70042881400013,
    99.04255734599997,
    102.35650231999989,
    101.03943261800009,
    96.61710424299986,
    102.8603729309998,
    99.03760754900009,
    98.67187235300003,
    100.96541387699972,
    103.44464717099981
  ],
  "prusti-tests/tests/verify/pass/quick/fold-unfold.rs": [
    0.5637629360003302,
    0.5125487949999297,
    0.5398679869999796,
    0.4963925819997712,
    0.5294314140001006,
    0.5028035269997417,
    0.5494602539997686,
    0.5136974040001405,
    0.518687337999836,
    0.5045589400001518
  ],
  "prusti-tests/tests/verify/pass/quick/moves.rs": [
    0.5129311989999223,
    0.5469025370002782,
    0.5289575099996,
    0.5206503519998478,
    0.5114586879999479,
    0.5437958289999187,
    0.5118457399998988,
    0.5088547150003251,
    0.5161340770000606,
    0.5365179489999718
  ],
  "prusti-tests/tests/verify/pass/quick/mut-borrows.rs": [
    0.8833301899999242,
    0.8490106989997912,
    0.8208998610002709,
    0.8454106690001026,
    0.8673671540000214,
    0.8177436339997257,
    0.8197500539999965,
    0.8013524889997825,
    0.8085564809998687,
    0.7936769900002218
  ],
  "prusti-tests/tests/verify/pass/quick/shared-borrows.rs": [
    0.5974930709999171,
    0.5678421909997269,
    0.6928009949997431,
    0.6060809819996393,
    0.687353124999845,
    0.5855767589996503,
    0.6181956779996653,
    0.5883097469995846,
    0.5941033919998517,
    0.6222108000001754
  ],
  "prusti-tests/tests/verify/pass/quick/trait-contracts-refinement.rs": [
    0.8847749860001386,
    0.8404932470002677,
    0.7712562029996661,
    0.8018578760002129,
    0.7863412870001412,
    0.8271807839996654,
    0.8381179250000059,
    0.7597793360000651,
    0.815533700999822,
    0.8024075210000774
  ],
  "prusti-tests/tests/verify/pass/quick/routes.rs": [
    2.799797344000126,
    2.4602125030000934,
    2.282172760999856,
    2.977014731000054,
    2.339758681999683,
    2.2792738590001136,
    2.2829150170000503,
    2.1935629730000983,
    2.2113072420002027,
    2.1036826889999247
  ],
  "prusti-tests/tests/verify/pass/quick/fibonacci.rs": [
    2.3669240890003493,
    2.2731906009998966,
    2.3711390389998996,
    2.1695833159997164,
    1.9780374040001334,
    2.0367634900003395,
    2.194118527000228,
    2.236702296000203,
    2.2625994110003376,
    2.297016839999742
  ],
  "prusti-tests/tests/verify/pass/pure-fn/len-lookup.rs": [
    1.122831569999562,
    1.19276017600032,
    1.0177815380002357,
    1.043254437000087,
    1.0121053819998451,
    1.0045146159995966,
    0.9795129469998756,
    1.0289940799998476,
    1.0230599370001983,
    0.9904379759996118
  ],
  "prusti-tests/tests/verify/pass/pure-fn/quantifiers.rs": [
    0.9201480120000269,
    0.888032062000093,
    0.9168323760000021,
    0.8528559790001964,
    0.9332277540001996,
    0.9424561539999559,
    0.9425037549999615,
    0.850453319999815,
    0.927965683000366,
    0.9381474259998868
  ],
  "prusti-tests/tests/verify/pass/pure-fn/recursive-pure-fn.rs": [
    0.6530678369999805,
    0.7461142379997909,
    0.6555108709999331,
    0.6701038419996621,
    0.6998225370002729,
    0.6573670669999956,
    0.6729697400000987,
    0.6479184630002237,
    0.721689972999684,
    0.6979263779999201
  ],
  "prusti-tests/tests/verify/pass/pure-fn/ref-mut-arg.rs": [
    0.8207747239998753,
    0.8568274770000244,
    0.8474422590002177,
    0.806896248999692,
    0.861117830999774,
    0.873474385999998,
    0.8546077489995696,
    0.7969448510002621,
    0.8092498669998349,
    0.8591214250000121
  ],
  "prusti-tests/tests/verify/pass/rosetta/Ackermann_function.rs": [
    0.9624495940001907,
    0.9270073930001672,
    0.9686641650000638,
    0.9058094540000639,
    0.9137329430000136,
    0.919839112000318,
    0.9197372109997559,
    0.9148905219999506,
    0.9535580489996391,
    0.9002025529998718
  ],
  "prusti-tests/tests/verify/pass/rosetta/Heapsort.rs": [
    5.5830983959999685,
    5.4136515290001626,
    4.876259574999949,
    5.173729062000348,
    5.35288317200002,
    5.009945405000053,
    5.291804309999861,
    5.673327388999951,
    5.3955324460002885,
    5.666209815999991
  ]
}