{
  "prusti-tests/tests/verify/pass/rosetta/Knuth_shuffle.rs": [
    2.5024522509999088,
    2.4159111050000774,
    2.295765349999783,
    2.287682797999878,
    2.33255938100001,
    2.3364516060000824,
    2.249347256999954,
    2.320271003000016,
    2.1929535029998988,
    2.148566723000158
  ],
  "prusti-tests/tests/verify/pass/demos/account.rs": [
    0.9522477930001969,
    0.9496882759999608,
    0.9865242079999916,
    0.9259770270000445,
    0.9987896850000197,
    0.9314481619999242,
    0.833738847000177,
    1.0332140020000224,
    0.8775645230000464,
    0.8581164990000616
  ],
  "prusti-tests/tests/verify/pass/rosetta/Knights_tour.rs": [
    134.723063745,
    132.01777833200003,
    127.94206433399995,
    128.5960360360002,
    131.35261520199992,
    129.71514602799994,
    127.89898077199996,
    128.6114585869998,
    135.40523643400002,
    135.79948259599996
  ],
  "prusti-tests/tests/verify/pass/quick/fold-unfold.rs": [
    0.6445592690001831,
    0.642758558999958,
    0.6223865330002809,
    0.6308611870003915,
    0.6245857469998555,
    0.6160800930001642,
    0.6484780980003961,
    0.6449498750002931,
    0.657503755000107,
    0.5958371649999208
  ],
  "prusti-tests/tests/verify/pass/quick/moves.rs": [
    0.5984893820000252,
    0.5970509730000231,
    0.6693425299999944,
    0.6181429059997754,
    0.6397089609999966,
    0.6471076309999262,
    0.6147776239999985,
    0.6242661849996693,
    0.5976885159998346,
    0.6076496790001329
  ],
  "prusti-tests/tests/verify/pass/quick/mut-borrows.rs": [
    1.0169481919997452,
    1.042246754000189,
    0.976294333000169,
    1.036394115999883,
    1.0061795179999535,
    1.004516701999819,
    1.029949163999845,
    1.0619208670000262,
    1.0544665200000054,
    1.0317966759998853
  ],
  "prusti-tests/tests/verify/pass/quick/shared-borrows.rs": [
    0.6802503359999719,
    0.6998598600002879,
    0.7497692779998033,
    0.6337910749998628,
    0.6777009799998268,
    0.7131426099999771,
    0.6433247589998246,
    0.6675584149998031,
    0.7196257519999563,
    0.7145701180002106
  ],
  "prusti-tests/tests/verify/pass/quick/trait-contracts-refinement.rs": [
    1.047361269999783,
    1.0264047340001525,
    0.9187011379999603,
    0.9278018380000503,
    0.9869145470001968,
    0.9618655879999096,
    0.9796452010000394,
    1.0370529649999298,
    1.0095460900001854,
    1.0260681950003345
  ],
  "prusti-tests/tests/verify/pass/quick/routes.rs": [
    3.315574498999922,
    3.0484136169998237,
    2.8997671749998517,
    2.8421814880002785,
    2.9130350479999834,
    3.0147484809999696,
    2.834811060999982,
    2.944856657999935,
    2.849755051000102,
    2.6468712589999086
  ],
  "prusti-tests/tests/verify/pass/quick/fibonacci.rs": [
    2.352061692999996,
    2.5061363679997157,
    2.722776934999729,
    2.284950063999986,
    2.3846682960002,
    2.4646086939997076,
    2.5052690540001095,
    2.845441721000043,
    2.725469695999891,
    2.2872807019998618
  ],
  "prusti-tests/tests/verify/pass/pure-fn/len-lookup.rs": [
    1.0790924890002316,
    1.1752354029999879,
    1.188217375000022,
    1.1482609690001482,
    1.0979312499998741,
    1.1257762259997435,
    1.050948253000115,
    1.0932078200003161,
    1.1271393350002654,
    1.1001530640000965
  ],
  "prusti-tests/tests/verify/pass/pure-fn/quantifiers.rs": [
    1.0047189349998007,
    1.0228387480001402,
    0.9809916829999565,
    1.075536479999755,
    0.9879049270002724,
    0.9974104869997973,
    1.0479161060002298,
    0.9625193669999135,
    0.966967102000126,
    1.0462763030000133
  ],
  "prusti-tests/tests/verify/pass/pure-fn/recursive-pure-fn.rs": [
    0.7444279979999919,
    0.7166828230001556,
    0.76490222800021,
    0.8040696739999476,
    0.7455313059999753,
    0.7293677029997525,
    0.6955367889995614,
    0.7314807170000677,
    0.8195249840000542,
    0.7474499299996751
  ],
  "prusti-tests/tests/verify/pass/pure-fn/ref-mut-arg.rs": [
    0.9853804350000246,
    1.0942261240002153,
    0.9726857549999295,
    0.9744849660000909,
    1.0495650420002676,
    0.9491086049997648,
    0.9556275979998645,
    1.2085114199999225,
    0.9545841399999517,
    1.0050936540001203
  ],
  "prusti-tests/tests/verify/pass/rosetta/Ackermann_function.rs": [
    1.220009592000224,
    1.0984925349998775,
    1.0892548779997924,
    1.1827576599998793,
    1.0996437539997714,
    1.0680929290001586,
    1.1325371889997768,
    1.0092589079999925,
    1.042440845999863,
    1.13644741600001
  ],
  "prusti-tests/tests/verify/pass/rosetta/Heapsort.rs": [
    11.54020360100003,
    10.97750195799972,
    11.097006511000018,
    10.983313435000127,
    10.861606676000065,
    10.95273558200006,
    11.153146858999662,
    11.005286493000312,
    11.193163188999733,
    11.236933857000167
  ]
}