{
  "prusti-tests/tests/verify/pass/rosetta/Knuth_shuffle.rs": [
    2.694219926999949,
    2.43089317700003,
    2.4066901779999625,
    2.467272065999964,
    2.3181172930000002,
    2.2826765879999584,
    2.3423694959999466,
    2.3099439740000207,
    2.4368803650000928,
    2.3348583299999746
  ],
  "prusti-tests/tests/verify/pass/demos/account.rs": [
    2.0362289769999506,
    1.9966067230000135,
    2.0263813779999964,
    2.2316010289999895,
    2.10519453400002,
    2.113219361000006,
    2.110548850999976,
    2.2698877500000663,
    2.2290043629999445,
    2.12714427100002
  ],
  "prusti-tests/tests/verify/pass/rosetta/Knights_tour.rs": [
    113.31322164199992,
    112.43221130699999,
    113.640414039,
    110.86977044600008,
    112.13276127200015,
    108.93492692699988,
    113.42963094900006,
    111.82167255499985,
    111.15107254200007,
    110.98635058299988
  ],
  "prusti-tests/tests/verify/pass/quick/fold-unfold.rs": [
    1.351323248999961,
    1.3241706100002375,
    1.3216204810000818,
    1.3625475329999972,
    1.444353332999981,
    1.3478795119999631,
    1.3591146939997998,
    1.323948054000084,
    1.3506701989999783,
    1.3330739709999762
  ],
  "prusti-tests/tests/verify/pass/quick/moves.rs": [
    1.64522626400003,
    1.6371472000000722,
    1.627738937000231,
    1.7666808129997662,
    1.771407143000033,
    1.7234628969999903,
    1.685723962999873,
    1.7762426119998054,
    1.7177908889998434,
    1.726189274999797
  ],
  "prusti-tests/tests/verify/pass/quick/mut-borrows.rs": [
    3.33135041200012,
    3.3047317799996563,
    3.349297882999963,
    3.309039292000307,
    3.3462579120000555,
    3.2944606390001354,
    3.1769269900000836,
    3.2358393990002696,
    3.3331011929999477,
    3.2761486259996673
  ],
  "prusti-tests/tests/verify/pass/quick/shared-borrows.rs": [
    2.109917876000054,
    2.0644146120002915,
    2.0921429190002527,
    2.1240965459996914,
    2.102132414999687,
    2.095577234999837,
    2.0267372369999066,
    2.18477515099994,
    2.283105801000147,
    2.155753818999983
  ],
  "prusti-tests/tests/verify/pass/quick/trait-contracts-refinement.rs": [
    1.8311177969999335,
    1.8704589389999455,
    1.8319835570000578,
    1.8011960019998696,
    1.7714111260002028,
    1.7919693599997117,
    1.8034785620002367,
    1.876716559000215,
    1.8253476760000922,
    1.8438819680000051
  ],
  "prusti-tests/tests/verify/pass/quick/routes.rs": [
    6.090651743999842,
    5.910920113999964,
    5.735816609000267,
    5.863629003999904,
    5.523576511000101,
    5.7970345600001565,
    5.962678902999869,
    5.617402347000279,
    5.735728390999611,
    5.73409358400022
  ],
  "prusti-tests/tests/verify/pass/quick/fibonacci.rs": [
    7.01339305700003,
    7.04506130000027,
    7.3865987459998905,
    7.064526463999755,
    7.267270877000101,
    7.336449920000177,
    7.085262047000015,
    7.217069975999948,
    7.1009671989995695,
    6.965539042999808
  ],
  "prusti-tests/tests/verify/pass/pure-fn/len-lookup.rs": [
    4.133554836000258,
    4.041611697999997,
    4.099083750000318,
    4.13602631599997,
    4.1430519850000564,
    4.275945840000077,
    4.204426336999859,
    4.188097863000166,
    4.163565615000152,
    4.127249999000014
  ],
  "prusti-tests/tests/verify/pass/pure-fn/quantifiers.rs": [
    2.505215571000008,
    2.635336183000163,
    2.567674679999982,
    2.4634111430000303,
    2.604466398999648,
    2.6398781630000485,
    2.620857668000099,
    2.794867234999856,
    2.7548525460001656,
    3.0522727439997652
  ],
  "prusti-tests/tests/verify/pass/pure-fn/recursive-pure-fn.rs": [
    2.4294974170002206,
    2.480261953000081,
    2.4166682780000883,
    2.355508005000047,
    2.626050810000379,
    2.4351047799996195,
    2.4936387560001094,
    2.5563214439998774,
    2.520467671999995,
    2.516678867000337
  ],
  "prusti-tests/tests/verify/pass/pure-fn/ref-mut-arg.rs": [
    3.2100283820000186,
    2.9973246719996496,
    2.8924034219999157,
    3.0016367700000046,
    3.025620445000186,
    3.1792682079999395,
    3.1053234599999087,
    2.97350201800009,
    3.001749488999849,
    2.891113583000333
  ],
  "prusti-tests/tests/verify/pass/rosetta/Ackermann_function.rs": [
    2.3856980259997727,
    2.4762175480000224,
    2.343515806999676,
    2.4742744300001505,
    2.495165784999699,
    2.4537716009999713,
    2.513562548000209,
    2.4250359850002496,
    2.510440453999763,
    2.453270959999827
  ],
  "prusti-tests/tests/verify/pass/rosetta/Heapsort.rs": [
    12.600338706000002,
    12.147129981000035,
    12.16565777400001,
    11.902659223999763,
    11.955558795000343,
    12.179131653999775,
    12.052769705000173,
    12.106274655000107,
    12.286750508000296,
    12.719913324000117
  ]
}