{
  "prusti-tests/tests/verify/pass/rosetta/Knuth_shuffle.rs": [
    1.9699576010000328,
    1.7101423350000005,
    1.6490745019999622,
    1.6274350970001024,
    1.5871920729999829,
    1.5882529689999956,
    1.5604865899999822,
    1.6255946060000497,
    1.4660101020000411,
    1.5813488990000906
  ],
  "prusti-tests/tests/verify/pass/demos/account.rs": [
    0.7290036179999788,
    0.7546856059999527,
    0.7280542230000719,
    0.7127508900000521,
    0.8470326039999918,
    0.6836628170000267,
    0.7175736689999894,
    0.7258102329999474,
    0.717394870000021,
    0.800671307000016
  ]
}