{
  "prusti-tests/tests/verify/pass/rosetta/Knuth_shuffle.rs": [
    2.041012887000079,
    1.8137080810000725,
    1.7512567589999435,
    1.8435515029999578,
    1.7108298489999925,
    1.8519128330000285,
    1.7448140650000141,
    1.646061134999968,
    1.7376070169999593,
    1.6882532719999972
  ],
  "prusti-tests/tests/verify/pass/demos/account.rs": [
    0.6789427179999166,
    0.7038466580000886,
    0.6899195029999419,
    0.6816435850000744,
    0.7113805120000052,
    0.7270116109999663,
    0.7117153730000609,
    0.6865994490000276,
    0.6249419570000327,
    0.6615645110000514
  ]
}