{
  "prusti-tests/tests/verify/pass/rosetta/Knuth_shuffle.rs": [
    2.379950501000053,
    1.8775771660000373,
    1.8451748510000243,
    1.8634816109999974,
    1.7753946050000877,
    1.8721101350000708,
    1.8079198120000228,
    1.7709421810000094,
    1.7407753749999983,
    1.7623611469999787
  ],
  "prusti-tests/tests/verify/pass/demos/account.rs": [
    0.7860115959999803,
    0.7906736109999883,
    0.7261585900000682,
    0.7214478729999882,
    0.7025834080000095,
    0.7094747310000002,
    0.7138584460000175,
    0.7596923029999516,
    0.6793977270000369,
    0.7027806070000224
  ]
}