{
  "prusti-tests/tests/verify/pass/rosetta/Knuth_shuffle.rs": [
    2.498024767000061,
    2.166445035000038,
    1.9950481270000182,
    2.0538836470000206,
    2.0840448559999913,
    2.0328317670000615,
    2.003110658999958,
    1.900384201999941,
    1.992173462999972,
    1.895155915000032
  ],
  "prusti-tests/tests/verify/pass/demos/account.rs": [
    0.85032688900003,
    0.8987852000000203,
    0.903635601000019,
    0.8978511000000253,
    0.9087497030000122,
    0.8644133919999604,
    0.9040843020000011,
    0.9408890029999384,
    0.9112859810001055,
    0.8106000599999561
  ],
  "prusti-tests/tests/verify/pass/rosetta/Knights_tour.rs": [
    110.34490069200001,
    103.66159753199986,
    105.77125242400007,
    101.82884055799991,
    104.88601024899981,
    107.97908571900007,
    103.76920586000006,
    104.08423692300016,
    107.0230705649999,
    108.05238278999991
  ],
  "prusti-tests/tests/verify/pass/quick/fold-unfold.rs": [
    0.49721319699983724,
    0.5055323980000139,
    0.5359245969998483,
    0.5560551959999884,
    0.533314098000119,
    0.5113469969999187,
    0.5167947970001023,
    0.5440826970000217,
    0.4848431969999183,
    0.5318110970001726
  ],
  "prusti-tests/tests/verify/pass/quick/moves.rs": [
    0.5425083970001197,
    0.5300170139998954,
    0.5451447250000001,
    0.5478658239999277,
    0.541221625000162,
    0.5243758239998897,
    0.552518125000006,
    0.5447762240000884,
    0.5332193239999015,
    0.6262950279999586
  ],
  "prusti-tests/tests/verify/pass/quick/mut-borrows.rs": [
    1.0686377490001178,
    1.1288244509999004,
    1.0906827510000312,
    1.105675538000014,
    1.0410873289999927,
    1.1753600469999128,
    1.1173712390000219,
    1.099094837000166,
    1.1116170380000767,
    1.0832387349998953
  ],
  "prusti-tests/tests/verify/pass/quick/shared-borrows.rs": [
    0.6108490579999852,
    0.5722011000000293,
    0.573886100999971,
    0.5582123949998277,
    0.5829953029999615,
    0.6107546139999158,
    0.5571777950001433,
    0.5670158979999087,
    0.5796540020000975,
    0.5623740969999744
  ],
  "prusti-tests/tests/verify/pass/quick/trait-contracts-refinement.rs": [
    1.2755409450001025,
    1.1370033979999334,
    1.0900858210000024,
    1.117758535000121,
    1.0307837010000185,
    1.1214516360000744,
    1.3358759199998076,
    1.1538683490000494,
    1.0434729060000336,
    1.1153367179999805
  ],
  "prusti-tests/tests/verify/pass/quick/routes.rs": [
    3.232740900999943,
    3.36707135000006,
    2.7883872980000888,
    3.2500824349999675,
    2.8543689890000223,
    3.352831095000056,
    3.347188793999976,
    3.368015155999956,
    2.8910510709999926,
    3.2072609020001437
  ],
  "prusti-tests/tests/verify/pass/quick/fibonacci.rs": [
    3.0605003470000156,
    3.0198171419999653,
    3.321215164000023,
    3.156878635999874,
    3.1855399390001367,
    3.2497291350000523,
    3.339800343999741,
    3.275288331000411,
    3.1892034200000126,
    3.1651305169998523
  ],
  "prusti-tests/tests/verify/pass/pure-fn/len-lookup.rs": [
    1.18604971700006,
    1.1303499119999287,
    1.0901244080000652,
    1.107469809000122,
    1.1135366100002102,
    1.1035824099999445,
    1.0930802070001846,
    1.1051248079998004,
    1.179789315999642,
    1.2105055179999908
  ],
  "prusti-tests/tests/verify/pass/pure-fn/quantifiers.rs": [
    1.0026805980000972,
    1.0504220030002216,
    1.0145406990000083,
    0.9699709950000397,
    1.00472809699977,
    0.9996435959997143,
    0.9544206919999851,
    0.9578354919999583,
    0.9815267949998088,
    0.9793790940002509
  ],
  "prusti-tests/tests/verify/pass/pure-fn/recursive-pure-fn.rs": [
    0.7647061740003664,
    0.7439335710000705,
    0.7769628750002084,
    0.7318481709999105,
    0.7653117729996666,
    0.7449789719998989,
    0.7949654770000052,
    0.7837159750001774,
    0.7439355719998275,
    0.7274923699997089
  ],
  "prusti-tests/tests/verify/pass/pure-fn/ref-mut-arg.rs": [
    0.9535536920002414,
    0.952780391000033,
    0.9522324919998937,
    0.9244854880003004,
    0.9029510850000406,
    0.922850488000222,
    0.9520624900001167,
    0.946459589999904,
    0.9524212910000642,
    0.9054792860001726
  ],
  "prusti-tests/tests/verify/pass/rosetta/Ackermann_function.rs": [
    1.235596816999987,
    1.1847517129999687,
    1.2186130159998356,
    1.1236745070000325,
    1.1583874109996941,
    1.1511388090002583,
    1.2584827199998472,
    1.2132421159999467,
    1.199119014000189,
    1.2124997149999217
  ],
  "prusti-tests/tests/verify/pass/rosetta/Heapsort.rs": [
    8.395425794999937,
    8.199489014999926,
    7.417914766999729,
    7.927144960000078,
    7.501895568999771,
    7.534814816000107,
    7.738219473000299,
    7.389400651999949,
    7.802237427000364,
    7.927310382999622
  ]
}