{
  "prusti-tests/tests/verify/pass/rosetta/Knuth_shuffle.rs": [
    3.278808938999873,
    0.4392510840000341,
    0.45621918499978165,
    0.442484850000028,
    0.42706097599989334,
    0.447543368000197,
    0.42040552699995715,
    0.42176783899981274,
    0.4204062259998409,
    0.4255536519999623
  ],
  "prusti-tests/tests/verify/pass/demos/account.rs": [
    2.720581796000033,
    0.15970358899994608,
    0.1721131140000125,
    0.16945489500017175,
    0.1580454519998966,
    0.15704176899998856,
    0.15913964300011685,
    0.1600163150001208,
    0.16678507399979026,
    0.16199987999993937
  ],
  "prusti-tests/tests/verify/pass/rosetta/Knights_tour.rs": [
    120.23530083399987,
    3.2476782779999667,
    3.281603339999947,
    3.0761001419998593,
    3.0811928680000165,
    3.252579171999969,
    3.0660829609998927,
    3.2531697639999493,
    3.106402899999921,
    3.088381666000032
  ],
  "prusti-tests/tests/verify/pass/quick/fold-unfold.rs": [
    1.6663466830000289,
    0.1173490959999981,
    0.12026653699990675,
    0.11665043900006822,
    0.12248852099992291,
    0.1161655979999523,
    0.1350775609998891,
    0.12999494100017728,
    0.11998391399993125,
    0.12131732400007422
  ],
  "prusti-tests/tests/verify/pass/quick/moves.rs": [
    1.9744813429999795,
    0.11906583800009685,
    0.11255720000008296,
    0.11191574700001183,
    0.11316965100013476,
    0.11091356399992947,
    0.11722658600001523,
    0.11827607299983356,
    0.12257352799997534,
    0.1137875020001502
  ],
  "prusti-tests/tests/verify/pass/quick/mut-borrows.rs": [
    4.137701243000038,
    0.20081248799988316,
    0.21142496600009508,
    0.19998422000003302,
    0.21358914400002504,
    0.19924495899999783,
    0.2146152290001737,
    0.211053634000109,
    0.19778173899999274,
    0.2012300230001074
  ],
  "prusti-tests/tests/verify/pass/quick/shared-borrows.rs": [
    2.547094808000111,
    0.13324080600000343,
    0.1192335490000005,
    0.11893072399993798,
    0.11234367999986716,
    0.1184170820001782,
    0.11350907699988966,
    0.11165492300006008,
    0.11737569599995368,
    0.11298253299992211
  ],
  "prusti-tests/tests/verify/pass/quick/trait-contracts-refinement.rs": [
    2.3328212839999196,
    0.1777109490001294,
    0.1753677560000142,
    0.17638613999997688,
    0.17475880699998925,
    0.17968460999986746,
    0.16371900300009656,
    0.1642037420001543,
    0.174048847999984,
    0.1817615800000567
  ],
  "prusti-tests/tests/verify/pass/quick/routes.rs": [
    7.002493713999911,
    0.4593906339998739,
    0.4355153670001073,
    0.44363163499997427,
    0.48224651500004256,
    0.46887141399997745,
    0.4277510279998751,
    0.49942483000018,
    0.45076182299999346,
    0.44834302399999615
  ],
  "prusti-tests/tests/verify/pass/quick/fibonacci.rs": [
    0.5118575540000165,
    0.47853381000004447,
    0.5214237420000245,
    0.49120493400005216,
    0.49720363599999473,
    0.5054908199999772,
    0.495754216000023,
    0.4819459759999063,
    0.5026145829999678,
    0.47930945899997823
  ],
  "prusti-tests/tests/verify/pass/pure-fn/len-lookup.rs": [
    5.0122462780000205,
    0.2877197469999828,
    0.2796909850001157,
    0.27649502000008397,
    0.29034976399998413,
    0.3068664270001591,
    0.29595582700017076,
    0.28132491899987144,
    0.29188699099995574,
    0.28624092499990184
  ],
  "prusti-tests/tests/verify/pass/pure-fn/quantifiers.rs": [
    3.249311083000066,
    0.23934805499993672,
    0.23523271499993825,
    0.2502383539999755,
    0.23439954600007695,
    0.2536748370000623,
    0.2547312240001247,
    0.25753345599991917,
    0.26407419599991044,
    0.23483098300016536
  ],
  "prusti-tests/tests/verify/pass/pure-fn/recursive-pure-fn.rs": [
    2.600032299000077,
    0.1887157759999809,
    0.18333573199993225,
    0.1784610290001183,
    0.18064010900002359,
    0.18380417000003035,
    0.18195091799998409,
    0.17771616899995024,
    0.18470174499998393,
    0.1872300530001212
  ],
  "prusti-tests/tests/verify/pass/pure-fn/ref-mut-arg.rs": [
    3.8298436039999615,
    0.23650312099994153,
    0.25016774899995653,
    0.23490008799990392,
    0.2520180020001135,
    0.23446125200007373,
    0.24419075600008,
    0.239966805999984,
    0.24183096100000512,
    0.23511870600009388
  ],
  "prusti-tests/tests/verify/pass/rosetta/Ackermann_function.rs": [
    2.6328393100000085,
    0.2898632250000901,
    0.28751783099983186,
    0.2896353060000365,
    0.2863202320002074,
    0.29423268599998664,
    0.2864124399998218,
    0.2903429640000468,
    0.309246524999935,
    0.30644019400006073
  ],
  "prusti-tests/tests/verify/pass/rosetta/Heapsort.rs": [
    13.888674572000127,
    1.407765812999969,
    1.3362524120000216,
    1.3846871060000012,
    1.3648737710000205,
    1.4090584159998798,
    1.3715864260000217,
    1.269286788000045,
    1.3318249500000547,
    1.348974066999972
  ]
}