{
  "prusti-tests/tests/verify/pass/rosetta/Knuth_shuffle.rs": [
    2.444718359000035,
    0.29104015699999763,
    0.29445898400001624,
    0.295228988999952,
    0.29604909599993334,
    0.29500548800001525,
    0.3217919950000123,
    0.2934373760000426,
    0.2932643739999321,
    0.2943511830000034
  ],
  "prusti-tests/tests/verify/pass/demos/account.rs": [
    2.030909049999991,
    0.12636238000004596,
    0.12599237699998866,
    0.12267445099996621,
    0.12086353699999108,
    0.12241834899998594,
    0.13301393100005043,
    0.1276062899999033,
    0.12506547000009505,
    0.12199024599999575
  ],
  "prusti-tests/tests/verify/pass/rosetta/Knights_tour.rs": [
    95.691614244,
    2.196375462999981,
    1.9619554419999758,
    1.9614700379999022,
    1.9617710979999856,
    2.193598843000018,
    2.200433895999936,
    2.194135246999963,
    2.1920354500000485,
    2.190328529999988
  ],
  "prusti-tests/tests/verify/pass/quick/fold-unfold.rs": [
    1.2620358129998976,
    0.09613124800000605,
    0.10006297800009634,
    0.09722935599995708,
    0.09715405500003271,
    0.09598184599997239,
    0.09737185699998463,
    0.09739955700001701,
    0.09782116099995619,
    0.09965507499998694
  ],
  "prusti-tests/tests/verify/pass/quick/moves.rs": [
    1.371560164000016,
    0.09304862399994818,
    0.09474843700002111,
    0.0933532249999871,
    0.09529714300003889,
    0.09340752800005703,
    0.09269172300002992,
    0.09194041700004618,
    0.09379983199994513,
    0.09320712700002787
  ],
  "prusti-tests/tests/verify/pass/quick/mut-borrows.rs": [
    2.733010815000057,
    0.1525722900000801,
    0.1451202310000781,
    0.1455629349999299,
    0.14517293200003678,
    0.1529774929999803,
    0.15307169300001533,
    0.15152658199997404,
    0.15445440400003463,
    0.15325299500000256
  ],
  "prusti-tests/tests/verify/pass/quick/shared-borrows.rs": [
    1.748002133,
    0.0928427249999686,
    0.0919263170000022,
    0.09203351799999382,
    0.09213961899990863,
    0.09537984399992183,
    0.09387913200009734,
    0.09387093199995888,
    0.09006270299994412,
    0.09132501199997023
  ],
  "prusti-tests/tests/verify/pass/quick/trait-contracts-refinement.rs": [
    1.49031649199992,
    0.13454934399999274,
    0.12927680300003885,
    0.13518844800000807,
    0.13755126699993525,
    0.13745426599996335,
    0.1393683810000539,
    0.1368671610000547,
    0.13750416599998516,
    0.13674386100001357
  ],
  "prusti-tests/tests/verify/pass/quick/routes.rs": [
    5.284740388999921,
    0.33217887600005724,
    0.3353193010000268,
    0.3343069930000411,
    0.3354096010000376,
    0.3341319900000599,
    0.3335731859999669,
    0.33395138899993526,
    0.3344229929999756,
    0.3322427760000437
  ],
  "prusti-tests/tests/verify/pass/quick/fibonacci.rs": [
    0.34691519000000426,
    0.34722999300004176,
    0.34913780699992003,
    0.3440298670000175,
    0.34685008899998593,
    0.34531037700003253,
    0.3442051680000304,
    0.3474673939999775,
    0.3496543109999948,
    0.3450095750000628
  ],
  "prusti-tests/tests/verify/pass/pure-fn/len-lookup.rs": [
    3.559308893999969,
    0.21042133100002047,
    0.2161106749999817,
    0.2121381440000505,
    0.20780540999999175,
    0.20924722199993084,
    0.2126859479999439,
    0.20964692500001547,
    0.21309265200000027,
    0.21246754700007386
  ],
  "prusti-tests/tests/verify/pass/pure-fn/quantifiers.rs": [
    2.2132462549999445,
    0.18813125799999852,
    0.1857807399999274,
    0.18572044000006827,
    0.18614044299999932,
    0.18478243200001998,
    0.1850322340000048,
    0.1899873720000187,
    0.18597504100000606,
    0.18463043100007326
  ],
  "prusti-tests/tests/verify/pass/pure-fn/recursive-pure-fn.rs": [
    1.875892938999982,
    0.14651083600006132,
    0.14680513799999062,
    0.14545002700003806,
    0.14708983999992142,
    0.1447391220000327,
    0.1447244219999675,
    0.14629973399996743,
    0.14492112300001736,
    0.1456452290000243
  ],
  "prusti-tests/tests/verify/pass/pure-fn/ref-mut-arg.rs": [
    2.8380813969999963,
    0.17957539200006067,
    0.17862248500000533,
    0.1776360769999883,
    0.17796177900004295,
    0.17865208500006702,
    0.17715957299992624,
    0.18012109600010717,
    0.17786687800003165,
    0.17533175900007336
  ],
  "prusti-tests/tests/verify/pass/rosetta/Ackermann_function.rs": [
    1.8032810770000651,
    0.21009872900003757,
    0.19808373500006837,
    0.21027043000003687,
    0.197308229999976,
    0.2125609480000321,
    0.19805553599996983,
    0.21208174399998825,
    0.1980568349999885,
    0.19571031700002095
  ],
  "prusti-tests/tests/verify/pass/rosetta/Heapsort.rs": [
    9.587020946000052,
    0.9386058799999546,
    0.9385740800000804,
    0.9444065259999661,
    0.936705065999945,
    0.942711724999981,
    0.9387563049999699,
    0.9385348030000387,
    0.9370768919999364,
    0.9417172280000159
  ]
}