{
  "prusti-tests/tests/verify/pass/rosetta/Knuth_shuffle.rs": [
    2.2186274279999907,
    1.9214373780000642,
    1.7802443979999225,
    1.9916308129999152,
    2.0310937579999973,
    1.663701352999965,
    1.7373988340000324,
    1.6230785479999668,
    1.7253701229999479,
    1.694591699000057
  ],
  "prusti-tests/tests/verify/pass/demos/account.rs": [
    0.8336149020000221,
    0.8412703499999452,
    0.7998451680000471,
    0.8650086029999784,
    0.7730899820001014,
    0.7872141739999279,
    0.8566684359999499,
    0.833642177999991,
    0.79982594899991,
    0.8222094950000383
  ]
}