{
  "prusti-tests/tests/verify/pass/rosetta/Knuth_shuffle.rs": [
    3.380201379999903,
    0.3942102559999512,
    0.3880987410000216,
    0.3912008009999681,
    0.3967009829999597,
    0.3883979569999383,
    0.3956136280000919,
    0.3913050070000281,
    0.38941950999992514,
    0.39584453899999517
  ],
  "prusti-tests/tests/verify/pass/demos/account.rs": [
    2.684542039000007,
    0.1625710529999651,
    0.15529817899994214,
    0.16035883999995804,
    0.15556879299992943,
    0.15345228399996813,
    0.16416503499999635,
    0.1540573149999318,
    0.1541551210000307,
    0.1531162819999281
  ],
  "prusti-tests/tests/verify/pass/rosetta/Knights_tour.rs": [
    142.13475674000006,
    2.6707797510000546,
    2.7884714259998873,
    2.758475571999952,
    2.82192136499998,
    2.8190131490000567,
    2.836124128999927,
    2.782886754999936,
    2.759447203000036,
    2.7112614659999963
  ],
  "prusti-tests/tests/verify/pass/quick/fold-unfold.rs": [
    1.6036843199999566,
    0.12186834199997065,
    0.12825829100006558,
    0.12681668899995202,
    0.12189144399985707,
    0.12099198100008834,
    0.11937546800004384,
    0.12299432100007834,
    0.12301042300009613,
    0.12044484300008662
  ],
  "prusti-tests/tests/verify/pass/quick/moves.rs": [
    1.9607894440000564,
    0.12957928299988453,
    0.11832482499994512,
    0.12402922000001126,
    0.11490139199986515,
    0.11855886300008933,
    0.11979232099997716,
    0.11554302199988342,
    0.11791603300002862,
    0.12298697100004574
  ],
  "prusti-tests/tests/verify/pass/quick/mut-borrows.rs": [
    3.891215543000044,
    0.1892527610000343,
    0.18815150000000358,
    0.1866756180002085,
    0.1901144099999783,
    0.19647246400018048,
    0.18631109700004345,
    0.185544155000116,
    0.187802579999925,
    0.18451859700007844
  ],
  "prusti-tests/tests/verify/pass/quick/shared-borrows.rs": [
    2.3527230960000907,
    0.11384685400003036,
    0.11204825300001175,
    0.11418237199995929,
    0.11532703599982597,
    0.11323861899995791,
    0.11303060799991727,
    0.11251817900006245,
    0.1136348409997936,
    0.11686192199999823
  ],
  "prusti-tests/tests/verify/pass/quick/trait-contracts-refinement.rs": [
    2.022278511000195,
    0.17138306200013176,
    0.16844463300003554,
    0.16772947599997678,
    0.16974118399980398,
    0.16763817099990774,
    0.1626203020000503,
    0.1621465769999304,
    0.16697353599988674,
    0.17481695500009664
  ],
  "prusti-tests/tests/verify/pass/quick/routes.rs": [
    6.856194727000002,
    0.4046044740000525,
    0.4146373969999786,
    0.4008260150001206,
    0.4015001430000211,
    0.4129152250000061,
    0.4178830339999422,
    0.4182312489999731,
    0.40320371499979046,
    0.4143183839998983
  ],
  "prusti-tests/tests/verify/pass/quick/fibonacci.rs": [
    0.4230348520000007,
    0.4396086510000714,
    0.4220895119999568,
    0.42561915999999655,
    0.43574390100002347,
    0.4261170659999607,
    0.4350350199999866,
    0.43765715299991825,
    0.4231452139999874,
    0.43771882099986215
  ],
  "prusti-tests/tests/verify/pass/pure-fn/len-lookup.rs": [
    4.677227456000082,
    0.262793105000128,
    0.2634732450001138,
    0.25753140300002997,
    0.26568657199982226,
    0.25600081499987937,
    0.26368085700005395,
    0.25810849499998767,
    0.25683102299990423,
    0.2570157329998892
  ],
  "prusti-tests/tests/verify/pass/pure-fn/quantifiers.rs": [
    2.864312429000165,
    0.22039798200012228,
    0.2233860349999759,
    0.22373955200009732,
    0.23179106499992486,
    0.23310433300002842,
    0.2363037960001293,
    0.23946065700010877,
    0.22665110100001584,
    0.2292479350001031
  ],
  "prusti-tests/tests/verify/pass/pure-fn/recursive-pure-fn.rs": [
    2.4244868040000256,
    0.1790676660000372,
    0.17412271300008797,
    0.18499156899997615,
    0.1947784699998465,
    0.17501995900011025,
    0.18203901900005803,
    0.18184970799984512,
    0.1752305699999397,
    0.18473195599995051
  ],
  "prusti-tests/tests/verify/pass/pure-fn/ref-mut-arg.rs": [
    3.69753027999991,
    0.2166445550001299,
    0.22248175300001094,
    0.21906677800006946,
    0.22335559799989824,
    0.22905218799996874,
    0.2183397410001362,
    0.21754960099997334,
    0.22547480499997619,
    0.21737299199980953
  ],
  "prusti-tests/tests/verify/pass/rosetta/Ackermann_function.rs": [
    2.4611562930001583,
    0.27277253900001597,
    0.2677598790000957,
    0.28700007599991295,
    0.26379057300005115,
    0.26533305299994936,
    0.26556066500006636,
    0.263377852000076,
    0.2806808490001913,
    0.27866894500016315
  ],
  "prusti-tests/tests/verify/pass/rosetta/Heapsort.rs": [
    12.430641678000029,
    1.13012456499996,
    1.1327041799997914,
    1.14053488799982,
    1.132759583999814,
    1.1392207189999226,
    1.1433677350000835,
    1.1314847169999211,
    1.127025463000109,
    1.132838283999945
  ]
}