{
  "prusti-tests/tests/verify/pass/rosetta/Knuth_shuffle.rs": [
    3.140644909999992,
    0.41291678000004595,
    0.4251567610000393,
    0.4155431909999834,
    0.4152181639999526,
    0.4072716280001032,
    0.4081660000000511,
    0.41747894599996016,
    0.411481866000031,
    0.411354254999992
  ],
  "prusti-tests/tests/verify/pass/demos/account.rs": [
    2.746719592999966,
    0.15196926300006908,
    0.1561081940000122,
    0.15379520900000898,
    0.15177804699999342,
    0.1504849439999134,
    0.15014421699993363,
    0.1492957479999859,
    0.1502869290000035,
    0.15071036200004073
  ],
  "prusti-tests/tests/verify/pass/rosetta/Knights_tour.rs": [
    108.82702384599997,
    3.021532341000011,
    3.0153132350001215,
    3.01825316999998,
    3.0158704569998918,
    2.9917869619998783,
    3.022725512000079,
    3.0124632380000094,
    3.0552498600000035,
    3.036268800000016
  ],
  "prusti-tests/tests/verify/pass/quick/fold-unfold.rs": [
    1.5669888140000694,
    0.11795582500008095,
    0.12112087800005611,
    0.11615768199999366,
    0.12107747499999277,
    0.12024250800004666,
    0.12262219900003402,
    0.118335456000068,
    0.11849826899992877,
    0.11865448200001083
  ],
  "prusti-tests/tests/verify/pass/quick/moves.rs": [
    1.8569319810001161,
    0.1097708719998991,
    0.111000568999998,
    0.11234137699989333,
    0.11541162200001054,
    0.11188184100001308,
    0.11079945300002692,
    0.11042032300019855,
    0.11913832000004732,
    0.10979977400006646
  ],
  "prusti-tests/tests/verify/pass/quick/mut-borrows.rs": [
    3.6794513049999296,
    0.1847459919999892,
    0.1862745140001607,
    0.19135411999991447,
    0.19326227300007304,
    0.1925649180000164,
    0.19927385500000128,
    0.19138772299993434,
    0.19668034700021053,
    0.18820806899998388
  ],
  "prusti-tests/tests/verify/pass/quick/shared-borrows.rs": [
    2.2675045480000335,
    0.11075546699998995,
    0.10741520100009438,
    0.10976228799995624,
    0.11095308299991302,
    0.10980799200001456,
    0.10978308900007505,
    0.11010501600003408,
    0.11075876799986872,
    0.11447476499984077
  ],
  "prusti-tests/tests/verify/pass/quick/trait-contracts-refinement.rs": [
    2.131790782000053,
    0.16244550599981267,
    0.16072636800004148,
    0.1596626840000681,
    0.16002031199991507,
    0.16844328599995606,
    0.16691126399996392,
    0.1627943339999547,
    0.1612273080002069,
    0.16072456899996723
  ],
  "prusti-tests/tests/verify/pass/quick/routes.rs": [
    6.584610569000006,
    0.4180259639999804,
    0.4145402839999406,
    0.4109247950000281,
    0.42680086600012146,
    0.41697727999985545,
    0.4173360089998823,
    0.4132968859998982,
    0.4256449730000895,
    0.44050726399996165
  ],
  "prusti-tests/tests/verify/pass/quick/fibonacci.rs": [
    0.4513700330001029,
    0.44294955899999877,
    0.44557436900004177,
    0.4423098069999014,
    0.44900555300000633,
    0.43918177199998354,
    0.4513653469998644,
    0.4441464699998505,
    0.43774415600000793,
    0.443019078999896
  ],
  "prusti-tests/tests/verify/pass/pure-fn/len-lookup.rs": [
    4.518603971999937,
    0.26211179099982473,
    0.2552518410000175,
    0.2554667590000008,
    0.2580662670000038,
    0.2601524279998557,
    0.25399503499988896,
    0.25511742499998036,
    0.25277903699998205,
    0.2571071840000059
  ],
  "prusti-tests/tests/verify/pass/pure-fn/quantifiers.rs": [
    2.7641780040000867,
    0.22208827999997993,
    0.22087998300003164,
    0.22956537999993998,
    0.2240268359998936,
    0.2202495330000147,
    0.22150143399994704,
    0.22177715599991643,
    0.22285894300011933,
    0.22277023500009818
  ],
  "prusti-tests/tests/verify/pass/pure-fn/recursive-pure-fn.rs": [
    2.358408531000123,
    0.17479640099986682,
    0.1728062409999893,
    0.17520413299985194,
    0.17552955999985898,
    0.17760222600009,
    0.17789994899999328,
    0.1716968519999682,
    0.1730631610000728,
    0.17467669100005878
  ],
  "prusti-tests/tests/verify/pass/pure-fn/ref-mut-arg.rs": [
    3.6001098529998217,
    0.23107050799990247,
    0.22628222399998776,
    0.23823488099992574,
    0.2336314130000119,
    0.22663755300004595,
    0.23113971299994773,
    0.22752242399997158,
    0.24173706200008382,
    0.22858540899983382
  ],
  "prusti-tests/tests/verify/pass/rosetta/Ackermann_function.rs": [
    2.347812463999844,
    0.27619101000004775,
    0.27639072599981773,
    0.27895583200006513,
    0.29124891600008596,
    0.2840943429998788,
    0.2762535150000076,
    0.27403563799998665,
    0.27463868499989985,
    0.27367210900001737
  ],
  "prusti-tests/tests/verify/pass/rosetta/Heapsort.rs": [
    12.374723713999856,
    1.2436544429999685,
    1.2440811770002256,
    1.2518179959999998,
    1.233382419999998,
    1.2659338260000368,
    1.2390976280000814,
    1.24439786500011,
    1.2450561169998764,
    1.2024348239999654
  ]
}