{
  "prusti-tests/tests/verify/pass/rosetta/Knuth_shuffle.rs": [
    2.645673816999988,
    2.297362653999926,
    2.263913400999968,
    2.329965226000013,
    2.182441510999979,
    2.1742940059999682,
    2.2916253390000065,
    2.2235119050000094,
    2.1719974279999406,
    2.0639518450000196
  ],
  "prusti-tests/tests/verify/pass/demos/account.rs": [
    0.9700999310000498,
    0.9474300780000249,
    0.96694762300001,
    0.8890965450000294,
    0.9509152560000302,
    0.8846645240000726,
    0.9469099520000555,
    0.9003717829999687,
    0.8971846499999856,
    0.874246519000053
  ],
  "prusti-tests/tests/verify/pass/rosetta/Knights_tour.rs": [
    112.16902110499996,
    112.68972694800004,
    112.68698655000003,
    112.32243340700006,
    107.67306334099999,
    106.15643302700005,
    107.3949583619999,
    111.418710208,
    108.57779285000015,
    112.1037640699999
  ],
  "prusti-tests/tests/verify/pass/quick/fold-unfold.rs": [
    0.5378486039999189,
    0.5569019529998513,
    0.5185087530001056,
    0.5462942260001,
    0.5074713240001074,
    0.53593089900005,
    0.5543888479999168,
    0.5345227959999193,
    0.582968621999953,
    0.4989932870000757
  ],
  "prusti-tests/tests/verify/pass/quick/moves.rs": [
    0.6066156619999674,
    0.7216054210000493,
    0.6017169510000713,
    0.6041952570001285,
    0.5736469880000641,
    0.6186181889997897,
    0.6499864600000365,
    0.6571095759998116,
    0.6094604689999414,
    0.5823188079998545
  ],
  "prusti-tests/tests/verify/pass/quick/mut-borrows.rs": [
    1.2085342150000997,
    1.1868733679998513,
    1.156669729999976,
    1.154892425000071,
    1.1640888500000983,
    1.1991173450001043,
    1.1871391120002954,
    1.3298347989998547,
    1.1503427140000895,
    1.1738000519999332
  ],
  "prusti-tests/tests/verify/pass/quick/shared-borrows.rs": [
    0.7226181480000378,
    0.6858694339998692,
    0.6455756079999446,
    0.6660764719999861,
    0.6181722240003182,
    0.6404239930002404,
    0.6533867329999339,
    0.6298668600002202,
    0.6068760749999456,
    0.6210006850001264
  ],
  "prusti-tests/tests/verify/pass/quick/trait-contracts-refinement.rs": [
    1.3706503980001798,
    1.2274859330000254,
    1.1647747729998628,
    1.2693369389999134,
    1.1938366469998982,
    1.2686590749999596,
    1.1970793909999884,
    1.239856312000029,
    1.2211419589998513,
    1.1646002990000852
  ],
  "prusti-tests/tests/verify/pass/quick/routes.rs": [
    3.8864520689999154,
    3.9838882110002487,
    3.0454689120001603,
    2.9524256760000753,
    3.6403552619999573,
    2.901406151000174,
    3.028290848999859,
    3.006490689999737,
    3.564626548999968,
    3.449192420000145
  ],
  "prusti-tests/tests/verify/pass/quick/fibonacci.rs": [
    3.2420700810002927,
    3.2666161960000863,
    3.4905905079999684,
    3.587138330000016,
    3.460968184000194,
    3.210456688999784,
    3.354259180000099,
    3.3205401840000377,
    3.562724639999942,
    3.392368169999827
  ],
  "prusti-tests/tests/verify/pass/pure-fn/len-lookup.rs": [
    1.207288676999724,
    1.1984308529999907,
    1.2654138359998797,
    1.148059916999955,
    1.3300847109999268,
    1.2493029910001496,
    1.1987284550000368,
    1.1682566740000766,
    1.185819322000043,
    1.2135914959999354
  ],
  "prusti-tests/tests/verify/pass/pure-fn/quantifiers.rs": [
    1.062392686000294,
    1.0562799690001157,
    1.02841969300016,
    1.0419161310001073,
    1.0325908060003712,
    1.0992134869998154,
    0.9874819830001798,
    0.9996871170001214,
    1.075214221999886,
    0.9952397040001415
  ],
  "prusti-tests/tests/verify/pass/pure-fn/recursive-pure-fn.rs": [
    0.7644381770001019,
    0.7779300000001967,
    0.7456000080001104,
    0.7422739999997248,
    0.8074953499999538,
    0.7824652929998592,
    0.7683719599999677,
    0.7253074609998293,
    0.7511370199999874,
    0.7706442650001009
  ],
  "prusti-tests/tests/verify/pass/pure-fn/ref-mut-arg.rs": [
    1.0642671380001048,
    0.9674166700001479,
    1.092216486000325,
    0.9685511500001667,
    1.0520830090003983,
    0.9826368770000045,
    1.0169661420000011,
    1.0118719329998385,
    0.9970562050002627,
    1.0102152449999267
  ],
  "prusti-tests/tests/verify/pass/rosetta/Ackermann_function.rs": [
    1.3248383559998729,
    1.3091972160000296,
    1.2838792530001228,
    1.2187454879999677,
    1.2536888760000693,
    1.2314002339999206,
    1.215441033999923,
    1.3711241480000353,
    1.3492017899998245,
    1.2888809290002428
  ],
  "prusti-tests/tests/verify/pass/rosetta/Heapsort.rs": [
    8.97636712099984,
    8.787880882000081,
    8.753354931000104,
    8.49685368099972,
    8.86927995699989,
    8.844038410999929,
    8.557914813000025,
    8.531326914000147,
    8.572892909000075,
    8.518548814000042
  ]
}