{
  "prusti-tests/tests/verify/pass/rosetta/Knuth_shuffle.rs": [
    2.1318305110000892,
    1.9259941940000544,
    1.7961725359999718,
    1.7568358280000211,
    1.736633753000092,
    1.7237708279999424,
    1.6866451479999114,
    1.6673398819999647,
    1.7145126460000029,
    1.7342532320000146
  ],
  "prusti-tests/tests/verify/pass/demos/account.rs": [
    0.7998965729999554,
    0.8047059949999493,
    0.7516285510000671,
    0.7933659070000658,
    0.7398355619999393,
    0.8223675719999619,
    0.7646673000000419,
    0.7601051649999135,
    0.7541215200000124,
    0.7699800099999266
  ]
}