{
  "prusti-tests/tests/verify/pass/rosetta/Knuth_shuffle.rs": [
    2.2698491329999797,
    2.014115748999984,
    1.9899987549999878,
    1.9343037160001586,
    1.9077711539998745,
    1.9625129480000396,
    1.9144998639999358,
    1.9097213159998319,
    1.8896210430000338,
    1.9003261180000663
  ],
  "prusti-tests/tests/verify/pass/demos/account.rs": [
    1.7125305419999677,
    1.7298327249998238,
    1.7079266700000062,
    1.7023488780000662,
    1.6959404730000642,
    1.6895268679998026,
    1.7239659360000132,
    1.7230715349999173,
    1.706969172000072,
    1.6962503960000959
  ],
  "prusti-tests/tests/verify/pass/rosetta/Knights_tour.rs": [
    104.57828773400001,
    102.29909802299994,
    103.13015317000009,
    102.55444429499994,
    102.87257941600001,
    102.47512603500013,
    102.61222072300006,
    100.75373469199985,
    100.01185797799963,
    102.13669510099999
  ],
  "prusti-tests/tests/verify/pass/quick/fold-unfold.rs": [
    1.1548441009999806,
    1.1375696149998475,
    1.1386930339999708,
    1.148362385999917,
    1.155554480000319,
    1.1466587320001054,
    1.1521446230003676,
    1.1376543839996884,
    1.1463076270001693,
    1.1471815419999984
  ],
  "prusti-tests/tests/verify/pass/quick/moves.rs": [
    1.3822982560000128,
    1.3742057220001698,
    1.3986792240002615,
    1.3680773219998628,
    1.385181301999637,
    1.373369109000123,
    1.379546510000182,
    1.3778896829999212,
    1.371936585000185,
    1.359535181999945
  ],
  "prusti-tests/tests/verify/pass/quick/mut-borrows.rs": [
    2.7279311100000996,
    2.7207543549998263,
    2.707264541999848,
    2.727832280000257,
    2.710104802999922,
    2.7078827680002178,
    2.697024288999728,
    2.7052181230001224,
    2.7230818169996382,
    2.6990791209996132
  ],
  "prusti-tests/tests/verify/pass/quick/shared-borrows.rs": [
    1.6976079539999773,
    1.7048418720000882,
    1.7128731029997653,
    1.7071201089997885,
    1.709766664000199,
    1.7059668269998838,
    1.7051638130001265,
    1.7147004700000252,
    1.7111361110000871,
    1.7036751320001713
  ],
  "prusti-tests/tests/verify/pass/quick/trait-contracts-refinement.rs": [
    1.5627577440000096,
    1.5317447349998474,
    1.5251803280002605,
    1.5288359880000826,
    1.5372455370002172,
    1.5224153039998782,
    1.545431782000378,
    1.5339536930000577,
    1.523959730000115,
    1.5364655330004098
  ],
  "prusti-tests/tests/verify/pass/quick/routes.rs": [
    4.585880894000184,
    4.388717252999868,
    4.268337677999625,
    4.2015021959996375,
    4.164325379999809,
    4.201487260999784,
    4.226266632000261,
    4.186651551999603,
    4.22877692899965,
    4.209053820000008
  ],
  "prusti-tests/tests/verify/pass/quick/fibonacci.rs": [
    5.267031790000146,
    5.341419979999955,
    5.306048922999707,
    5.306975004999913,
    5.26536307699962,
    5.275324093999643,
    5.278032409999923,
    5.2920697650001784,
    5.259634995999932,
    5.286058011000023
  ],
  "prusti-tests/tests/verify/pass/pure-fn/len-lookup.rs": [
    3.0680274280002777,
    3.0757384429998638,
    3.0687165740000637,
    3.0559420539998428,
    3.0902475190000587,
    3.0877742890002082,
    3.056115598999895,
    3.0601614649999647,
    3.0738093790000676,
    3.05143531099975
  ],
  "prusti-tests/tests/verify/pass/pure-fn/quantifiers.rs": [
    1.9004751229999783,
    1.8969888159999755,
    1.8845206109999708,
    1.9071016830002918,
    1.8861458369997308,
    1.8916123990002234,
    1.9187686440000107,
    1.898676814999817,
    1.8814325299999837,
    1.8917008330004137
  ],
  "prusti-tests/tests/verify/pass/pure-fn/recursive-pure-fn.rs": [
    1.6980047539996121,
    1.6683096659999137,
    1.6659929279999233,
    1.6781185220002044,
    1.6525496389999716,
    1.6840918570001122,
    1.6669109760000538,
    1.678514965999966,
    1.6727686659996834,
    1.6931996860002982
  ],
  "prusti-tests/tests/verify/pass/pure-fn/ref-mut-arg.rs": [
    2.473232887999984,
    2.4896760579999864,
    2.4614670239998304,
    2.487982876999922,
    2.475397669999893,
    2.4676513599997634,
    2.4801792150001347,
    2.47067946199968,
    2.466435846999957,
    2.47949799800017
  ],
  "prusti-tests/tests/verify/pass/rosetta/Ackermann_function.rs": [
    1.7454145490000883,
    1.7426128030001564,
    1.7293197829999372,
    1.7099705320001704,
    1.709033714999805,
    1.738168193999627,
    1.7206163060000108,
    1.7170858360000238,
    1.7273797890002243,
    1.7299532310003087
  ],
  "prusti-tests/tests/verify/pass/rosetta/Heapsort.rs": [
    10.124219728999833,
    10.033697282999583,
    10.015643499999896,
    9.957217321999906,
    9.968729464999797,
    9.952178304999961,
    9.99170567200008,
    9.957082806000017,
    10.013615641000342,
    9.990885002000141
  ]
}