{
  "prusti-tests/tests/verify/pass/rosetta/Knuth_shuffle.rs": [
    2.237100117999944,
    1.927107648999936,
    1.9010900130000437,
    1.8500680519999833,
    1.7952461019999646,
    1.7104839919999222,
    1.8443736880000188,
    1.819195863999994,
    1.7368237220000537,
    1.6959361419999368
  ],
  "prusti-tests/tests/verify/pass/demos/account.rs": [
    0.7536773289999701,
    0.745447456000079,
    0.758146269000008,
    0.7246844700000565,
    0.721297140000047,
    0.7767695359999607,
    0.7046989910001002,
    0.7401936080000269,
    0.7235186390000763,
    0.7076288969999496
  ],
  "prusti-tests/tests/verify/pass/rosetta/Knights_tour.rs": [
    110.18940696600009,
    108.55813894599999,
    107.84407871400003,
    110.5620595360001,
    111.44200623899997,
    108.93112789899988,
    111.08369969299997,
    107.86566500200001,
    109.83603236399995,
    111.13636728699998
  ],
  "prusti-tests/tests/verify/pass/quick/fold-unfold.rs": [
    0.5583711000001585,
    0.5177520360000472,
    0.4783652839998922,
    0.49381372300013027,
    0.4931496159999824,
    0.47532195700000557,
    0.4843550380001034,
    0.5512148370000887,
    0.49874096700000337,
    0.47272253300002376
  ],
  "prusti-tests/tests/verify/pass/quick/moves.rs": [
    0.4873276639998494,
    0.49138350099997297,
    0.5052771189998566,
    0.48616111100000126,
    0.517760391000138,
    0.4932577739998578,
    0.5083152080001128,
    0.4938871790000121,
    0.5383321730000716,
    0.5172515870001462
  ],
  "prusti-tests/tests/verify/pass/quick/mut-borrows.rs": [
    0.840473953000128,
    0.8253407180000067,
    0.8764714720000484,
    0.7475733290000335,
    0.7558325019999756,
    0.7747741359999054,
    0.7751711920000162,
    0.7470295380001062,
    0.7820848540000043,
    0.7690781369999513
  ],
  "prusti-tests/tests/verify/pass/quick/shared-borrows.rs": [
    0.5827047559998846,
    0.668230228000084,
    0.5480743440000424,
    0.5385731579999629,
    0.5535483930000282,
    0.582527755000001,
    0.5453528190000725,
    0.5400454739999532,
    0.5381673809999938,
    0.6021047609999641
  ],
  "prusti-tests/tests/verify/pass/quick/trait-contracts-refinement.rs": [
    0.8272378030001164,
    0.7978217360000599,
    0.7731897129999652,
    0.8025831790000666,
    0.7295914169999378,
    0.7718431000000692,
    0.7934610959998736,
    0.7497464999999011,
    0.7540310050001153,
    0.8045581520000269
  ],
  "prusti-tests/tests/verify/pass/quick/routes.rs": [
    2.733219796999947,
    2.5198633009999867,
    2.3870710439998675,
    2.349091369000007,
    2.3559613300001274,
    2.4191693950001536,
    2.2453662330001407,
    2.3277383839999857,
    2.2229464439999447,
    2.404596821000041
  ],
  "prusti-tests/tests/verify/pass/quick/fibonacci.rs": [
    1.9094301160000668,
    1.9758046019999256,
    1.9799779380000473,
    1.930571031999989,
    2.147193496,
    1.8872359959998448,
    2.014008917999945,
    1.9164895280000565,
    2.0179437709998638,
    1.902476353999873
  ],
  "prusti-tests/tests/verify/pass/pure-fn/len-lookup.rs": [
    0.8989507169999342,
    0.8788505400000304,
    0.9925490409998474,
    0.9329935999999179,
    0.9494486060000327,
    0.8657232739999472,
    0.89982347199998,
    0.9046364139999241,
    0.8587625129998742,
    0.9259323000001132
  ],
  "prusti-tests/tests/verify/pass/pure-fn/quantifiers.rs": [
    0.7785273110000617,
    0.898534760000075,
    0.8202161900001101,
    0.7662419660000523,
    0.8161146049999388,
    0.7723374199999853,
    0.7687163870000404,
    0.8252393860000211,
    0.7488692110000557,
    0.7548443650000536
  ],
  "prusti-tests/tests/verify/pass/pure-fn/recursive-pure-fn.rs": [
    0.6332982910000737,
    0.5712707440000031,
    0.6093122799998127,
    0.5820656399998825,
    0.6311116910001147,
    0.5804921429999013,
    0.5771419119998882,
    0.5819856559999153,
    0.6233396220000031,
    0.5802427399999033
  ],
  "prusti-tests/tests/verify/pass/pure-fn/ref-mut-arg.rs": [
    0.77725998599999,
    0.8422335610000573,
    0.7871658739998111,
    0.7685254079999595,
    0.8705491119999351,
    0.7821103310000126,
    0.7683186110000406,
    0.8237546029999976,
    0.7983087760001126,
    0.795294050999928
  ],
  "prusti-tests/tests/verify/pass/rosetta/Ackermann_function.rs": [
    0.9236300879999817,
    1.0308100379997995,
    0.8207810760000029,
    0.8964441470000111,
    0.8376603260001048,
    0.8157183299999815,
    0.868967302999863,
    0.8373590229998626,
    0.9269144159998177,
    0.8708910199998172
  ],
  "prusti-tests/tests/verify/pass/rosetta/Heapsort.rs": [
    9.515572380999856,
    9.014117120000265,
    9.18463450399986,
    9.289580691000083,
    9.339233071999843,
    9.089156343000013,
    9.386814001999937,
    9.146796193999762,
    9.219133308999972,
    9.445504071999949
  ]
}