{
  "prusti-tests/tests/verify/pass/rosetta/Knuth_shuffle.rs": [
    2.8772751639999115,
    2.5548901149998073,
    2.243937332999849,
    2.305458822999981,
    2.3248514750000595,
    2.3051380809999955,
    2.1976455100000294,
    2.2089910459999373,
    2.296877006999921,
    2.240008405000026
  ],
  "prusti-tests/tests/verify/pass/demos/account.rs": [
    2.10784863899994,
    2.121651836999945,
    2.0302609689999827,
    2.06091415700007,
    2.120058092999898,
    2.172059266000133,
    2.0301868679998734,
    2.0370293109999693,
    2.0940587100001267,
    2.1748110429998633
  ],
  "prusti-tests/tests/verify/pass/rosetta/Knights_tour.rs": [
    121.27429331899998,
    119.7105927619998,
    116.67787947300008,
    117.26830047299995,
    114.39740728099991,
    115.13391744599994,
    114.10521957900005,
    116.48001988800024,
    114.21534860699967,
    118.12747073299988
  ],
  "prusti-tests/tests/verify/pass/quick/fold-unfold.rs": [
    1.4442978140000378,
    1.3580649529999391,
    1.3329940220000935,
    1.4238712340002166,
    1.3901777419996506,
    1.3139440820000345,
    1.3485390610003378,
    1.3394041169999582,
    1.4091782780001267,
    1.4315802319997601
  ],
  "prusti-tests/tests/verify/pass/quick/moves.rs": [
    1.7586567790003755,
    1.6807756399998652,
    1.6157448929998282,
    1.6261339930001668,
    1.6890980749999471,
    2.0091465310001695,
    1.7453184880000663,
    1.6622594949999439,
    1.7202597989999049,
    1.6834196560002965
  ],
  "prusti-tests/tests/verify/pass/quick/mut-borrows.rs": [
    3.401268976999745,
    3.5268749649999336,
    3.3702260430000024,
    3.384418636999726,
    3.3747061880003457,
    3.347487253000054,
    3.17720192600018,
    3.224205207999603,
    3.2805218150001565,
    3.2785861890001797
  ],
  "prusti-tests/tests/verify/pass/quick/shared-borrows.rs": [
    2.0189407240000037,
    2.0981543550001334,
    2.1065096779998385,
    2.0523725600000944,
    2.074188624999806,
    2.086522683000112,
    2.1078783489997477,
    2.1240001109999866,
    2.1369147219998013,
    2.170303490999686
  ],
  "prusti-tests/tests/verify/pass/quick/trait-contracts-refinement.rs": [
    1.88876420600036,
    1.7689128170000004,
    1.7202001739997286,
    1.7124379169999884,
    1.7340264449999268,
    1.702471272999901,
    1.8593418440000278,
    1.820792087999962,
    1.8169624180000028,
    1.9024100569999973
  ],
  "prusti-tests/tests/verify/pass/quick/routes.rs": [
    5.746705623999787,
    5.798723044000326,
    5.802850358999876,
    5.6892040840002664,
    5.519810750000033,
    5.61558007099984,
    5.256735542000115,
    5.246794840000348,
    5.348903251999673,
    5.137064474999988
  ],
  "prusti-tests/tests/verify/pass/quick/fibonacci.rs": [
    7.165556813999956,
    7.034240892999605,
    6.832622128999901,
    7.055072092000046,
    6.796597093999935,
    6.725417078999726,
    6.718259047000174,
    6.755915232000007,
    7.1331056129997705,
    6.879304693999984
  ],
  "prusti-tests/tests/verify/pass/pure-fn/len-lookup.rs": [
    4.156763468999998,
    3.95696722699995,
    3.901976993000062,
    3.9263775950003037,
    3.834395079999922,
    3.8164766560003045,
    3.7460863309997876,
    3.842741868000303,
    3.814729338000234,
    3.920229644000301
  ],
  "prusti-tests/tests/verify/pass/pure-fn/quantifiers.rs": [
    2.329225906999909,
    2.2853722670001844,
    2.502674037000361,
    2.403268689000015,
    2.467618854000193,
    2.4237384130001374,
    2.4966188889998193,
    2.5856851290000122,
    2.514937450999696,
    2.535495546999755
  ],
  "prusti-tests/tests/verify/pass/pure-fn/recursive-pure-fn.rs": [
    2.158836014999906,
    2.0226335699999254,
    2.031203419999656,
    2.082808302999638,
    2.1255016519999117,
    2.1800032890000693,
    2.0314859489999435,
    2.2218781390001823,
    2.17931836400021,
    2.6130190569997467
  ],
  "prusti-tests/tests/verify/pass/pure-fn/ref-mut-arg.rs": [
    3.6163386200000787,
    3.266341210000064,
    3.270218352000029,
    3.3568481379998047,
    3.3014698530000715,
    3.388988045000133,
    3.364855153999997,
    3.2497949690000496,
    3.1678352029998678,
    3.2368925759997182
  ],
  "prusti-tests/tests/verify/pass/rosetta/Ackermann_function.rs": [
    2.1373040529997525,
    2.191878686000109,
    2.1008589939997364,
    2.030781642999955,
    1.947219390999635,
    2.007769807999921,
    2.099325831999977,
    2.209655868000027,
    2.1241790349999974,
    2.1532703160000892
  ],
  "prusti-tests/tests/verify/pass/rosetta/Heapsort.rs": [
    10.643352399999912,
    10.726830570999937,
    10.77028970099991,
    11.524887016999855,
    10.625788790000115,
    10.912781286000154,
    11.29588005000005,
    10.964950430000044,
    10.784940208999615,
    10.851568508000128
  ]
}