{
  "prusti-tests/tests/verify/pass/rosetta/Knuth_shuffle.rs": [
    2.74635403100001,
    2.3929002480000463,
    2.337697740000067,
    2.5146714790000715,
    2.396805019999988,
    2.2110618979999117,
    2.2828179580000096,
    2.2862870810000686,
    2.347437790000072,
    2.249786376999964
  ],
  "prusti-tests/tests/verify/pass/demos/account.rs": [
    2.0275532470000144,
    1.9673020599999518,
    1.9838917870000614,
    1.9768123489999425,
    1.8826980420000154,
    1.9489268700000366,
    1.974697337000066,
    2.0543135500000744,
    2.070433054000091,
    1.9646431720000237
  ],
  "prusti-tests/tests/verify/pass/rosetta/Knights_tour.rs": [
    122.99117739999997,
    117.50566609900011,
    120.33973658600007,
    118.6358792850001,
    116.903023114,
    119.59221896000008,
    118.81057405199999,
    116.88806938599987,
    119.95754305900005,
    119.34689800499973
  ],
  "prusti-tests/tests/verify/pass/quick/fold-unfold.rs": [
    1.2205524350001724,
    1.2256583690000298,
    1.258501582000008,
    1.237466945000051,
    1.3566622200000893,
    1.2844176499997957,
    1.2620375049996255,
    1.2871604680003657,
    1.2572413729999425,
    1.2418759739998677
  ],
  "prusti-tests/tests/verify/pass/quick/moves.rs": [
    1.6063820429999396,
    1.5292495420003434,
    1.5350250800001959,
    1.5705131109998547,
    1.5134365419999085,
    1.4942143190000934,
    1.5074297050000496,
    1.505657092999627,
    1.5409456229999705,
    1.5015991629998098
  ],
  "prusti-tests/tests/verify/pass/quick/mut-borrows.rs": [
    3.018120407999959,
    3.0067808349999723,
    3.0306086880000294,
    3.2236729410001317,
    3.269910842000172,
    3.0885053629999675,
    3.0395046449998517,
    3.0741603689998556,
    3.0415763579999293,
    3.049328007999975
  ],
  "prusti-tests/tests/verify/pass/quick/shared-borrows.rs": [
    1.8964845860000423,
    1.8726071050000428,
    1.9024684070000148,
    2.0013789790000374,
    1.9057299619998957,
    1.8884008760001052,
    1.8708850599996367,
    1.8727779729997565,
    1.9261821889999737,
    1.8945651760000146
  ],
  "prusti-tests/tests/verify/pass/quick/trait-contracts-refinement.rs": [
    1.730160602000069,
    1.7213938439999765,
    1.6200906819999545,
    1.7613169619999098,
    1.7528059870001016,
    1.6815578250002545,
    1.6656660210001064,
    1.7058869819998108,
    1.6454190960002961,
    1.7265097130002687
  ],
  "prusti-tests/tests/verify/pass/quick/routes.rs": [
    5.753605939999943,
    5.349661792999996,
    5.433417333000307,
    5.211957716000143,
    5.368205140999635,
    5.434925422000106,
    5.2850884310000765,
    5.369341624000299,
    5.252681876000224,
    5.233370695999838
  ],
  "prusti-tests/tests/verify/pass/quick/fibonacci.rs": [
    6.565104039999824,
    6.6214903770001,
    6.866162179999719,
    6.899120842999764,
    6.56394940600012,
    6.711929747999875,
    6.588554723000016,
    6.569759012999839,
    6.602004307000243,
    6.631682362999982
  ],
  "prusti-tests/tests/verify/pass/pure-fn/len-lookup.rs": [
    3.872138454999913,
    3.804276241000025,
    3.7978112409996356,
    3.8398438369999894,
    3.7307753109998885,
    3.7328461069996592,
    3.6851548540003023,
    3.723389410999971,
    3.893427820999932,
    3.9507961320000504
  ],
  "prusti-tests/tests/verify/pass/pure-fn/quantifiers.rs": [
    2.3047839330001807,
    2.3439838879999115,
    2.362068908999845,
    2.285524927000097,
    2.297663206999914,
    2.2663711039999725,
    2.362123525000243,
    2.4828945080002995,
    2.3595333079997545,
    2.2984864109998853
  ],
  "prusti-tests/tests/verify/pass/pure-fn/recursive-pure-fn.rs": [
    2.0008566810001867,
    1.9582680039998195,
    2.0165200830001595,
    1.97413560699988,
    2.068815020999864,
    2.07456375799984,
    2.0428207519998978,
    2.024896635999994,
    2.065199397000015,
    2.1375663670000904
  ],
  "prusti-tests/tests/verify/pass/pure-fn/ref-mut-arg.rs": [
    3.109217469000214,
    2.9647995240002274,
    3.1721745690001626,
    3.162854504999814,
    2.9932562030003282,
    3.0376932909998686,
    3.125597442000071,
    3.080795248999948,
    3.130227354999988,
    2.998670770999979
  ],
  "prusti-tests/tests/verify/pass/rosetta/Ackermann_function.rs": [
    2.040510381999866,
    2.024189576000026,
    1.9841357519999292,
    1.9506578359996638,
    1.9765375029996903,
    2.030435548999776,
    2.0397097959998973,
    1.9674056299995755,
    1.995990513000379,
    2.0366021710001405
  ],
  "prusti-tests/tests/verify/pass/rosetta/Heapsort.rs": [
    11.104430934999982,
    10.926856081000096,
    11.153542376999667,
    11.228001312000288,
    10.933688145999895,
    11.105558351000127,
    11.274990031000016,
    11.098498840000047,
    11.063877308999963,
    11.057311924999794
  ]
}