{
  "prusti-tests/tests/verify/pass/rosetta/Knuth_shuffle.rs": [
    1.9559362810000493,
    1.8218950400000722,
    1.6959821079999529,
    1.6826204110000162,
    1.7681003719999353,
    1.785146425999983,
    1.7454692190000287,
    1.6930968670000084,
    1.6774534449999692,
    1.6247559949999868
  ],
  "prusti-tests/tests/verify/pass/demos/account.rs": [
    0.7543229609999571,
    0.7349412289999009,
    0.7180918249999877,
    0.7018052309999803,
    0.7350258100000246,
    0.6794491580000113,
    0.6979574670000375,
    0.6849653120000312,
    0.6666728929999408,
    0.6672658950000141
  ]
}