{
  "prusti-tests/tests/verify/pass/rosetta/Knuth_shuffle.rs": [
    2.4043657500001245,
    1.988709190999998,
    1.9582396759999483,
    1.9544250080000438,
    1.9715750740001567,
    1.9355317980000564,
    1.9644544010000118,
    1.9285486769999807,
    1.9253166229998442,
    1.9040049210000234
  ],
  "prusti-tests/tests/verify/pass/demos/account.rs": [
    1.6814933709999877,
    1.6626400009999998,
    1.6811402119999457,
    1.6662079600000652,
    1.672106599000017,
    1.6398908399999073,
    1.6760390989998086,
    1.6847566080000433,
    1.666939086999946,
    1.6390524309999819
  ],
  "prusti-tests/tests/verify/pass/rosetta/Knights_tour.rs": [
    96.96512103999999,
    96.80237697100006,
    97.0238393090001,
    95.9083666009999,
    97.31833538399997,
    97.91956793700001,
    100.19995671800007,
    98.64584108500003,
    96.66591767099999,
    97.58979723400034
  ],
  "prusti-tests/tests/verify/pass/quick/fold-unfold.rs": [
    1.097736690000147,
    1.0953796339999826,
    1.0867870330002916,
    1.083614932999808,
    1.0966953500001182,
    1.0825843160000659,
    1.0802209610001228,
    1.0815190919997804,
    1.0955420220002452,
    1.0886048590000428
  ],
  "prusti-tests/tests/verify/pass/quick/moves.rs": [
    1.3263146730000699,
    1.3199935859997822,
    1.314603586999965,
    1.3127473969998391,
    1.3175525030001154,
    1.3118662689998928,
    1.329972085999998,
    1.3112459859999035,
    1.3197398850002173,
    1.317315227999643
  ],
  "prusti-tests/tests/verify/pass/quick/mut-borrows.rs": [
    2.614541684999949,
    2.605627011999786,
    2.6040296810001564,
    2.58403572799989,
    2.571528864999891,
    2.588431265000054,
    2.585920406000241,
    2.5733217920001152,
    2.5885316100002456,
    2.5792765930000314
  ],
  "prusti-tests/tests/verify/pass/quick/shared-borrows.rs": [
    1.651164561999849,
    1.6477516650002144,
    1.6508114099997329,
    1.6524520620000658,
    1.6562259500001346,
    1.6502959120002743,
    1.673324033999961,
    1.652346449000106,
    1.6583534900000814,
    1.6608013460004258
  ],
  "prusti-tests/tests/verify/pass/quick/trait-contracts-refinement.rs": [
    1.5716861289997723,
    1.4701503090000188,
    1.4567443010000716,
    1.4555412719996639,
    1.4496260370001437,
    1.4560285840002507,
    1.4517453309999837,
    1.4673931070001345,
    1.4498618920001718,
    1.4435041400001865
  ],
  "prusti-tests/tests/verify/pass/quick/routes.rs": [
    4.526939157000015,
    4.301318398000149,
    4.210867484999653,
    4.18738705900023,
    4.190378732999761,
    4.209175523999875,
    4.1532296069999575,
    4.130810745999952,
    4.159735226000066,
    4.136782912999934
  ],
  "prusti-tests/tests/verify/pass/quick/fibonacci.rs": [
    5.397563231000277,
    5.449629255000218,
    5.385665155999959,
    5.412319039000067,
    5.437057288000233,
    5.395328570999936,
    5.4534378710000055,
    5.4160933499997554,
    5.411884758000269,
    5.433617283999865
  ],
  "prusti-tests/tests/verify/pass/pure-fn/len-lookup.rs": [
    3.069137268999839,
    3.076048442999763,
    3.0741166979996706,
    3.088422279000042,
    3.0589748279999185,
    3.046031641999889,
    3.0503808250000475,
    3.051041092000105,
    3.0605313429996386,
    3.055891891000101
  ],
  "prusti-tests/tests/verify/pass/pure-fn/quantifiers.rs": [
    1.8973454350002612,
    1.8902914760001295,
    1.8573092500000712,
    1.8572278579999875,
    1.86129875000006,
    1.8565915429999222,
    1.8638070580000203,
    1.8570442010000079,
    1.8698260249998384,
    1.8649042000001828
  ],
  "prusti-tests/tests/verify/pass/pure-fn/recursive-pure-fn.rs": [
    1.6539451630001167,
    1.6354342759996143,
    1.6521211630001744,
    1.6568282729999737,
    1.6345787560003373,
    1.6260667139999896,
    1.6432992459999696,
    1.6451005839999198,
    1.619817786999647,
    1.6299986270000772
  ],
  "prusti-tests/tests/verify/pass/pure-fn/ref-mut-arg.rs": [
    2.4271319219997167,
    2.392361922999953,
    2.4421773819999544,
    2.4169222740001715,
    2.4266691590000846,
    2.420545723000032,
    2.415864710000278,
    2.41504896799961,
    2.427023147,
    2.4222808370000166
  ],
  "prusti-tests/tests/verify/pass/rosetta/Ackermann_function.rs": [
    1.5967173680000997,
    1.5962059809999118,
    1.5909014680000837,
    1.588578718000008,
    1.591588433999732,
    1.589023804000135,
    1.5817119220000677,
    1.5856884140002876,
    1.5937904030001846,
    1.5872284500001115
  ],
  "prusti-tests/tests/verify/pass/rosetta/Heapsort.rs": [
    10.614141121000102,
    10.588686677000169,
    10.571297756000149,
    10.548630846999913,
    10.61053480299961,
    10.607705432999865,
    10.632173221999892,
    10.613946279999709,
    10.656242422000105,
    10.559108423999987
  ]
}