{
  "prusti-tests/tests/verify/pass/rosetta/Knuth_shuffle.rs": [
    2.6881843170000366,
    2.277814520999982,
    2.173725459000025,
    2.1629632750000383,
    2.137266969999928,
    2.152929759000017,
    2.195926782000015,
    2.158879241999898,
    2.1357115660000545,
    2.1780329740000752
  ],
  "prusti-tests/tests/verify/pass/demos/account.rs": [
    1.943102189000001,
    2.048092735999944,
    2.05531522199999,
    1.915418055000032,
    1.9345358790000091,
    1.9290120140000226,
    1.8758637820000104,
    1.921587033000037,
    1.9618951280000374,
    1.9195949249999558
  ],
  "prusti-tests/tests/verify/pass/rosetta/Knights_tour.rs": [
    110.23004938000008,
    108.37102944499998,
    108.46073975099989,
    108.82657411800005,
    105.4688155230001,
    110.64100200600001,
    106.85393345500006,
    105.27306756200005,
    106.55088800899989,
    106.01294488299982
  ],
  "prusti-tests/tests/verify/pass/quick/fold-unfold.rs": [
    1.3070879920001062,
    1.2860305439999138,
    1.2918869139998606,
    1.2892401819999577,
    1.2813058879996788,
    1.3496412029999192,
    1.3181610190003994,
    1.3434473180000168,
    1.372839668999859,
    1.2763658179997037
  ],
  "prusti-tests/tests/verify/pass/quick/moves.rs": [
    1.5975039479999396,
    1.5663555769997402,
    1.6039439380001568,
    1.593033308000031,
    1.5888090570001623,
    1.5606922219999433,
    1.6226021610000316,
    1.6160699769998246,
    1.6042374359999485,
    1.6006877939998958
  ],
  "prusti-tests/tests/verify/pass/quick/mut-borrows.rs": [
    3.2443662000000586,
    3.129127626999889,
    3.0764722979997714,
    3.169156355999803,
    3.150109484999575,
    3.1483592640001916,
    3.1559318509998775,
    3.1755822769996485,
    3.169976176000091,
    3.303824518000056
  ],
  "prusti-tests/tests/verify/pass/quick/shared-borrows.rs": [
    2.0132273590002114,
    2.0378937550003684,
    2.0240005979999296,
    2.0941962340002647,
    2.0747066019998783,
    2.0465695469997627,
    2.033138660000077,
    2.053837005999867,
    2.0283862040000713,
    2.0226596469997276
  ],
  "prusti-tests/tests/verify/pass/quick/trait-contracts-refinement.rs": [
    1.8034730520002995,
    1.7645790899996427,
    1.7506584239999938,
    1.715690307999921,
    1.7175791989998288,
    1.6925373019998915,
    1.749238874999719,
    1.746589743000186,
    1.7440316249999341,
    1.7160394129996348
  ],
  "prusti-tests/tests/verify/pass/quick/routes.rs": [
    5.108502469000086,
    4.884027239999796,
    4.730085030999817,
    4.903359940999962,
    4.665266928999699,
    4.75475575199971,
    4.760612960999879,
    4.696859902000142,
    4.727859006000017,
    4.597521736999624
  ],
  "prusti-tests/tests/verify/pass/quick/fibonacci.rs": [
    6.17079471299985,
    5.916903932999958,
    5.955041505000281,
    5.978974198999822,
    6.101210279000043,
    5.938963300000069,
    6.093794694999815,
    5.963901406999867,
    5.941583627,
    5.873185635000027
  ],
  "prusti-tests/tests/verify/pass/pure-fn/len-lookup.rs": [
    3.4703172819999963,
    3.536234477999642,
    3.548893403999955,
    3.6195381789998464,
    3.6154800300000716,
    3.640153152000039,
    3.567672082000172,
    3.685656396000013,
    3.681190284999957,
    3.789031819000229
  ],
  "prusti-tests/tests/verify/pass/pure-fn/quantifiers.rs": [
    2.32284917700008,
    2.2147111740000582,
    2.2112140560002445,
    2.2441363580001052,
    2.2118564759998662,
    2.134624161999909,
    2.1496124089999284,
    2.1591743479998513,
    2.196356289999585,
    2.143487059999643
  ],
  "prusti-tests/tests/verify/pass/pure-fn/recursive-pure-fn.rs": [
    1.8896635060000335,
    1.895385873000123,
    1.9156249129996468,
    1.8800092910000785,
    1.844313584000247,
    1.934797462000006,
    1.9973685049999403,
    2.085512450999886,
    1.9385943520001092,
    1.9261880560002282
  ],
  "prusti-tests/tests/verify/pass/pure-fn/ref-mut-arg.rs": [
    2.770191258000068,
    2.8482591050001247,
    2.8466595099998813,
    2.8355812790000527,
    2.7887141799997153,
    2.777650214000005,
    2.794000306000271,
    2.7601653460001216,
    2.832967427999847,
    2.8604118520001975
  ],
  "prusti-tests/tests/verify/pass/rosetta/Ackermann_function.rs": [
    1.9501144330001807,
    1.9709783889998107,
    1.9834163359996637,
    1.9434297630000401,
    1.9533436719998463,
    1.9664104219996261,
    1.8868988819999686,
    1.9018216589997792,
    1.9869683650003935,
    2.009530932999951
  ],
  "prusti-tests/tests/verify/pass/rosetta/Heapsort.rs": [
    10.665564524000274,
    10.685391714999696,
    10.620036855000308,
    10.669075588999931,
    10.47148882800002,
    10.652164224999979,
    10.514015540999935,
    10.589855221000107,
    11.146281841000018,
    11.345326849999765
  ]
}