{
  "prusti-tests/tests/verify/pass/rosetta/Knuth_shuffle.rs": [
    3.437740608000013,
    0.44249676899994483,
    0.41314609799997015,
    0.4161992059999875,
    0.4128931980000061,
    0.41321779899999456,
    0.4068076830000109,
    0.4096057900000005,
    0.4172931079999671,
    0.4095813899999712
  ],
  "prusti-tests/tests/verify/pass/demos/account.rs": [
    2.637535330999981,
    0.14932118299998365,
    0.1476029789999984,
    0.1460944750000408,
    0.15962461000003714,
    0.16638952700009213,
    0.14943268299998635,
    0.1511994869999853,
    0.15089898700000504,
    0.14631377600005635
  ],
  "prusti-tests/tests/verify/pass/rosetta/Knights_tour.rs": [
    128.21467255000016,
    2.8382568260001335,
    2.8789711770000395,
    2.8887911619999613,
    2.781802351999886,
    2.7349245999998857,
    2.8731106770001134,
    3.0336628910001764,
    2.865929756000014,
    2.825882546999992
  ],
  "prusti-tests/tests/verify/pass/quick/fold-unfold.rs": [
    1.3108164109999052,
    0.09762636000004932,
    0.09579955999993217,
    0.10964966699998513,
    0.09950276199992913,
    0.11008546800007935,
    0.10151986300002136,
    0.10213156299982984,
    0.0996037620000152,
    0.10269936299982874
  ],
  "prusti-tests/tests/verify/pass/quick/moves.rs": [
    1.607909995,
    0.09496495799999138,
    0.10480966499994793,
    0.10351126399996247,
    0.09089395699993474,
    0.10433206399989103,
    0.09125225699995099,
    0.09638035500006481,
    0.09268255500001032,
    0.09110175599994363
  ],
  "prusti-tests/tests/verify/pass/quick/mut-borrows.rs": [
    3.3510553849998814,
    0.17275071599988223,
    0.17492101600009846,
    0.17181301699997675,
    0.1900206079999407,
    0.17389311700003418,
    0.17632891499988546,
    0.17366091700000652,
    0.17321801599996434,
    0.1747133159999521
  ],
  "prusti-tests/tests/verify/pass/quick/shared-borrows.rs": [
    2.030664221000052,
    0.10774924799989094,
    0.09969695200015849,
    0.09955925200006277,
    0.09834805300010885,
    0.10027215199988859,
    0.09881995199998528,
    0.09780505300000186,
    0.09666845399988233,
    0.0989228109999658
  ],
  "prusti-tests/tests/verify/pass/quick/trait-contracts-refinement.rs": [
    2.014564195000048,
    0.15101124200009508,
    0.15743424899983438,
    0.16535905499995351,
    0.16046695099998942,
    0.1622856530000263,
    0.14860454000017853,
    0.15223954299995057,
    0.15495944600002076,
    0.16331465400003253
  ],
  "prusti-tests/tests/verify/pass/quick/routes.rs": [
    6.345975698000075,
    0.38931850200015106,
    0.42163534399992386,
    0.3696658759999991,
    0.3901677030000883,
    0.4003855159999148,
    0.374504983000179,
    0.38938320200009,
    0.3633339680000063,
    0.37721028599980855
  ],
  "prusti-tests/tests/verify/pass/quick/fibonacci.rs": [
    0.403624119999904,
    0.4029405199999019,
    0.4184914390000358,
    0.4318432570000823,
    0.41814843899987864,
    0.400658415999942,
    0.43730522500004554,
    0.43863460700004,
    0.4303061929999785,
    0.4233072819999961
  ],
  "prusti-tests/tests/verify/pass/pure-fn/len-lookup.rs": [
    4.254460555999913,
    0.23938868499999444,
    0.2404888870000832,
    0.2416011889999936,
    0.26243802199996935,
    0.24337949200003095,
    0.24814880000008088,
    0.24751399899992066,
    0.23550437900007637,
    0.25028210400000717
  ],
  "prusti-tests/tests/verify/pass/pure-fn/quantifiers.rs": [
    2.555608399999983,
    0.2135131709999314,
    0.197311758999831,
    0.19276025400017716,
    0.1922858539999197,
    0.1928429550000601,
    0.19322605499996826,
    0.21112006899988955,
    0.20525816500003202,
    0.20509096399996452
  ],
  "prusti-tests/tests/verify/pass/pure-fn/recursive-pure-fn.rs": [
    2.155971528000009,
    0.15960722799991345,
    0.16378543200016793,
    0.16556403200002023,
    0.16788903499991648,
    0.16196982999986176,
    0.1604781290000119,
    0.16716463399984605,
    0.15263442200011923,
    0.1706426369999008
  ],
  "prusti-tests/tests/verify/pass/pure-fn/ref-mut-arg.rs": [
    3.2774090049999813,
    0.20593123699995886,
    0.21268034300010186,
    0.20763873900000362,
    0.21047994100013057,
    0.2093546400001287,
    0.2098122400000193,
    0.21098264099987318,
    0.20671623799989902,
    0.2010282339999776
  ],
  "prusti-tests/tests/verify/pass/rosetta/Ackermann_function.rs": [
    2.136581928999931,
    0.2545229710001422,
    0.23962036000011722,
    0.24038016100007553,
    0.24431655800003682,
    0.2497210230001201,
    0.2418967309999971,
    0.2382403350000004,
    0.23966643399990062,
    0.25373741799990057
  ],
  "prusti-tests/tests/verify/pass/rosetta/Heapsort.rs": [
    14.033065897999904,
    1.252813377999928,
    1.2262307360001614,
    1.2680432820000078,
    1.271121586000163,
    1.2479430600001251,
    1.2376989489998778,
    1.2689663899998322,
    1.262332398000126,
    1.2518125909998616
  ]
}