{
  "prusti-tests/tests/verify/pass/rosetta/Knuth_shuffle.rs": [
    1.7823212030000377,
    1.583530185000086,
    1.5247090630000457,
    1.509845458999962,
    1.5716583089999858,
    1.5041236800000206,
    1.5143846209999765,
    1.4309089700000186,
    1.4667120610000666,
    1.3986615250000796
  ],
  "prusti-tests/tests/verify/pass/demos/account.rs": [
    0.6860509299999649,
    0.6029556880000655,
    0.6040431030000946,
    0.6122279150000622,
    0.6340215149999722,
    0.6334855070000458,
    0.6747495770000569,
    0.6156746660000181,
    0.5927564510000138,
    0.6628191139999444
  ],
  "prusti-tests/tests/verify/pass/rosetta/Knights_tour.rs": [
    90.23412070799998,
    89.25531207400002,
    86.08269760000007,
    89.46317940299991,
    89.65598951900006,
    88.58198708000009,
    88.754996527,
    89.28082872000004,
    88.72391963000018,
    87.1891418780001
  ],
  "prusti-tests/tests/verify/pass/quick/fold-unfold.rs": [
    0.4677014300000337,
    0.4411606529999972,
    0.4074215750001713,
    0.4266231469998729,
    0.40344811900013156,
    0.4222034849999545,
    0.4497766760000559,
    0.40898799800015695,
    0.41657490500006134,
    0.41280765100009376
  ],
  "prusti-tests/tests/verify/pass/quick/moves.rs": [
    0.4454793149998295,
    0.49088875799998277,
    0.45575275999999576,
    0.44232937000015227,
    0.45452354200006084,
    0.41317495699991014,
    0.43989873499981513,
    0.41381287199988037,
    0.47853909700006625,
    0.4393350889999965
  ],
  "prusti-tests/tests/verify/pass/quick/mut-borrows.rs": [
    0.7513548290000926,
    0.6381779629998618,
    0.6726817100000062,
    0.7000144649998674,
    0.635594330999993,
    0.6335305039999639,
    0.6729025140000431,
    0.6148681619999934,
    0.6209796410000763,
    0.653949768000075
  ],
  "prusti-tests/tests/verify/pass/quick/shared-borrows.rs": [
    0.5287296269998478,
    0.5407624619999751,
    0.5322741469999528,
    0.4512913429998662,
    0.5133253880001121,
    0.45298816700005773,
    0.4880595440001798,
    0.4615513839999039,
    0.4620808909999141,
    0.5485588679998727
  ],
  "prusti-tests/tests/verify/pass/quick/trait-contracts-refinement.rs": [
    0.6798587550001685,
    0.6634837320000315,
    0.7002727330000198,
    0.6482700249998743,
    0.6471838200000093,
    0.7281287450000491,
    0.598729159999948,
    0.5947570050000195,
    0.6719674700000269,
    0.651385485999981
  ],
  "prusti-tests/tests/verify/pass/quick/routes.rs": [
    2.131848909999917,
    1.867591763000064,
    1.689400317000036,
    1.707858354000109,
    1.7028375849999975,
    1.5781060500000876,
    1.5958711969999513,
    1.6810042630002044,
    1.5272366970000348,
    1.523701247999952
  ],
  "prusti-tests/tests/verify/pass/quick/fibonacci.rs": [
    1.5247337630000857,
    1.6360557009998047,
    1.7323636319999878,
    1.490275888000042,
    1.4140933359999508,
    1.5461517610001465,
    1.4578496409999389,
    1.3831231669998942,
    1.486083249999865,
    1.5535581060000823
  ],
  "prusti-tests/tests/verify/pass/pure-fn/len-lookup.rs": [
    0.6953507499999887,
    0.7674896720000106,
    0.758544043999791,
    0.6882419490000302,
    0.7534097719999409,
    0.6981911899999886,
    0.6865593229999831,
    0.7603063820001807,
    0.7375914689998808,
    0.6938846660000308
  ],
  "prusti-tests/tests/verify/pass/pure-fn/quantifiers.rs": [
    0.6981787249999343,
    0.6321630150000601,
    0.6380023959998198,
    0.6694940300001235,
    0.618504626999993,
    0.6090549970001575,
    0.6282750619998296,
    0.7959556759999487,
    0.6859815409998191,
    0.6561153159998412
  ],
  "prusti-tests/tests/verify/pass/pure-fn/recursive-pure-fn.rs": [
    0.5135292919999301,
    0.5530262529998708,
    0.48517239000011614,
    0.4889796439999827,
    0.48327936300006513,
    0.48005431599995063,
    0.5350010969998493,
    0.5110319569998865,
    0.506868397000062,
    0.5075786079999034
  ],
  "prusti-tests/tests/verify/pass/pure-fn/ref-mut-arg.rs": [
    0.6539079850001599,
    0.7441096659999857,
    0.6510852380001779,
    0.6156225669999458,
    0.6819807219999348,
    0.641234435999877,
    0.6194648219998271,
    0.6440165760000127,
    0.6829504359998282,
    0.627122232000147
  ],
  "prusti-tests/tests/verify/pass/rosetta/Ackermann_function.rs": [
    0.6876078039999811,
    0.7752307660000497,
    0.6792554829999062,
    0.7474459659999866,
    0.720280424000066,
    0.8133360580000044,
    0.7575950790001116,
    0.7734226999998555,
    0.7587496950000059,
    0.8598534070001733
  ],
  "prusti-tests/tests/verify/pass/rosetta/Heapsort.rs": [
    5.416874563999954,
    5.409684017000018,
    5.164542373999893,
    5.240001091999829,
    5.122907145999989,
    4.873181720000048,
    5.1227616180001405,
    4.930705489000047,
    4.858447998999964,
    4.883835354000212
  ]
}