{
  "prusti-tests/tests/verify/pass/rosetta/Knuth_shuffle.rs": [
    2.276465432999885,
    1.8862910529999226,
    1.8695890470000904,
    1.8199496729998828,
    1.8271675570001662,
    1.8575320869999814,
    1.8451300110000375,
    1.822233610000012,
    1.80634883599987,
    1.825241793000032
  ],
  "prusti-tests/tests/verify/pass/demos/account.rs": [
    1.6830423139999766,
    1.6874700979999488,
    1.6876078979998965,
    1.6875890979999895,
    1.6654208459999609,
    1.6793134440001722,
    1.6717581389998486,
    1.7231984420000117,
    1.6603225750000092,
    1.664121754000007
  ],
  "prusti-tests/tests/verify/pass/rosetta/Knights_tour.rs": [
    100.605454797,
    99.64210312199998,
    99.69277133399987,
    101.78331006799999,
    102.16355811199992,
    100.94695305699997,
    103.22048927299988,
    101.36067419599999,
    108.19452789900015,
    102.76492887099994
  ],
  "prusti-tests/tests/verify/pass/quick/fold-unfold.rs": [
    1.111377575000006,
    1.1229873519996545,
    1.1076015819999157,
    1.1111537750002753,
    1.1093783780002013,
    1.1182799489997706,
    1.108767266999621,
    1.1046480740001243,
    1.1270635310002035,
    1.1123553600000378
  ],
  "prusti-tests/tests/verify/pass/quick/moves.rs": [
    1.3553990919999706,
    1.3427552200000719,
    1.360751614000037,
    1.3500590349999584,
    1.337483058000089,
    1.3432460479998554,
    1.3376714579999316,
    1.34956243500028,
    1.3336896659998274,
    1.341699750999851
  ],
  "prusti-tests/tests/verify/pass/quick/mut-borrows.rs": [
    2.62619130999974,
    2.6221957180000572,
    2.6314465010000276,
    2.620865820999825,
    2.6341349959998297,
    2.6249651140001333,
    2.6207192219999342,
    2.623326917000213,
    2.664369039000121,
    2.629217205999794
  ],
  "prusti-tests/tests/verify/pass/quick/shared-borrows.rs": [
    1.658021550000285,
    1.6594608479999806,
    1.6542954579999787,
    1.66073694600027,
    1.6532177589997445,
    1.6563293540002633,
    1.6572067520000928,
    1.6566759530001036,
    1.6579694500001096,
    1.6718755239999155
  ],
  "prusti-tests/tests/verify/pass/quick/trait-contracts-refinement.rs": [
    1.484338679999837,
    1.465928716000235,
    1.481180086999757,
    1.4386474670000098,
    1.446453351999935,
    1.4323327789998075,
    1.4469527510000262,
    1.440220464000049,
    1.4547966370000722,
    1.4397489660000247
  ],
  "prusti-tests/tests/verify/pass/quick/routes.rs": [
    4.333583668999836,
    4.115276983000058,
    3.962185773999863,
    3.964011271000345,
    3.964856968999811,
    3.9271155410001484,
    3.95838588100014,
    3.937560921000113,
    3.918289558000197,
    3.898916194999856
  ],
  "prusti-tests/tests/verify/pass/quick/fibonacci.rs": [
    5.262535305000256,
    5.255636918000164,
    5.231885863000116,
    5.257109014999969,
    5.271575986999778,
    5.224196676999782,
    5.25806391199967,
    5.225464873999954,
    5.247425131999989,
    5.22850366800003
  ],
  "prusti-tests/tests/verify/pass/pure-fn/len-lookup.rs": [
    2.9603691769998477,
    2.9800698400003967,
    2.9874658260000615,
    2.9646568690000095,
    2.9847046309996585,
    2.991512817000057,
    2.9905173189999914,
    3.1291483559998596,
    2.9950839089997316,
    2.9732716520002214
  ],
  "prusti-tests/tests/verify/pass/pure-fn/quantifiers.rs": [
    1.817197047999798,
    1.8218120389997239,
    1.8288843260002068,
    1.8022817769997346,
    1.7959788879998086,
    1.8088267640000595,
    1.8153748519998771,
    1.801411379000001,
    1.8095034639995902,
    1.8101088630000959
  ],
  "prusti-tests/tests/verify/pass/pure-fn/recursive-pure-fn.rs": [
    1.6182203270000173,
    1.6210593219998373,
    1.6381611890001295,
    1.6355105940001522,
    1.6177372279998963,
    1.6122908380002627,
    1.6095304430000397,
    1.611295340000197,
    1.6090209439998944,
    1.6073617540000669
  ],
  "prusti-tests/tests/verify/pass/pure-fn/ref-mut-arg.rs": [
    2.3972971670000334,
    2.377961703999972,
    2.362270833999901,
    2.359254331000102,
    2.375558799999908,
    2.3672792160000427,
    2.3712165070000992,
    2.3785684920003405,
    2.4134384260000843,
    2.3644766190000155
  ],
  "prusti-tests/tests/verify/pass/rosetta/Ackermann_function.rs": [
    1.6479578769999534,
    1.63241510700027,
    1.6358388000003288,
    1.6387601940000422,
    1.6364349989999027,
    1.6443702860001395,
    1.6456067840003925,
    1.6385939969995889,
    1.6501012740000078,
    1.6441172089998872
  ],
  "prusti-tests/tests/verify/pass/rosetta/Heapsort.rs": [
    9.99405168300018,
    9.94173328900024,
    9.866885977000038,
    9.847546239999701,
    9.836755919000097,
    9.853579351000008,
    9.832539357999849,
    9.838682935000179,
    9.872021968999888,
    9.866535252000176
  ]
}