{
  "prusti-tests/tests/verify/pass/rosetta/Knuth_shuffle.rs": [
    3.0098163870000008,
    0.3904666549999547,
    0.39112160300010146,
    0.40977388600003906,
    0.3925006050000093,
    0.39119750899999417,
    0.39619997900001636,
    0.3876683469999307,
    0.37635251100005007,
    0.37883742599990455
  ],
  "prusti-tests/tests/verify/pass/demos/account.rs": [
    2.589762569999948,
    0.16100005299995246,
    0.15847976600002767,
    0.1525200239999549,
    0.15436385999998947,
    0.16173140699993382,
    0.1500472399999353,
    0.14895895899996958,
    0.1458182259999603,
    0.14899796200006676
  ],
  "prusti-tests/tests/verify/pass/rosetta/Knights_tour.rs": [
    120.31959872499999,
    2.5627700080000295,
    2.5855972540000494,
    2.588598552999997,
    2.9628807059999644,
    2.797573011000054,
    2.605605065999953,
    2.820047663000082,
    2.725812069000085,
    2.691375497999843
  ],
  "prusti-tests/tests/verify/pass/quick/fold-unfold.rs": [
    1.494305931999861,
    0.11590926600001694,
    0.11385771400000522,
    0.11255211799993958,
    0.11631299599980593,
    0.1137247040001057,
    0.11317306399996596,
    0.11709765399996286,
    0.11522211500005142,
    0.1206401150000147
  ],
  "prusti-tests/tests/verify/pass/quick/moves.rs": [
    1.7267002430000957,
    0.11277603800022007,
    0.1086664340000425,
    0.10648737299993627,
    0.11239170900012141,
    0.1094379910000498,
    0.11331067800006167,
    0.1135228929999812,
    0.11734787599993979,
    0.11407873500002097
  ],
  "prusti-tests/tests/verify/pass/quick/mut-borrows.rs": [
    3.4689461739999388,
    0.18007111300016732,
    0.1964941280000403,
    0.18342796199999611,
    0.1862907740000992,
    0.17905893900001502,
    0.1803110309999738,
    0.18192355100018176,
    0.1837720870000794,
    0.18452334300013717
  ],
  "prusti-tests/tests/verify/pass/quick/shared-borrows.rs": [
    2.196350161000055,
    0.10932400299998335,
    0.10565233100010119,
    0.11020026899996083,
    0.11213861200008068,
    0.10861705100001018,
    0.10712424100006501,
    0.11119494200011104,
    0.10935000499989656,
    0.10858004800002163
  ],
  "prusti-tests/tests/verify/pass/quick/trait-contracts-refinement.rs": [
    1.8057036490001792,
    0.15362218699988262,
    0.15275782299977436,
    0.15116910599999756,
    0.15400581599988072,
    0.16061640599991733,
    0.16197300699991501,
    0.15862185800006046,
    0.16109164099998452,
    0.1556973410001774
  ],
  "prusti-tests/tests/verify/pass/quick/routes.rs": [
    6.259978869999941,
    0.4020281429998249,
    0.3998608829999739,
    0.419968770999958,
    0.3955090609999843,
    0.3921886150001228,
    0.39048838999997315,
    0.3952899440000692,
    0.3909513240000706,
    0.39183848900006524
  ],
  "prusti-tests/tests/verify/pass/quick/fibonacci.rs": [
    0.4057558190002055,
    0.407941418000064,
    0.4146249310001622,
    0.4314786790000653,
    0.4320165189999443,
    0.43036849700001767,
    0.4095197520000511,
    0.4190270569999939,
    0.4181109890000698,
    0.4083874680000008
  ],
  "prusti-tests/tests/verify/pass/pure-fn/len-lookup.rs": [
    4.191283844999816,
    0.24074443399990741,
    0.2425004380002065,
    0.24176638400012962,
    0.23987844399994174,
    0.23813331499991364,
    0.2396920300000147,
    0.24512363200005893,
    0.2419632979999733,
    0.24061099800019292
  ],
  "prusti-tests/tests/verify/pass/pure-fn/quantifiers.rs": [
    2.6420877399998517,
    0.21217079500002,
    0.2115585500000634,
    0.22041320399989672,
    0.22163109400003123,
    0.2216543960000763,
    0.21666022700014764,
    0.21728207299997848,
    0.22593191300006765,
    0.2236928469999384
  ],
  "prusti-tests/tests/verify/pass/pure-fn/recursive-pure-fn.rs": [
    2.2916763949999677,
    0.1681462520000423,
    0.1704839260000881,
    0.17472473899988472,
    0.16987158000006275,
    0.16481860499993672,
    0.17225695699994503,
    0.1707810469999913,
    0.17335633799984862,
    0.16785402999994403
  ],
  "prusti-tests/tests/verify/pass/pure-fn/ref-mut-arg.rs": [
    3.4025609809998514,
    0.21026017100007266,
    0.21402374899980714,
    0.22056373400005214,
    0.2128560630001175,
    0.21622221200004788,
    0.210471686000119,
    0.20934200300007433,
    0.21122784299996056,
    0.21426246800001536
  ],
  "prusti-tests/tests/verify/pass/rosetta/Ackermann_function.rs": [
    2.2838216099999045,
    0.2672924180001246,
    0.24582352599986734,
    0.24592273300004308,
    0.24345005000009223,
    0.24052373299991814,
    0.24737394199996743,
    0.24445552499992118,
    0.25711846399985916,
    0.25946803799979534
  ],
  "prusti-tests/tests/verify/pass/rosetta/Heapsort.rs": [
    12.076116801000126,
    1.1224996270000247,
    1.0946794640001372,
    1.1173539460000939,
    1.1466835200001242,
    1.1398212110000259,
    1.1035508219999883,
    1.0960914639999828,
    1.143128612999817,
    1.105203402999905
  ]
}