{
  "prusti-tests/tests/verify/pass/rosetta/Knuth_shuffle.rs": [
    2.715358570000035,
    2.376268292000077,
    2.2683539949998703,
    2.1651007240000126,
    2.2243080769999324,
    2.3416345450000335,
    2.3246607440000844,
    2.2829026059998796,
    2.2882312049998745,
    2.2117163469999923
  ],
  "prusti-tests/tests/verify/pass/demos/account.rs": [
    2.124702090000028,
    2.2246155099999214,
    2.1624755810000806,
    2.154136532999928,
    2.280673325999942,
    2.1711706880000747,
    2.214336325999966,
    2.0984426400000302,
    1.9819544219999443,
    1.9803489309999804
  ],
  "prusti-tests/tests/verify/pass/rosetta/Knights_tour.rs": [
    121.72313488600003,
    117.66067487300006,
    124.31471080000006,
    117.34459736900021,
    114.36026034500037,
    114.35088730899997,
    114.15273643,
    111.91735374400014,
    114.15881839200028,
    121.33117928799993
  ],
  "prusti-tests/tests/verify/pass/quick/fold-unfold.rs": [
    1.4324228170003153,
    1.42872651100015,
    1.4162882239997998,
    1.3857839380002588,
    1.3753390599999875,
    1.3825730980001936,
    1.3699256929999137,
    1.368643321000036,
    1.3787964900002407,
    1.3968505040002128
  ],
  "prusti-tests/tests/verify/pass/quick/moves.rs": [
    1.7736347689997274,
    1.7143385509998552,
    1.6999907740000708,
    1.6843599289995836,
    1.7308861880001132,
    1.7364297589997477,
    1.7102367340003184,
    1.717126731999997,
    1.786149610999928,
    1.7450221190001685
  ],
  "prusti-tests/tests/verify/pass/quick/mut-borrows.rs": [
    3.3919337540000924,
    3.392249171000003,
    3.5085330899996734,
    3.489174137000191,
    3.4392865780000648,
    3.4401171290001002,
    3.4412508099999286,
    3.3376396349999595,
    3.4249137239999072,
    3.3376949870003045
  ],
  "prusti-tests/tests/verify/pass/quick/shared-borrows.rs": [
    2.129908828000225,
    2.1094290850001016,
    2.123091155000111,
    2.1405511080001816,
    2.1025214460000825,
    2.1205310750001445,
    2.1372754569997596,
    2.138996906000102,
    2.137499934999596,
    2.08605563600031
  ],
  "prusti-tests/tests/verify/pass/quick/trait-contracts-refinement.rs": [
    1.8672169380001833,
    1.8604334569999992,
    1.9024833560001753,
    1.9367783489997237,
    1.8272041049999643,
    1.881898763999743,
    1.8867765180002607,
    1.841023137999855,
    1.8027799389997199,
    1.8379729829998723
  ],
  "prusti-tests/tests/verify/pass/quick/routes.rs": [
    5.497454291999929,
    5.169297707999704,
    5.015248012000029,
    5.02315125999985,
    5.048772734000067,
    5.159156628999881,
    5.042962390999946,
    5.414024550999784,
    5.177326384000025,
    5.432603090999692
  ],
  "prusti-tests/tests/verify/pass/quick/fibonacci.rs": [
    6.833441643000242,
    6.946530576999976,
    6.520471484000154,
    6.64990319799972,
    6.348905020000075,
    6.445703855999909,
    6.33947401200021,
    6.444624017000024,
    6.41839373799985,
    6.482790500000192
  ],
  "prusti-tests/tests/verify/pass/pure-fn/len-lookup.rs": [
    3.7579974209998,
    3.861382652999964,
    3.71259617800024,
    3.732100717999856,
    3.803070086000389,
    3.7844365450000623,
    3.7406354950003333,
    3.714334029999918,
    3.723634345999926,
    3.7148973759999535
  ],
  "prusti-tests/tests/verify/pass/pure-fn/quantifiers.rs": [
    2.321477002999927,
    2.3033172609998473,
    2.349928419000207,
    2.3149783769999885,
    2.37802975600016,
    2.4495362749999003,
    2.425915736999741,
    2.3230002109999077,
    2.369066281999949,
    2.4157975899997837
  ],
  "prusti-tests/tests/verify/pass/pure-fn/recursive-pure-fn.rs": [
    2.136257912000019,
    2.105986023999776,
    2.0539302080001107,
    2.151720379999915,
    2.0997824140004013,
    2.108574177999799,
    2.0763596940000753,
    2.1342413689999375,
    2.091954977000114,
    2.1395713419997264
  ],
  "prusti-tests/tests/verify/pass/pure-fn/ref-mut-arg.rs": [
    3.126277745999687,
    2.9918103209997753,
    3.0760516830000597,
    3.0583030439997856,
    2.987062815999707,
    3.0895645139999033,
    3.0956674459998794,
    3.0408600679998017,
    3.0697629480000614,
    3.0562560879998273
  ],
  "prusti-tests/tests/verify/pass/rosetta/Ackermann_function.rs": [
    2.1425032299998747,
    2.1808836909999627,
    2.111140263999914,
    2.0986519599996427,
    2.109622475999913,
    2.1441380199999003,
    2.1060905770000318,
    2.1104527299999063,
    2.1025715939999827,
    2.1805927870000232
  ],
  "prusti-tests/tests/verify/pass/rosetta/Heapsort.rs": [
    12.55376069399972,
    12.106807955000022,
    12.05018920700013,
    12.660387106999679,
    12.377945126000213,
    12.432570402000238,
    12.254996656999992,
    12.519869224999638,
    12.627163251000184,
    12.492758802000026
  ]
}