{
  "prusti-tests/tests/verify/pass/rosetta/Knuth_shuffle.rs": [
    2.2411612399999967,
    1.7693875830000252,
    1.8289833219999991,
    1.759344710999926,
    1.8084913259999666,
    1.8169996870000205,
    1.8796919760000037,
    1.7133449759999166,
    1.7340484830000378,
    1.7579538400000274
  ],
  "prusti-tests/tests/verify/pass/demos/account.rs": [
    0.8957042700000102,
    0.895487452999987,
    0.9144081680000227,
    0.865632972999947,
    0.8641166549999753,
    0.9339076950000162,
    0.8718041550000635,
    0.8958280260000038,
    0.8372194580000496,
    0.8100379400000293
  ],
  "prusti-tests/tests/verify/pass/rosetta/Knights_tour.rs": [
    111.08966271600002,
    118.19131871100012,
    103.04945177800005,
    106.64811721699994,
    102.70411318200013,
    102.18183027000009,
    102.77416093700003,
    100.65329762200008,
    97.4567241530001,
    99.978049328
  ],
  "prusti-tests/tests/verify/pass/quick/fold-unfold.rs": [
    0.5739625559999695,
    0.579997725000112,
    0.5819552769999063,
    0.6283013750000919,
    0.5565376039999137,
    0.5448309939999945,
    0.5745111989999714,
    0.5739661559998694,
    0.5396290910000516,
    0.5479913799999849
  ],
  "prusti-tests/tests/verify/pass/quick/moves.rs": [
    0.5485998080000627,
    0.5533930829999463,
    0.5492374579998796,
    0.6420719190000455,
    0.5939664569998513,
    0.5823067449998689,
    0.5781112170000142,
    0.5755815190000249,
    0.5852782770000431,
    0.5423373189998983
  ],
  "prusti-tests/tests/verify/pass/quick/mut-borrows.rs": [
    0.9095162369999343,
    0.903233845999921,
    0.9800012539999443,
    0.8290034320000359,
    0.8136736399999336,
    0.837495792000027,
    0.8396723609998844,
    0.9211062900001252,
    0.8353640259999793,
    0.8182548960000986
  ],
  "prusti-tests/tests/verify/pass/quick/shared-borrows.rs": [
    0.5815296969999508,
    0.6313575700000911,
    0.6066285140000218,
    0.590411622999909,
    0.6612154179999834,
    0.5839586219999546,
    0.576444937999895,
    0.5946911549999641,
    0.585981479000111,
    0.5867692399999669
  ],
  "prusti-tests/tests/verify/pass/quick/trait-contracts-refinement.rs": [
    0.9082994949999375,
    0.8648491229998854,
    0.8317760550000912,
    0.7990432150002107,
    0.7911431010002161,
    0.7771662159998414,
    0.7697186380000858,
    0.87611169600018,
    0.8006628390000969,
    0.8303534439999112
  ],
  "prusti-tests/tests/verify/pass/quick/routes.rs": [
    2.699025871999993,
    2.433856973000047,
    2.2020951810000042,
    2.3895845310000823,
    2.3052851109998755,
    2.199396930000148,
    2.3101156540001284,
    2.1367663510000057,
    2.343487605000064,
    2.0799095009999746
  ],
  "prusti-tests/tests/verify/pass/quick/fibonacci.rs": [
    2.1909697290000167,
    2.296879264000154,
    2.3485344259997873,
    2.311033211999984,
    2.328587376000087,
    2.4106471340001008,
    2.275957258000062,
    2.3776996639999197,
    2.400976754999874,
    2.260149171999956
  ],
  "prusti-tests/tests/verify/pass/pure-fn/len-lookup.rs": [
    1.0196007049999025,
    1.1280668310000692,
    0.9653826930000378,
    1.0276157270000112,
    1.1026575289999982,
    1.0379518900001585,
    0.9959946169999512,
    1.0116441380000651,
    1.1145195649999096,
    1.0408322149999094
  ],
  "prusti-tests/tests/verify/pass/pure-fn/quantifiers.rs": [
    0.8752354939999805,
    1.0075038140000743,
    0.9044103109999924,
    0.8907469260000198,
    0.8845246429998497,
    0.8691813499999625,
    0.9529743630000667,
    0.858726236999928,
    0.8639681449999443,
    0.8773242830000072
  ],
  "prusti-tests/tests/verify/pass/pure-fn/recursive-pure-fn.rs": [
    0.7606093120000423,
    0.6870452949999617,
    0.6916865620000863,
    0.7053471260001061,
    0.6907678930001566,
    0.7553934170000502,
    0.6804108889998588,
    0.6762515650000296,
    0.6840729729999566,
    0.6987020099998063
  ],
  "prusti-tests/tests/verify/pass/pure-fn/ref-mut-arg.rs": [
    0.85646057200006,
    0.9223553940000784,
    0.8583603199999743,
    0.8532210020000548,
    0.8493886039998415,
    0.9400105459999395,
    0.8533690130000195,
    0.8587779350000346,
    0.8815975080001408,
    0.9463309380000737
  ],
  "prusti-tests/tests/verify/pass/rosetta/Ackermann_function.rs": [
    1.0047249750000447,
    0.9596059760001481,
    0.889918686999863,
    0.8965362010001172,
    1.0074577249999948,
    1.0517884719999984,
    0.9861800700000458,
    0.9430900209999891,
    1.037302044999933,
    0.9664063330001227
  ],
  "prusti-tests/tests/verify/pass/rosetta/Heapsort.rs": [
    5.682338789000141,
    4.935777689000133,
    4.9487029960000655,
    5.338267582000071,
    5.213795089000087,
    5.363421980000112,
    5.1373033199997735,
    5.082894637000209,
    5.204043790000014,
    5.613066920000165
  ]
}