{
  "prusti-tests/tests/verify/pass/rosetta/Knuth_shuffle.rs": [
    1.652229616999989,
    1.5509228250000433,
    1.4303241640000124,
    1.4952905669999836,
    1.4555774430000383,
    1.394675709000012,
    1.4169099509999796,
    1.3390801140000121,
    1.4214339799999607,
    1.3313111590000517
  ],
  "prusti-tests/tests/verify/pass/demos/account.rs": [
    0.7654977290000033,
    0.7610321930000055,
    0.7728687880000962,
    0.7208307710000099,
    0.744126958000038,
    0.7207951649999131,
    0.730951412999957,
    0.7274326839999503,
    0.71995782099998,
    0.7318226209999921
  ],
  "prusti-tests/tests/verify/pass/rosetta/Knights_tour.rs": [
    83.42619260000004,
    84.87269334300004,
    83.44211846799999,
    79.62045557500005,
    81.57549441399988,
    80.738091833,
    90.51622965000001,
    86.67539147000002,
    84.316151408,
    91.09231802900013
  ],
  "prusti-tests/tests/verify/pass/quick/fold-unfold.rs": [
    0.47382679600013944,
    0.4816115460000674,
    0.4781936249999035,
    0.47745521899992127,
    0.5124206410000625,
    0.4816659470000104,
    0.48128504399983285,
    0.4999409619999824,
    0.49109730600002877,
    0.5044985910001287
  ],
  "prusti-tests/tests/verify/pass/quick/moves.rs": [
    0.5351703850001286,
    0.5358716890000323,
    0.5365165929999876,
    0.5999633950000316,
    0.5498208760000125,
    0.560839574000056,
    0.5504345940000803,
    0.545982542000047,
    0.5775916770001004,
    0.5402381999999761
  ],
  "prusti-tests/tests/verify/pass/quick/mut-borrows.rs": [
    0.8391485129998273,
    0.8716786540001067,
    0.7935020750001058,
    0.7612461359999543,
    0.8204832739997983,
    0.778212061999966,
    0.814735531999986,
    0.7909931560000132,
    0.7753724399999555,
    0.8170696490001319
  ],
  "prusti-tests/tests/verify/pass/quick/shared-borrows.rs": [
    0.5661820919999627,
    0.5351127609999367,
    0.5755394610000621,
    0.5681790060000367,
    0.5759702640000341,
    0.5126047950000157,
    0.5798576930001218,
    0.5297789219998776,
    0.531199640000068,
    0.5818694340000548
  ],
  "prusti-tests/tests/verify/pass/quick/trait-contracts-refinement.rs": [
    0.9226535730001615,
    0.7717462489999889,
    0.8346079180000743,
    0.7748149720000583,
    0.7654484019999472,
    0.8138183629998821,
    0.7692095299998982,
    0.7575459439999577,
    0.8070339129999411,
    0.8040166279999994
  ],
  "prusti-tests/tests/verify/pass/quick/routes.rs": [
    2.495696932000101,
    2.118247490000158,
    2.19877338099991,
    2.4202075430000605,
    2.0491485840000223,
    1.9232100299998365,
    2.1091750870000396,
    2.029200504000073,
    1.9328692440001305,
    1.9654504100001304
  ],
  "prusti-tests/tests/verify/pass/quick/fibonacci.rs": [
    2.1463550920000216,
    2.1509231159998308,
    2.033032098999911,
    1.9689836200000173,
    2.014621437999949,
    1.8458261709999988,
    1.8337501500000144,
    2.0356117249998533,
    2.0032897920000323,
    2.020169593999981
  ],
  "prusti-tests/tests/verify/pass/pure-fn/len-lookup.rs": [
    0.969524599000124,
    0.9693465609998384,
    0.9804555509999773,
    0.9388469139998961,
    0.9942931640000552,
    0.9565317569999934,
    1.0237376420000146,
    0.9701478310000766,
    1.011973510999951,
    1.0101318659999379
  ],
  "prusti-tests/tests/verify/pass/pure-fn/quantifiers.rs": [
    0.853730164000126,
    0.8529847580000478,
    0.9174065529998643,
    0.8327878029999738,
    0.8782485280000856,
    0.8364756539999689,
    0.884071583999912,
    0.8474092530000235,
    0.8324867179999274,
    0.8851096939999934
  ],
  "prusti-tests/tests/verify/pass/pure-fn/recursive-pure-fn.rs": [
    0.6662244780000037,
    0.7277375959999972,
    0.6737147740000182,
    0.6791141160001644,
    0.7129726809998829,
    0.6838204740001856,
    0.6757759209999676,
    0.6784066309999162,
    0.7284034250001241,
    0.6842249540000012
  ],
  "prusti-tests/tests/verify/pass/pure-fn/ref-mut-arg.rs": [
    0.8676883660000385,
    0.8207554840000739,
    0.8070344650000152,
    0.8493229779999183,
    0.8041462270000466,
    0.8476954140000998,
    0.8104440340000565,
    0.7984145310001622,
    0.8406809929999781,
    0.8169963899999857
  ],
  "prusti-tests/tests/verify/pass/rosetta/Ackermann_function.rs": [
    0.854647813000156,
    0.8584437449999314,
    0.8289808930001072,
    0.852929998000036,
    0.910086586000034,
    0.8060497530000248,
    0.7938939279999886,
    0.8449746999999661,
    0.8601844400000118,
    0.8130369059999794
  ],
  "prusti-tests/tests/verify/pass/rosetta/Heapsort.rs": [
    4.970532698999932,
    4.509498028999815,
    4.7103358030001345,
    4.651126490000024,
    4.3271955579998576,
    4.707237389000056,
    4.791228118999925,
    4.232918076000033,
    4.960535930999868,
    4.707271611000124
  ]
}