{
  "prusti-tests/tests/verify/pass/rosetta/Knuth_shuffle.rs": [
    2.9592293240000345,
    2.521726044999923,
    2.4223910080002042,
    2.3999620229999437,
    2.4565358770000785,
    2.3850032779998855,
    2.3786178509999445,
    2.3842516150000392,
    2.4124868100000185,
    2.4890131469999233
  ],
  "prusti-tests/tests/verify/pass/demos/account.rs": [
    2.217928235000045,
    2.1923098380000283,
    2.129349682000111,
    2.2161703379999835,
    2.199015690999886,
    2.2654253889998017,
    2.1750562629999877,
    2.1757096329999968,
    2.185635272999889,
    2.193097891999969
  ],
  "prusti-tests/tests/verify/pass/rosetta/Knights_tour.rs": [
    136.7192820580001,
    140.840113233,
    136.2148741850001,
    139.5274917089996,
    135.29957384399995,
    138.0216256230001,
    138.2740811120002,
    139.20492058300033,
    134.74484739499985,
    140.28286211500017
  ],
  "prusti-tests/tests/verify/pass/quick/fold-unfold.rs": [
    1.6159427309999046,
    1.5662735320001957,
    1.488370778999979,
    1.4237988450004195,
    1.4203604379999888,
    1.4191571360001944,
    1.4142223959997864,
    1.4021468219998496,
    1.4401780279999912,
    1.3878114809999715
  ],
  "prusti-tests/tests/verify/pass/quick/moves.rs": [
    1.6891262249996544,
    1.7129987909997908,
    1.7196989899998698,
    1.7397522159999426,
    1.787659160000203,
    1.7250359970003046,
    1.7342422199999419,
    1.721115916999679,
    1.7067978320001203,
    1.7085204670001986
  ],
  "prusti-tests/tests/verify/pass/quick/mut-borrows.rs": [
    3.505979471000046,
    3.373175143000026,
    3.375650075000067,
    3.467770701000063,
    3.43651429800002,
    3.534382705000098,
    3.421133215000282,
    3.3625107069997284,
    3.3813745649999873,
    3.4846366769997985
  ],
  "prusti-tests/tests/verify/pass/quick/shared-borrows.rs": [
    2.2122092479999083,
    2.1954637250000815,
    2.1237072020003325,
    2.166359405000094,
    2.173283991000062,
    2.1077355460001854,
    2.155177722999724,
    2.134636849999879,
    2.146012468000208,
    2.156431171999884
  ],
  "prusti-tests/tests/verify/pass/quick/trait-contracts-refinement.rs": [
    2.0068016370000805,
    2.0245524990000376,
    1.9373948829997971,
    1.8786764129999938,
    1.970656892000079,
    1.9455536380000922,
    1.9318659980003758,
    1.922527904999697,
    1.8999407840001368,
    1.962507891000314
  ],
  "prusti-tests/tests/verify/pass/quick/routes.rs": [
    5.879373234000013,
    5.60539473200015,
    5.4870381189998625,
    5.354495165999651,
    5.3451686759999575,
    5.383962079999947,
    5.360324134999701,
    5.310660854000162,
    5.350060738999673,
    5.31939715999988
  ],
  "prusti-tests/tests/verify/pass/quick/fibonacci.rs": [
    7.10206506600025,
    7.170508577999954,
    7.161865473000034,
    7.225280524000027,
    7.1362325670002065,
    7.12260369500018,
    7.31944462499996,
    7.101129187999959,
    7.135654597999746,
    7.270695780000096
  ],
  "prusti-tests/tests/verify/pass/pure-fn/len-lookup.rs": [
    3.966389826000068,
    3.94516295800031,
    4.154297995999968,
    4.049651418999929,
    4.006264344000101,
    4.005049652999787,
    3.949023892000241,
    3.970897609000076,
    3.9808774100001756,
    4.044566940000095
  ],
  "prusti-tests/tests/verify/pass/pure-fn/quantifiers.rs": [
    2.416497147999962,
    2.442988287999924,
    2.4259065730002476,
    2.4134795760000998,
    2.4700798349999786,
    2.441330143000414,
    2.490876450000087,
    2.4523959100001775,
    2.48325568700011,
    2.454996144999768
  ],
  "prusti-tests/tests/verify/pass/pure-fn/recursive-pure-fn.rs": [
    2.2704526749998877,
    2.2711194839998825,
    2.3836213280001175,
    2.344899618999989,
    2.33485622399985,
    2.3402796450000096,
    2.295153962999848,
    2.301813475000017,
    2.3009977140000046,
    2.1606215490000977
  ],
  "prusti-tests/tests/verify/pass/pure-fn/ref-mut-arg.rs": [
    3.2001080809995983,
    3.22838582400027,
    3.1973462209998615,
    3.2846207100001266,
    3.1670004299999164,
    3.1857504690001406,
    3.2357569190003233,
    3.20827255300037,
    3.230515504000323,
    3.238642434999747
  ],
  "prusti-tests/tests/verify/pass/rosetta/Ackermann_function.rs": [
    2.246546857999874,
    2.167451436999727,
    2.1582574359999853,
    2.1375937839998187,
    2.2061602109997693,
    2.2197327799999584,
    2.2122066649999397,
    2.157753577999756,
    2.166982867000115,
    2.164617669999643
  ],
  "prusti-tests/tests/verify/pass/rosetta/Heapsort.rs": [
    13.584410872999797,
    14.483447543000239,
    14.391814790000353,
    15.023934488999657,
    14.234521997000229,
    13.544130189999578,
    14.489440409000053,
    14.221058419999736,
    13.60426554500009,
    13.77985103400033
  ]
}