{
  "prusti-tests/tests/verify/pass/rosetta/Knuth_shuffle.rs": [
    2.4291749440000103,
    2.389484553999978,
    2.310633795000058,
    2.3758031360000587,
    2.41376177799998,
    2.25513287900003,
    2.3088744010000255,
    2.186294013999941,
    2.2447284240000727,
    2.1431703110000626
  ],
  "prusti-tests/tests/verify/pass/demos/account.rs": [
    0.8393694160000678,
    0.8927034480000202,
    0.8603732779999973,
    0.9945094700000254,
    0.8652169879999292,
    0.9240078159999712,
    0.8023910189999697,
    0.8813130910000382,
    0.8142642880000039,
    0.7767655999999761
  ],
  "prusti-tests/tests/verify/pass/rosetta/Knights_tour.rs": [
    141.52297074000012,
    137.6094682580001,
    138.34148591500002,
    139.2599372530001,
    133.34604190599998,
    137.72175614000002,
    136.06837565,
    134.2987459240003,
    133.9023480730002,
    134.7978251190002
  ],
  "prusti-tests/tests/verify/pass/quick/fold-unfold.rs": [
    0.6163321520002683,
    0.5783651840001767,
    0.6318654970000352,
    0.6006485140001132,
    0.5631607949999307,
    0.5580676650001806,
    0.6007857149998017,
    0.5412537659999543,
    0.5689641290000509,
    0.49495339600025545
  ],
  "prusti-tests/tests/verify/pass/quick/moves.rs": [
    0.47711209099998086,
    0.5121483959997022,
    0.5082526739997775,
    0.5571098600003097,
    0.5141275080000014,
    0.5397566609999558,
    0.529216002999874,
    0.4875192509998669,
    0.5342519340001672,
    0.5846877389999463
  ],
  "prusti-tests/tests/verify/pass/quick/mut-borrows.rs": [
    1.1502768619998278,
    0.9708130760000131,
    1.0001335530000688,
    0.9649250400002529,
    0.9916487020000204,
    0.9699674039998172,
    0.9672563599997375,
    0.8676162659999136,
    0.8946698270001434,
    0.963236235000295
  ],
  "prusti-tests/tests/verify/pass/quick/shared-borrows.rs": [
    0.6594387260001895,
    0.6547738989997924,
    0.6499868699997933,
    0.7346834750001108,
    0.7604420279999431,
    0.6717456119999952,
    0.5877473310001733,
    0.6595601740000347,
    0.5882395329999781,
    0.6330906109997159
  ],
  "prusti-tests/tests/verify/pass/quick/trait-contracts-refinement.rs": [
    1.0401894249998804,
    0.9093478160002633,
    0.9308473500000218,
    0.9590284239998255,
    0.9284919350002383,
    0.9026553819999208,
    0.9658470230001512,
    0.9470983090000118,
    0.957621972999732,
    0.9834367280000151
  ],
  "prusti-tests/tests/verify/pass/quick/routes.rs": [
    3.6589319529998647,
    3.49890709400006,
    3.3548998289998053,
    3.052990002000115,
    3.170696598000177,
    3.090150214000005,
    3.40957541600028,
    3.016270661999897,
    2.9208138839999265,
    3.220247271000062
  ],
  "prusti-tests/tests/verify/pass/quick/fibonacci.rs": [
    2.8672639589999562,
    2.7037864799999625,
    2.699795155999709,
    2.6551765899998827,
    2.7075060060001306,
    2.4733193039996877,
    2.7678745669995806,
    2.6317758609998236,
    2.924023912999928,
    2.5804903549997107
  ],
  "prusti-tests/tests/verify/pass/pure-fn/len-lookup.rs": [
    0.9778117619998739,
    1.178889068999979,
    1.028467367000303,
    1.0585371479996866,
    1.0032380160000685,
    0.9988868899999943,
    0.9969935780000014,
    1.0709863229999428,
    1.0193872240001838,
    1.0446425760001148
  ],
  "prusti-tests/tests/verify/pass/pure-fn/quantifiers.rs": [
    0.9541079310001805,
    0.9446422750002057,
    0.8943204719998903,
    0.8582506560001093,
    0.9076656530000946,
    0.9145896939999147,
    0.9563089520001995,
    0.9133487989997775,
    0.8980984070003615,
    0.9047198469997966
  ],
  "prusti-tests/tests/verify/pass/pure-fn/recursive-pure-fn.rs": [
    0.6607297780001318,
    0.5987537050000356,
    0.6619818859999214,
    0.6130659909999849,
    0.6323867070000233,
    0.6298422919999211,
    0.6499046130002171,
    0.6040822449999723,
    0.6807996140000796,
    0.6575964740000018
  ],
  "prusti-tests/tests/verify/pass/pure-fn/ref-mut-arg.rs": [
    0.9620488140003545,
    0.9647195309999006,
    0.9689217559998724,
    0.9616636119999384,
    0.9975277280000228,
    1.0810740329998225,
    1.0263751480001702,
    0.9536992289999944,
    0.9731020469998839,
    1.0329841140001008
  ],
  "prusti-tests/tests/verify/pass/rosetta/Ackermann_function.rs": [
    1.1793071080001027,
    1.008378662999803,
    1.1643067159998282,
    1.1296467080001094,
    1.1571828179999102,
    1.0327562529996612,
    1.0506782630000089,
    1.055152289999569,
    1.0646611490001305,
    1.0495329560003483
  ],
  "prusti-tests/tests/verify/pass/rosetta/Heapsort.rs": [
    13.851877542999773,
    13.144228227999974,
    13.148711848999938,
    13.038561802000004,
    12.909805959000096,
    12.863615916000072,
    13.078500671000256,
    13.161422932999812,
    13.644275241999821,
    14.011081902000114
  ]
}