{
  "prusti-tests/tests/verify/pass/rosetta/Knuth_shuffle.rs": [
    3.014658174000033,
    0.3533269529999643,
    0.3330546500000082,
    0.33563074999995024,
    0.3469469519999393,
    0.34779385199999524,
    0.32517454799994994,
    0.321760347999998,
    0.3192672479999601,
    0.31725654700005634
  ],
  "prusti-tests/tests/verify/pass/demos/account.rs": [
    2.2131247309999935,
    0.123158617999934,
    0.1290811199999098,
    0.13158251900006235,
    0.1260243189999528,
    0.13049352000007275,
    0.137608220000061,
    0.1260595190000231,
    0.13451512000006005,
    0.13766182100005153
  ],
  "prusti-tests/tests/verify/pass/rosetta/Knights_tour.rs": [
    110.68564372799995,
    2.455116649000047,
    2.392693036999958,
    2.3054728160000195,
    2.350639878000038,
    2.4800385619998906,
    2.5656523119998838,
    2.5089027690000876,
    2.519604468999887,
    2.3634364889999233
  ],
  "prusti-tests/tests/verify/pass/quick/fold-unfold.rs": [
    1.2805909030000748,
    0.10273541300011857,
    0.10389221399987036,
    0.10388111400015987,
    0.10608241599993562,
    0.10092021100012971,
    0.09810070699995777,
    0.09884950899981959,
    0.10437301399997523,
    0.09844420800004627
  ],
  "prusti-tests/tests/verify/pass/quick/moves.rs": [
    1.5130646580000757,
    0.09579720500005351,
    0.09601930500002709,
    0.09900920900008714,
    0.10319731300000967,
    0.09170330000006288,
    0.09346190199994453,
    0.09235140099985983,
    0.09779780700000629,
    0.09374631100013175
  ],
  "prusti-tests/tests/verify/pass/quick/mut-borrows.rs": [
    3.0217727640001613,
    0.1529470959999344,
    0.15493929799981743,
    0.15749130099993636,
    0.14996099200016033,
    0.14881019100016601,
    0.15473669800007883,
    0.14969869100013966,
    0.1581858029999239,
    0.1551989979998325
  ],
  "prusti-tests/tests/verify/pass/quick/shared-borrows.rs": [
    1.8739063970001553,
    0.10602283499997611,
    0.10480263399995238,
    0.09568082300006608,
    0.10015272800001185,
    0.10317503200008105,
    0.09993292799981646,
    0.10066112900017288,
    0.10172622999994019,
    0.09891012699995372
  ],
  "prusti-tests/tests/verify/pass/quick/trait-contracts-refinement.rs": [
    1.6798262459999478,
    0.13954017800006113,
    0.16358520899984796,
    0.13578007299997807,
    0.1403294790000018,
    0.14003917900004126,
    0.13658037400000467,
    0.1407993790001001,
    0.1378273759999047,
    0.13739437599997473
  ],
  "prusti-tests/tests/verify/pass/quick/routes.rs": [
    5.65537571699997,
    0.3617089769998074,
    0.3508890780001366,
    0.3673334000000068,
    0.40840375600009793,
    0.35398108200001843,
    0.36153219200014064,
    0.3635782950000248,
    0.3679646010000397,
    0.36642489899986685
  ],
  "prusti-tests/tests/verify/pass/quick/fibonacci.rs": [
    0.37415470900009495,
    0.389661131000139,
    0.3858070249998491,
    0.4082962560000851,
    0.4063176540000768,
    0.41990267199980735,
    0.40966575700008434,
    0.3866026260000126,
    0.37743401400007315,
    0.38193441999987954
  ],
  "prusti-tests/tests/verify/pass/pure-fn/len-lookup.rs": [
    3.9324799209998673,
    0.22111531400014428,
    0.24799400400002014,
    0.23659700799998973,
    0.23757480799986297,
    0.23783920699997907,
    0.23098420999986047,
    0.24922060399990187,
    0.2519127020000269,
    0.24166850599999634
  ],
  "prusti-tests/tests/verify/pass/pure-fn/quantifiers.rs": [
    2.6046063850001246,
    0.21657345900007385,
    0.2058398459998898,
    0.20646084700001666,
    0.199661438000021,
    0.2088786499998605,
    0.21386055500011025,
    0.21074705099999846,
    0.20760224800005744,
    0.21039765199998328
  ],
  "prusti-tests/tests/verify/pass/pure-fn/recursive-pure-fn.rs": [
    2.2451589810000314,
    0.16596969900001568,
    0.16572089800001777,
    0.1622636939998756,
    0.1644099960001313,
    0.16955280299998776,
    0.16744019999987358,
    0.16121689200008404,
    0.14656807500000468,
    0.15123547999996845
  ],
  "prusti-tests/tests/verify/pass/pure-fn/ref-mut-arg.rs": [
    3.1594200380000075,
    0.18715422899981604,
    0.19256293899979937,
    0.19539694300010524,
    0.20034875200008173,
    0.2075910640000984,
    0.19867844999998852,
    0.1900427339999169,
    0.1927264380001361,
    0.19352243999992425
  ],
  "prusti-tests/tests/verify/pass/rosetta/Ackermann_function.rs": [
    2.2118785860000116,
    0.22795140100015487,
    0.23479671299992333,
    0.22207748999994692,
    0.2365684159999546,
    0.25791265300017585,
    0.26058895800019855,
    0.25815825400013637,
    0.2506649400002061,
    0.2539059459998043
  ],
  "prusti-tests/tests/verify/pass/rosetta/Heapsort.rs": [
    11.305695397000136,
    0.9635104220001267,
    0.9907227559999683,
    0.9703333299999031,
    0.9588970150000478,
    0.9831951459998436,
    0.9554275109999253,
    0.9667490189999626,
    0.9575075049999668,
    1.0496667200000047
  ]
}