{
  "prusti-tests/tests/verify/pass/rosetta/Knuth_shuffle.rs": [
    2.631357590000107,
    2.2652083509999557,
    2.1686369290000584,
    2.211537561999876,
    2.3126507639999545,
    2.276091142000041,
    2.3805900370000472,
    2.406267446999891,
    2.3203871059999983,
    2.3949714370000947
  ],
  "prusti-tests/tests/verify/pass/demos/account.rs": [
    2.1159600250000494,
    2.0441784679999273,
    1.9945561409999755,
    2.047001440000031,
    2.0050652009999794,
    1.9708874240000114,
    2.006093190999991,
    1.9491337839999687,
    1.9440123570000196,
    1.9309946959999706
  ],
  "prusti-tests/tests/verify/pass/rosetta/Knights_tour.rs": [
    122.69694279999999,
    123.15927030000012,
    118.96865088100003,
    120.70811988399987,
    120.30920194700002,
    120.5296252789999,
    120.18921521499988,
    119.72905873799982,
    118.42296845400006,
    119.051786343
  ],
  "prusti-tests/tests/verify/pass/quick/fold-unfold.rs": [
    1.299625277999894,
    1.3002596809997158,
    1.333548569999948,
    1.3511649510001007,
    1.3296504139998433,
    1.2900822910000898,
    1.26778316500031,
    1.3075416889996632,
    1.290693094999824,
    1.2990263460001188
  ],
  "prusti-tests/tests/verify/pass/quick/moves.rs": [
    1.5963328339998952,
    1.528192049000154,
    1.523753324000154,
    1.5431606340002872,
    1.542155732000083,
    1.5467720779997762,
    1.4830494160000853,
    1.6307292540000162,
    1.5872383079999963,
    1.6221927960000357
  ],
  "prusti-tests/tests/verify/pass/quick/mut-borrows.rs": [
    3.0179097709997222,
    2.9466252720003467,
    3.0317079540000123,
    3.0476132320000033,
    3.0015460710001207,
    3.1084386299999096,
    3.094767970999783,
    3.1660573029998886,
    3.103877080000075,
    2.997823669999889
  ],
  "prusti-tests/tests/verify/pass/quick/shared-borrows.rs": [
    2.03089774900036,
    2.131135901000107,
    2.1160549149999497,
    1.9882432899999003,
    2.0229293480001616,
    2.073327180999968,
    2.1515311220000513,
    2.0665966440001284,
    2.002332402999855,
    2.0703502629999093
  ],
  "prusti-tests/tests/verify/pass/quick/trait-contracts-refinement.rs": [
    1.935168134000378,
    1.830109266999898,
    1.8099883590002719,
    1.7516078429998743,
    1.7153320469997198,
    1.8183410030001141,
    1.7719158529998822,
    1.8264433180002015,
    1.853190860000268,
    1.7664288930000112
  ],
  "prusti-tests/tests/verify/pass/quick/routes.rs": [
    5.420466058000329,
    5.127446385999974,
    5.141135793999638,
    4.815373147000173,
    4.816474927999934,
    4.946967593999943,
    4.899218369999744,
    4.85859042400034,
    4.751985504000004,
    4.767438006999782
  ],
  "prusti-tests/tests/verify/pass/quick/fibonacci.rs": [
    6.100837937000051,
    6.055365233999964,
    6.05929592099983,
    6.407785149999654,
    6.29863076699985,
    6.351160423999772,
    6.649796345000141,
    6.705797471999631,
    6.636772141000165,
    6.497705418000351
  ],
  "prusti-tests/tests/verify/pass/pure-fn/len-lookup.rs": [
    3.7731585440001254,
    3.519937040000059,
    3.423197617000369,
    3.4502694409998185,
    3.6949607419996937,
    3.431098581999777,
    3.455699156999799,
    3.55558215200017,
    3.6364343179998286,
    3.658732061000137
  ],
  "prusti-tests/tests/verify/pass/pure-fn/quantifiers.rs": [
    2.344406025999888,
    2.4108305810000275,
    2.2641278759997476,
    2.2144688030002726,
    2.147353994000241,
    2.210852801999863,
    2.1413940229999753,
    2.1147130269996524,
    2.2041364409997186,
    2.1191294330001256
  ],
  "prusti-tests/tests/verify/pass/pure-fn/recursive-pure-fn.rs": [
    1.9173796360000779,
    1.9005910450000556,
    1.9042588939996676,
    1.9046058670001003,
    1.8467125829997713,
    1.9264540640001542,
    1.903583744000116,
    1.8524290320001455,
    1.9085553800000525,
    1.9011303909996968
  ],
  "prusti-tests/tests/verify/pass/pure-fn/ref-mut-arg.rs": [
    2.8290099849996295,
    2.781470628000079,
    2.857950798999809,
    2.7740165409995825,
    2.772573278999971,
    2.8189814919996934,
    2.821646112000053,
    2.8882336950000536,
    2.9541958990002968,
    2.9894179979996807
  ],
  "prusti-tests/tests/verify/pass/rosetta/Ackermann_function.rs": [
    2.008481087999826,
    2.0866303500001777,
    2.11704692100011,
    2.085734644999775,
    2.123045802999968,
    2.0247776349997366,
    2.154600601999846,
    2.1368947779997143,
    2.0969210630000816,
    2.1120674719995804
  ],
  "prusti-tests/tests/verify/pass/rosetta/Heapsort.rs": [
    12.482241398000042,
    12.3466265320003,
    11.896896638999806,
    11.327451432000089,
    11.590199358999598,
    11.99990718800018,
    11.607345393999822,
    12.438847909999822,
    12.448815342999751,
    11.570507557999917
  ]
}