{
  "prusti-tests/tests/verify/pass/rosetta/Knuth_shuffle.rs": [
    2.852227032999963,
    2.5210289680001097,
    2.377138977999948,
    2.390782839000167,
    2.45825863999994,
    2.4389539969999987,
    2.433120931999838,
    2.537405304999993,
    2.4237534620001497,
    2.3145076470000276
  ],
  "prusti-tests/tests/verify/pass/demos/account.rs": [
    2.119909903000007,
    2.1829966709999553,
    2.136565727000061,
    2.095744726000021,
    2.1734258019998833,
    2.159083795000015,
    2.0592848530000083,
    2.186639887999945,
    2.152878937999958,
    2.085067636000076
  ],
  "prusti-tests/tests/verify/pass/rosetta/Knights_tour.rs": [
    129.37218925600018,
    133.61995244500008,
    128.608332625,
    129.099948583,
    131.33903198899998,
    130.83441122299996,
    129.84689281700003,
    130.39428660099975,
    131.8905194949998,
    129.65194729500035
  ],
  "prusti-tests/tests/verify/pass/quick/fold-unfold.rs": [
    1.392834738000147,
    1.3634975260001738,
    1.3880095059998894,
    1.4200421390000884,
    1.4273080919997483,
    1.4227059589998134,
    1.423480964999726,
    1.4328187780001826,
    1.4358428929999718,
    1.3808313949998592
  ],
  "prusti-tests/tests/verify/pass/quick/moves.rs": [
    1.6907905379998738,
    1.7470163449997926,
    1.7666426840000895,
    1.747430844000064,
    1.7455233310001859,
    1.734554352000032,
    1.6816962729999432,
    1.778614311000183,
    1.6876446510000278,
    1.6401442059996043
  ],
  "prusti-tests/tests/verify/pass/quick/mut-borrows.rs": [
    3.3929899489999116,
    3.420656334999876,
    3.4493339440000454,
    3.3431314290000955,
    3.455158542999925,
    3.3538233980002587,
    3.5044296330002,
    3.38895820200014,
    3.4434281740000188,
    3.242671965000227
  ],
  "prusti-tests/tests/verify/pass/quick/shared-borrows.rs": [
    2.0528360680000333,
    2.107314673000019,
    2.180675914999938,
    2.263578628000232,
    2.2272542030000295,
    2.206279134000397,
    2.181888555000114,
    2.219338436000271,
    2.1557055869998294,
    2.2049737469997126
  ],
  "prusti-tests/tests/verify/pass/quick/trait-contracts-refinement.rs": [
    1.8206949340001302,
    1.7872768019997238,
    1.742915804000404,
    1.7869860279997738,
    1.7949926870001036,
    1.9071203099997547,
    1.8636591740000767,
    1.917434482000317,
    1.8711419400001432,
    1.8738865599998462
  ],
  "prusti-tests/tests/verify/pass/quick/routes.rs": [
    5.994885857999634,
    5.722953941000014,
    5.735475153000152,
    5.734869698000239,
    5.453762959999949,
    5.740812212000037,
    5.533904858999904,
    5.766732805000174,
    5.479151265999917,
    5.536729641999955
  ],
  "prusti-tests/tests/verify/pass/quick/fibonacci.rs": [
    6.943281810999906,
    6.857614425000065,
    7.387785885000085,
    7.096655837000071,
    7.0982943140002135,
    7.080679071999839,
    6.94469990000016,
    6.940063981000094,
    6.840768196999761,
    7.00250767200032
  ],
  "prusti-tests/tests/verify/pass/pure-fn/len-lookup.rs": [
    4.012750698999753,
    4.093122285999925,
    4.14283336599965,
    3.9266986619995805,
    3.913984116999927,
    4.146835878999809,
    4.2341968050000105,
    3.9637361150003017,
    4.106526909999957,
    4.055468929000199
  ],
  "prusti-tests/tests/verify/pass/pure-fn/quantifiers.rs": [
    2.475486503999946,
    2.585056626000096,
    2.6032479559999047,
    2.553395172999899,
    2.5670063389998177,
    2.5272513489999255,
    2.389792841000144,
    2.6397088300000178,
    2.482236383000327,
    2.4696853909999845
  ],
  "prusti-tests/tests/verify/pass/pure-fn/recursive-pure-fn.rs": [
    2.194460442000036,
    2.147459893999894,
    2.0731201580001652,
    2.0491221339998447,
    2.310271195000041,
    2.3749025510001047,
    2.333725559999948,
    2.373594454999875,
    2.55521853800019,
    2.343881720999889
  ],
  "prusti-tests/tests/verify/pass/pure-fn/ref-mut-arg.rs": [
    3.668489713999861,
    3.63241929600008,
    3.407532044999698,
    3.333049167000354,
    3.2105738529999144,
    3.2243692580000243,
    3.238421274000302,
    3.379064865000146,
    3.5187514189997273,
    3.553429338999649
  ],
  "prusti-tests/tests/verify/pass/rosetta/Ackermann_function.rs": [
    2.385548745000051,
    2.356146427999647,
    2.31990425999993,
    2.293872226000076,
    2.314627099000063,
    2.3228639610001665,
    2.3000268929999947,
    2.341561171000194,
    2.3702151819998107,
    2.298411053000109
  ],
  "prusti-tests/tests/verify/pass/rosetta/Heapsort.rs": [
    12.529865954000343,
    12.337652906999665,
    11.942655107000064,
    12.484352878000209,
    12.575679360999857,
    12.130837575999976,
    11.842535087000215,
    11.883076837999852,
    12.473326149000059,
    12.343327992000013
  ]
}