{
  "prusti-tests/tests/verify/pass/rosetta/Knuth_shuffle.rs": [
    2.1815251460000127,
    1.9244986799999424,
    1.8617182850000518,
    1.84572911500004,
    1.8430243499999506,
    1.8607685129998117,
    1.8200702930000716,
    1.8658522410000842,
    1.8139236790000268,
    1.8417377140001463
  ],
  "prusti-tests/tests/verify/pass/demos/account.rs": [
    1.734974432999934,
    1.7408190500000273,
    1.7151612150000801,
    1.7500634630000604,
    1.7063962490001359,
    1.729997615000002,
    1.7236136059998444,
    1.7663658009998926,
    1.699313317999895,
    1.7050006290000965
  ],
  "prusti-tests/tests/verify/pass/rosetta/Knights_tour.rs": [
    99.64979145200004,
    99.43930636699997,
    99.4317691340002,
    100.16026130199998,
    98.15273012400007,
    100.34054445100014,
    99.74997565699982,
    97.06537649499978,
    97.8561836619997,
    98.05357864100006
  ],
  "prusti-tests/tests/verify/pass/quick/fold-unfold.rs": [
    1.1583631440003046,
    1.1612460179999289,
    1.1400484109999525,
    1.1498876750001727,
    1.1445217499999671,
    1.1607362250001643,
    1.1423372799999925,
    1.1529162649999307,
    1.1582816320001257,
    1.143480797000393
  ],
  "prusti-tests/tests/verify/pass/quick/moves.rs": [
    1.3953985760003889,
    1.3933349210001325,
    1.4002424249997603,
    1.414705561000119,
    1.3899245799998425,
    1.392163354999866,
    1.3916075619999901,
    1.3946177279999574,
    1.385277433000283,
    1.3909145330003412
  ],
  "prusti-tests/tests/verify/pass/quick/mut-borrows.rs": [
    2.7260775280001326,
    2.718466824999723,
    2.7343613709999772,
    2.751703586000076,
    2.7158907869998075,
    2.7017078429998946,
    2.723929099999623,
    2.711881762000303,
    2.729092292000132,
    2.7434621929996865
  ],
  "prusti-tests/tests/verify/pass/quick/shared-borrows.rs": [
    1.7262720210001135,
    1.7326845379998304,
    1.734931996999876,
    1.7232095280000976,
    1.7213063760000296,
    1.7289040750001732,
    1.7233315660000699,
    1.7230787989997225,
    1.7250415720000092,
    1.7201361389998056
  ],
  "prusti-tests/tests/verify/pass/quick/trait-contracts-refinement.rs": [
    1.5741503649996957,
    1.5070019220001996,
    1.4992756010001358,
    1.4813951940000152,
    1.4948940280000897,
    1.484872066999742,
    1.4909934990000693,
    1.4842149809996954,
    1.481122015999972,
    1.4933622779999496
  ],
  "prusti-tests/tests/verify/pass/quick/routes.rs": [
    4.384533417000057,
    4.187878284999897,
    4.089790495000216,
    4.024177485000109,
    4.048268668000219,
    4.015333040999849,
    4.0346313160002865,
    4.040242115000183,
    4.081885264000448,
    3.9960491729998466
  ],
  "prusti-tests/tests/verify/pass/quick/fibonacci.rs": [
    5.412740573999599,
    5.4001964479998605,
    5.348704926999744,
    5.339292921999913,
    5.402541004999875,
    5.3635148830003345,
    5.348836486999971,
    5.354443813999751,
    5.354768577000414,
    5.340521327999795
  ],
  "prusti-tests/tests/verify/pass/pure-fn/len-lookup.rs": [
    3.066490880999936,
    3.05515458400032,
    3.0928380850000394,
    3.073465445000238,
    3.0695853580000403,
    3.053077071000189,
    3.05354695799997,
    3.0763819189996866,
    3.0790723820000494,
    3.061136359000102
  ],
  "prusti-tests/tests/verify/pass/pure-fn/quantifiers.rs": [
    1.861566823999965,
    1.8580883710001217,
    1.864079590000074,
    1.867488928000057,
    1.8475356439998905,
    1.851530989999901,
    1.8555876360001093,
    1.8611381380001149,
    1.8514259970002058,
    1.8661698830001114
  ],
  "prusti-tests/tests/verify/pass/pure-fn/recursive-pure-fn.rs": [
    1.6634413290003067,
    1.6505745160002334,
    1.662595409000005,
    1.6536485080000602,
    1.6658677390000776,
    1.661238503000277,
    1.6496336630002588,
    1.6626520160002656,
    1.6572655969998777,
    1.6516207730001042
  ],
  "prusti-tests/tests/verify/pass/pure-fn/ref-mut-arg.rs": [
    2.4394428810001045,
    2.4265074189997904,
    2.425038962999679,
    2.4280088229998,
    2.4227033470001516,
    2.4254837210000915,
    2.4161081469997043,
    2.4258133939997606,
    2.4291380750000826,
    2.4246453360001397
  ],
  "prusti-tests/tests/verify/pass/rosetta/Ackermann_function.rs": [
    1.6934459770000103,
    1.6803675689998272,
    1.668535766000332,
    1.6803934049999043,
    1.6717436230001113,
    1.6709203329996853,
    1.6707330580002235,
    1.6674461229999906,
    1.678211377000025,
    1.6820792250000522
  ],
  "prusti-tests/tests/verify/pass/rosetta/Heapsort.rs": [
    9.99054597500026,
    9.930990757000018,
    9.888360453000132,
    9.901395639999919,
    9.900831239000127,
    9.881411216999822,
    9.878321188999962,
    9.864079049999873,
    9.875873358999797,
    9.836159720000069
  ]
}