{
  "prusti-tests/tests/verify/pass/rosetta/Knuth_shuffle.rs": [
    2.3700428930000044,
    2.043175814999927,
    1.9946262549999574,
    1.8884404780000068,
    1.9791425009999557,
    1.944660198000065,
    1.8678007959999832,
    1.8095501139999897,
    1.8693389380000554,
    1.8635910609999655
  ],
  "prusti-tests/tests/verify/pass/demos/account.rs": [
    1.7484119230000488,
    1.7996913179999865,
    1.8087422229999675,
    1.7278415819999964,
    1.7963048780000008,
    1.7393133140000145,
    1.7670777419999695,
    1.8127713789999689,
    1.6820229630000085,
    1.769118709000054
  ],
  "prusti-tests/tests/verify/pass/rosetta/Knights_tour.rs": [
    99.74794885899996,
    101.96859233500004,
    98.59612668199998,
    97.76861673000008,
    97.79427285499992,
    97.59878005199994,
    96.94342052900015,
    97.93554940700005,
    99.43108381599995,
    97.96168688000012
  ],
  "prusti-tests/tests/verify/pass/quick/fold-unfold.rs": [
    1.108664415000021,
    1.0851023430000168,
    1.0887609270000667,
    1.0966071190000548,
    1.1067137370000637,
    1.088516724999863,
    1.1005519650000224,
    1.1192920839998806,
    1.1318823309998152,
    1.0972208390001015
  ],
  "prusti-tests/tests/verify/pass/quick/moves.rs": [
    1.3261288609999156,
    1.3222123159998773,
    1.386079054999982,
    1.341717941999832,
    1.3114549910001188,
    1.328845544999922,
    1.3664408509998793,
    1.3135399399998278,
    1.3205060210000283,
    1.3155458640001143
  ],
  "prusti-tests/tests/verify/pass/quick/mut-borrows.rs": [
    2.639620310000055,
    2.636506038000107,
    2.638214656999935,
    2.6287666489999992,
    2.7604384670000854,
    2.7466945079997913,
    2.797250922000103,
    2.6989567499999794,
    2.7505023450000863,
    2.7878559319999567
  ],
  "prusti-tests/tests/verify/pass/quick/shared-borrows.rs": [
    1.712909707000108,
    1.730818612000121,
    1.656424257000026,
    1.6986820429999625,
    1.7084589520000009,
    1.7270269640000606,
    1.772500288000174,
    1.7159456370000044,
    1.653096744000095,
    1.640558259000045
  ],
  "prusti-tests/tests/verify/pass/quick/trait-contracts-refinement.rs": [
    1.4247599660000105,
    1.448057234999851,
    1.4618219940000472,
    1.4927806509999755,
    1.4575778440000704,
    1.4674781459998485,
    1.5065921630000503,
    1.547315497999989,
    1.5237814469999194,
    1.5517966130000787
  ],
  "prusti-tests/tests/verify/pass/quick/routes.rs": [
    4.716989172000012,
    4.626296085000149,
    4.439385411999865,
    4.566022147000012,
    4.534931517999894,
    4.579014215000143,
    4.445092467999984,
    4.20780595899987,
    4.160864196000148,
    4.482147909999867
  ],
  "prusti-tests/tests/verify/pass/quick/fibonacci.rs": [
    5.881546328000013,
    5.709677862000035,
    5.581290465000166,
    5.542636713000093,
    5.328571925000006,
    5.485235203000002,
    5.577303013000119,
    5.740384134999886,
    5.643151937000084,
    5.745549631999893
  ],
  "prusti-tests/tests/verify/pass/pure-fn/len-lookup.rs": [
    3.2904278480000357,
    3.2616551379999237,
    3.272489765999808,
    3.298451987999897,
    3.2638758269999926,
    3.1992131319998407,
    3.247638471000073,
    3.159331743999928,
    3.377482371000042,
    3.185576046000051
  ],
  "prusti-tests/tests/verify/pass/pure-fn/quantifiers.rs": [
    1.8997589109999353,
    1.8960286559999986,
    1.9065704770000593,
    1.9146300699999301,
    1.9476359509999384,
    1.9712786909999522,
    2.03273470299996,
    1.9444956830000137,
    1.9798066900000322,
    2.0155529119999755
  ],
  "prusti-tests/tests/verify/pass/pure-fn/recursive-pure-fn.rs": [
    1.7918157250001059,
    1.8152744959998017,
    1.8211396639999293,
    1.8357017759999508,
    1.7371691559999363,
    1.7706412449999789,
    1.7721807620000618,
    1.8139170300000842,
    1.8555509039999833,
    1.797778037000171
  ],
  "prusti-tests/tests/verify/pass/pure-fn/ref-mut-arg.rs": [
    2.7039161899999726,
    2.7288441690000127,
    2.653546494000011,
    2.6289270099998703,
    2.6601514009998937,
    2.6395850979997704,
    2.5368597110000337,
    2.6059105029999046,
    2.6745205849997546,
    2.684583201999885
  ],
  "prusti-tests/tests/verify/pass/rosetta/Ackermann_function.rs": [
    1.746125968999877,
    1.7912396550000267,
    1.7615890110000691,
    1.7619471150001118,
    1.8034370969999145,
    1.7811957830003848,
    1.8355555690000074,
    1.8000384599999961,
    1.8072221429997626,
    1.7642914469997777
  ],
  "prusti-tests/tests/verify/pass/rosetta/Heapsort.rs": [
    8.789012343000195,
    8.558214958000008,
    9.019631779000065,
    8.331925676000083,
    9.027611832000275,
    8.875909165999929,
    8.899388040000304,
    8.82116545200006,
    9.100745722000283,
    8.737513246000162
  ]
}