{
  "prusti-tests/tests/verify/pass/rosetta/Knuth_shuffle.rs": [
    2.834176278999962,
    0.38405488399996557,
    0.3653300380000246,
    0.3584243110000216,
    0.37082594000003155,
    0.36254538699995464,
    0.3821619489999648,
    0.3728487780000478,
    0.38148586799991335,
    0.3630198460000429
  ],
  "prusti-tests/tests/verify/pass/demos/account.rs": [
    2.246349591000012,
    0.13686835700002575,
    0.13786137400006737,
    0.12588577600001827,
    0.12489895900000647,
    0.12587397599997985,
    0.12427824899998541,
    0.12255672100002357,
    0.12445145300000604,
    0.13610694400006196
  ],
  "prusti-tests/tests/verify/pass/rosetta/Knights_tour.rs": [
    95.064042148,
    2.5827094950000173,
    2.599080963000006,
    2.569115677999889,
    2.601250235000066,
    2.578745945000037,
    2.5869908530000885,
    2.7418771229999948,
    2.5699053759999515,
    2.574315188000014
  ],
  "prusti-tests/tests/verify/pass/quick/fold-unfold.rs": [
    1.3079892579999068,
    0.10584437900001831,
    0.10409084599996277,
    0.1147385450000229,
    0.10705160199995589,
    0.10740500900010375,
    0.10561457500000415,
    0.11090867399991566,
    0.1126225059999797,
    0.1080970210000487
  ],
  "prusti-tests/tests/verify/pass/quick/moves.rs": [
    1.5670352029999322,
    0.09882274799997504,
    0.11449264099996981,
    0.10956074800003535,
    0.09545838500002901,
    0.09870294600000307,
    0.10656529300001694,
    0.10708790299997872,
    0.100750084000083,
    0.10257711799999925
  ],
  "prusti-tests/tests/verify/pass/quick/mut-borrows.rs": [
    3.01819809299991,
    0.1637895110000045,
    0.1666648709999663,
    0.16470032899997022,
    0.16550664700002926,
    0.16387331299995367,
    0.1653615440000067,
    0.1676269910000201,
    0.16616315999999642,
    0.16784109499997157
  ],
  "prusti-tests/tests/verify/pass/quick/shared-borrows.rs": [
    1.854127308000102,
    0.09734622700000273,
    0.10364875799996298,
    0.09996058199999425,
    0.1008141990000695,
    0.09608100100001593,
    0.0956277919999593,
    0.09409316000005674,
    0.09415206100004525,
    0.09289983499991195
  ],
  "prusti-tests/tests/verify/pass/quick/trait-contracts-refinement.rs": [
    1.7426169139999956,
    0.14995601700002226,
    0.14545443000008618,
    0.14998161799996979,
    0.14682605600000898,
    0.15038022600003842,
    0.14587573900007555,
    0.14675935600007506,
    0.14343519100009416,
    0.14047623300007217
  ],
  "prusti-tests/tests/verify/pass/quick/routes.rs": [
    5.662824075999993,
    0.37577181099993595,
    0.35923658900003375,
    0.36578042799999366,
    0.3569816949999449,
    0.3527452149999135,
    0.3564709849999872,
    0.3548761550000563,
    0.35580647199992654,
    0.35453604899998936
  ],
  "prusti-tests/tests/verify/pass/quick/fibonacci.rs": [
    0.39103683300004377,
    0.4196043689998987,
    0.3756442449999895,
    0.34842613499995423,
    0.40546200400001453,
    0.384787316000029,
    0.3901875179999479,
    0.38249447400005465,
    0.3823414710000179,
    0.3846737139999732
  ],
  "prusti-tests/tests/verify/pass/pure-fn/len-lookup.rs": [
    3.7946841239999003,
    0.24356140299994422,
    0.22174458100005268,
    0.23468463200003953,
    0.24111295500006236,
    0.24271058699991954,
    0.2393623220000336,
    0.2410325539999576,
    0.23590135500000997,
    0.228045702999907
  ],
  "prusti-tests/tests/verify/pass/pure-fn/quantifiers.rs": [
    2.4383047820000456,
    0.20612248000009004,
    0.20523486299998694,
    0.19783372000006239,
    0.20919683900001473,
    0.21700609000004079,
    0.18295963300010953,
    0.18972886300002756,
    0.17667289099995287,
    0.17636239099988416
  ],
  "prusti-tests/tests/verify/pass/pure-fn/recursive-pure-fn.rs": [
    1.9159076979999554,
    0.15009534599994367,
    0.14008227599993006,
    0.14393174100018769,
    0.14684968999995363,
    0.14707269500013354,
    0.1611789339999632,
    0.19166535099998327,
    0.15017414699991605,
    0.14605287800009137
  ],
  "prusti-tests/tests/verify/pass/pure-fn/ref-mut-arg.rs": [
    3.1988227080000797,
    0.19606995900016955,
    0.19818429899987677,
    0.19707077699990805,
    0.22237116200017226,
    0.21817788200019095,
    0.1927106929999809,
    0.19184078099988255,
    0.2115106610001476,
    0.21094205000008515
  ],
  "prusti-tests/tests/verify/pass/rosetta/Ackermann_function.rs": [
    2.057841708000069,
    0.2382413739999265,
    0.23753405999991628,
    0.252929955999889,
    0.2566218269998899,
    0.24834616800012554,
    0.23824177400001645,
    0.23973970299994107,
    0.23957889899998008,
    0.23788706700020157
  ],
  "prusti-tests/tests/verify/pass/rosetta/Heapsort.rs": [
    10.777872455999841,
    1.0703684539998903,
    0.9559183040000789,
    1.0909532470000158,
    1.093312092000133,
    1.0831260999998449,
    1.079924439000024,
    1.072208794000062,
    1.080096655000034,
    1.1017446460000428
  ]
}