{
  "prusti-tests/tests/verify/pass/rosetta/Knuth_shuffle.rs": [
    2.175132277999978,
    1.9487695839999333,
    1.9290327119999802,
    1.9626890289999892,
    1.9045844400000078,
    1.9423183149999659,
    1.8353447459999188,
    1.8199424570000247,
    1.8169783069999994,
    1.9652538850000383
  ],
  "prusti-tests/tests/verify/pass/demos/account.rs": [
    0.8148273720000816,
    0.7974363690000246,
    0.8515088330000253,
    0.8161293519999617,
    0.8031061550000231,
    0.8387294569999995,
    0.7888501539999879,
    0.7531259449999652,
    0.7886070339999378,
    0.7409385180000072
  ],
  "prusti-tests/tests/verify/pass/rosetta/Knights_tour.rs": [
    111.43547178099993,
    107.71336021499997,
    107.24358351000001,
    108.29451668399997,
    111.06053590800002,
    111.45279131100006,
    112.40327752999997,
    112.87962130000005,
    118.20616463200008,
    116.03830979899999
  ],
  "prusti-tests/tests/verify/pass/quick/fold-unfold.rs": [
    0.6077873720000753,
    0.5926223310000296,
    0.567009402000167,
    0.5551677089999885,
    0.5597906580001109,
    0.5549144899998737,
    0.584332705999941,
    0.5515235489999668,
    0.5527737249999518,
    0.54380632099992
  ],
  "prusti-tests/tests/verify/pass/quick/moves.rs": [
    0.571680674999925,
    0.5623410340001556,
    0.618511991999867,
    0.5843183429999499,
    0.6238676600000872,
    0.5717712810001103,
    0.5677687060001517,
    0.6103218289999859,
    0.5776051820000703,
    0.5725235330000942
  ],
  "prusti-tests/tests/verify/pass/quick/mut-borrows.rs": [
    0.9315621139999166,
    0.9354191309998896,
    0.9737822459999279,
    0.9410637099999803,
    0.8925010120001389,
    0.8469775199998821,
    0.842671227999972,
    0.8806720960001257,
    0.8969426969999859,
    0.945026597000151
  ],
  "prusti-tests/tests/verify/pass/quick/shared-borrows.rs": [
    0.6695030190001034,
    0.6311903299999813,
    0.6149950110000191,
    0.6109586449999824,
    0.7425632350000342,
    0.6343225880000318,
    0.611426776000144,
    0.6033046390000436,
    0.6481697019999046,
    0.585508364000134
  ],
  "prusti-tests/tests/verify/pass/quick/trait-contracts-refinement.rs": [
    0.9089310730000761,
    0.8889964439999858,
    0.845285684999908,
    0.836056840999845,
    0.8797967459997835,
    0.8625329920000695,
    0.8183656759999849,
    0.8937941239998963,
    0.8364135950000673,
    0.8150633980001203
  ],
  "prusti-tests/tests/verify/pass/quick/routes.rs": [
    2.9151001310001448,
    2.757819061999953,
    2.7061159459999544,
    2.4450840380000045,
    2.478645083999936,
    2.4113115539998944,
    2.5242378460000054,
    2.3865513680000277,
    2.4685056469998017,
    2.437430066000161
  ],
  "prusti-tests/tests/verify/pass/quick/fibonacci.rs": [
    2.1997275629998967,
    2.2382025840001916,
    2.3038013650000266,
    2.3828079309998884,
    2.3699704770001517,
    2.4573423409999577,
    2.32235093700001,
    2.3188537189998897,
    2.2308957420000297,
    2.3990962059999674
  ],
  "prusti-tests/tests/verify/pass/pure-fn/len-lookup.rs": [
    0.9669751270000688,
    1.0888963380000405,
    1.0852469419999125,
    1.0797479230000135,
    0.97787994600003,
    1.113201977000017,
    1.0432037329999275,
    1.0292748700001084,
    1.1223963110001023,
    1.0326687570000104
  ],
  "prusti-tests/tests/verify/pass/pure-fn/quantifiers.rs": [
    0.9071151330001612,
    0.866137991999949,
    0.9752119520001088,
    0.8759246419999727,
    0.8753529979999257,
    0.9099904530000913,
    0.8531623979999949,
    0.8623596649999854,
    0.9350978910001686,
    0.8721868280001672
  ],
  "prusti-tests/tests/verify/pass/pure-fn/recursive-pure-fn.rs": [
    0.672179086999904,
    0.7315742830001,
    0.6784488610001063,
    0.6717663549998178,
    0.672668423999994,
    0.7458553640001355,
    0.6743728530000226,
    0.664752025000098,
    0.7629093359998933,
    0.700863704999847
  ],
  "prusti-tests/tests/verify/pass/pure-fn/ref-mut-arg.rs": [
    0.8931096029998571,
    0.9587220900000375,
    0.8944478089999848,
    0.8940713790000245,
    1.0001341639999737,
    0.9069844000000558,
    0.915040536999868,
    0.9813827259999925,
    0.92823304500007,
    0.9058884250000574
  ],
  "prusti-tests/tests/verify/pass/rosetta/Ackermann_function.rs": [
    1.0767942790000689,
    0.9958882509999967,
    1.0540911319999395,
    0.9955503260000569,
    0.9717964970000139,
    1.0678796810000222,
    0.9425928240000303,
    0.9236812690000988,
    1.0777356230000805,
    0.9371245030001774
  ],
  "prusti-tests/tests/verify/pass/rosetta/Heapsort.rs": [
    10.591889470000297,
    10.138568196000051,
    9.643598676999773,
    9.62505243500027,
    10.080661567999869,
    9.710964785000215,
    9.583003276999989,
    9.5588822349996,
    9.610540136999589,
    9.574553293000008
  ]
}