{
  "prusti-tests/tests/verify/pass/rosetta/Knuth_shuffle.rs": [
    2.036325368000007,
    1.5865162810000584,
    1.452761088000102,
    1.3931776919999947,
    1.503246153999953,
    1.5845012079998924,
    1.459591770999964,
    1.5234005909999269,
    1.42327987200008,
    1.4011936740000692
  ],
  "prusti-tests/tests/verify/pass/demos/account.rs": [
    0.7394506829999727,
    0.768419617999939,
    0.7342613770000526,
    0.6907309250000253,
    0.6814356139999518,
    0.7394201829999929,
    0.7070788449999554,
    0.6843330179999612,
    0.7307747730000074,
    0.7267755020000095
  ],
  "prusti-tests/tests/verify/pass/rosetta/Knights_tour.rs": [
    84.09355997399996,
    88.37553148400002,
    86.41499033500008,
    85.82763677499997,
    85.9269921250002,
    88.129067222,
    84.84080631699999,
    83.99495559999991,
    85.98819089000017,
    86.29554421600005
  ],
  "prusti-tests/tests/verify/pass/quick/fold-unfold.rs": [
    0.5392305459999989,
    0.47546035699997446,
    0.48821187500016094,
    0.5046864979999555,
    0.49916869000003317,
    0.5246087250000073,
    0.516030813000043,
    0.5136209100000997,
    0.5053173230000993,
    0.5631553480000093
  ],
  "prusti-tests/tests/verify/pass/quick/moves.rs": [
    0.49591097999996236,
    0.5045466139999917,
    0.4971267840001019,
    0.5127850470000794,
    0.5216125819999888,
    0.5164363619999222,
    0.47933191399988573,
    0.44866079100006573,
    0.5325359250000474,
    0.4907074580000881
  ],
  "prusti-tests/tests/verify/pass/quick/mut-borrows.rs": [
    0.7590595299998313,
    0.7634205470001234,
    0.6860117930000342,
    0.7637407430001986,
    0.7384154760000001,
    0.7075129019999622,
    0.7523126110002067,
    0.7386966770000072,
    0.690698361999921,
    0.7437439899999845
  ],
  "prusti-tests/tests/verify/pass/quick/shared-borrows.rs": [
    0.5482883189999939,
    0.5167274429998088,
    0.5381386949998159,
    0.5059850180000467,
    0.5305934769999112,
    0.5649438149998787,
    0.4902159670000401,
    0.5048028080000222,
    0.5152252370000951,
    0.5105093229999511
  ],
  "prusti-tests/tests/verify/pass/quick/trait-contracts-refinement.rs": [
    0.731324038999901,
    0.734517748999906,
    0.6709107710000808,
    0.6828777050000099,
    0.7272184280000147,
    0.7112512829999105,
    0.6800919960001011,
    0.7416035690000626,
    0.7243481689999953,
    0.7271698130000459
  ],
  "prusti-tests/tests/verify/pass/quick/routes.rs": [
    3.0370844839999336,
    2.1774467319999076,
    2.0565404900000885,
    1.949446222000006,
    2.2468840329997875,
    2.074399147000122,
    2.1438709960000324,
    2.1062174080000204,
    2.0112539249998918,
    1.9597103629998855
  ],
  "prusti-tests/tests/verify/pass/quick/fibonacci.rs": [
    2.260120499000095,
    2.224489231000007,
    2.0659994239999833,
    1.9458455059998414,
    1.9169643180000548,
    2.1015989289999197,
    2.1052219050000076,
    2.0448859149998952,
    1.8220839680000154,
    1.749397087000034
  ],
  "prusti-tests/tests/verify/pass/pure-fn/len-lookup.rs": [
    0.9082605609999064,
    0.8313709850001487,
    0.8569531759999336,
    0.9954229730001316,
    0.8461633370000072,
    0.864828745000068,
    0.8848648680000224,
    0.8292664020000302,
    0.8626030220000303,
    0.9198450559999856
  ],
  "prusti-tests/tests/verify/pass/pure-fn/quantifiers.rs": [
    0.7367683459999625,
    0.7295306419998724,
    0.8188855959999728,
    0.7864642759998333,
    0.7371544459999768,
    0.7619983609999963,
    0.8815538260000721,
    0.8210354380000808,
    0.7847371059999659,
    0.8129939200000535
  ],
  "prusti-tests/tests/verify/pass/pure-fn/recursive-pure-fn.rs": [
    0.6700303239999812,
    0.5981806699999197,
    0.6054790779999166,
    0.5794396960000086,
    0.5754039369999191,
    0.6614971989999958,
    0.5756760899998881,
    0.5713601100001142,
    0.5836194409998825,
    0.5839766759997929
  ],
  "prusti-tests/tests/verify/pass/pure-fn/ref-mut-arg.rs": [
    0.8041910639999514,
    0.7378166070000134,
    0.711936501000082,
    0.6999892119999913,
    0.7670258379998813,
    0.7165412429999378,
    0.7586933219999992,
    0.7095968300000095,
    0.8013959099998829,
    0.6983438800000386
  ],
  "prusti-tests/tests/verify/pass/rosetta/Ackermann_function.rs": [
    0.8092941779998455,
    0.823105213999952,
    0.8635333960000935,
    0.7581404340000972,
    0.8513797010000417,
    0.768814594000105,
    0.7483383960000083,
    0.922809093000069,
    0.7922752089998539,
    0.7517804760000217
  ],
  "prusti-tests/tests/verify/pass/rosetta/Heapsort.rs": [
    4.618424297999809,
    4.638708225000073,
    4.318874648000019,
    4.940118097000095,
    4.952823250000165,
    4.833753778999835,
    5.1056302850001885,
    4.94146549900006,
    4.576288014000056,
    4.935153064999895
  ]
}