{
  "prusti-tests/tests/verify/pass/rosetta/Knuth_shuffle.rs": [
    2.522032640999896,
    2.1894769010000346,
    2.1878400719999718,
    2.10021167900004,
    2.141927334999991,
    2.085205776000066,
    2.0091990369999166,
    2.005663904999892,
    2.0266982749999443,
    2.0102775889999975
  ],
  "prusti-tests/tests/verify/pass/demos/account.rs": [
    0.9888499189999038,
    0.9414350189999823,
    0.9027316540000356,
    0.8618519799999831,
    0.9067981630000759,
    0.912857884999994,
    0.9089467660000992,
    0.9166208940000615,
    0.9497562270000799,
    0.8905139790001613
  ]
}