{
  "prusti-tests/tests/verify/pass/rosetta/Knuth_shuffle.rs": [
    2.9969382340000266,
    0.40528849900010755,
    0.405434108999998,
    0.40090232100010326,
    0.397924231999923,
    0.4023073099999692,
    0.40724412300005497,
    0.39945672899989404,
    0.4009715260001485,
    0.404118925000148
  ],
  "prusti-tests/tests/verify/pass/demos/account.rs": [
    2.4634301759999744,
    0.1433206849999351,
    0.1380641519999699,
    0.14325748199985355,
    0.1398730670000532,
    0.14229822100014644,
    0.14313167300019813,
    0.1414465670000027,
    0.14151057000003675,
    0.14258493900001667
  ],
  "prusti-tests/tests/verify/pass/rosetta/Knights_tour.rs": [
    116.47080659500011,
    2.943490636999968,
    2.9489307859998917,
    2.9496342270001605,
    2.9421611210000265,
    2.945644542000082,
    2.961359917999971,
    2.959924588999911,
    2.952371109999831,
    2.9374857450000036
  ],
  "prusti-tests/tests/verify/pass/quick/fold-unfold.rs": [
    1.4347896149999997,
    0.10978315700003805,
    0.10904850999986593,
    0.10994576699999925,
    0.11414753300005032,
    0.11045739899986984,
    0.1094775369999752,
    0.11104483700000856,
    0.11066881200008538,
    0.11344488899999305
  ],
  "prusti-tests/tests/verify/pass/quick/moves.rs": [
    1.707349185999874,
    0.10602421800012962,
    0.10642164299997603,
    0.10716288999992685,
    0.10206046700000115,
    0.10507845799997995,
    0.10275861100012662,
    0.10541488000012578,
    0.102174573999946,
    0.10419030200000634
  ],
  "prusti-tests/tests/verify/pass/quick/mut-borrows.rs": [
    3.446521246999964,
    0.18108138699994925,
    0.18235126700005821,
    0.17506320500001493,
    0.18025803400018958,
    0.18105168400006733,
    0.17565754199995354,
    0.18003761899990423,
    0.17967099599991343,
    0.17622787899995274
  ],
  "prusti-tests/tests/verify/pass/quick/shared-borrows.rs": [
    2.107065852000005,
    0.10344476099999156,
    0.10300123399997574,
    0.10545818900004633,
    0.10267421300000024,
    0.10280652099982035,
    0.10520647399994232,
    0.10252180299994507,
    0.10453303099984623,
    0.10345336199998201
  ],
  "prusti-tests/tests/verify/pass/quick/trait-contracts-refinement.rs": [
    1.87360790799994,
    0.15352893300018877,
    0.153379422999933,
    0.15562706600007914,
    0.15319231099988428,
    0.15278158499995698,
    0.15261927500000638,
    0.15681354100001954,
    0.1532490140000391,
    0.15428578099999868
  ],
  "prusti-tests/tests/verify/pass/quick/routes.rs": [
    5.704015985000069,
    0.3983186810000916,
    0.3937445910000861,
    0.3959707320000234,
    0.3935841800000617,
    0.39004085600004146,
    0.392331201999923,
    0.38937671300004695,
    0.3947308530000555,
    0.3939802059999238
  ],
  "prusti-tests/tests/verify/pass/quick/fibonacci.rs": [
    0.4349553070001093,
    0.43084544599992114,
    0.4290186299999732,
    0.43698853499995494,
    0.42178416999990986,
    0.4335597179999695,
    0.42861360400002013,
    0.4176377070000399,
    0.4191295020000325,
    0.4224723139998332
  ],
  "prusti-tests/tests/verify/pass/pure-fn/len-lookup.rs": [
    4.038479737999978,
    0.24528365000014674,
    0.24042544200005977,
    0.24003641800004516,
    0.2387082330001249,
    0.24044214299988198,
    0.2415346119998958,
    0.23593075700000554,
    0.23834041000009165,
    0.24324412000009943
  ],
  "prusti-tests/tests/verify/pass/pure-fn/quantifiers.rs": [
    2.389188258000104,
    0.21733607400005894,
    0.21317291000013938,
    0.20889093899995714,
    0.2109649700000773,
    0.21400436299995818,
    0.20823779700003797,
    0.20797868099998595,
    0.21244856399994205,
    0.2119441329998608
  ],
  "prusti-tests/tests/verify/pass/pure-fn/recursive-pure-fn.rs": [
    2.1379982000000837,
    0.16740900999980113,
    0.1651213640000151,
    0.16634274199986976,
    0.16715709400000378,
    0.16687057600006483,
    0.16261490600004436,
    0.16218957900014175,
    0.1630494329999692,
    0.1639403899998797
  ],
  "prusti-tests/tests/verify/pass/pure-fn/ref-mut-arg.rs": [
    3.0694278690000374,
    0.2232824590000746,
    0.2153364559999318,
    0.21372945299981438,
    0.21335102900002312,
    0.21197814199990717,
    0.2197529359998498,
    0.21422928600009072,
    0.21565307600008055,
    0.2179834230000779
  ],
  "prusti-tests/tests/verify/pass/rosetta/Ackermann_function.rs": [
    2.158955411000079,
    0.2593873490000078,
    0.2624485429998913,
    0.25771424300000945,
    0.26120066399994357,
    0.2804406840000411,
    0.26737255599982745,
    0.25699209799995515,
    0.2605374219999703,
    0.2570581019999736
  ],
  "prusti-tests/tests/verify/pass/rosetta/Heapsort.rs": [
    11.80219509099993,
    1.2162472800000614,
    1.21221662500011,
    1.2124498389998735,
    1.211405270999876,
    1.223562420999997,
    1.2086612770001466,
    1.2096378390001519,
    1.2207683439999073,
    1.218572303999963
  ]
}