{
  "prusti-tests/tests/verify/pass/rosetta/Knuth_shuffle.rs": [
    2.967735879999964,
    0.34256817299990416,
    0.3397962720000578,
    0.338990572000057,
    0.34092317300007835,
    0.34084777199996097,
    0.3393490720000045,
    0.33984517199996844,
    0.3174224670000285,
    0.3379263719999699
  ],
  "prusti-tests/tests/verify/pass/demos/account.rs": [
    2.303653590000067,
    0.1376847290000569,
    0.13907762899998488,
    0.13618522900003427,
    0.1305625280000413,
    0.13138282800002798,
    0.13600012900008096,
    0.1364522289999286,
    0.13642152900001747,
    0.13585312899999735
  ],
  "prusti-tests/tests/verify/pass/rosetta/Knights_tour.rs": [
    122.2362459310001,
    2.2543508210000027,
    2.2465559740001027,
    2.25500256600003,
    2.245160300000066,
    2.2541236519999757,
    2.244714798000018,
    2.2378526979999833,
    2.232757113000048,
    2.234738423999943
  ],
  "prusti-tests/tests/verify/pass/quick/fold-unfold.rs": [
    1.355491657000016,
    0.10781851000001552,
    0.10655410199990456,
    0.10887001500009319,
    0.10847101299998485,
    0.10710200500000155,
    0.10666960200001085,
    0.10696570400000383,
    0.10774360899995372,
    0.10526099499998054
  ],
  "prusti-tests/tests/verify/pass/quick/moves.rs": [
    1.581196771000009,
    0.10450749300002826,
    0.10300458399990475,
    0.10427619100005359,
    0.10302558499995484,
    0.10379938899995977,
    0.10286688300004698,
    0.1039162890000398,
    0.10530749700001252,
    0.10263058199996067
  ],
  "prusti-tests/tests/verify/pass/quick/mut-borrows.rs": [
    3.0366681300000664,
    0.1627894229999356,
    0.16244112100002894,
    0.1624910219999265,
    0.16302332500004013,
    0.16377272900001572,
    0.16429103199993733,
    0.16306392499996036,
    0.16313562599998477,
    0.16322622600000614
  ],
  "prusti-tests/tests/verify/pass/quick/shared-borrows.rs": [
    1.9141980749999448,
    0.10099177500001133,
    0.099927168000022,
    0.09949456600008943,
    0.10088677400005963,
    0.10119497599998795,
    0.10144217699996716,
    0.10109467500001301,
    0.10165397900004791,
    0.09988566900005935
  ],
  "prusti-tests/tests/verify/pass/quick/trait-contracts-refinement.rs": [
    1.7040697959999989,
    0.1421953090000443,
    0.14411072000007152,
    0.14350131700007296,
    0.14181210699996427,
    0.14302831399993465,
    0.1449265239999704,
    0.14408371999991232,
    0.14470692300005794,
    0.14362211700006355
  ],
  "prusti-tests/tests/verify/pass/quick/routes.rs": [
    5.556662273000029,
    0.34631799400006,
    0.3445123840000406,
    0.35071871900004226,
    0.34666219600001114,
    0.34836160600002586,
    0.3462728939999806,
    0.3486489070000971,
    0.3440260810000382,
    0.3465449949999311
  ],
  "prusti-tests/tests/verify/pass/quick/fibonacci.rs": [
    0.3651063019999583,
    0.36734201500007657,
    0.3692819259999851,
    0.36463219999996,
    0.36438039799998023,
    0.36596520699993107,
    0.3630432899999505,
    0.36250148999999965,
    0.36667201400007343,
    0.36662121300003037
  ],
  "prusti-tests/tests/verify/pass/pure-fn/len-lookup.rs": [
    3.755915848000086,
    0.22479599499990854,
    0.22315388599997732,
    0.22191157899999325,
    0.2214666769999667,
    0.22559460000002218,
    0.2242684929999541,
    0.22547450000001845,
    0.22353828899997552,
    0.2223862820000022
  ],
  "prusti-tests/tests/verify/pass/pure-fn/quantifiers.rs": [
    2.2918604599999526,
    0.20978940099996635,
    0.20028694600000563,
    0.1961459220000279,
    0.19514981599991188,
    0.19527691700000105,
    0.1957020190000094,
    0.1966288240000722,
    0.2004580469999837,
    0.19736552899996695
  ],
  "prusti-tests/tests/verify/pass/pure-fn/recursive-pure-fn.rs": [
    2.013702018999993,
    0.15323547599996346,
    0.15546288899997762,
    0.1558848910000279,
    0.15732470000000376,
    0.15612069400003747,
    0.15418918199998188,
    0.15228147100003753,
    0.15346117800004322,
    0.1532150760000377
  ],
  "prusti-tests/tests/verify/pass/pure-fn/ref-mut-arg.rs": [
    3.008314822999978,
    0.1889673829999765,
    0.18891118299995924,
    0.1910444950000283,
    0.1885125800000651,
    0.19023099000003185,
    0.1891438840000319,
    0.18973508800002037,
    0.19042349200003628,
    0.19057509200001732
  ],
  "prusti-tests/tests/verify/pass/rosetta/Ackermann_function.rs": [
    1.9734458099999301,
    0.22701310100001137,
    0.22385268300001826,
    0.22719680199998038,
    0.22498039000004155,
    0.22477268900001945,
    0.22611299599998347,
    0.22738860300000852,
    0.22733380300007866,
    0.2248589890000403
  ],
  "prusti-tests/tests/verify/pass/rosetta/Heapsort.rs": [
    10.163976471999945,
    0.9556894219999776,
    0.9585777379999172,
    0.9570063290000235,
    0.9557158220000019,
    0.9572766310000134,
    0.9567154269999492,
    0.9550562179999815,
    0.9526547579999942,
    0.9592942040000025
  ]
}