{
  "prusti-tests/tests/verify/pass/rosetta/Knuth_shuffle.rs": [
    2.516779284999984,
    0.3365428409999822,
    0.33657704099994135,
    0.3369417379999504,
    0.3355807520000553,
    0.3365205420000166,
    0.33724023499996747,
    0.3359927469999775,
    0.3355201520000719,
    0.33549915200001124
  ],
  "prusti-tests/tests/verify/pass/demos/account.rs": [
    2.0930749499999592,
    0.12104519399997571,
    0.11682314300003327,
    0.11702454099997794,
    0.11788323100006437,
    0.11710893999998007,
    0.1169769409999617,
    0.11755663500002811,
    0.11839672500002507,
    0.1171133400000599
  ],
  "prusti-tests/tests/verify/pass/rosetta/Knights_tour.rs": [
    87.35589292599991,
    2.4905466320000187,
    2.4876056670000253,
    2.4908933090000573,
    2.4875109770000563,
    2.49011804700001,
    2.4873128799999904,
    2.4886807829999498,
    2.488935779999906,
    2.4895386730000837
  ],
  "prusti-tests/tests/verify/pass/quick/fold-unfold.rs": [
    1.1683679809999603,
    0.08750776500005486,
    0.08694647100003294,
    0.08659147600008055,
    0.08523069100010616,
    0.08652697599995918,
    0.08669457399992098,
    0.08609478100004253,
    0.08643857699996715,
    0.085568588000001
  ],
  "prusti-tests/tests/verify/pass/quick/moves.rs": [
    1.40426048300003,
    0.0896425390000104,
    0.08224782699994648,
    0.08246502399993005,
    0.08355671100002837,
    0.08308421699996416,
    0.08217802800004392,
    0.08184183100001974,
    0.08289941900000031,
    0.08144103600000108
  ],
  "prusti-tests/tests/verify/pass/quick/mut-borrows.rs": [
    2.7483309780000127,
    0.14886543800002983,
    0.14692926199995782,
    0.14717915799997172,
    0.14858414200000425,
    0.14804344900005617,
    0.14745675500000743,
    0.14951223100001698,
    0.14762915300002533,
    0.14771985199990922
  ],
  "prusti-tests/tests/verify/pass/quick/shared-borrows.rs": [
    1.706467857000007,
    0.08329861799995797,
    0.08215253100001974,
    0.08240192799996748,
    0.08288892300004136,
    0.08235322799998812,
    0.08354321400008757,
    0.08297982199997023,
    0.08361881299993001,
    0.083032419999995
  ],
  "prusti-tests/tests/verify/pass/quick/trait-contracts-refinement.rs": [
    1.6304714670000067,
    0.13045886200006862,
    0.13032616200007396,
    0.130169864000095,
    0.13030506300003708,
    0.13105735400006324,
    0.1300304659999938,
    0.13024286400002438,
    0.13027376299999105,
    0.12999576600009277
  ],
  "prusti-tests/tests/verify/pass/quick/routes.rs": [
    4.937366276000034,
    0.33681877799995164,
    0.3360049870000239,
    0.3362795840000672,
    0.33442030500009423,
    0.3355111930000021,
    0.33634058299992375,
    0.33622718399999485,
    0.3361962850000282,
    0.33511189700004707
  ],
  "prusti-tests/tests/verify/pass/quick/fibonacci.rs": [
    0.3620843909999394,
    0.3616712960000541,
    0.3591162239999903,
    0.366111745000012,
    0.3607507069999656,
    0.3617348950000405,
    0.36068530699992607,
    0.36060200800000075,
    0.3610714310000276,
    0.36416288400005214
  ],
  "prusti-tests/tests/verify/pass/pure-fn/len-lookup.rs": [
    3.406334328000071,
    0.2082378030000882,
    0.20511453699998583,
    0.20431894600005762,
    0.20626252500005648,
    0.20716751500003738,
    0.20520023599999604,
    0.20514743700005056,
    0.20390615099995557,
    0.2085736999999881
  ],
  "prusti-tests/tests/verify/pass/pure-fn/quantifiers.rs": [
    2.0622830529999874,
    0.1899536050000279,
    0.18201293100003113,
    0.17861455100000967,
    0.17800735900004838,
    0.1788719480000509,
    0.17990493699994659,
    0.1786880500000052,
    0.1791708439999411,
    0.18018403300004593
  ],
  "prusti-tests/tests/verify/pass/pure-fn/recursive-pure-fn.rs": [
    1.775046538999959,
    0.1383422139999766,
    0.13918370299995786,
    0.13656453300006888,
    0.13662073299997246,
    0.13647443499996825,
    0.13660783299997092,
    0.1366469329999518,
    0.13584654199996749,
    0.13599464000003536
  ],
  "prusti-tests/tests/verify/pass/pure-fn/ref-mut-arg.rs": [
    2.750944145999938,
    0.17841325299991695,
    0.17783486000007542,
    0.17658787499999562,
    0.1790336459999935,
    0.17828263199999128,
    0.17668065999998817,
    0.1779499479999913,
    0.17853434200003448,
    0.17740805300002194
  ],
  "prusti-tests/tests/verify/pass/rosetta/Ackermann_function.rs": [
    1.7822308540000904,
    0.22112144700008685,
    0.22138074500003313,
    0.22006705699993745,
    0.21992505799994433,
    0.21978265899997496,
    0.22000605699997777,
    0.2206724509999276,
    0.22019615599992903,
    0.21993155899997419
  ],
  "prusti-tests/tests/verify/pass/rosetta/Heapsort.rs": [
    9.673425543000008,
    1.0315745990000096,
    1.0354233489999842,
    1.03110051200008,
    1.0338032839999869,
    1.0294194309999511,
    1.0393535249999104,
    1.0303391209999972,
    1.0305828179999708,
    1.0340830599999435
  ]
}