{
  "prusti-tests/tests/verify/pass/rosetta/Knuth_shuffle.rs": [
    3.130234919999907,
    0.37037922099989373,
    0.36427790799996274,
    0.3704407220000121,
    0.3749072040000101,
    0.3699622129998943,
    0.3789753790000532,
    0.36637394700005643,
    0.36046363799994197,
    0.36990381199996136
  ],
  "prusti-tests/tests/verify/pass/demos/account.rs": [
    2.4583948749999536,
    0.14593858700004603,
    0.14313103599999977,
    0.14663400000006277,
    0.1434630420000076,
    0.1454836800000976,
    0.14457106300005762,
    0.14255212500006564,
    0.14684270400005062,
    0.1467819030000328
  ],
  "prusti-tests/tests/verify/pass/rosetta/Knights_tour.rs": [
    115.04911646699998,
    2.507482890999995,
    2.529577088999986,
    2.545679420000056,
    2.572451229999956,
    2.5341147100001535,
    2.5561812309999823,
    2.5335542870000154,
    2.534686807999833,
    2.5469013580000137
  ],
  "prusti-tests/tests/verify/pass/quick/fold-unfold.rs": [
    1.5161992250000367,
    0.11787770900014038,
    0.11651388400014184,
    0.11539436299995032,
    0.11184569700003522,
    0.11155329100006384,
    0.11280871500002831,
    0.11462684899993292,
    0.11277201400002923,
    0.11126608600011423
  ],
  "prusti-tests/tests/verify/pass/quick/moves.rs": [
    1.7816957009999896,
    0.10538677599993207,
    0.10881193999989591,
    0.10940755100000388,
    0.10703570700002274,
    0.10879423899996254,
    0.10796842399986417,
    0.1175588040000548,
    0.10879043999989335,
    0.1047432640000352
  ],
  "prusti-tests/tests/verify/pass/quick/mut-borrows.rs": [
    3.518683665999788,
    0.1753732370000307,
    0.16796507000003658,
    0.17068863100007547,
    0.17248137199999292,
    0.17299388300011742,
    0.18006894200016177,
    0.17448481699989316,
    0.1743095120000362,
    0.17994183899986638
  ],
  "prusti-tests/tests/verify/pass/quick/shared-borrows.rs": [
    2.232743818000017,
    0.10711940400005915,
    0.1027422629999819,
    0.10442501700003959,
    0.10946981000006417,
    0.10445751799989011,
    0.10435191600004146,
    0.10413391099996261,
    0.10233407900000202,
    0.1011989580001682
  ],
  "prusti-tests/tests/verify/pass/quick/trait-contracts-refinement.rs": [
    1.877876100000094,
    0.15329025200003343,
    0.15431747100001303,
    0.15455987499990442,
    0.15179432300010376,
    0.154726078000067,
    0.1534015540000837,
    0.15173452199996973,
    0.15272074099993915,
    0.1532177500000671
  ],
  "prusti-tests/tests/verify/pass/quick/routes.rs": [
    6.191106252000054,
    0.3828051000000414,
    0.3734332159999667,
    0.3931060009999783,
    0.3878862990000016,
    0.37466853999990235,
    0.38595656100005726,
    0.3845552329999009,
    0.3832834089998869,
    0.38332411000010325
  ],
  "prusti-tests/tests/verify/pass/quick/fibonacci.rs": [
    0.39207908100001987,
    0.39417762300013237,
    0.3931579029999739,
    0.3963175650001176,
    0.4078002890000789,
    0.4077833889998601,
    0.408978912000066,
    0.39982723299999634,
    0.39840800499996476,
    0.39925182199999654
  ],
  "prusti-tests/tests/verify/pass/pure-fn/len-lookup.rs": [
    4.268413001999988,
    0.242122849999987,
    0.2373766649998288,
    0.23764506999987134,
    0.23583323799994105,
    0.24102793099996234,
    0.234109005999926,
    0.24961438499985888,
    0.23716506100004153,
    0.236435247999907
  ],
  "prusti-tests/tests/verify/pass/pure-fn/quantifiers.rs": [
    2.584072408999873,
    0.21708933600007185,
    0.20995740300008947,
    0.21216314399998737,
    0.21418998100011777,
    0.2117426349998368,
    0.20704144800015456,
    0.20976669900005618,
    0.20969719699996858,
    0.21715113599998404
  ],
  "prusti-tests/tests/verify/pass/pure-fn/recursive-pure-fn.rs": [
    2.266556430000037,
    0.16004527500012955,
    0.15995967399999245,
    0.15927996100003838,
    0.15656060999981491,
    0.15911165700003949,
    0.162454420000131,
    0.162295616999927,
    0.15932516200018654,
    0.16202861200008556
  ],
  "prusti-tests/tests/verify/pass/pure-fn/ref-mut-arg.rs": [
    3.3961556950000613,
    0.20295943200017064,
    0.21693019600002117,
    0.2091395489999286,
    0.20044358499990267,
    0.19782333500006644,
    0.1985243479998644,
    0.19977457199979654,
    0.20182561000001442,
    0.1975019290000546
  ],
  "prusti-tests/tests/verify/pass/rosetta/Ackermann_function.rs": [
    2.290759653000123,
    0.24695656299991242,
    0.24697846399999435,
    0.24069034500007547,
    0.23805459500022152,
    0.24426361199994062,
    0.2391030139999657,
    0.24179036500004258,
    0.2403638379998938,
    0.23561010600019472
  ],
  "prusti-tests/tests/verify/pass/rosetta/Heapsort.rs": [
    11.521590309000203,
    1.080242576999808,
    1.0745237720000205,
    1.0832028309998805,
    1.0794392629998129,
    1.0826630479998585,
    1.0655162329999257,
    1.0780506639998748,
    1.086037610999938,
    1.0761925299998438
  ]
}