{
  "prusti-tests/tests/verify/pass/rosetta/Knuth_shuffle.rs": [
    2.1777612120001777,
    2.0140825060000225,
    1.939263229000062,
    1.8901272129999143,
    1.8636825440000848,
    1.8846378189998632,
    1.8778130440000496,
    1.8758505680000326,
    1.8857054860000062,
    1.873976698999968
  ],
  "prusti-tests/tests/verify/pass/demos/account.rs": [
    1.714045834999979,
    1.715289298000016,
    1.6996331140001075,
    1.7064749080000183,
    1.6783280310000919,
    1.6836937870000384,
    1.7022942019998482,
    1.7064977959998942,
    1.6701641470001505,
    1.6882837779999136
  ],
  "prusti-tests/tests/verify/pass/rosetta/Knights_tour.rs": [
    98.4593625,
    97.78931248000004,
    98.99348013200006,
    97.93351495899992,
    97.45964318799997,
    101.40563274500005,
    96.21946389300001,
    99.28904552900008,
    98.58454723499972,
    97.16594951300021
  ],
  "prusti-tests/tests/verify/pass/quick/fold-unfold.rs": [
    1.1635109900003044,
    1.1687236840002697,
    1.1571951380001337,
    1.1495860630002426,
    1.1574932529997568,
    1.162409248000131,
    1.1505289609999636,
    1.1530835590001516,
    1.1686059399999067,
    1.1560367420001967
  ],
  "prusti-tests/tests/verify/pass/quick/moves.rs": [
    1.3804661250001118,
    1.387229916999786,
    1.3886580160001358,
    1.3867725170002814,
    1.3886310159996356,
    1.3855855580000025,
    1.37920235699994,
    1.3853563500001655,
    1.3858598490000986,
    1.3874547469999925
  ],
  "prusti-tests/tests/verify/pass/quick/mut-borrows.rs": [
    2.6737787450001633,
    2.6619249039999886,
    2.692668967999907,
    2.691529762999835,
    2.6733725799999775,
    2.6864223649999985,
    2.681973667999955,
    2.682782164999935,
    2.676935672000127,
    2.6798627650000526
  ],
  "prusti-tests/tests/verify/pass/quick/shared-borrows.rs": [
    1.7208268859999407,
    1.7147665929996947,
    1.717098588999761,
    1.7178956889997608,
    1.7158996910002315,
    1.715431092000017,
    1.7109919969998373,
    1.7184088889998748,
    1.7180756899997505,
    1.7080501039999945
  ],
  "prusti-tests/tests/verify/pass/quick/trait-contracts-refinement.rs": [
    1.5629771730000357,
    1.5650871709999592,
    1.5271823140001288,
    1.5220687229998475,
    1.5271234189999632,
    1.527180719000171,
    1.5284195169997474,
    1.5373045070000444,
    1.5356004139998731,
    1.528916732000198
  ],
  "prusti-tests/tests/verify/pass/quick/routes.rs": [
    4.442806363999807,
    4.193582117999995,
    4.095754568000302,
    4.044549995000125,
    4.052330764000089,
    4.047926768999787,
    4.0404885339999055,
    4.070627585999773,
    4.040004276000218,
    4.02727965799977
  ],
  "prusti-tests/tests/verify/pass/quick/fibonacci.rs": [
    5.097468478999872,
    5.130629943000258,
    5.123896433000027,
    5.109856996999952,
    5.114087084999937,
    5.091355321999799,
    5.091991098000108,
    5.079143815999942,
    5.103297942000154,
    5.127566509999724
  ],
  "prusti-tests/tests/verify/pass/pure-fn/len-lookup.rs": [
    2.995912843000042,
    2.9840323319999698,
    2.9757407590000184,
    2.9714179720003813,
    2.989719461000277,
    2.975144673000159,
    2.9730255919998854,
    2.9953176430003623,
    2.9758598860003076,
    2.979785140000331
  ],
  "prusti-tests/tests/verify/pass/pure-fn/quantifiers.rs": [
    1.8633664369999678,
    1.8790143220003301,
    1.8581170279999242,
    1.8547194600000694,
    1.876176141999622,
    1.853315362000103,
    1.8513449179999952,
    1.8460693890001494,
    1.8507325850000598,
    1.8567169799998737
  ],
  "prusti-tests/tests/verify/pass/pure-fn/recursive-pure-fn.rs": [
    1.6678475929998058,
    1.673355267000261,
    1.6483688879998226,
    1.6622595759999967,
    1.6612140769998405,
    1.6643445710001288,
    1.6463396720000674,
    1.6668764539999756,
    1.6549190649998309,
    1.6550665649997427
  ],
  "prusti-tests/tests/verify/pass/pure-fn/ref-mut-arg.rs": [
    2.4462966850001067,
    2.425604908999958,
    2.4093966219998038,
    2.425570031999996,
    2.41748283600009,
    2.4153596379996998,
    2.4175267700002223,
    2.4145462589999624,
    2.4096456519996536,
    2.4204098420000264
  ],
  "prusti-tests/tests/verify/pass/rosetta/Ackermann_function.rs": [
    1.7313945109999622,
    1.7037249330001032,
    1.707007529999828,
    1.6954188409999915,
    1.6985727370001769,
    1.7237034039999344,
    1.7025413199999093,
    1.700777021000249,
    1.7107113120000577,
    1.704611123000177
  ],
  "prusti-tests/tests/verify/pass/rosetta/Heapsort.rs": [
    9.519587758999933,
    9.472680376000426,
    9.439688534999732,
    9.45291896200024,
    9.466101045999949,
    9.4615645519998,
    9.408579803000066,
    9.437050390999957,
    9.471768288000021,
    9.414470103999975
  ]
}