{
  "prusti-tests/tests/verify/pass/rosetta/Knuth_shuffle.rs": [
    2.675669384999992,
    2.1631805209999584,
    2.0699115129999655,
    2.4339364290000276,
    2.1585268370000676,
    2.2061212309999974,
    2.1212627110000994,
    2.103497135999987,
    2.003762130000041,
    2.200380343000006
  ],
  "prusti-tests/tests/verify/pass/demos/account.rs": [
    2.042040060999966,
    1.9267985079999335,
    2.1580382129999407,
    2.106844333999902,
    1.8809527720000006,
    1.9563090939999483,
    2.0759361069999613,
    2.254204198000025,
    1.987437061000037,
    2.1501868080000577
  ],
  "prusti-tests/tests/verify/pass/rosetta/Knights_tour.rs": [
    114.92550826299998,
    113.07619535699996,
    120.501787853,
    112.15256121900006,
    114.72006197399992,
    117.14492888900008,
    121.28907845999993,
    118.47773654499997,
    116.53492129199981,
    115.93568297699994
  ],
  "prusti-tests/tests/verify/pass/quick/fold-unfold.rs": [
    1.2721397129998877,
    1.2861331670001164,
    1.2242628629999217,
    1.2296729380000215,
    1.217055511000126,
    1.216117553999993,
    1.160781899000085,
    1.1765339989999575,
    1.2171602869998424,
    1.1857547919998979
  ],
  "prusti-tests/tests/verify/pass/quick/moves.rs": [
    1.5136411870000757,
    1.6042065449998972,
    1.6541730059998372,
    1.6492972510000072,
    1.496482419999893,
    1.4361141110000517,
    1.434878167000079,
    1.4082870239999465,
    1.4172659089999797,
    1.4313820550000855
  ],
  "prusti-tests/tests/verify/pass/quick/mut-borrows.rs": [
    2.9612035220000053,
    2.8593115950000083,
    2.922896506000143,
    2.8431030819999705,
    2.879277125000044,
    3.0100527590000183,
    3.3764811019998433,
    3.5078642280000167,
    3.1407153130001007,
    3.460692669000082
  ],
  "prusti-tests/tests/verify/pass/quick/shared-borrows.rs": [
    2.2850860489998013,
    2.0092519339996215,
    1.8068114250004328,
    1.8144471669997984,
    1.8428776639998432,
    1.751261871999759,
    1.82741245599982,
    1.7747790920002444,
    1.9780710050004018,
    2.1961677859999327
  ],
  "prusti-tests/tests/verify/pass/quick/trait-contracts-refinement.rs": [
    1.8684054960003778,
    1.924915200000214,
    1.7893908199998805,
    1.7610817249997126,
    1.6116636070000823,
    1.6335536009996758,
    1.49909055299986,
    1.4950886270003139,
    1.513146697999673,
    1.5731695899999067
  ],
  "prusti-tests/tests/verify/pass/quick/routes.rs": [
    4.940561746000185,
    4.938821453999935,
    4.782348903000184,
    4.852885013000105,
    4.978175050000118,
    5.086650785999609,
    5.938001593999616,
    6.2495181629997205,
    5.436641241999951,
    5.106538553000064
  ],
  "prusti-tests/tests/verify/pass/quick/fibonacci.rs": [
    6.47587644899977,
    6.625124629999846,
    6.727208095999686,
    6.890269583999725,
    6.8445662650001395,
    6.675673497999924,
    6.472383924000042,
    6.656476270999974,
    6.71153915900004,
    6.716711984000085
  ],
  "prusti-tests/tests/verify/pass/pure-fn/len-lookup.rs": [
    3.9099883270000646,
    4.001459228000385,
    3.9808097869999983,
    3.9467878750001546,
    3.9547450549998757,
    3.874050466999961,
    3.7981106600000203,
    3.7441335460002847,
    3.726308742999663,
    3.6440412269998887
  ],
  "prusti-tests/tests/verify/pass/pure-fn/quantifiers.rs": [
    2.359709710000061,
    2.2894513060000463,
    2.5461665610000637,
    2.6337233419999393,
    2.270130459000029,
    2.202723207999952,
    2.28100939199976,
    2.2515947540000525,
    2.234145077999983,
    2.666407592000269
  ],
  "prusti-tests/tests/verify/pass/pure-fn/recursive-pure-fn.rs": [
    2.2496885720001956,
    1.9957792879999943,
    2.0647966010001255,
    2.0388395760001004,
    2.0574108659998274,
    2.1617856230000143,
    2.0327585190002537,
    2.1490540099998725,
    2.1271861149998585,
    2.06963346800012
  ],
  "prusti-tests/tests/verify/pass/pure-fn/ref-mut-arg.rs": [
    3.14573811199989,
    2.9453517510000893,
    3.1294407749996935,
    3.356210068999644,
    3.0302072199997383,
    3.0690272459996777,
    3.0253034590000425,
    3.096340097999928,
    3.1769891550002285,
    3.0376451319998523
  ],
  "prusti-tests/tests/verify/pass/rosetta/Ackermann_function.rs": [
    1.9768163869998716,
    1.9627630409995618,
    2.005560697999954,
    2.011977001000105,
    2.2347732649996033,
    2.192818635000094,
    1.9517520900003547,
    1.9976272439998866,
    2.0308302970001932,
    1.8920694970001932
  ],
  "prusti-tests/tests/verify/pass/rosetta/Heapsort.rs": [
    10.141146261999893,
    10.48590017100014,
    10.157920801999808,
    10.185662643999876,
    11.399525859999812,
    10.958465719999822,
    11.457871490999878,
    11.327288077000048,
    11.12171596600001,
    11.588553242000216
  ]
}