{
  "prusti-tests/tests/verify/pass/rosetta/Knuth_shuffle.rs": [
    2.345202186999927,
    2.1043647479999663,
    2.102483635999988,
    1.9920211289999088,
    2.0011203850000356,
    1.980111850999947,
    1.9936430370000835,
    2.0223033170000235,
    1.9249991860000364,
    1.965003642000056
  ],
  "prusti-tests/tests/verify/pass/demos/account.rs": [
    1.8179868030000534,
    1.8433238650000021,
    1.8494272069999624,
    1.8534155329999749,
    1.8586854659999972,
    1.8539462359999561,
    1.819949399000052,
    1.860761450000041,
    1.8461050559999421,
    1.854015206999975
  ],
  "prusti-tests/tests/verify/pass/rosetta/Knights_tour.rs": [
    102.17491904999997,
    100.95837395900003,
    101.68029157899991,
    100.894660853,
    101.28100627399999,
    101.22267857199995,
    98.15551084999993,
    99.7460442019999,
    99.97647294499984,
    100.59978264799997
  ],
  "prusti-tests/tests/verify/pass/quick/fold-unfold.rs": [
    1.1945383529998708,
    1.231877084999951,
    1.2073148329998276,
    1.203690836000078,
    1.221245048000128,
    1.2040914399999565,
    1.2088218700000652,
    1.209415872999898,
    1.2157425129998956,
    1.204527963000146
  ],
  "prusti-tests/tests/verify/pass/quick/moves.rs": [
    1.4802716770000188,
    1.4591848319998917,
    1.469048599999951,
    1.4822172910000972,
    1.459408933999839,
    1.4772887930000707,
    1.4569435949999843,
    1.4621384270001272,
    1.463902237999946,
    1.4671699589998752
  ],
  "prusti-tests/tests/verify/pass/quick/mut-borrows.rs": [
    2.9371726009999293,
    2.891166889999795,
    2.892846101000032,
    2.886538599000005,
    2.9119585159999133,
    2.8954946290000407,
    2.892589414999975,
    2.8820577960000264,
    2.8865221420001035,
    2.8761715019998064
  ],
  "prusti-tests/tests/verify/pass/quick/shared-borrows.rs": [
    1.827854428000137,
    1.8332804689998738,
    1.8295469369998045,
    1.8337602479998623,
    1.8209246609999354,
    1.8327139410000655,
    1.837188556000001,
    1.8537056919999486,
    1.832421553000131,
    1.8238621969999258
  ],
  "prusti-tests/tests/verify/pass/quick/trait-contracts-refinement.rs": [
    1.5654302969999208,
    1.5521601230000215,
    1.5578340170000047,
    1.5366930829998182,
    1.5307198450000215,
    1.5364732820000881,
    1.5424183449999873,
    1.5387952229998518,
    1.5432505400001446,
    1.545315440000195
  ],
  "prusti-tests/tests/verify/pass/quick/routes.rs": [
    4.955640112000083,
    4.806029426000123,
    4.5510127750001175,
    4.640938903999995,
    4.554614645999891,
    4.606993258000102,
    4.580005768000092,
    4.662713688999929,
    4.530980553000063,
    4.6110023849998925
  ],
  "prusti-tests/tests/verify/pass/quick/fibonacci.rs": [
    5.946200518000069,
    5.928837682999983,
    5.892636934999928,
    5.9019594869998855,
    5.8877455880001435,
    5.9247630509999,
    5.844023741999763,
    5.895851327999935,
    5.914851400999851,
    5.856601989999945
  ],
  "prusti-tests/tests/verify/pass/pure-fn/len-lookup.rs": [
    3.392421318000288,
    3.4074740729997757,
    3.3611641590000545,
    3.3536065240000426,
    3.4062717599999814,
    3.3857347640000626,
    3.3766577070000494,
    3.4259582040003806,
    3.376060472000063,
    3.378658240999812
  ],
  "prusti-tests/tests/verify/pass/pure-fn/quantifiers.rs": [
    2.130333655999948,
    2.136338773999796,
    2.117930102000173,
    2.08931957599998,
    2.095352938999895,
    2.0855510749997848,
    2.1027607880000687,
    2.093089551999583,
    2.1040701540000555,
    2.1003439289997914
  ],
  "prusti-tests/tests/verify/pass/pure-fn/recursive-pure-fn.rs": [
    1.8617739900000743,
    1.8417228839998643,
    1.841849639999964,
    1.8421046419998675,
    1.8754829310000787,
    1.8420970339998348,
    1.8381067010000152,
    1.836545888999808,
    1.877634172999933,
    1.8414122770000176
  ],
  "prusti-tests/tests/verify/pass/pure-fn/ref-mut-arg.rs": [
    2.8245744890000424,
    2.741270357999838,
    2.726937171999907,
    2.8213430180003343,
    2.7344704339998316,
    2.7681260960002874,
    2.8354423799996766,
    2.770307154999955,
    2.7881427439997424,
    2.740727373000027
  ],
  "prusti-tests/tests/verify/pass/rosetta/Ackermann_function.rs": [
    1.85305263500004,
    1.832030861000021,
    1.8332780740001908,
    1.8397228930002711,
    1.837942471000133,
    1.840478001000065,
    1.8560330599998451,
    1.8506209960000888,
    1.8603966069999842,
    1.850423193000097
  ],
  "prusti-tests/tests/verify/pass/rosetta/Heapsort.rs": [
    9.51645474399993,
    9.458850914000323,
    9.482343627999853,
    9.509928357999797,
    9.67500050200033,
    9.226526923000165,
    9.32170715600023,
    9.36733203499989,
    9.369085222999729,
    9.552011016000051
  ]
}