{
  "prusti-tests/tests/verify/pass/rosetta/Knuth_shuffle.rs": [
    2.401988696999979,
    0.34370980899996084,
    0.3386089450000327,
    0.3387169449999874,
    0.3386081459999559,
    0.3425697179999361,
    0.341055128999983,
    0.34283011599995916,
    0.34260431799998514,
    0.3392135410000492
  ],
  "prusti-tests/tests/verify/pass/demos/account.rs": [
    2.0673726239999723,
    0.12445763499999885,
    0.12260324800001854,
    0.12197465100007321,
    0.12132975600002283,
    0.1212075560000585,
    0.12116935699998521,
    0.12091785899997376,
    0.12086285899999893,
    0.12092045800000051
  ],
  "prusti-tests/tests/verify/pass/rosetta/Knights_tour.rs": [
    89.02111328800004,
    2.4903807070000994,
    2.4876822749999974,
    2.500861083000018,
    2.4935394189999442,
    2.4993421359999957,
    2.4991952509999464,
    2.487824864000004,
    2.4995319690000315,
    2.491800038000065
  ],
  "prusti-tests/tests/verify/pass/quick/fold-unfold.rs": [
    1.1821009579999782,
    0.09066154600009213,
    0.0900430529999312,
    0.08965565799996966,
    0.09012045299994043,
    0.09020665100001679,
    0.09176273299999593,
    0.09026675099994463,
    0.08984525500000018,
    0.09009785199998532
  ],
  "prusti-tests/tests/verify/pass/quick/moves.rs": [
    1.3975905529999864,
    0.0856254049999734,
    0.08464631599997574,
    0.08468681599993033,
    0.08436778400005096,
    0.08537869899998896,
    0.08659348300000147,
    0.08575839399998131,
    0.08612558899994838,
    0.0862748870000587
  ],
  "prusti-tests/tests/verify/pass/quick/mut-borrows.rs": [
    2.8042210680000608,
    0.1510768759999337,
    0.14968909499998517,
    0.1499197919999915,
    0.15104497599998012,
    0.15182748100005483,
    0.15213189299993246,
    0.15153450100001464,
    0.1518360960000109,
    0.15153580099990904
  ],
  "prusti-tests/tests/verify/pass/quick/shared-borrows.rs": [
    1.758116201000007,
    0.08898932499994316,
    0.08827913599998283,
    0.0847512809999671,
    0.08529427500002384,
    0.08481028099993182,
    0.08522437600004196,
    0.08715395000001536,
    0.08620036199999959,
    0.08530537399997229
  ],
  "prusti-tests/tests/verify/pass/quick/trait-contracts-refinement.rs": [
    1.6135865090000152,
    0.13053857700003846,
    0.13251895199994124,
    0.13232755399997131,
    0.1320939570000519,
    0.13084977400001208,
    0.1317707609999843,
    0.13087547300006008,
    0.13175746199999594,
    0.1321484559999817
  ],
  "prusti-tests/tests/verify/pass/quick/routes.rs": [
    5.005412502000013,
    0.3368989439999268,
    0.3398874079999814,
    0.33545376200004284,
    0.33839802600004987,
    0.3400395070000286,
    0.33840832600003523,
    0.3415674880000097,
    0.3399874120000277,
    0.33808708200001547
  ],
  "prusti-tests/tests/verify/pass/quick/fibonacci.rs": [
    0.36380293100000927,
    0.3646345190001057,
    0.36581840299993473,
    0.36475571699998,
    0.3659142010000096,
    0.3653838520000363,
    0.36841865100007,
    0.3658873849999509,
    0.3681212550000055,
    0.3674156640000774
  ],
  "prusti-tests/tests/verify/pass/pure-fn/len-lookup.rs": [
    3.4762124049999557,
    0.21272044199997708,
    0.2078977080000186,
    0.20629742899996018,
    0.2109587659999761,
    0.20680432200003906,
    0.20744801299997562,
    0.20904189199995926,
    0.20697211999993215,
    0.20773310999993555
  ],
  "prusti-tests/tests/verify/pass/pure-fn/quantifiers.rs": [
    2.082638346000067,
    0.18722202100002505,
    0.18378536000000167,
    0.1821361769999612,
    0.1827534710000691,
    0.18247547399994346,
    0.183116866999967,
    0.1845813500000304,
    0.18244237399994745,
    0.18247327400001723
  ],
  "prusti-tests/tests/verify/pass/pure-fn/recursive-pure-fn.rs": [
    1.7859485679999807,
    0.13917225400007283,
    0.1424802169999566,
    0.14090993500008153,
    0.1405316400000629,
    0.14372470399996473,
    0.1430806670000493,
    0.1410786180000514,
    0.14070272200001455,
    0.139335439999968
  ],
  "prusti-tests/tests/verify/pass/pure-fn/ref-mut-arg.rs": [
    2.758876578000013,
    0.18097425099995235,
    0.18290022700000463,
    0.18260723000003054,
    0.1791417749999482,
    0.18053015700002106,
    0.18237333299998681,
    0.1804333579999593,
    0.18219393599997602,
    0.1814284450000514
  ],
  "prusti-tests/tests/verify/pass/rosetta/Ackermann_function.rs": [
    1.8212536629999931,
    0.2247587829999702,
    0.22259171099995,
    0.22175132200004555,
    0.22264970999992784,
    0.22434558899999502,
    0.22239061300001595,
    0.22144112599994514,
    0.22395599300000413,
    0.22310880499992436
  ],
  "prusti-tests/tests/verify/pass/rosetta/Heapsort.rs": [
    9.798911548999968,
    1.0363926029999675,
    1.036992865000002,
    1.0368205670000634,
    1.0324402159999408,
    1.0325865140000587,
    1.0323986159999095,
    1.0378434900000002,
    1.0363367389999212,
    1.0328852339999912
  ]
}