{
  "prusti-tests/tests/verify/pass/rosetta/Knuth_shuffle.rs": [
    2.3284024370000225,
    2.016758686000003,
    1.9712298700001156,
    1.9359867919999942,
    1.9302274589999797,
    1.9595659379999688,
    1.9424824770001123,
    1.8848807110000507,
    1.9141512680000687,
    1.888437606000025
  ],
  "prusti-tests/tests/verify/pass/demos/account.rs": [
    1.6506789350000872,
    1.6743454820000352,
    1.6648609029998624,
    1.6609494150000046,
    1.6672062049999568,
    1.6538148350000483,
    1.6605238199999803,
    1.7006377299999258,
    1.6397843560000638,
    1.642405644000064
  ],
  "prusti-tests/tests/verify/pass/rosetta/Knights_tour.rs": [
    95.97003474799999,
    98.78538184100012,
    93.58184183100002,
    96.51805589399987,
    94.69593080300001,
    95.59067977899986,
    96.07855335299996,
    96.46449930500012,
    94.48433325700012,
    94.6242282369999
  ],
  "prusti-tests/tests/verify/pass/quick/fold-unfold.rs": [
    1.1048883520002164,
    1.094938681000258,
    1.0990814759998102,
    1.0951780849995885,
    1.0858132070002284,
    1.0918673930000296,
    1.100618872999803,
    1.086530004999986,
    1.0865442090002944,
    1.0929916060003961
  ],
  "prusti-tests/tests/verify/pass/quick/moves.rs": [
    1.3204789879996497,
    1.3194587899997714,
    1.317246695000449,
    1.3246079779996762,
    1.3203266880000228,
    1.3167666570002439,
    1.3176717530000133,
    1.318615950000094,
    1.3215199440001015,
    1.3209547460000977
  ],
  "prusti-tests/tests/verify/pass/quick/mut-borrows.rs": [
    2.6038599990001785,
    2.5929217819998485,
    2.6179215270003624,
    2.589828864000083,
    2.594585491000089,
    2.6074564630002897,
    2.5878802060001362,
    2.5763433659999464,
    2.5957345219999297,
    2.594359928999893
  ],
  "prusti-tests/tests/verify/pass/quick/shared-borrows.rs": [
    1.6509334729998955,
    1.6521758700000646,
    1.650539672999912,
    1.650294674000179,
    1.6595221540001148,
    1.651018073999694,
    1.648678278999796,
    1.663183146999927,
    1.6471980830001485,
    1.658201858999746
  ],
  "prusti-tests/tests/verify/pass/quick/trait-contracts-refinement.rs": [
    1.5551109919997543,
    1.4672382900002958,
    1.4569614130000446,
    1.4506346269999995,
    1.4437409429997388,
    1.45190282700014,
    1.446279339999819,
    1.4510757289999674,
    1.4391683559997546,
    1.429864677000296
  ],
  "prusti-tests/tests/verify/pass/quick/routes.rs": [
    4.513608617000045,
    4.254755729999943,
    4.15340431300001,
    4.16898079900011,
    4.136063484999795,
    4.1073758030001954,
    4.1370245489997615,
    4.118957979999777,
    4.106083989000126,
    4.130927122999765
  ],
  "prusti-tests/tests/verify/pass/quick/fibonacci.rs": [
    5.415095230000134,
    5.376415000999714,
    5.39371101100005,
    5.3770534209998,
    5.421034174999932,
    5.371419554000113,
    5.376445794000119,
    5.35696254100003,
    5.354356501999973,
    5.367515979000018
  ],
  "prusti-tests/tests/verify/pass/pure-fn/len-lookup.rs": [
    3.0552823559996796,
    3.058493499999713,
    3.060093849000168,
    3.0572307460001866,
    3.0559654490002686,
    3.0541642349999165,
    3.0726299359998848,
    3.0541617459998633,
    3.055735433999871,
    3.0620744510001714
  ],
  "prusti-tests/tests/verify/pass/pure-fn/quantifiers.rs": [
    1.866601251999782,
    1.8714444329998514,
    1.8637827699999434,
    1.8615629750001972,
    1.8473635059999651,
    1.8504842559996177,
    1.866380960999777,
    1.8472241029999168,
    1.8498842970002443,
    1.8663871810003911
  ],
  "prusti-tests/tests/verify/pass/pure-fn/recursive-pure-fn.rs": [
    1.62826766399985,
    1.6280298649999168,
    1.6277128649999213,
    1.6340604520000852,
    1.6282777350002107,
    1.6285501190000105,
    1.6299443159996372,
    1.6362249030003113,
    1.631081815000016,
    1.6318779170001108
  ],
  "prusti-tests/tests/verify/pass/pure-fn/ref-mut-arg.rs": [
    2.4111024209996685,
    2.3796507830002156,
    2.3999822430000677,
    2.403440475000025,
    2.3947390520002045,
    2.4043695310001567,
    2.412331518999963,
    2.400251747999846,
    2.4024096439998175,
    2.4029949850000776
  ],
  "prusti-tests/tests/verify/pass/rosetta/Ackermann_function.rs": [
    1.6306183149999924,
    1.578286919999755,
    1.5826023119998354,
    1.5892777979997845,
    1.583304372999919,
    1.5779956819997096,
    1.5784033810000437,
    1.5875760610001635,
    1.5891343580001376,
    1.5847794680003062
  ],
  "prusti-tests/tests/verify/pass/rosetta/Heapsort.rs": [
    10.530956264999986,
    10.428481184999782,
    10.393864747999942,
    10.346799809999993,
    10.413463717000013,
    10.385769006999908,
    10.380405043000337,
    10.374868628000058,
    10.411739156000294,
    10.365989066000111
  ]
}