{
  "prusti-tests/tests/verify/pass/rosetta/Knuth_shuffle.rs": [
    2.746885830999986,
    2.2434936700000208,
    2.100991596999961,
    2.1933324950000497,
    2.1056765030000406,
    1.9981038459999354,
    1.9380652460000647,
    1.962784923000072,
    1.8882816749999165,
    1.9061394310000424
  ],
  "prusti-tests/tests/verify/pass/demos/account.rs": [
    0.8213869839999006,
    0.8083940409999286,
    0.7510494529999505,
    0.8453121599999349,
    0.7486348439999801,
    0.8094282419999672,
    0.758868876000065,
    0.8135450539999738,
    0.7574085710000418,
    0.7627335880000601
  ]
}