{
  "prusti-tests/tests/verify/pass/rosetta/Knuth_shuffle.rs": [
    2.539954783999974,
    0.3424131720000787,
    0.3409055449999414,
    0.341432253999983,
    0.3417846609997923,
    0.34168545900001845,
    0.34177736099991307,
    0.3424548729999515,
    0.33985522599982687,
    0.34034673499991186
  ],
  "prusti-tests/tests/verify/pass/demos/account.rs": [
    2.1841640860000098,
    0.12517145800006801,
    0.12472544999991442,
    0.12432774300009442,
    0.1257167680000748,
    0.12446774499994717,
    0.12459314699981405,
    0.12487715199995364,
    0.1269123889999264,
    0.1241071379999994
  ],
  "prusti-tests/tests/verify/pass/rosetta/Knights_tour.rs": [
    90.68805987299993,
    2.5058103449998725,
    2.5035997849997784,
    2.508822410999983,
    2.5072813839999526,
    2.50989773099991,
    2.505864058000043,
    2.5020183879998967,
    2.5073600680000254,
    2.502657847999899
  ],
  "prusti-tests/tests/verify/pass/quick/fold-unfold.rs": [
    1.2442575970001144,
    0.0968781440001294,
    0.0956076209999992,
    0.09607553000000735,
    0.09714944899997136,
    0.09529741599999397,
    0.09667433999993591,
    0.09542441799999324,
    0.09712414799992075,
    0.09580562399992232
  ],
  "prusti-tests/tests/verify/pass/quick/moves.rs": [
    1.4475609559999612,
    0.0907859339999959,
    0.0898103170000013,
    0.0924759649999487,
    0.0913927449998937,
    0.09050212900001497,
    0.09194215499996972,
    0.09221976000003451,
    0.09062503099994501,
    0.09086103499998899
  ],
  "prusti-tests/tests/verify/pass/quick/mut-borrows.rs": [
    2.895291135999969,
    0.1587457529999483,
    0.15468018000001393,
    0.15738762800015138,
    0.15573959800008197,
    0.15629040800013172,
    0.15726442599998336,
    0.15574239799980205,
    0.15705452199995307,
    0.1571859250000216
  ],
  "prusti-tests/tests/verify/pass/quick/shared-borrows.rs": [
    1.8191395890000877,
    0.0905172269999639,
    0.09135454200009008,
    0.08982431399999768,
    0.08944590700002664,
    0.09086963300001116,
    0.08964611099986541,
    0.09020462099988436,
    0.09269496599995364,
    0.0890311999999085
  ],
  "prusti-tests/tests/verify/pass/quick/trait-contracts-refinement.rs": [
    1.6702472109998325,
    0.13636084900008427,
    0.1374075679998441,
    0.1354183330001888,
    0.1365742529999352,
    0.13738636799985215,
    0.13694656100005886,
    0.13576093899996522,
    0.13442561500005468,
    0.13618884599986814
  ],
  "prusti-tests/tests/verify/pass/quick/routes.rs": [
    5.055903828000055,
    0.34188944200013793,
    0.34314806400016096,
    0.3385631819999162,
    0.34121562999985144,
    0.3391895269999168,
    0.34400192499992954,
    0.3403862630000276,
    0.3408700709999266,
    0.34512084300013157
  ],
  "prusti-tests/tests/verify/pass/quick/fibonacci.rs": [
    0.3656398910000007,
    0.36424956700011535,
    0.3624081359998854,
    0.36288224400004765,
    0.3635715559998971,
    0.37089947999993456,
    0.3629092450000826,
    0.3636827580000954,
    0.3626910410000619,
    0.3621628320001946
  ],
  "prusti-tests/tests/verify/pass/pure-fn/len-lookup.rs": [
    3.521485170999995,
    0.21127226099997642,
    0.21139696399995955,
    0.21097565500008386,
    0.21075285100005203,
    0.20984423400000196,
    0.20992393500000617,
    0.21037494400002288,
    0.20873171299990645,
    0.21416061499985517
  ],
  "prusti-tests/tests/verify/pass/pure-fn/quantifiers.rs": [
    2.121753978000015,
    0.18391604800012828,
    0.18617819000019153,
    0.18414155200002824,
    0.18613928899981147,
    0.18577608300006432,
    0.18773441999996976,
    0.1883906319999369,
    0.18475506400000086,
    0.18465186099979292
  ],
  "prusti-tests/tests/verify/pass/pure-fn/recursive-pure-fn.rs": [
    1.8513533839998217,
    0.1462961390000146,
    0.14477201099998638,
    0.1459520320001957,
    0.14600473399991643,
    0.14677744799996617,
    0.14610533499990197,
    0.14629603899993526,
    0.14739915900008782,
    0.1470359519998965
  ],
  "prusti-tests/tests/verify/pass/pure-fn/ref-mut-arg.rs": [
    2.7853978399998596,
    0.187122774999807,
    0.18847319999986212,
    0.1876057839999703,
    0.18808809199981624,
    0.18787778799992338,
    0.18821169499983625,
    0.18796379000013985,
    0.18792378899979667,
    0.18946011699995324
  ],
  "prusti-tests/tests/verify/pass/rosetta/Ackermann_function.rs": [
    1.8674015819999568,
    0.22700002500005212,
    0.22801124900001923,
    0.22686352799996712,
    0.22741403800000626,
    0.22730483600003026,
    0.2267572260000179,
    0.22802804999992077,
    0.2287344619999203,
    0.2259640119998494
  ],
  "prusti-tests/tests/verify/pass/rosetta/Heapsort.rs": [
    10.07018413899982,
    1.0387435000000096,
    1.0396074160000808,
    1.0391422080001576,
    1.0387718949998543,
    1.039415285999894,
    1.0399283949998335,
    1.0370919440001671,
    1.0342695929998627,
    1.0329447690000961
  ]
}