{
  "prusti-tests/tests/verify/pass/rosetta/Knuth_shuffle.rs": [
    2.6786676480001006,
    2.269612880000068,
    2.280889532999936,
    2.233502784999928,
    2.2993471909999244,
    2.2133255609999196,
    2.1752076139998735,
    2.167510350000157,
    2.0637740720001148,
    2.1922698819998914
  ],
  "prusti-tests/tests/verify/pass/demos/account.rs": [
    2.0029050440000447,
    2.0130512169998838,
    2.0449570510002104,
    1.9932109589999527,
    1.9363441919999786,
    1.947460873000182,
    1.9244984670001486,
    1.9129310230000556,
    1.9114644730000236,
    1.9207461910000347
  ],
  "prusti-tests/tests/verify/pass/rosetta/Knights_tour.rs": [
    113.08991401899993,
    109.82044745400003,
    112.15490037000018,
    112.64048416900005,
    119.74613071099998,
    117.26123700400012,
    109.31492989700018,
    114.38035044499975,
    112.72407952599997,
    114.39609471299991
  ],
  "prusti-tests/tests/verify/pass/quick/fold-unfold.rs": [
    1.3977584499998557,
    1.4319073110000318,
    1.4312057400002232,
    1.4136706630001754,
    1.409285453999928,
    1.4369394929999544,
    1.4327206630000546,
    1.4009364229996208,
    1.3780953929999669,
    1.3833946859999742
  ],
  "prusti-tests/tests/verify/pass/quick/moves.rs": [
    1.6619731050000155,
    1.724282616000437,
    1.677386266999747,
    1.7076612320001914,
    1.6452366620001158,
    1.7221534690002045,
    1.7039909149998493,
    1.645068605999768,
    1.6710654580001574,
    1.6398527149999609
  ],
  "prusti-tests/tests/verify/pass/quick/mut-borrows.rs": [
    3.279505543000141,
    3.3522358310001437,
    3.3060579820003113,
    3.277138597999965,
    3.291388119000203,
    3.2876596360001713,
    3.2281392729996696,
    3.26520762500013,
    3.264116142000148,
    3.4130123220002133
  ],
  "prusti-tests/tests/verify/pass/quick/shared-borrows.rs": [
    2.1933979139998883,
    2.176366770000186,
    2.189730106999832,
    2.084669479999775,
    2.1185997330003374,
    2.1748580560001756,
    2.104079952999655,
    2.1790243989999,
    2.1542968859998837,
    2.101381410000158
  ],
  "prusti-tests/tests/verify/pass/quick/trait-contracts-refinement.rs": [
    1.8427832590000435,
    1.8350738200001615,
    1.95821172199976,
    1.7926505129998986,
    1.8903166140003123,
    1.8521041959998001,
    1.8440260759998637,
    1.9115258280003218,
    1.8557993720000923,
    1.8543093070002215
  ],
  "prusti-tests/tests/verify/pass/quick/routes.rs": [
    5.523337100999925,
    5.095061090999934,
    4.972767368999939,
    4.957768837000003,
    4.9764419230000385,
    4.86853200700034,
    4.79787578000014,
    4.855131709000034,
    4.797851450000053,
    5.109975416999987
  ],
  "prusti-tests/tests/verify/pass/quick/fibonacci.rs": [
    6.595450503999928,
    6.481764283999837,
    6.351714651999828,
    6.225751278000189,
    6.1176089959999445,
    6.348308282000289,
    6.500768472000345,
    6.299202810999759,
    6.17024757299987,
    6.220765588000177
  ],
  "prusti-tests/tests/verify/pass/pure-fn/len-lookup.rs": [
    3.732313869999871,
    3.656101870999919,
    3.6574541309996675,
    3.5866038310000476,
    3.709426603000338,
    3.5834207039997636,
    3.6269623260000117,
    3.6100057099997684,
    3.657194010999774,
    3.5584118679998937
  ],
  "prusti-tests/tests/verify/pass/pure-fn/quantifiers.rs": [
    2.2340416600000026,
    2.2181561699999293,
    2.221672527999999,
    2.265939690000323,
    2.240912643000229,
    2.2582217059998584,
    2.2397864290001053,
    2.2282199440001023,
    2.2481334770000103,
    2.259982083000068
  ],
  "prusti-tests/tests/verify/pass/pure-fn/recursive-pure-fn.rs": [
    2.0377628689998346,
    2.0934900540000854,
    2.023764549000134,
    1.9877658870000232,
    2.0110752579998916,
    1.999115305000032,
    1.9617338520001795,
    1.97044944199979,
    1.9670461939999768,
    2.0111293579998346
  ],
  "prusti-tests/tests/verify/pass/pure-fn/ref-mut-arg.rs": [
    2.9456247600001007,
    3.0064451389998794,
    2.938049966000108,
    2.958243689000028,
    2.971793408999929,
    2.8632709099997555,
    2.9814872409997406,
    2.9639521610001793,
    2.9175122209999245,
    2.96189913399985
  ],
  "prusti-tests/tests/verify/pass/rosetta/Ackermann_function.rs": [
    2.105364925000231,
    2.1179979369999273,
    2.0285711290002837,
    2.093257117000121,
    2.038035833000322,
    2.034630790999927,
    2.141881369999737,
    2.047637911000038,
    2.0470437929998297,
    2.0187728679998145
  ],
  "prusti-tests/tests/verify/pass/rosetta/Heapsort.rs": [
    10.965122113000234,
    10.891150859999925,
    10.844140208000226,
    11.013224591999915,
    10.772733120999874,
    10.804071712000223,
    10.806667651000225,
    11.013181957000143,
    10.839816933999828,
    10.861956518999705
  ]
}