{
  "prusti-tests/tests/verify/pass/rosetta/Knuth_shuffle.rs": [
    2.3549068070000203,
    2.082342864999987,
    1.9796393479999779,
    2.0307698320000327,
    1.9899920129998918,
    1.9050089329999764,
    1.9504888410000376,
    2.024997270999961,
    1.8984808669999893,
    1.9140418650000584
  ],
  "prusti-tests/tests/verify/pass/demos/account.rs": [
    1.7792381560000194,
    1.7978666399999383,
    1.7935822849999568,
    1.7709149949999983,
    1.7749207030000207,
    1.7813758769999595,
    1.7922607120000293,
    1.771975260999966,
    1.745661637000012,
    1.7741487470000266
  ],
  "prusti-tests/tests/verify/pass/rosetta/Knights_tour.rs": [
    106.22853130999988,
    102.71340421299988,
    102.45402734100003,
    101.67960198600008,
    100.45076552199998,
    104.51989077500002,
    102.13286710599982,
    102.8249686449999,
    101.43368676199998,
    102.51094371199997
  ],
  "prusti-tests/tests/verify/pass/quick/fold-unfold.rs": [
    1.1643906629999492,
    1.1819569849999425,
    1.180531168000016,
    1.1756650059999174,
    1.1825443059999543,
    1.1728694900000391,
    1.1432520130001649,
    1.1426900070000556,
    1.1772975460000907,
    1.170552060000091
  ],
  "prusti-tests/tests/verify/pass/quick/moves.rs": [
    1.4390658680001707,
    1.4314595920000102,
    1.4364629559997866,
    1.4060467710000921,
    1.4140239719999954,
    1.4555725970001276,
    1.432779600999993,
    1.4271368170000187,
    1.3558226160000686,
    1.4297170499999083
  ],
  "prusti-tests/tests/verify/pass/quick/mut-borrows.rs": [
    2.8006601570000385,
    2.7936993559999337,
    2.5624471349999567,
    2.6990895599999476,
    2.7402612910000244,
    2.7983182250000027,
    2.8169207599999027,
    2.8426347659999465,
    2.825491048999993,
    2.8185881379999955
  ],
  "prusti-tests/tests/verify/pass/quick/shared-borrows.rs": [
    1.805848190000006,
    1.7939000399999259,
    1.7547557479997522,
    1.6900215339996976,
    1.8144105199999103,
    1.7942705749997003,
    1.7872517870000593,
    1.7896247160001622,
    1.7832764520003366,
    1.8160190099997635
  ],
  "prusti-tests/tests/verify/pass/quick/trait-contracts-refinement.rs": [
    1.6014392030001545,
    1.5138987979999001,
    1.5558491280003182,
    1.527594981999755,
    1.5169310720002613,
    1.5252852769999663,
    1.4849386679998133,
    1.5351077020000048,
    1.524151965999863,
    1.5525196949997735
  ],
  "prusti-tests/tests/verify/pass/quick/routes.rs": [
    5.004638287000034,
    4.814761663999889,
    4.506832920000306,
    4.7197928750001665,
    4.631621299000017,
    4.655231110999921,
    4.54333478000035,
    4.6893453099996805,
    4.575606854999933,
    4.6964997780000886
  ],
  "prusti-tests/tests/verify/pass/quick/fibonacci.rs": [
    5.973613423000188,
    5.9424926930000765,
    6.012551709000036,
    6.000656575999983,
    5.922399209000105,
    6.093572530000074,
    5.91842097000017,
    5.954985616999693,
    5.948982428999898,
    5.987456937999923
  ],
  "prusti-tests/tests/verify/pass/pure-fn/len-lookup.rs": [
    3.462156997999955,
    3.4549543000002814,
    3.4499946519999867,
    3.4855109189998075,
    3.423855513000035,
    3.4985021739998956,
    3.4852639929999896,
    3.4624075040001117,
    3.4574148880001303,
    3.4551796559999275
  ],
  "prusti-tests/tests/verify/pass/pure-fn/quantifiers.rs": [
    2.1814594919997035,
    2.1232292559998314,
    2.142465900999923,
    2.274168479999844,
    2.095747590999963,
    2.1503155309997055,
    2.060141589000068,
    2.097303860000011,
    2.1465555570002834,
    2.2638240549999864
  ],
  "prusti-tests/tests/verify/pass/pure-fn/recursive-pure-fn.rs": [
    2.010398936999991,
    2.031608401000085,
    2.147364922000179,
    2.006919141999788,
    1.9803938059999382,
    2.049166882999998,
    1.984454783000274,
    2.1004956570000104,
    1.96159339299993,
    2.027241451000009
  ],
  "prusti-tests/tests/verify/pass/pure-fn/ref-mut-arg.rs": [
    3.257151812000302,
    3.069284818000142,
    3.101633081000273,
    2.969582009000078,
    3.127789112999835,
    3.1359258299999055,
    3.1046627349996925,
    3.1064296829999876,
    3.1236639950002427,
    3.0318642339998405
  ],
  "prusti-tests/tests/verify/pass/rosetta/Ackermann_function.rs": [
    1.998040254999978,
    1.8514234999997825,
    1.9892027419996339,
    2.0332777979997445,
    2.216717743999652,
    1.933899277999899,
    1.8850838599996678,
    2.138488468000105,
    2.115939175999756,
    2.034367041999758
  ],
  "prusti-tests/tests/verify/pass/rosetta/Heapsort.rs": [
    10.481260692999967,
    10.26081754200004,
    10.35286572899986,
    10.280956175000028,
    10.447087007999926,
    10.36927051299972,
    10.516688778000116,
    10.599384310000005,
    10.460055881999779,
    10.23994200900006
  ]
}