{
  "prusti-tests/tests/verify/pass/rosetta/Knuth_shuffle.rs": [
    3.027342277999878,
    2.703598513000088,
    2.5430605839999316,
    2.525028015999851,
    2.560104702999979,
    2.5421962089999397,
    2.526507842000001,
    2.5176423989998966,
    2.4348200020001514,
    2.4543653729999733
  ],
  "prusti-tests/tests/verify/pass/demos/account.rs": [
    2.182762091000086,
    2.226727917000062,
    2.1856157659999553,
    2.2733170810001866,
    2.233197915999881,
    2.2082953759997963,
    2.1505296190000536,
    2.209969380000075,
    2.183328169000106,
    2.174784370999987
  ],
  "prusti-tests/tests/verify/pass/rosetta/Knights_tour.rs": [
    149.66124109700013,
    146.4582504619998,
    149.86595271800002,
    150.79425571499996,
    148.7134093069999,
    147.92920252900012,
    150.13190651499963,
    144.7418272910004,
    150.325350264,
    145.5062285009999
  ],
  "prusti-tests/tests/verify/pass/quick/fold-unfold.rs": [
    1.503235548000248,
    1.4973263389997555,
    1.468543931000113,
    1.4590349039999637,
    1.4684278300001097,
    1.4654428220001137,
    1.487547885999902,
    1.482241454999894,
    1.5233529920001274,
    1.4971103150001
  ],
  "prusti-tests/tests/verify/pass/quick/moves.rs": [
    1.8024617149999358,
    1.7364611210000476,
    1.7835481930001151,
    1.8171602509996774,
    1.7672147949997452,
    1.7670270970002093,
    1.777803502000097,
    1.856173133000084,
    1.8284611510002833,
    1.7608189490001678
  ],
  "prusti-tests/tests/verify/pass/quick/mut-borrows.rs": [
    3.50591408199989,
    3.5027664760000334,
    3.508173681000244,
    3.8565413689998422,
    3.80536155100026,
    3.7753581440001653,
    3.9055407390001164,
    3.5277375259997825,
    3.5445639720001054,
    3.493549368999993
  ],
  "prusti-tests/tests/verify/pass/quick/shared-borrows.rs": [
    2.243066280000221,
    2.307593868999902,
    2.2772168080000483,
    2.204032911000013,
    2.2396436159997393,
    2.266764398000305,
    2.2032273309996526,
    2.2328197209999416,
    2.308845148999808,
    2.233435901000121
  ],
  "prusti-tests/tests/verify/pass/quick/trait-contracts-refinement.rs": [
    2.0926262630000565,
    2.0305480709998847,
    2.0259056569998393,
    2.010177427999679,
    2.0260600920000797,
    2.014041554999949,
    2.03744862800022,
    1.9950133190000088,
    2.0522433429996454,
    2.0805362299997796
  ],
  "prusti-tests/tests/verify/pass/quick/routes.rs": [
    6.180473280000115,
    5.8427167190002365,
    5.751571265000166,
    5.742859024999689,
    5.721185813999909,
    5.625472378000268,
    5.595127074000175,
    5.412600461000238,
    5.360278649000065,
    5.430879625000216
  ],
  "prusti-tests/tests/verify/pass/quick/fibonacci.rs": [
    7.431114269999853,
    7.8880968460002805,
    7.754578838999805,
    7.809695933000057,
    7.907217012000274,
    7.889680324999972,
    7.5771202099999755,
    7.411651670000083,
    7.467687667000064,
    7.499829826000223
  ],
  "prusti-tests/tests/verify/pass/pure-fn/len-lookup.rs": [
    4.125184227000318,
    4.235812298999917,
    4.151883279999765,
    4.153417286000149,
    4.123743499999819,
    4.171356412000023,
    4.161211177000041,
    4.0350566420002,
    4.017348444999698,
    3.970925882999836
  ],
  "prusti-tests/tests/verify/pass/pure-fn/quantifiers.rs": [
    2.4602566389999083,
    2.471000975000152,
    2.3906612380001206,
    2.438930901999811,
    2.4994084079999084,
    2.489585310000166,
    2.5303381849998914,
    2.450668033999591,
    2.4229186170000503,
    2.520826459000091
  ],
  "prusti-tests/tests/verify/pass/pure-fn/recursive-pure-fn.rs": [
    2.212306610000269,
    2.2580397760002597,
    2.1294684899999083,
    2.1856571089997487,
    2.1827918999997564,
    2.2205865700002505,
    2.161982481999985,
    2.2199424719997296,
    2.195608128999993,
    2.1737918970002283
  ],
  "prusti-tests/tests/verify/pass/pure-fn/ref-mut-arg.rs": [
    3.233640402000219,
    3.2303995669999495,
    3.25516490300015,
    3.289140693000263,
    3.219696777000081,
    3.2736017150000407,
    3.3080376590000924,
    3.2606498410000313,
    3.3520063639998625,
    3.320508658000108
  ],
  "prusti-tests/tests/verify/pass/rosetta/Ackermann_function.rs": [
    2.2504613809996954,
    2.2703801749999,
    2.2640701509999417,
    2.2274375399997552,
    2.2516934519999268,
    2.1609344130001773,
    2.276196721999895,
    2.231792721999682,
    2.2444025790000524,
    2.259310492000168
  ],
  "prusti-tests/tests/verify/pass/rosetta/Heapsort.rs": [
    14.331099923000238,
    14.475316117999682,
    14.51224299400019,
    14.286691868999696,
    14.562101472999984,
    14.233799346000069,
    14.282528777000152,
    14.704936036000163,
    15.069193124000321,
    15.041211583999939
  ]
}