{
  "prusti-tests/tests/verify/pass/rosetta/Knuth_shuffle.rs": [
    2.366506025000035,
    2.116569133999974,
    2.089901574999999,
    2.0021929400001,
    1.9802892809999548,
    2.0150859029999992,
    1.9687994590000244,
    1.9864740589999883,
    2.029143642000008,
    1.94313590999991
  ],
  "prusti-tests/tests/verify/pass/demos/account.rs": [
    1.8549178619999793,
    1.8806101650000073,
    1.8706618480000543,
    1.8600871979999738,
    1.8522507999999789,
    1.8839231719999816,
    1.9111215899999934,
    1.8344403919999195,
    1.8376761439999427,
    2.0344755749999877
  ],
  "prusti-tests/tests/verify/pass/rosetta/Knights_tour.rs": [
    104.58536334500002,
    103.67101577899996,
    102.63239873600003,
    101.36652728900003,
    103.22864125399997,
    101.59604412600015,
    103.88298044299995,
    104.262127126,
    100.94473610399996,
    100.67346791099999
  ],
  "prusti-tests/tests/verify/pass/quick/fold-unfold.rs": [
    1.2478737930000534,
    1.2358395499998096,
    1.2263512559998162,
    1.2404526279999573,
    1.2413065380001171,
    1.2306946119999793,
    1.2305923110000094,
    1.223121022999976,
    1.2392858089999663,
    1.2314387060000627
  ],
  "prusti-tests/tests/verify/pass/quick/moves.rs": [
    1.4870073369997954,
    1.4733006740000292,
    1.479792851999946,
    1.478624937000177,
    1.4793815489999815,
    1.490834685999971,
    1.8479529229998661,
    1.4761087110000517,
    1.4690627279999262,
    1.4678732159998162
  ],
  "prusti-tests/tests/verify/pass/quick/mut-borrows.rs": [
    2.910753040000145,
    2.9063198869998814,
    2.9639849459999823,
    2.9477368269999715,
    2.9150761410000996,
    2.9237541870002133,
    2.936749189000011,
    2.929359846999887,
    2.9151936150001347,
    2.9024520640000446
  ],
  "prusti-tests/tests/verify/pass/quick/shared-borrows.rs": [
    1.8496481359998143,
    1.863532123999903,
    1.84727923499986,
    1.8580785620001734,
    1.847216435000064,
    1.854158435999807,
    1.8430041190001702,
    1.8488786880000134,
    1.8544720549998601,
    1.8480482859999938
  ],
  "prusti-tests/tests/verify/pass/quick/trait-contracts-refinement.rs": [
    1.5586847150000267,
    1.5475178839999444,
    1.560295234000023,
    1.5463404710001214,
    1.5405403080001179,
    1.5763653590001923,
    1.5398591339999257,
    1.5472366199999215,
    1.6065079099998911,
    1.5327208510000219
  ],
  "prusti-tests/tests/verify/pass/quick/routes.rs": [
    4.902412408000146,
    4.7053458420000425,
    4.514283083999999,
    4.671937347000039,
    4.522314513999845,
    4.665030589000025,
    4.575011243999825,
    4.937172865999855,
    4.534999911000114,
    4.636332179999954
  ],
  "prusti-tests/tests/verify/pass/quick/fibonacci.rs": [
    5.878932179000003,
    5.889606791000006,
    5.957008188999907,
    5.9331905379999625,
    5.900080082999921,
    5.963042523000013,
    5.857666019999897,
    5.912252702999922,
    5.926199029999907,
    5.877142482000181
  ],
  "prusti-tests/tests/verify/pass/pure-fn/len-lookup.rs": [
    3.3892922269999417,
    3.419214622000027,
    3.372615863999954,
    3.360220514000048,
    3.3650957449999623,
    3.3951217219998853,
    3.3503226050002013,
    3.3593619410000883,
    3.404752081999959,
    3.348865776999901
  ],
  "prusti-tests/tests/verify/pass/pure-fn/quantifiers.rs": [
    2.1577786929999547,
    2.1696434350001255,
    2.1408184459996846,
    2.128684493000037,
    2.173593426000025,
    2.0779238879999866,
    2.0927700399997775,
    2.10138334200019,
    2.087380275999749,
    2.0958036629999697
  ],
  "prusti-tests/tests/verify/pass/pure-fn/recursive-pure-fn.rs": [
    1.8512109290004446,
    1.8550748740003655,
    1.9229201780003677,
    1.85169443399991,
    1.867254204999881,
    1.8574918509998497,
    1.8372130990001097,
    1.895209283999975,
    1.8511635619997833,
    1.8830252100001417
  ],
  "prusti-tests/tests/verify/pass/pure-fn/ref-mut-arg.rs": [
    2.75082654300013,
    2.8822979550000127,
    2.749357374000283,
    2.8073591209999904,
    2.7759540480001306,
    2.8080718129999696,
    2.8329149199998938,
    2.818784222999966,
    2.852457996999874,
    2.8419304719996035
  ],
  "prusti-tests/tests/verify/pass/rosetta/Ackermann_function.rs": [
    1.8589800939998895,
    2.0216222109997943,
    1.8707434100001592,
    1.8334667889998855,
    1.8593836659997578,
    1.8313850399999865,
    1.8423822729996573,
    1.8339769720000731,
    1.8574397160000444,
    1.8436406829996486
  ],
  "prusti-tests/tests/verify/pass/rosetta/Heapsort.rs": [
    9.388855087000138,
    9.36125954199997,
    9.336532506999902,
    9.393440186000134,
    9.80386372699968,
    9.5823486889999,
    9.237755535999895,
    9.389704004999658,
    9.309262963000037,
    9.342608975000076
  ]
}