{
  "prusti-tests/tests/verify/pass/rosetta/Knuth_shuffle.rs": [
    3.214109545000042,
    2.8644515519999914,
    2.92134274,
    2.6748098840000694,
    2.7639693540000962,
    2.660707763000005,
    2.6114592580001954,
    2.7707249679999677,
    2.945855328999869,
    2.7087512860000516
  ],
  "prusti-tests/tests/verify/pass/demos/account.rs": [
    2.4873197580000124,
    2.4813499059998776,
    2.516744731000017,
    2.4401648499999737,
    2.35678656999994,
    2.4497126290000324,
    2.353282661999856,
    2.472037329999921,
    2.4214777199999844,
    2.3388268629998947
  ],
  "prusti-tests/tests/verify/pass/rosetta/Knights_tour.rs": [
    151.929946148,
    144.06247100799987,
    148.62314573100002,
    147.27537576299983,
    144.42549762600015,
    144.761162647,
    141.34195124999997,
    144.86271914200006,
    144.96608740800002,
    141.75843181499977
  ],
  "prusti-tests/tests/verify/pass/quick/fold-unfold.rs": [
    1.6384686999999758,
    1.5747784240002147,
    1.524896758000068,
    1.5465572150001208,
    1.5677208750003047,
    1.5745604290000301,
    1.4905235880000873,
    1.5580552350002108,
    1.5428037290002976,
    1.5657686760000615
  ],
  "prusti-tests/tests/verify/pass/quick/moves.rs": [
    1.9459577450002143,
    1.8615539069996885,
    1.879347990000042,
    1.8748078220000934,
    1.8444838240002355,
    1.9382544989998678,
    1.8392008619998705,
    1.8635925040002803,
    1.8885132370000974,
    1.8314295169998331
  ],
  "prusti-tests/tests/verify/pass/quick/mut-borrows.rs": [
    3.7543857320001734,
    3.7685739419998754,
    3.7597101030000886,
    3.7371715560002485,
    3.7913909999997486,
    3.6959698420000677,
    3.717025503000059,
    3.7295912260001387,
    3.8654992239999046,
    3.7684128809996764
  ],
  "prusti-tests/tests/verify/pass/quick/shared-borrows.rs": [
    2.430585063000308,
    2.3683698770000774,
    2.3903322330002084,
    2.476852458999929,
    2.3243709710000076,
    2.337062299999616,
    2.385977176999859,
    2.4283919949998563,
    2.496498533999784,
    2.3421311520000927
  ],
  "prusti-tests/tests/verify/pass/quick/trait-contracts-refinement.rs": [
    2.1671839139999065,
    2.0368115810001655,
    2.1185103749999143,
    2.1315821889998006,
    2.072304781999719,
    2.0979080140000406,
    2.0124190899996393,
    2.106540467999821,
    2.0296239770000284,
    2.0342859759998646
  ],
  "prusti-tests/tests/verify/pass/quick/routes.rs": [
    7.028549033000218,
    6.453063840000141,
    6.484396446999654,
    6.633483178999995,
    6.343262420999963,
    6.519427774000178,
    6.655029639999611,
    6.614264303000255,
    6.576658148000206,
    6.47670682099988
  ],
  "prusti-tests/tests/verify/pass/quick/fibonacci.rs": [
    8.393707338999775,
    8.33761724499982,
    8.436729111000204,
    8.176543172000038,
    8.091241601000092,
    8.205636282000341,
    8.255669679999755,
    8.297033914000167,
    8.21891615300001,
    8.161336840999866
  ],
  "prusti-tests/tests/verify/pass/pure-fn/len-lookup.rs": [
    4.687780302999727,
    4.677823657999852,
    4.660186669999803,
    4.6987164130000565,
    4.668204088000039,
    4.7055914379998285,
    4.652045393000208,
    4.774602852000044,
    4.928448900000149,
    4.785202177999963
  ],
  "prusti-tests/tests/verify/pass/pure-fn/quantifiers.rs": [
    2.9300548410001284,
    2.882284969000011,
    3.03144789199996,
    2.9227578099998937,
    2.824072660999718,
    2.983887305999815,
    2.9580054790003487,
    2.8756986309999775,
    2.945655769000041,
    3.077098309000121
  ],
  "prusti-tests/tests/verify/pass/pure-fn/recursive-pure-fn.rs": [
    2.7582885159999933,
    2.8675992879998375,
    2.6845000460002666,
    2.762937950000378,
    2.8138771019998785,
    2.776506954999604,
    2.92682906500022,
    2.7696229129996937,
    2.794274097000198,
    2.666193162000127
  ],
  "prusti-tests/tests/verify/pass/pure-fn/ref-mut-arg.rs": [
    4.454837662000045,
    4.188111780999861,
    4.309342963999825,
    4.411611920000269,
    4.339724991999901,
    4.33741810499987,
    4.340433330999986,
    4.395528469000055,
    4.147296671999811,
    4.29304004200003
  ],
  "prusti-tests/tests/verify/pass/rosetta/Ackermann_function.rs": [
    2.5305015439998897,
    2.6953032589999566,
    2.8608605819999866,
    2.725247657000182,
    2.6806454489997122,
    2.895042034999733,
    2.8227264940001078,
    2.8658018169999195,
    2.7743818040003134,
    2.9399365430003854
  ],
  "prusti-tests/tests/verify/pass/rosetta/Heapsort.rs": [
    14.25736419299983,
    13.901099369999883,
    14.504756884000017,
    13.953629938000176,
    14.396721956999954,
    14.01889360999985,
    14.17737598199983,
    14.312711275999845,
    14.430181617000017,
    13.978442693000034
  ]
}