{
  "prusti-tests/tests/verify/pass/rosetta/Knuth_shuffle.rs": [
    2.0998709000000417,
    1.8527250940001068,
    1.8524598950000382,
    1.8651264700001775,
    1.7630084739998892,
    1.8113640770000075,
    1.8057216009999593,
    1.760186343999976,
    1.765299134000088,
    1.7733565189998899
  ],
  "prusti-tests/tests/verify/pass/demos/account.rs": [
    1.6360446879998563,
    1.6466285389999484,
    1.6312804490000872,
    1.615024281999922,
    1.6393937330001336,
    1.58800403500004,
    1.6134487799999988,
    1.63930372599998,
    1.6027697990000433,
    1.5955467139999655
  ],
  "prusti-tests/tests/verify/pass/rosetta/Knights_tour.rs": [
    97.08879662499999,
    96.798374513,
    98.02131049900004,
    97.23470792800003,
    97.88534889199991,
    96.77355655200017,
    97.84322363399997,
    95.77708591700002,
    95.67516275799971,
    98.3333559380003
  ],
  "prusti-tests/tests/verify/pass/quick/fold-unfold.rs": [
    1.1288747620001232,
    1.084790559999874,
    1.098541329999989,
    1.0875421549999373,
    1.0941410400000677,
    1.1055063150001843,
    1.0851388600003702,
    1.0898693540002569,
    1.1144004989996574,
    1.0989906340000744
  ],
  "prusti-tests/tests/verify/pass/quick/moves.rs": [
    1.3107408579999174,
    1.3250271259998954,
    1.3313104120002208,
    1.3244194389999393,
    1.3201223689998187,
    1.3291158500001075,
    1.3228240630000982,
    1.3205697680000412,
    1.3188916720000634,
    1.3224960640000063
  ],
  "prusti-tests/tests/verify/pass/quick/mut-borrows.rs": [
    2.580444574000012,
    2.572461793000002,
    2.565984610000214,
    2.57596077900007,
    2.5762971780000044,
    2.587249153999892,
    2.5622731530002056,
    2.578003193999848,
    2.599874901000021,
    2.574813426000219
  ],
  "prusti-tests/tests/verify/pass/quick/shared-borrows.rs": [
    1.6366349899999477,
    1.6371627879998414,
    1.645278070999666,
    1.631312109999726,
    1.6243593369999871,
    1.6394428040002822,
    1.627007132000017,
    1.6316924220000146,
    1.6334668090003106,
    1.6548196570001892
  ],
  "prusti-tests/tests/verify/pass/quick/trait-contracts-refinement.rs": [
    1.4584217179999541,
    1.4575836730000447,
    1.455380161999983,
    1.4324925159999111,
    1.434924226000021,
    1.4433645080002862,
    1.4241149490003409,
    1.424937147000037,
    1.4216488540000682,
    1.4255382960000134
  ],
  "prusti-tests/tests/verify/pass/quick/routes.rs": [
    4.2638007339996875,
    4.051946793999832,
    3.8752750609996838,
    3.9117093680001744,
    3.8806656759998077,
    3.8883002540001144,
    3.8968870050002806,
    3.8628557130000445,
    3.859284407999894,
    3.862644724999882
  ],
  "prusti-tests/tests/verify/pass/quick/fibonacci.rs": [
    4.917897255999833,
    4.935735170000044,
    4.9065275729999485,
    4.911190893999901,
    4.916460661000201,
    4.873921236000115,
    4.866647699000168,
    4.879471521999676,
    4.883268820000012,
    4.874541619999945
  ],
  "prusti-tests/tests/verify/pass/pure-fn/len-lookup.rs": [
    2.871241722999912,
    2.870403224000256,
    2.844497222999962,
    2.8352714009997726,
    2.838851893000083,
    2.8470785700001215,
    2.8449150699998427,
    2.845555468999919,
    2.8500214969999433,
    2.8510243969999465
  ],
  "prusti-tests/tests/verify/pass/pure-fn/quantifiers.rs": [
    1.7505020139997214,
    1.7491872249997868,
    1.7308740680000483,
    1.7338588620000337,
    1.7352762589998747,
    1.7545553189997918,
    1.7551429149998512,
    1.7430778400002964,
    1.7410196450000512,
    1.7376536520000627
  ],
  "prusti-tests/tests/verify/pass/pure-fn/recursive-pure-fn.rs": [
    1.5640686179999648,
    1.5649931200000538,
    1.5557391400002416,
    1.57361210199997,
    1.5640756220000185,
    1.566154619000372,
    1.560419832000207,
    1.5627418270000817,
    1.5601020320000316,
    1.5665701190000618
  ],
  "prusti-tests/tests/verify/pass/pure-fn/ref-mut-arg.rs": [
    2.2908029249997526,
    2.3055236330001208,
    2.275053394999759,
    2.321854198999972,
    2.3148234250002133,
    2.301088355000047,
    2.3240457070000957,
    2.297321692999958,
    2.301490126000317,
    2.2932883429998583
  ],
  "prusti-tests/tests/verify/pass/rosetta/Ackermann_function.rs": [
    1.620903807999639,
    1.6014704330000313,
    1.6092276090002997,
    1.6117753029998312,
    1.620226286000161,
    1.6146107980002853,
    1.6170366299998022,
    1.6209140450000632,
    1.6030678789998092,
    1.590230903000247
  ],
  "prusti-tests/tests/verify/pass/rosetta/Heapsort.rs": [
    9.066677057999641,
    9.054361122000046,
    9.051059545000044,
    9.004667956000048,
    9.024211451000156,
    8.978642603000026,
    9.044525018999593,
    8.999201487999926,
    9.047906582999985,
    9.003761100999782
  ]
}