{
  "prusti-tests/tests/verify/pass/rosetta/Knuth_shuffle.rs": [
    2.3608104689999436,
    2.079198048999956,
    2.037194569999997,
    1.9392473499999596,
    1.9190609099999847,
    1.940539852000029,
    1.9462528169999587,
    1.9826230319999922,
    1.991783340999973,
    1.9834073029999217
  ],
  "prusti-tests/tests/verify/pass/demos/account.rs": [
    1.8400220900000477,
    1.8755984910000052,
    1.8435661469999332,
    1.8382617859999755,
    1.825143836000052,
    1.8123693900000717,
    1.8261793479999824,
    1.8330722289999812,
    1.833352532000049,
    1.8399565070000108
  ],
  "prusti-tests/tests/verify/pass/rosetta/Knights_tour.rs": [
    102.91949669000007,
    103.45440637700005,
    98.87811187499995,
    98.64446897899984,
    99.46883826700014,
    98.91685188099996,
    99.19444159500017,
    100.90576529000009,
    99.81332785299992,
    99.77172420299985
  ],
  "prusti-tests/tests/verify/pass/quick/fold-unfold.rs": [
    1.2177554249999503,
    1.2106376980000277,
    1.2196175669998865,
    1.2090421709999646,
    1.2075198530001217,
    1.2087135669999043,
    1.2025128959999165,
    1.2081751609998719,
    1.2171535690001747,
    1.208799592999867
  ],
  "prusti-tests/tests/verify/pass/quick/moves.rs": [
    1.4753459779999503,
    1.4609969120001551,
    1.4600631020000492,
    1.4592405309999776,
    1.4594937459999073,
    1.4747999219998746,
    1.4583699410000008,
    1.4561293589999877,
    1.46117555800015,
    1.4532440130001305
  ],
  "prusti-tests/tests/verify/pass/quick/mut-borrows.rs": [
    2.9104847099999915,
    2.906309763000081,
    2.905835073999924,
    2.8741999520000263,
    2.8808948509999937,
    2.875216360999957,
    2.903435547000072,
    2.8724109620000036,
    2.902437983999789,
    2.8754078009999375
  ],
  "prusti-tests/tests/verify/pass/quick/shared-borrows.rs": [
    1.833315832999915,
    1.857767793999983,
    1.830151141999977,
    1.8323367809998672,
    1.8224391259998356,
    1.8224818579999464,
    1.8292633030000616,
    1.8343354109999837,
    1.826183359000197,
    1.8256940569999642
  ],
  "prusti-tests/tests/verify/pass/quick/trait-contracts-refinement.rs": [
    1.6098080919998665,
    1.5451087749997896,
    1.5256326489998173,
    1.5526475230001324,
    1.5325282940000307,
    1.527653945000111,
    1.5391705170000023,
    1.5306742620000477,
    1.5324194730001182,
    1.5413272309999684
  ],
  "prusti-tests/tests/verify/pass/quick/routes.rs": [
    4.927272420000008,
    4.836421593000068,
    4.623382093999908,
    4.670493165000153,
    4.532135343999926,
    4.577427069000123,
    4.5143522400001075,
    4.643290058000048,
    4.5041912280000815,
    4.586504560000094
  ],
  "prusti-tests/tests/verify/pass/quick/fibonacci.rs": [
    5.89094005700008,
    5.984084217999907,
    5.857941999000104,
    5.887471772000026,
    5.963353664000124,
    5.819753477999939,
    5.861948428999995,
    5.906447877999881,
    5.836047306000182,
    5.825372084999799
  ],
  "prusti-tests/tests/verify/pass/pure-fn/len-lookup.rs": [
    3.395101113999999,
    3.4294688329998735,
    3.3806352639999204,
    3.380115208999996,
    3.3759397779999745,
    3.3953900319997956,
    3.3760014050001246,
    3.3705435429999397,
    3.3491374059999544,
    3.383018785000104
  ],
  "prusti-tests/tests/verify/pass/pure-fn/quantifiers.rs": [
    2.112907372000109,
    2.109128746999886,
    2.086415099000078,
    2.06663238200008,
    2.0708990099999482,
    2.124887160000071,
    2.137168238999948,
    2.112136332000091,
    2.1240207430000737,
    2.1245389460000297
  ],
  "prusti-tests/tests/verify/pass/pure-fn/recursive-pure-fn.rs": [
    1.8696928809999918,
    1.8391466650002712,
    1.8482648220001465,
    1.832217399000001,
    1.8780635530001746,
    1.8385740940002506,
    1.866251359999751,
    1.8420126490000257,
    1.8274406000000454,
    1.8407264400002532
  ],
  "prusti-tests/tests/verify/pass/pure-fn/ref-mut-arg.rs": [
    2.7361530200000743,
    2.7505591589997493,
    2.8188589699998374,
    2.749192102000052,
    2.762167717000011,
    2.8085429759998988,
    2.7479418030002307,
    2.7881331380003758,
    2.7529477180000868,
    2.7801512149999326
  ],
  "prusti-tests/tests/verify/pass/rosetta/Ackermann_function.rs": [
    1.8354818799998611,
    1.8353995480001686,
    1.822399084999688,
    1.8341406149997965,
    1.8300101700001505,
    1.8287582399998428,
    1.830744459000016,
    1.8332799879999584,
    1.8336650920000466,
    1.8347892050001064
  ],
  "prusti-tests/tests/verify/pass/rosetta/Heapsort.rs": [
    9.539897074999772,
    9.504081687000053,
    9.581024899000113,
    9.071808210999734,
    9.175432999999884,
    9.181842592000066,
    9.324808465999922,
    9.340042964000077,
    9.510302371000307,
    9.167476407999857
  ]
}