{
  "prusti-tests/tests/verify/pass/rosetta/Knuth_shuffle.rs": [
    2.265514994,
    1.9346104969999942,
    1.7975242999999637,
    1.7427548989999195,
    1.8780435990000797,
    1.781435500999919,
    1.731471005000003,
    1.7191697060000024,
    1.7400708060000625,
    1.7427212050000662
  ],
  "prusti-tests/tests/verify/pass/demos/account.rs": [
    0.6675039030000107,
    0.7215526070000351,
    0.7330073069999798,
    0.7019596070000489,
    0.7034189070000139,
    0.8145411080000713,
    0.6660083070000837,
    0.7513904080000202,
    0.76312740700007,
    0.802008907999948
  ],
  "prusti-tests/tests/verify/pass/rosetta/Knights_tour.rs": [
    107.20540947299992,
    105.26301225099996,
    105.43335806100004,
    103.82456142399997,
    108.056678035,
    105.88694647200009,
    107.210719058,
    104.87397566000004,
    105.02316625999993,
    105.81532561400013
  ],
  "prusti-tests/tests/verify/pass/quick/fold-unfold.rs": [
    0.5206858579999789,
    0.47421126400013236,
    0.4584467989998302,
    0.45783929699996406,
    0.49225053899999693,
    0.47452346499994746,
    0.4603960070000994,
    0.48117959399996835,
    0.4777783790000285,
    0.48984902899996996
  ],
  "prusti-tests/tests/verify/pass/quick/moves.rs": [
    0.5005918740000652,
    0.4644253240001035,
    0.4907644329998675,
    0.4517903710000155,
    0.4863719139998466,
    0.46596823000004406,
    0.4596962220000478,
    0.5017729500000314,
    0.5083565800000542,
    0.5153194109998367
  ],
  "prusti-tests/tests/verify/pass/quick/mut-borrows.rs": [
    0.8404781689998799,
    0.7242959469999732,
    0.7945807619998959,
    0.7569372939999539,
    0.768866848000016,
    0.7641834270000345,
    0.7399054180000348,
    0.8646107759998358,
    0.7399704859999474,
    0.7624240100001316
  ],
  "prusti-tests/tests/verify/pass/quick/shared-borrows.rs": [
    0.61475852999979,
    0.5613404839998566,
    0.5174978820000433,
    0.5918712249999771,
    0.571770332999904,
    0.5277055300000484,
    0.5141415670000242,
    0.557176864999974,
    0.5262511230000655,
    0.5159737760000098
  ],
  "prusti-tests/tests/verify/pass/quick/trait-contracts-refinement.rs": [
    0.8380127579998771,
    0.759245625000176,
    0.7134268629999951,
    0.7549958179999976,
    0.6964962600000035,
    0.774300236000272,
    0.7889873250001074,
    0.7470565700000407,
    0.7966724729999441,
    0.7576729339998565
  ],
  "prusti-tests/tests/verify/pass/quick/routes.rs": [
    2.1290392569999312,
    2.1392334279998977,
    2.079971275999924,
    2.023900035999759,
    1.9173648790001607,
    1.8469388080002318,
    2.054304607999711,
    1.978971444000308,
    1.942246257000079,
    1.8440960080001787
  ],
  "prusti-tests/tests/verify/pass/quick/fibonacci.rs": [
    1.84513581300007,
    1.8634203040001012,
    1.8781607779997103,
    1.880574721999892,
    1.9557570649999434,
    1.7691945809997378,
    1.7490075860000616,
    2.0831097679997583,
    2.0724594749999596,
    2.0391569190001064
  ],
  "prusti-tests/tests/verify/pass/pure-fn/len-lookup.rs": [
    0.8646336669999073,
    0.89651541000012,
    0.8766865809998308,
    0.8900103639998633,
    0.8472692870000174,
    0.8021057019996078,
    0.8627252520000184,
    0.9542413289996148,
    0.952038119000008,
    0.8829404339999201
  ],
  "prusti-tests/tests/verify/pass/pure-fn/quantifiers.rs": [
    0.7131588359998204,
    0.8201725769999939,
    0.7425778399997398,
    0.7600803059999635,
    0.7793056950004029,
    0.7288323619995936,
    0.6928210949999993,
    0.7779637879998518,
    0.7234326370003146,
    0.7167455060002794
  ],
  "prusti-tests/tests/verify/pass/pure-fn/recursive-pure-fn.rs": [
    0.5922302310000305,
    0.5517006439999932,
    0.5647159039999678,
    0.559754482000244,
    0.6563930470001651,
    0.5792642890000934,
    0.6278146140002718,
    0.5955131640002946,
    0.6111297370002831,
    0.5556021790002887
  ],
  "prusti-tests/tests/verify/pass/pure-fn/ref-mut-arg.rs": [
    0.7480585729999802,
    0.7527740949999497,
    0.7937442849997751,
    0.7490394769997692,
    0.7690131700001075,
    0.789880333000383,
    0.7243983560001652,
    0.7331575959997281,
    0.8203898879996814,
    0.7470064590002039
  ],
  "prusti-tests/tests/verify/pass/rosetta/Ackermann_function.rs": [
    0.8269850179999594,
    0.9228531489998204,
    0.7885260450002534,
    0.7944898720002129,
    0.8273687199998676,
    0.7649209589999373,
    0.8126961789998859,
    0.8686961050002537,
    0.8174990990000879,
    0.8044305459998213
  ],
  "prusti-tests/tests/verify/pass/rosetta/Heapsort.rs": [
    6.662374635000106,
    5.50853422199998,
    5.916081315000156,
    5.89188490000015,
    6.122697976999916,
    6.188818906000051,
    5.8459038910000345,
    5.920589738000217,
    5.999609762000091,
    6.106006623999747
  ]
}