{
  "prusti-tests/tests/verify/pass/rosetta/Knuth_shuffle.rs": [
    2.675183813999979,
    0.3248587080000789,
    0.31612873800008856,
    0.3145764080001072,
    0.31630124200000864,
    0.3153999249999515,
    0.31717905800007884,
    0.3178589719999536,
    0.31798797499993725,
    0.3153999249999515
  ],
  "prusti-tests/tests/verify/pass/demos/account.rs": [
    2.2078678719999516,
    0.13511362400004145,
    0.1330588829999897,
    0.1319917630000873,
    0.1332340879999947,
    0.13289058099996964,
    0.13304808400005186,
    0.13390309999999772,
    0.1334546919999866,
    0.13310428500005855
  ],
  "prusti-tests/tests/verify/pass/rosetta/Knights_tour.rs": [
    105.20706579299997,
    1.8488905230000228,
    1.8529992949999041,
    1.8459606579999672,
    1.8549590320000107,
    1.8610117670000363,
    1.856125890000044,
    1.8521423130000585,
    1.8529980289999912,
    1.8537336639999467
  ],
  "prusti-tests/tests/verify/pass/quick/fold-unfold.rs": [
    1.301427268999987,
    0.10356215499996324,
    0.10232223100001647,
    0.1028289409999843,
    0.10202072599997791,
    0.1033513510000148,
    0.10281494100001964,
    0.10238953299995046,
    0.10341485200001443,
    0.10237283200001457
  ],
  "prusti-tests/tests/verify/pass/quick/moves.rs": [
    1.5484924329999785,
    0.09961418099999264,
    0.09861916200009091,
    0.09915677200001483,
    0.09836875700000292,
    0.09945407700001851,
    0.09928837400002521,
    0.09735563799995361,
    0.09742243900006997,
    0.09729623700002321
  ],
  "prusti-tests/tests/verify/pass/quick/mut-borrows.rs": [
    3.0757808309999746,
    0.15753105699991465,
    0.15833467300001303,
    0.15831097299997055,
    0.16013330800001313,
    0.15990460299997267,
    0.1571057489999248,
    0.1594888949999813,
    0.16128073000004406,
    0.158551978000105
  ],
  "prusti-tests/tests/verify/pass/quick/shared-borrows.rs": [
    1.922030004000021,
    0.09712438500002918,
    0.09957583200002773,
    0.0972245870000279,
    0.09670177599991803,
    0.09501844399994752,
    0.09547155300003851,
    0.09599446400000033,
    0.0950634450000507,
    0.09584796000001461
  ],
  "prusti-tests/tests/verify/pass/quick/trait-contracts-refinement.rs": [
    1.638991410000017,
    0.14723835799998142,
    0.1475244630000816,
    0.14866398499998468,
    0.14910879399997157,
    0.1491746950000561,
    0.14709775500000433,
    0.14675344800002676,
    0.14785646899997573,
    0.14509431600004064
  ],
  "prusti-tests/tests/verify/pass/quick/routes.rs": [
    5.30176127499999,
    0.2991193310000426,
    0.30000294799992844,
    0.3008027639999682,
    0.2971328919999223,
    0.298510919000023,
    0.2983889160000217,
    0.2991545309999992,
    0.29863012099997377,
    0.30229519299996355
  ],
  "prusti-tests/tests/verify/pass/quick/fibonacci.rs": [
    0.3622934610000357,
    0.3627667709999969,
    0.36053910700002234,
    0.36103091199993287,
    0.3655406990000074,
    0.35744404199999735,
    0.3615351209999744,
    0.3612923169999931,
    0.36165062300005957,
    0.3610473119999824
  ],
  "prusti-tests/tests/verify/pass/pure-fn/len-lookup.rs": [
    3.6524963370000023,
    0.217817330999992,
    0.2155658870000252,
    0.21498337499997433,
    0.21913855599996168,
    0.21843844299996817,
    0.2148473729999978,
    0.21767312700001185,
    0.21643572499999664,
    0.21705763799991473
  ],
  "prusti-tests/tests/verify/pass/pure-fn/quantifiers.rs": [
    2.284258095000041,
    0.19780306099994505,
    0.19039181699997698,
    0.1855642219999254,
    0.18423809700004767,
    0.18704355200009104,
    0.18753276100005678,
    0.18469870600006288,
    0.18666024399999515,
    0.18790366799998992
  ],
  "prusti-tests/tests/verify/pass/pure-fn/recursive-pure-fn.rs": [
    2.0015457760000572,
    0.14954791999991812,
    0.1494469179999669,
    0.15088134600000558,
    0.15051463899999362,
    0.14927311499991447,
    0.1492040130000305,
    0.14920651300008103,
    0.15113225100003547,
    0.15079494400004023
  ],
  "prusti-tests/tests/verify/pass/pure-fn/ref-mut-arg.rs": [
    3.024882436999974,
    0.1838320350000231,
    0.18200530000001436,
    0.18250451000005796,
    0.1850299579999728,
    0.18412683999997626,
    0.18306971999993493,
    0.18149968999989596,
    0.18435164499999246,
    0.18367133200001717
  ],
  "prusti-tests/tests/verify/pass/rosetta/Ackermann_function.rs": [
    1.96496928199997,
    0.22233647499990639,
    0.2240462080000043,
    0.22373460199992223,
    0.22287128599998596,
    0.2237758029999668,
    0.22510982800008605,
    0.22371410099992772,
    0.2241950390000511,
    0.22299962500005677
  ],
  "prusti-tests/tests/verify/pass/rosetta/Heapsort.rs": [
    9.965183862999993,
    0.7839257960000623,
    0.7891945979999946,
    0.7857720320000681,
    0.7816628520000677,
    0.7849376160000929,
    0.7858671330000107,
    0.7831897810000328,
    0.7814868340000203,
    0.7898792920000233
  ]
}