{
  "prusti-tests/tests/verify/pass/rosetta/Knuth_shuffle.rs": [
    2.18099403899987,
    2.0541714720000073,
    2.0125578550000682,
    2.007221078000157,
    2.0216582149998885,
    2.0526536759998635,
    1.9943756650000068,
    1.9919059750000088,
    1.9794357260000197,
    1.9755371450000894
  ],
  "prusti-tests/tests/verify/pass/demos/account.rs": [
    1.7113137750000078,
    1.7300182100000256,
    1.7156438600000001,
    1.735199818999945,
    1.7306416270000682,
    1.7102873940000336,
    1.7241268489999584,
    1.767904905000023,
    1.7113384199999473,
    1.690849968000066
  ],
  "prusti-tests/tests/verify/pass/rosetta/Knights_tour.rs": [
    106.4050874730001,
    104.38021623899999,
    104.65888619100019,
    102.92123231599999,
    106.28237771199997,
    105.39354735300003,
    103.9897793560001,
    104.25559601399982,
    102.72649017699996,
    102.99150989000009
  ],
  "prusti-tests/tests/verify/pass/quick/fold-unfold.rs": [
    1.1295837220000067,
    1.1188337399999,
    1.1198340359997019,
    1.1079277620001449,
    1.1128291519999038,
    1.1125969290001194,
    1.1246529699997154,
    1.1139675189997433,
    1.1282038529998317,
    1.1268336509997425
  ],
  "prusti-tests/tests/verify/pass/quick/moves.rs": [
    1.3508586440002546,
    1.3608433010003864,
    1.3653814819999752,
    1.3659457789999578,
    1.3571134170001642,
    1.366397859999779,
    1.3665708390003601,
    1.3630427550001514,
    1.3699892249996992,
    1.3649749470000643
  ],
  "prusti-tests/tests/verify/pass/quick/mut-borrows.rs": [
    2.6990819089996876,
    2.6926775179999822,
    2.707396054000128,
    2.6882699210000283,
    2.6816327340002317,
    2.6751475620003475,
    2.675941273999797,
    2.6817236619999676,
    2.717466906000027,
    2.7008319149999807
  ],
  "prusti-tests/tests/verify/pass/quick/shared-borrows.rs": [
    1.693800528000338,
    1.6942076260002068,
    1.6947285230003217,
    1.709606234000148,
    1.7091783890000443,
    1.700451503000295,
    1.7026972779999596,
    1.709851652999987,
    1.7005867809998563,
    1.7086505359998228
  ],
  "prusti-tests/tests/verify/pass/quick/trait-contracts-refinement.rs": [
    1.6195339259998036,
    1.4889031520001481,
    1.4998646899998676,
    1.4848313040001813,
    1.4799043749999328,
    1.4870665460002783,
    1.4873233449998224,
    1.4961670080001568,
    1.4805224739998266,
    1.483851839000181
  ],
  "prusti-tests/tests/verify/pass/quick/routes.rs": [
    4.504934697999943,
    4.293999480000366,
    4.195961998000257,
    4.217518480000308,
    4.163111872999707,
    4.159723764999853,
    4.167452132000108,
    4.144476343999941,
    4.131305174999852,
    4.193727603000298
  ],
  "prusti-tests/tests/verify/pass/quick/fibonacci.rs": [
    5.536110181999902,
    5.507819083999948,
    5.487412833000235,
    5.51684158199987,
    5.544953406999866,
    5.511240156999975,
    5.52619257699962,
    5.52434978500014,
    5.484426553000048,
    5.50694727500013
  ],
  "prusti-tests/tests/verify/pass/pure-fn/len-lookup.rs": [
    3.1083967670001584,
    3.1365317530003267,
    3.1084264930000245,
    3.1218407450000996,
    3.1286567879997165,
    3.1031249420002496,
    3.117118051000034,
    3.109907516000021,
    3.1082777220003663,
    3.12456787300016
  ],
  "prusti-tests/tests/verify/pass/pure-fn/quantifiers.rs": [
    1.8963712879999548,
    1.9030612629999268,
    1.9068346490003023,
    1.9088764440002706,
    1.9075944490000438,
    1.8871330259999013,
    1.8901893140000539,
    1.889211318999969,
    1.8904708129998653,
    1.9067430519999107
  ],
  "prusti-tests/tests/verify/pass/pure-fn/recursive-pure-fn.rs": [
    1.67703781299997,
    1.672299730999839,
    1.6787346060000345,
    1.6683465450000767,
    1.6760343160003686,
    1.6691509410002254,
    1.662204076999842,
    1.6693529730000591,
    1.6700858709996282,
    1.668935274999967
  ],
  "prusti-tests/tests/verify/pass/pure-fn/ref-mut-arg.rs": [
    2.4428657890002796,
    2.4539164339998933,
    2.444115970999974,
    2.4570247219999146,
    2.443626059000053,
    2.4539849160000813,
    2.453156818000025,
    2.446164691999911,
    2.451804106000054,
    2.4493495149999944
  ],
  "prusti-tests/tests/verify/pass/rosetta/Ackermann_function.rs": [
    1.6816182249999656,
    1.6577478989997871,
    1.6544612069997129,
    1.6594725879999714,
    1.6559617019997859,
    1.6626465760000428,
    1.6571310960002847,
    1.6527994010002658,
    1.6647873530000652,
    1.6640399560001242
  ],
  "prusti-tests/tests/verify/pass/rosetta/Heapsort.rs": [
    10.453438841000207,
    10.391740208000101,
    10.343535561999943,
    10.364716493999822,
    10.383736748999581,
    10.36667353699977,
    10.351992325000083,
    10.350451840999995,
    10.368223941999986,
    10.352644104999854
  ]
}