{
  "prusti-tests/tests/verify/pass/rosetta/Knuth_shuffle.rs": [
    2.4090391760000784,
    2.1187433410000267,
    2.083901296000022,
    2.093132181000101,
    2.0112455949999912,
    2.1472461670000484,
    2.0117235840000376,
    2.144754470999942,
    2.030151167000213,
    2.0511490379999486
  ],
  "prusti-tests/tests/verify/pass/demos/account.rs": [
    1.864886333999948,
    1.930185530000017,
    1.8569362450000426,
    1.7836258600000292,
    1.758126600999958,
    1.849165757000037,
    1.7675200869998662,
    1.8237558989999343,
    1.8350423809999938,
    1.8048762290000013
  ],
  "prusti-tests/tests/verify/pass/rosetta/Knights_tour.rs": [
    117.17021404399998,
    112.95171096499985,
    114.33274824799992,
    117.32657753900003,
    115.23854966999988,
    112.75153900999999,
    112.66656955900021,
    116.96256561199971,
    114.96136761100024,
    113.90492321200009
  ],
  "prusti-tests/tests/verify/pass/quick/fold-unfold.rs": [
    1.2378394420002223,
    1.2017597959998056,
    1.1792009299997517,
    1.1524519710001186,
    1.1258707109996067,
    1.200136098999792,
    1.1952854009996372,
    1.1251645359998292,
    1.1675279779997254,
    1.2123111159999098
  ],
  "prusti-tests/tests/verify/pass/quick/moves.rs": [
    1.4281523149998065,
    1.4374754030000076,
    1.3937133130002621,
    1.359135477000109,
    1.4249277700000675,
    1.416190884000116,
    1.4461355350003942,
    1.386445631999777,
    1.439849261999825,
    1.4785309060002874
  ],
  "prusti-tests/tests/verify/pass/quick/mut-borrows.rs": [
    2.8583205710001494,
    2.839818796000145,
    2.748797586999899,
    2.8685062900003686,
    2.8942602459997033,
    2.8716557779998766,
    2.727539715000148,
    2.876171876999706,
    2.918557217000398,
    2.811273793000055
  ],
  "prusti-tests/tests/verify/pass/quick/shared-borrows.rs": [
    1.7569860149997112,
    1.8265398930002448,
    1.7254221589996632,
    1.8425576659997205,
    1.7753023759996722,
    1.7447580329999255,
    1.8322144750000007,
    1.7642738909999025,
    1.7889304489999631,
    1.8581693790001736
  ],
  "prusti-tests/tests/verify/pass/quick/trait-contracts-refinement.rs": [
    1.7116768820001198,
    1.630656616000124,
    1.730742550999821,
    1.5728058109998528,
    1.580308900000091,
    1.5882176869999967,
    1.5819188979999126,
    1.6567632739997862,
    1.5767598060001546,
    1.6356078779999734
  ],
  "prusti-tests/tests/verify/pass/quick/routes.rs": [
    4.974828538999645,
    4.732843150999997,
    4.550537995000013,
    4.498274848999699,
    4.556058161999772,
    4.343593627000246,
    4.41564629100003,
    4.530161677000251,
    4.521445613000196,
    4.6695319649998055
  ],
  "prusti-tests/tests/verify/pass/quick/fibonacci.rs": [
    5.5459688910000295,
    5.598553629999969,
    5.666950363999604,
    5.797042217000126,
    5.83408086899999,
    5.687544409000111,
    5.558388818999902,
    5.636487597999803,
    5.719432509999933,
    5.727038312999866
  ],
  "prusti-tests/tests/verify/pass/pure-fn/len-lookup.rs": [
    3.2565480519997436,
    3.2780751179998333,
    3.2123939530001735,
    3.2225524909999876,
    3.3399711189999834,
    3.271083702999931,
    3.2515889339997557,
    3.452713143999972,
    3.3553035129998534,
    3.2287206470000456
  ],
  "prusti-tests/tests/verify/pass/pure-fn/quantifiers.rs": [
    2.014140833000056,
    2.04324514200016,
    1.9351984489999268,
    2.0170418210000207,
    2.0038719439999113,
    2.0124031880000075,
    1.9833889770002315,
    1.9766023339998355,
    2.021465216999786,
    1.9938757960003386
  ],
  "prusti-tests/tests/verify/pass/pure-fn/recursive-pure-fn.rs": [
    1.8821423190001951,
    1.7895660179997321,
    1.7051897440001085,
    1.7782162849998713,
    1.7693265420002717,
    1.7836644499998329,
    1.7223777789999986,
    1.802818873000433,
    1.7388616859998365,
    1.8289122049995967
  ],
  "prusti-tests/tests/verify/pass/pure-fn/ref-mut-arg.rs": [
    2.7933728289999635,
    2.76058031499997,
    2.6972402269998383,
    2.6839176059997953,
    2.6387421199997334,
    2.7249332490000597,
    2.6505877520003196,
    2.6640587459996823,
    2.613793873999839,
    2.5842878170001313
  ],
  "prusti-tests/tests/verify/pass/rosetta/Ackermann_function.rs": [
    1.8286166279999634,
    1.8104423409999981,
    1.7625303390000226,
    1.899573528000019,
    1.8970228580001276,
    1.7464561500000855,
    1.7709563060002438,
    1.9654286519999005,
    2.059362434999912,
    1.9474312799998188
  ],
  "prusti-tests/tests/verify/pass/rosetta/Heapsort.rs": [
    11.483896744000049,
    11.634442463999676,
    11.60283047899975,
    11.424658633000035,
    11.45873530100016,
    11.518445646000146,
    11.508060078000199,
    11.455213950999678,
    11.32152248500006,
    11.447289535999971
  ]
}