{
  "prusti-tests/tests/verify/pass/rosetta/Knuth_shuffle.rs": [
    3.171075920000021,
    0.38158806700005243,
    0.38763487400001395,
    0.3825797169999987,
    0.375383252000006,
    0.3771887440000228,
    0.38155626500008566,
    0.38673832899996796,
    0.375889476999987,
    0.3786905189999743
  ],
  "prusti-tests/tests/verify/pass/demos/account.rs": [
    2.4926085079999893,
    0.144822750000003,
    0.14743408300000738,
    0.14547138299997187,
    0.14571249599998737,
    0.14585000199997467,
    0.14547538299996177,
    0.14656623799999124,
    0.14728357499996036,
    0.14530117399999654
  ],
  "prusti-tests/tests/verify/pass/rosetta/Knights_tour.rs": [
    121.74266164400001,
    2.600862050999922,
    2.5915579899999557,
    2.5951869390000866,
    2.6026686129999916,
    2.6103318950000585,
    2.6029461719999745,
    2.610487879999937,
    2.6033206480000217,
    2.599559377999981
  ],
  "prusti-tests/tests/verify/pass/quick/fold-unfold.rs": [
    1.477079247000006,
    0.11617990599995665,
    0.11336945100003959,
    0.11217378499998176,
    0.11109952599997541,
    0.11215028399999483,
    0.11124233400005323,
    0.11151864900000419,
    0.11425790000009783,
    0.11312363799993364
  ],
  "prusti-tests/tests/verify/pass/quick/moves.rs": [
    1.7635097409998934,
    0.10866089199998896,
    0.10754532999999356,
    0.10862809000002471,
    0.10658827700001439,
    0.10604784700001346,
    0.10675738700001602,
    0.11161355399997319,
    0.10987225799999578,
    0.10688209299996743
  ],
  "prusti-tests/tests/verify/pass/quick/mut-borrows.rs": [
    3.501843292999979,
    0.1773236060000727,
    0.18013554599997406,
    0.17666737299998658,
    0.17215234900004361,
    0.1714118119999739,
    0.178904684000031,
    0.1749430879999636,
    0.17421285099999295,
    0.1786897740000768
  ],
  "prusti-tests/tests/verify/pass/quick/shared-borrows.rs": [
    2.168178076000004,
    0.10702581499992903,
    0.10995176099993387,
    0.10726202700004706,
    0.10553984099999525,
    0.10708131800004139,
    0.10578185299993947,
    0.10672450000004119,
    0.10674320100008572,
    0.10679650400004448
  ],
  "prusti-tests/tests/verify/pass/quick/trait-contracts-refinement.rs": [
    1.8534682480000129,
    0.15525221500001862,
    0.15437554999994063,
    0.15542720400003418,
    0.1558062220000238,
    0.1565084570000863,
    0.15362021299995376,
    0.15528549600003316,
    0.15522969300002387,
    0.15451245799999924
  ],
  "prusti-tests/tests/verify/pass/quick/routes.rs": [
    6.152404584999999,
    0.3921663889999536,
    0.38752367299991874,
    0.3841164949999438,
    0.3926099369999747,
    0.3826260179999963,
    0.38753517299994655,
    0.38740386599999965,
    0.3845324179999352,
    0.3847278270000061
  ],
  "prusti-tests/tests/verify/pass/quick/fibonacci.rs": [
    0.4064507580000054,
    0.4064023550000684,
    0.40539380299992445,
    0.39951529699999355,
    0.4062431470000547,
    0.40640375599991785,
    0.4166671899999983,
    0.4001590310000438,
    0.40269856300005813,
    0.4036294119999866
  ],
  "prusti-tests/tests/verify/pass/pure-fn/len-lookup.rs": [
    4.212088203999997,
    0.24561569800005145,
    0.24037003199998708,
    0.2414146849999952,
    0.2380413129999397,
    0.24421732799999063,
    0.24886906500000805,
    0.245267480999928,
    0.2412780779999366,
    0.24231093000003057
  ],
  "prusti-tests/tests/verify/pass/pure-fn/quantifiers.rs": [
    2.6538585480000165,
    0.21648315700008425,
    0.21106645700001536,
    0.2128670529999681,
    0.21453424200001336,
    0.21447813899999346,
    0.2114086750000297,
    0.21418512400009604,
    0.213276374999964,
    0.21148768000000473
  ],
  "prusti-tests/tests/verify/pass/pure-fn/recursive-pure-fn.rs": [
    2.240090370999951,
    0.16398994600001515,
    0.16501550099997075,
    0.16448487299999215,
    0.16612396000004992,
    0.16686659899994538,
    0.1635634230000278,
    0.1623227569999699,
    0.16492299599997295,
    0.167532035000022
  ],
  "prusti-tests/tests/verify/pass/pure-fn/ref-mut-arg.rs": [
    3.480783747999908,
    0.20622206600000936,
    0.20658878400001868,
    0.20446627700005138,
    0.20706110800006172,
    0.20726681899998312,
    0.20154642800002875,
    0.20655488299996705,
    0.21044148000009955,
    0.2053903230000742
  ],
  "prusti-tests/tests/verify/pass/rosetta/Ackermann_function.rs": [
    2.250139990999969,
    0.24592127999994773,
    0.2469690330000276,
    0.24527634699995815,
    0.24569436900003438,
    0.2482390979999991,
    0.24934865399995942,
    0.2468297259999872,
    0.2471647429999848,
    0.24775787300006868
  ],
  "prusti-tests/tests/verify/pass/rosetta/Heapsort.rs": [
    12.074022481999918,
    1.1038688660000844,
    1.110028480999972,
    1.1142699980000543,
    1.1027117060000364,
    1.1002775329998258,
    1.1225838329999078,
    1.1083429180000621,
    1.1092013609998048,
    1.1124493239999538
  ]
}