{
  "prusti-tests/tests/verify/pass/rosetta/Knuth_shuffle.rs": [
    2.141681352999967,
    1.8950890739999977,
    1.8706284439999763,
    1.8875943259999985,
    1.806511291999982,
    1.8622257030000355,
    1.8542437590000418,
    1.8633036940000238,
    1.842436240999973,
    1.8466531109999096
  ],
  "prusti-tests/tests/verify/pass/demos/account.rs": [
    1.6783637859999772,
    1.6644445889999133,
    1.6812985709999566,
    1.6682398629999398,
    1.6634241959999372,
    1.66818136400002,
    1.6610472180000215,
    1.6578237410000156,
    1.6549199610000187,
    1.6588763330000802
  ],
  "prusti-tests/tests/verify/pass/rosetta/Knights_tour.rs": [
    96.195988124,
    95.49845291999998,
    96.1956237620002,
    97.866826575,
    95.78412748400001,
    96.09624505200009,
    98.66369596499999,
    96.84425654000006,
    96.00718942499998,
    97.35051134200012
  ],
  "prusti-tests/tests/verify/pass/quick/fold-unfold.rs": [
    1.1471539209999264,
    1.1617146170001433,
    1.1132884660000855,
    1.1191301639998983,
    1.1264961470001253,
    1.124926657999822,
    1.126364047999914,
    1.115805921999936,
    1.1231106709999494,
    1.1234164689999488
  ],
  "prusti-tests/tests/verify/pass/quick/moves.rs": [
    1.355670449000172,
    1.3648886839998795,
    1.3530911670000023,
    1.3564317439997922,
    1.3539340620000075,
    1.3592598239999916,
    1.3485212989999127,
    1.3625641999999516,
    1.362833898999952,
    1.3554709499999262
  ],
  "prusti-tests/tests/verify/pass/quick/mut-borrows.rs": [
    2.6642449260000376,
    2.6493576300001678,
    2.640272393000032,
    2.653105703000165,
    2.6436714690000827,
    2.6620754409998426,
    2.638791003000051,
    2.6497346270000435,
    2.6663596109999617,
    2.6477645400000256
  ],
  "prusti-tests/tests/verify/pass/quick/shared-borrows.rs": [
    1.683791261000124,
    1.6859887450000315,
    1.6740626290002183,
    1.6843035569997937,
    1.6822189710001112,
    1.6975513649999812,
    1.7110133710000355,
    1.7030157260001033,
    1.6978623620000235,
    1.685156551000091
  ],
  "prusti-tests/tests/verify/pass/quick/trait-contracts-refinement.rs": [
    1.5079147859999011,
    1.5220302889999857,
    1.4787123909998172,
    1.4836553560000993,
    1.4936947860001055,
    1.476686700000073,
    1.4650228810000954,
    1.466858468000055,
    1.4735432220002167,
    1.4614184060001207
  ],
  "prusti-tests/tests/verify/pass/quick/routes.rs": [
    4.415946495000071,
    4.205464061999919,
    4.0321185759999025,
    4.002619483999979,
    4.002081020000105,
    3.997014555000078,
    4.020728781000116,
    3.956492928999978,
    3.9821250349998536,
    3.9976921249999577
  ],
  "prusti-tests/tests/verify/pass/quick/fibonacci.rs": [
    5.1107031449998885,
    5.110020745999918,
    5.0537568330000795,
    5.057645488999924,
    5.143641828999989,
    5.1042391390001285,
    5.053355474,
    5.038015784000208,
    5.082841120000012,
    5.093310872999837
  ],
  "prusti-tests/tests/verify/pass/pure-fn/len-lookup.rs": [
    2.997366196999792,
    3.0170042419999845,
    2.991017794000072,
    2.9813974489998145,
    2.980836902999954,
    3.00342304600008,
    2.9863061650000873,
    2.9820568160000676,
    2.989938994999875,
    2.996069047999981
  ],
  "prusti-tests/tests/verify/pass/pure-fn/quantifiers.rs": [
    1.8761343030000717,
    1.8504480980000153,
    1.8492576069997995,
    1.8386848009999994,
    1.8387587600000188,
    1.835574483000073,
    1.8229092740000397,
    1.8214612849999412,
    1.8502471110000442,
    1.8350245399999494
  ],
  "prusti-tests/tests/verify/pass/pure-fn/recursive-pure-fn.rs": [
    1.6201854920000187,
    1.6129916449999655,
    1.623189671000091,
    1.6042520730002252,
    1.6099861679999776,
    1.6098014690001037,
    1.6132154450001508,
    1.6173226170003545,
    1.605875406999985,
    1.6153649419998146
  ],
  "prusti-tests/tests/verify/pass/pure-fn/ref-mut-arg.rs": [
    2.366801851999753,
    2.388940998999715,
    2.441892302999804,
    2.413294409000173,
    2.388735375000124,
    2.372709940999812,
    2.35916184000007,
    2.3728208439997616,
    2.3555459280000832,
    2.390095072999884
  ],
  "prusti-tests/tests/verify/pass/rosetta/Ackermann_function.rs": [
    1.6514538040000843,
    1.6748749380003574,
    1.6707066680000935,
    1.6537366330003351,
    1.6515472619998945,
    1.6626702879998447,
    1.6503526700003022,
    1.6527682240002832,
    1.7652757139999267,
    1.6858981850000418
  ],
  "prusti-tests/tests/verify/pass/rosetta/Heapsort.rs": [
    9.176743371000157,
    9.191337082000246,
    9.106121913000152,
    9.076723249000224,
    9.11166351599968,
    9.133875621999778,
    9.17797996399986,
    9.114765548999912,
    9.099443296000118,
    9.302988667000136
  ]
}