{
  "prusti-tests/tests/verify/pass/rosetta/Knuth_shuffle.rs": [
    2.358889375999979,
    2.1118869730000824,
    2.07862613899988,
    2.0207089049999922,
    2.067345757000112,
    1.9089620700001433,
    1.875339556000199,
    1.8716325690002122,
    1.7693118760000743,
    1.8765100640000583
  ],
  "prusti-tests/tests/verify/pass/demos/account.rs": [
    0.9515421639998749,
    0.9580873130000782,
    0.9993930619998537,
    0.9137687380000443,
    0.9380023070000334,
    1.0161556319999363,
    0.9639053429998512,
    0.926292138000008,
    0.8794773670001632,
    1.040727213999844
  ],
  "prusti-tests/tests/verify/pass/rosetta/Knights_tour.rs": [
    114.54969261099995,
    113.68556334899995,
    113.58491991699998,
    110.36038235700016,
    114.10608111900001,
    110.76390577500001,
    113.52665879199981,
    114.86019125400003,
    115.72527947100025,
    118.62231565699994
  ],
  "prusti-tests/tests/verify/pass/quick/fold-unfold.rs": [
    0.6106622439997409,
    0.6033183509998707,
    0.6066259829999581,
    0.5899242169998615,
    0.6246252010000717,
    0.5763874780000151,
    0.5864878809998118,
    0.6175374189997456,
    0.6139782590003051,
    0.5579372799998055
  ],
  "prusti-tests/tests/verify/pass/quick/moves.rs": [
    0.6854068469997401,
    0.6327121520002947,
    0.6592685079999683,
    0.675302345000091,
    0.690884565000033,
    0.6693720100001883,
    0.7170374040001661,
    0.6792092000000594,
    0.6869485080001141,
    0.6507763700001306
  ],
  "prusti-tests/tests/verify/pass/quick/mut-borrows.rs": [
    1.0737326170001324,
    1.061621870000181,
    1.0482973419998416,
    1.0338965709997865,
    0.9959830679999868,
    0.9514290030001575,
    1.0740907639997204,
    0.9663017930001843,
    1.0587126100003843,
    0.9682101439998405
  ],
  "prusti-tests/tests/verify/pass/quick/shared-borrows.rs": [
    0.6318843899998683,
    0.6575848100001167,
    0.6654568220001238,
    0.6527252169998974,
    0.7566306429998804,
    0.638037734000136,
    0.6532653379999829,
    0.6313105670001278,
    0.6473084019999078,
    0.6561207069999
  ],
  "prusti-tests/tests/verify/pass/quick/trait-contracts-refinement.rs": [
    1.1651843089998692,
    1.0124709130000156,
    1.0402995239996926,
    1.0133251470001596,
    0.9770635990003029,
    0.9797517070001049,
    1.0532205399999839,
    1.016667561000304,
    0.9808480130000135,
    1.0145565580000948
  ],
  "prusti-tests/tests/verify/pass/quick/routes.rs": [
    3.0996228050003083,
    2.884713427999941,
    2.7083412619999763,
    2.564662933999898,
    2.6152903510001124,
    2.6858300560002135,
    2.525424163000025,
    2.706080463000035,
    3.306324486000449,
    2.512487043999954
  ],
  "prusti-tests/tests/verify/pass/quick/fibonacci.rs": [
    2.3835299050001595,
    2.597009013999923,
    2.7938922609996553,
    2.4804447659998914,
    2.936466440999993,
    2.7017698859999655,
    2.533360974000061,
    2.541026981000414,
    2.5758854699997755,
    2.6833222530003695
  ],
  "prusti-tests/tests/verify/pass/pure-fn/len-lookup.rs": [
    1.2266153919999851,
    1.3393648850001227,
    1.199785621999581,
    1.1960526729999401,
    1.2622319110000717,
    1.2013275829999657,
    1.1596265219995985,
    1.2392456960001255,
    1.1888802879998366,
    1.2070059110001239
  ],
  "prusti-tests/tests/verify/pass/pure-fn/quantifiers.rs": [
    1.1844198100002359,
    1.126449999000215,
    1.0819894269998258,
    1.2210370650000186,
    1.1576850399997056,
    1.0683588799997779,
    1.1247837280002386,
    1.058016067999688,
    1.200069829000313,
    1.1667508000000453
  ],
  "prusti-tests/tests/verify/pass/pure-fn/recursive-pure-fn.rs": [
    0.8846135520002463,
    0.9327149679998001,
    0.9235177020000265,
    0.8533354050000526,
    0.8423434679998536,
    0.869478448999871,
    0.9480308790002709,
    0.9870705339999404,
    0.8604823900000156,
    0.9318950379997659
  ],
  "prusti-tests/tests/verify/pass/pure-fn/ref-mut-arg.rs": [
    1.038399983999625,
    1.1178350489999502,
    1.0952441489998819,
    1.143029252999895,
    1.075430759000028,
    1.1030963620000875,
    1.098054361999857,
    1.0271960390000459,
    1.0234882909999214,
    1.1636901789997864
  ],
  "prusti-tests/tests/verify/pass/rosetta/Ackermann_function.rs": [
    1.0825531460000093,
    1.102041922999888,
    1.096196688999953,
    1.0543923240002187,
    1.112066023999887,
    1.1132078690002345,
    1.0492564199998924,
    1.0418553249996876,
    1.1024801409998872,
    1.1417083049996108
  ],
  "prusti-tests/tests/verify/pass/rosetta/Heapsort.rs": [
    6.618023085999994,
    5.8965640280002845,
    6.011485515000004,
    6.145940005999819,
    6.148347881000063,
    6.1652553249996345,
    6.046567442000196,
    6.116538296999806,
    6.134043947999999,
    5.832569938000233
  ]
}