{
  "prusti-tests/tests/verify/pass/rosetta/Knuth_shuffle.rs": [
    2.2442426170000545,
    1.9994298589999744,
    1.8870294779999313,
    1.896609736000073,
    1.8492246369999066,
    1.8968180350000239,
    1.8750923449999846,
    1.8493620250001186,
    1.851289272000031,
    1.858766994000007
  ],
  "prusti-tests/tests/verify/pass/demos/account.rs": [
    1.7195757619999767,
    1.701887958000043,
    1.7206653230000484,
    1.709186144000114,
    1.7385075900001539,
    1.7160276419999718,
    1.6926736159998654,
    1.7160093790000701,
    1.6927295860000413,
    1.6872482829999171
  ],
  "prusti-tests/tests/verify/pass/rosetta/Knights_tour.rs": [
    99.468892331,
    101.45345217199997,
    97.8570791210002,
    101.77483208900003,
    101.53005564499995,
    99.39776982099988,
    99.79319994000002,
    99.29867068500016,
    98.61047125899995,
    100.82801693300007
  ],
  "prusti-tests/tests/verify/pass/quick/fold-unfold.rs": [
    1.1396778809998978,
    1.1249898460000622,
    1.1584530039999663,
    1.134546341999794,
    1.1330469439999433,
    1.133621243000107,
    1.1271561500002463,
    1.124181418000262,
    1.155048417999751,
    1.1510935289998088
  ],
  "prusti-tests/tests/verify/pass/quick/moves.rs": [
    1.363835465000193,
    1.3660961619998488,
    1.3834944320001341,
    1.3753084449999733,
    1.3698182999996789,
    1.3844904520001364,
    1.3727772689999256,
    1.3687038750003921,
    1.373414467999737,
    1.382859567000196
  ],
  "prusti-tests/tests/verify/pass/quick/mut-borrows.rs": [
    2.6900023550001606,
    2.6813971730002777,
    2.685293766000086,
    2.681066701999953,
    2.7022641660000772,
    2.6866358920001403,
    2.686158195000189,
    2.708965655999691,
    2.734406214000046,
    2.6846383080001033
  ],
  "prusti-tests/tests/verify/pass/quick/shared-borrows.rs": [
    1.7089338410000892,
    1.717933625999649,
    1.7122610350002105,
    1.7140527639999164,
    1.7154600629996821,
    1.7254798450003364,
    1.7156632619999073,
    1.7164515920003396,
    1.7270917420000842,
    1.7182679560000906
  ],
  "prusti-tests/tests/verify/pass/quick/trait-contracts-refinement.rs": [
    1.534864548999849,
    1.5159862789996623,
    1.5000184579998859,
    1.4821742449998965,
    1.4798874449998038,
    1.4783012459997735,
    1.4891393420002714,
    1.476582559000235,
    1.4847300730002644,
    1.4867135159997815
  ],
  "prusti-tests/tests/verify/pass/quick/routes.rs": [
    4.455199440999877,
    4.209690889000285,
    4.090147286000047,
    4.097014958999807,
    4.068455847999758,
    4.089645096999902,
    4.057093988999895,
    4.023310344000038,
    4.052153443999941,
    4.028598942999906
  ],
  "prusti-tests/tests/verify/pass/quick/fibonacci.rs": [
    5.395464976999847,
    5.444050815000082,
    5.392528956000206,
    5.398757755000133,
    5.405149992999668,
    5.373125889999756,
    5.381987671999923,
    5.4199763459996575,
    5.352598680999563,
    5.3627216750001026
  ],
  "prusti-tests/tests/verify/pass/pure-fn/len-lookup.rs": [
    3.071170727000208,
    3.080163314999936,
    3.059091612999964,
    3.069710799999939,
    3.0591960050001035,
    3.0666551910003363,
    3.0667469909999454,
    3.0690432420001343,
    3.0672379089996866,
    3.0632865029997447
  ],
  "prusti-tests/tests/verify/pass/pure-fn/quantifiers.rs": [
    1.8586965550002787,
    1.8697095410002476,
    1.8684034429998064,
    1.8580999559999327,
    1.8526366209998741,
    1.8534377269998004,
    1.8709706090003237,
    1.8461450349996085,
    1.847392065999884,
    1.858242424999844
  ],
  "prusti-tests/tests/verify/pass/pure-fn/recursive-pure-fn.rs": [
    1.6422747970000273,
    1.6507639900000868,
    1.660811792000004,
    1.6557532169999831,
    1.6570146169997315,
    1.650717920000261,
    1.6463241219998963,
    1.6443033499999729,
    1.661717277000207,
    1.6501212900002429
  ],
  "prusti-tests/tests/verify/pass/pure-fn/ref-mut-arg.rs": [
    2.441142022999884,
    2.39631020600018,
    2.4326875289998497,
    2.4292833330000576,
    2.4467165149999346,
    2.460571187000369,
    2.4257281199998033,
    2.4392750070001057,
    2.426476406999882,
    2.430653927000094
  ],
  "prusti-tests/tests/verify/pass/rosetta/Ackermann_function.rs": [
    1.709868820000338,
    1.6682987660001345,
    1.6744405760000518,
    1.6679953960001512,
    1.6637285010001506,
    1.671884092000255,
    1.687534174999655,
    1.6637709300002825,
    1.673844759000076,
    1.6735173590000159
  ],
  "prusti-tests/tests/verify/pass/rosetta/Heapsort.rs": [
    10.039818859999741,
    10.004106896999929,
    9.935886756999935,
    9.909345114000189,
    9.91195445700032,
    9.916876701000092,
    9.945712318000005,
    9.937726125999689,
    9.914860275999672,
    9.851867005999793
  ]
}