{
  "prusti-tests/tests/verify/pass/rosetta/Knuth_shuffle.rs": [
    2.47569382100005,
    2.0758617849999155,
    2.0824157539999533,
    2.074098227000036,
    2.134152861999951,
    2.04632679000008,
    2.0319588580000527,
    2.046501669999998,
    2.078760122999938,
    1.9860109380000495
  ],
  "prusti-tests/tests/verify/pass/demos/account.rs": [
    0.9302630360000421,
    0.9013522730000432,
    0.8897280270000465,
    0.9265149459999975,
    0.9148280960000648,
    0.9440665120000631,
    0.8957916309999518,
    0.9331389740000304,
    0.9329567339999585,
    0.9165772400000378
  ]
}