{
  "prusti-tests/tests/verify/pass/rosetta/Knuth_shuffle.rs": [
    2.2388819640000293,
    1.94892900800005,
    1.9414526370001113,
    1.8728756410000642,
    1.8787134480000987,
    1.9006695650000438,
    1.8452682730001015,
    1.8410562890001074,
    1.854566062999993,
    1.8424157169999944
  ],
  "prusti-tests/tests/verify/pass/demos/account.rs": [
    1.6655529260001458,
    1.6910077239999737,
    1.6770012199999655,
    1.6956097959998715,
    1.6701399949999995,
    1.6466021870000986,
    1.6649987159999,
    1.6939808009999524,
    1.6724754819999816,
    1.6521999609999511
  ],
  "prusti-tests/tests/verify/pass/rosetta/Knights_tour.rs": [
    97.06437689100017,
    96.0676459849999,
    96.14044264899985,
    98.25565753299998,
    95.42498983300015,
    95.53457896000009,
    94.17209284499995,
    95.8176047349998,
    98.20233366599996,
    95.7558012329996
  ],
  "prusti-tests/tests/verify/pass/quick/fold-unfold.rs": [
    1.098222640000131,
    1.092154267999831,
    1.0928946410003846,
    1.1026947939999445,
    1.0926898330003496,
    1.0841631680000319,
    1.0822733750001134,
    1.08360366099987,
    1.1015212980000797,
    1.1016971799999737
  ],
  "prusti-tests/tests/verify/pass/quick/moves.rs": [
    1.3190941279999606,
    1.335682060000181,
    1.3214436190000924,
    1.3238936079997075,
    1.3349028630000248,
    1.32310285199992,
    1.322283110999706,
    1.332171269000355,
    1.3406319319997237,
    1.3195115230000738
  ],
  "prusti-tests/tests/verify/pass/quick/mut-borrows.rs": [
    2.6025821329999417,
    2.6090730310002073,
    2.585243549000097,
    2.598837178999929,
    2.596179316999951,
    2.5908105440003055,
    2.5977859140002693,
    2.597973945999911,
    2.602341271000114,
    2.5776110710003195
  ],
  "prusti-tests/tests/verify/pass/quick/shared-borrows.rs": [
    1.6420826160001525,
    1.6620317140000225,
    1.6608010200002354,
    1.6580701299999419,
    1.6636523770002896,
    1.6519061630001488,
    1.6485907950000183,
    1.6591639519997443,
    1.6488738940001895,
    1.6604801520002184
  ],
  "prusti-tests/tests/verify/pass/quick/trait-contracts-refinement.rs": [
    1.5488113029996384,
    1.44770517500001,
    1.439967902999797,
    1.4309757370001535,
    1.4477842490000512,
    1.4365915159996803,
    1.427442389999669,
    1.4344863590004024,
    1.4305752739996933,
    1.4561008719997517
  ],
  "prusti-tests/tests/verify/pass/quick/routes.rs": [
    4.536260883999603,
    4.285761750999882,
    4.185531271999935,
    4.190759134000018,
    4.13625842600004,
    4.1641767320002145,
    4.161531371999899,
    4.143728341000042,
    4.134649185999933,
    4.129718392000086
  ],
  "prusti-tests/tests/verify/pass/quick/fibonacci.rs": [
    5.431579785999929,
    5.422612766999919,
    5.401592316999995,
    5.406040411000049,
    5.426577511999767,
    5.3953299570002855,
    5.413616153000021,
    5.41826022100031,
    5.414371736000248,
    5.389812333999998
  ],
  "prusti-tests/tests/verify/pass/pure-fn/len-lookup.rs": [
    3.0747026930002903,
    3.0896578300003057,
    3.075643076000233,
    3.0663560200000575,
    3.066919087000315,
    3.058677376000105,
    3.0779667159999917,
    3.058298082999954,
    3.062270769999941,
    3.0592911220001042
  ],
  "prusti-tests/tests/verify/pass/pure-fn/quantifiers.rs": [
    1.8912931080003546,
    1.8797549010000694,
    1.869911269000113,
    1.8548666169999706,
    1.871231865000027,
    1.8668623939997815,
    1.8673485260001144,
    1.8624811419999787,
    1.8656624310001462,
    1.873866703999738
  ],
  "prusti-tests/tests/verify/pass/pure-fn/recursive-pure-fn.rs": [
    1.6369033930000114,
    1.6383034880000196,
    1.6296767170001658,
    1.640929179000068,
    1.6487965529995563,
    1.6341755030002787,
    1.6346537009999338,
    1.639096385999892,
    1.6427718740001183,
    1.640602281000156
  ],
  "prusti-tests/tests/verify/pass/pure-fn/ref-mut-arg.rs": [
    2.4306909120000455,
    2.383242772000358,
    2.417914054999983,
    2.4146145669997168,
    2.429915714999879,
    2.412339573999816,
    2.420136450999962,
    2.4130419770003755,
    2.4136838750000607,
    2.398237132000304
  ],
  "prusti-tests/tests/verify/pass/rosetta/Ackermann_function.rs": [
    1.6480891729997893,
    1.5977188429997113,
    1.5964427469998554,
    1.600022435000028,
    1.6069760279997354,
    1.5992498979999255,
    1.600000096000258,
    1.6050115789998927,
    1.6122142550002536,
    1.6021795169999677
  ],
  "prusti-tests/tests/verify/pass/rosetta/Heapsort.rs": [
    10.523037624999688,
    10.51940099300009,
    10.438606277999952,
    10.406889068000055,
    10.39823925699966,
    10.387304677999964,
    10.428797512000074,
    10.368257027999789,
    10.423462011000083,
    10.384915771000124
  ]
}