{
  "prusti-tests/tests/verify/pass/rosetta/Knuth_shuffle.rs": [
    2.346361376999994,
    1.9242543069999556,
    1.7950478920000705,
    1.8704447669999809,
    1.7502820939999992,
    1.838802292999958,
    1.836907422999957,
    1.742055296999979,
    1.744293201000005,
    1.7921471399999973
  ],
  "prusti-tests/tests/verify/pass/demos/account.rs": [
    0.7951128639999752,
    0.7133124450000423,
    0.7011602170000515,
    0.7195425139999543,
    0.6951032590000068,
    0.6785094570000183,
    0.7273160759999655,
    0.6701031119999925,
    0.6508798239999578,
    0.7239769029999934
  ]
}