{
  "prusti-tests/tests/verify/pass/rosetta/Knuth_shuffle.rs": [
    2.2456640549999065,
    1.929740570000149,
    1.8716251769999417,
    1.8431449600000178,
    1.867822685999954,
    1.856434666000041,
    1.8738197439997748,
    1.8465589449999698,
    1.849876426000037,
    1.8362360210001043
  ],
  "prusti-tests/tests/verify/pass/demos/account.rs": [
    1.6787462259999302,
    1.6913697449999745,
    1.6830716340000436,
    1.692747066000038,
    1.6698365259999264,
    1.7087605540000368,
    1.6717204980000133,
    1.6771300420000443,
    1.646403556999985,
    1.666766313999915
  ],
  "prusti-tests/tests/verify/pass/rosetta/Knights_tour.rs": [
    96.44481885699997,
    94.57042051799999,
    96.043041636,
    93.84029119299998,
    95.44627768500004,
    98.27180784999996,
    93.98456153499978,
    95.874893036,
    95.46036376999973,
    96.8015911880002
  ],
  "prusti-tests/tests/verify/pass/quick/fold-unfold.rs": [
    1.1164292749999731,
    1.1146264879998853,
    1.1202542480000375,
    1.1175736670002152,
    1.107306539000092,
    1.1087658290002764,
    1.1011631850001322,
    1.1016195809997953,
    1.1230158319999646,
    1.1072098429999642
  ],
  "prusti-tests/tests/verify/pass/quick/moves.rs": [
    1.349773742999787,
    1.347029362000285,
    1.3552944020002542,
    1.343040383999778,
    1.3458508640001128,
    1.3465855589997773,
    1.3386071160002757,
    1.355755594999664,
    1.3437664799998856,
    1.3487367449997691
  ],
  "prusti-tests/tests/verify/pass/quick/mut-borrows.rs": [
    2.662262035999902,
    2.6583481640000173,
    2.6371312159999434,
    2.6684054980000838,
    2.6358283270001266,
    2.645673257999988,
    2.638941104999958,
    2.628250678999848,
    2.649345232000087,
    2.6362167229999613
  ],
  "prusti-tests/tests/verify/pass/quick/shared-borrows.rs": [
    1.6845582930000091,
    1.6808597189997272,
    1.6853237870000157,
    1.6785571350001192,
    1.681565413000044,
    1.680185523000091,
    1.6892531600001348,
    1.689370458999747,
    1.683241801999884,
    1.6890090610004336
  ],
  "prusti-tests/tests/verify/pass/quick/trait-contracts-refinement.rs": [
    1.5978623010000774,
    1.5020437700000002,
    1.4710411780001778,
    1.4749572499999886,
    1.47818162700014,
    1.4661819110001488,
    1.4625353369997356,
    1.458514667000145,
    1.4569820780002374,
    1.4604845540002316
  ],
  "prusti-tests/tests/verify/pass/quick/routes.rs": [
    4.674840805000258,
    4.372190237999803,
    4.265517584999998,
    4.2733570260002125,
    4.24634762300002,
    4.247895024000172,
    4.250362306999705,
    4.229282155999954,
    4.203814255999987,
    4.2425094959999115
  ],
  "prusti-tests/tests/verify/pass/quick/fibonacci.rs": [
    5.558891472999676,
    5.5277899759998945,
    5.528470102000028,
    5.534830499999771,
    5.599631391000003,
    5.516679528000168,
    5.536100284999975,
    5.496531397999661,
    5.5146443379999255,
    5.484188239000105
  ],
  "prusti-tests/tests/verify/pass/pure-fn/len-lookup.rs": [
    3.12687883999979,
    3.1522146459997202,
    3.1396244060001663,
    3.123355691999677,
    3.136592439999731,
    3.1379773779999596,
    3.1307528859997547,
    3.1184512790000554,
    3.124890587000209,
    3.1294036750000487
  ],
  "prusti-tests/tests/verify/pass/pure-fn/quantifiers.rs": [
    1.9034939489997669,
    1.8951435539997874,
    1.8791472919997432,
    1.8866053120000288,
    1.8990791360001822,
    1.8854485540000496,
    1.9049437419998867,
    1.9083459119997315,
    1.894975727000201,
    1.8944852929998888
  ],
  "prusti-tests/tests/verify/pass/pure-fn/recursive-pure-fn.rs": [
    1.6596124850002525,
    1.70728187099985,
    1.6582733969999026,
    1.6670303209998565,
    1.6724315149999711,
    1.6605543669998042,
    1.667211309999857,
    1.6644825329999549,
    1.6575927929998215,
    1.6590280559998973
  ],
  "prusti-tests/tests/verify/pass/pure-fn/ref-mut-arg.rs": [
    2.471420147000117,
    2.456739071999891,
    2.4524700369997845,
    2.4605734090000624,
    2.4632531869997365,
    2.4470967229999587,
    2.458302191999792,
    2.464091719999942,
    2.4497360380000828,
    2.444902888999877
  ],
  "prusti-tests/tests/verify/pass/rosetta/Ackermann_function.rs": [
    1.6635754569997516,
    1.645216705999701,
    1.6473378890000276,
    1.6347752510000646,
    1.633895801000108,
    1.6419239340002605,
    1.641824933999942,
    1.6350970910002616,
    1.638025781000124,
    1.6299733710002329
  ],
  "prusti-tests/tests/verify/pass/rosetta/Heapsort.rs": [
    10.611580670999956,
    10.599678036000114,
    10.571351365999817,
    10.539235721000296,
    10.583618344000115,
    10.548801298999933,
    10.551878090000173,
    10.547341789000257,
    10.599025446999804,
    10.57299190599997
  ]
}