{
  "prusti-tests/tests/verify/pass/rosetta/Knuth_shuffle.rs": [
    2.1818082780000623,
    1.8555722829999013,
    1.8184994850000749,
    1.8524782179999875,
    1.8221475709999595,
    1.827084750999802,
    1.7747546529999454,
    1.7748764529999335,
    1.7994170320000649,
    1.7848288940001567
  ],
  "prusti-tests/tests/verify/pass/demos/account.rs": [
    1.633676653000066,
    1.6243785879998995,
    1.6213976040000944,
    1.6123687690001134,
    1.6053904650000277,
    1.6272063740000249,
    1.6238138869998693,
    1.628337818000091,
    1.6195059629999378,
    1.6224673519998305
  ],
  "prusti-tests/tests/verify/pass/rosetta/Knights_tour.rs": [
    96.72467912299999,
    96.371956942,
    94.24517394000009,
    93.09513719799997,
    94.50417309599993,
    92.43652308600008,
    93.695043682,
    94.84309584699986,
    93.08640309900011,
    93.55131756699984
  ],
  "prusti-tests/tests/verify/pass/quick/fold-unfold.rs": [
    1.094598485000006,
    1.0949658829999862,
    1.1077102569997805,
    1.0967256330000055,
    1.09565593599973,
    1.0922234499998922,
    1.0880447249996905,
    1.0820358400001169,
    1.0945660900001712,
    1.100500565999937
  ],
  "prusti-tests/tests/verify/pass/quick/moves.rs": [
    1.3271489520002433,
    1.3143030050000561,
    1.3142840030000116,
    1.311802297000213,
    1.315018382999824,
    1.3298284239999703,
    1.3109691999998176,
    1.318487969999751,
    1.321667558000172,
    1.3093928139996933
  ],
  "prusti-tests/tests/verify/pass/quick/mut-borrows.rs": [
    2.5791534810000485,
    2.580108576999919,
    2.6050520620001407,
    2.574893213999985,
    2.574350016000153,
    2.5887532639999336,
    2.599392237000302,
    2.592173865999939,
    2.597213735999958,
    2.583675158999995
  ],
  "prusti-tests/tests/verify/pass/quick/shared-borrows.rs": [
    1.635364854999807,
    1.6574759669997547,
    1.6519355890000043,
    1.646964415000184,
    1.638969846999771,
    1.6441463259998272,
    1.6391353469998649,
    1.6396493610000107,
    1.65087888700009,
    1.6450708090001172
  ],
  "prusti-tests/tests/verify/pass/quick/trait-contracts-refinement.rs": [
    1.5081960500001514,
    1.4696733020000465,
    1.4595316469999489,
    1.4493056200003593,
    1.4422637470001973,
    1.4444275380001272,
    1.4389559589999408,
    1.4598873790000653,
    1.4395216610000716,
    1.4499574440001197
  ],
  "prusti-tests/tests/verify/pass/quick/routes.rs": [
    4.296656718000122,
    4.092950469999778,
    3.959813478000342,
    3.9756230680000044,
    3.981819201000235,
    3.9262469810000766,
    3.9326208550000956,
    3.9315713679998225,
    3.937458004999826,
    4.01060150100011
  ],
  "prusti-tests/tests/verify/pass/quick/fibonacci.rs": [
    5.0380537369997,
    4.994795911999972,
    4.9867297160003545,
    4.978275917999781,
    4.999870954000016,
    4.981444553000074,
    4.953868237999814,
    4.953625084999658,
    4.946162178000122,
    4.972573510000075
  ],
  "prusti-tests/tests/verify/pass/pure-fn/len-lookup.rs": [
    2.9383805589995973,
    2.9607184659998893,
    2.929951955999968,
    2.9292016590002277,
    2.918301980999786,
    2.948924353000166,
    2.947338361999755,
    3.0384379210004226,
    2.929667784999765,
    2.9377937169997494
  ],
  "prusti-tests/tests/verify/pass/pure-fn/quantifiers.rs": [
    1.814006303000042,
    1.80557183000019,
    1.811952908999956,
    1.7974552240002595,
    1.793939680999756,
    1.7933105829997658,
    1.8081329350002306,
    1.8045241459999488,
    1.8195592850001958,
    1.8253526759999659
  ],
  "prusti-tests/tests/verify/pass/pure-fn/recursive-pure-fn.rs": [
    1.610964218999925,
    1.6027661590001117,
    1.6023325060000388,
    1.6050554070002363,
    1.5923067470002934,
    1.5792406870000377,
    1.5866604650000227,
    1.591682672999923,
    1.57261078800002,
    1.5843445499999689
  ],
  "prusti-tests/tests/verify/pass/pure-fn/ref-mut-arg.rs": [
    2.324089398000069,
    2.3399693450000996,
    2.306946659999994,
    2.34197104399982,
    2.3379441580000275,
    2.3428403540001455,
    2.333466395999949,
    2.3409456710000995,
    2.334710100999928,
    2.321217015000002
  ],
  "prusti-tests/tests/verify/pass/rosetta/Ackermann_function.rs": [
    1.6331184640002903,
    1.6208497030002036,
    1.6194460079996134,
    1.614661285999773,
    1.6187773510000625,
    1.6115372740000566,
    1.6225819389997014,
    1.6226457390002906,
    1.6205116289997932,
    1.6221718609999698
  ],
  "prusti-tests/tests/verify/pass/rosetta/Heapsort.rs": [
    9.182270494000022,
    9.055906728000082,
    9.06786306999993,
    9.078927107999789,
    9.017572135000137,
    9.078483211000275,
    9.04730812400021,
    9.079819540999779,
    9.102702460000273,
    9.016078918999938
  ]
}