{
  "prusti-tests/tests/verify/pass/rosetta/Knuth_shuffle.rs": [
    3.4472097340001255,
    0.3927495600000839,
    0.3921455600000172,
    0.40535874500005775,
    0.38610776799987434,
    0.3898532630000773,
    0.39835755299986886,
    0.4017821500001446,
    0.39921985199998744,
    0.39527375700004086
  ],
  "prusti-tests/tests/verify/pass/demos/account.rs": [
    2.7275508430000173,
    0.154913525999973,
    0.13516304900008436,
    0.13920554400010587,
    0.13569864800001596,
    0.13695754700006546,
    0.14263073999995868,
    0.14436273800015442,
    0.14031974299996364,
    0.14555203700001584
  ],
  "prusti-tests/tests/verify/pass/rosetta/Knights_tour.rs": [
    127.40622342999995,
    2.8636416589999953,
    2.8992919259999326,
    2.9217850980001003,
    3.074591991000034,
    3.022702522999907,
    3.017646329999934,
    3.091101629999912,
    3.0105090459999246,
    3.095060955000008
  ],
  "prusti-tests/tests/verify/pass/quick/fold-unfold.rs": [
    1.5161477999999988,
    0.11259677399993961,
    0.10821807799993621,
    0.11058307600001172,
    0.11346877300002234,
    0.11199087399995733,
    0.12130256399996142,
    0.10665068100001918,
    0.10913147800010847,
    0.1104368759999943
  ],
  "prusti-tests/tests/verify/pass/quick/moves.rs": [
    1.742547046000027,
    0.1157418709999547,
    0.10423258299988447,
    0.10830107800006772,
    0.11187097500010168,
    0.10542168199981461,
    0.1074145799998405,
    0.10610958100005519,
    0.10652387999994062,
    0.10482488299999204
  ],
  "prusti-tests/tests/verify/pass/quick/mut-borrows.rs": [
    3.6903795069999887,
    0.18212739999989935,
    0.1830172989998573,
    0.17824210499998117,
    0.17627830600008565,
    0.18590159600012157,
    0.1846365970000079,
    0.1950005860001056,
    0.1925820889998704,
    0.17779170500011787
  ],
  "prusti-tests/tests/verify/pass/quick/shared-borrows.rs": [
    2.14306724700009,
    0.10492608499998823,
    0.10189678899996579,
    0.09862059099987164,
    0.09900859099980153,
    0.1037590859998545,
    0.10248038800000359,
    0.10401368499992714,
    0.10161618899996938,
    0.10077028899991092
  ],
  "prusti-tests/tests/verify/pass/quick/trait-contracts-refinement.rs": [
    2.073606241999869,
    0.15608265499986373,
    0.15746805500020855,
    0.15303355800006102,
    0.16576234699982706,
    0.1545297570000912,
    0.1633140490000642,
    0.16971954399991773,
    0.17469303899997612,
    0.1717719410000882
  ],
  "prusti-tests/tests/verify/pass/quick/routes.rs": [
    6.546597712999983,
    0.40023695000013504,
    0.38644406500020523,
    0.38699216399982106,
    0.3873037639998529,
    0.38442736699994384,
    0.3851028670001142,
    0.39181505900000957,
    0.4012693480001417,
    0.38409106800008885
  ],
  "prusti-tests/tests/verify/pass/quick/fibonacci.rs": [
    0.410724638000147,
    0.4264959199999794,
    0.4271787199998016,
    0.4635878789999879,
    0.42652922000002036,
    0.4136203339999156,
    0.41369333400007235,
    0.42958601700001964,
    0.4360632089999399,
    0.43107951299998604
  ],
  "prusti-tests/tests/verify/pass/pure-fn/len-lookup.rs": [
    4.293094848999999,
    0.236009132999925,
    0.23648273300000255,
    0.23013934000005065,
    0.2626292029999604,
    0.2427091259999088,
    0.26690249800003585,
    0.24957481800015557,
    0.24855071899992254,
    0.2640636020000784
  ],
  "prusti-tests/tests/verify/pass/pure-fn/quantifiers.rs": [
    2.6981525360001797,
    0.21435206799992557,
    0.2078511750000871,
    0.21260677100008252,
    0.21101097199994,
    0.21237956999993912,
    0.20673447700005454,
    0.20691177600019728,
    0.20918267399997603,
    0.20022148399993966
  ],
  "prusti-tests/tests/verify/pass/pure-fn/recursive-pure-fn.rs": [
    2.391585216000067,
    0.1750470110000606,
    0.17560560999982044,
    0.1708139160000428,
    0.20875887399984094,
    0.21291596999981266,
    0.20644307700013087,
    0.1748675110000022,
    0.17837300700011838,
    0.18000650599992696
  ],
  "prusti-tests/tests/verify/pass/pure-fn/ref-mut-arg.rs": [
    3.978115735999836,
    0.21539437499995984,
    0.21944137100012995,
    0.21544597499996598,
    0.21591527500004304,
    0.21708197299994936,
    0.21342547700010073,
    0.21428777699998136,
    0.21363267800006724,
    0.21325107799998477
  ],
  "prusti-tests/tests/verify/pass/rosetta/Ackermann_function.rs": [
    2.300262300000213,
    0.2671373660000427,
    0.26170043900015116,
    0.25566204300002937,
    0.25105714599999374,
    0.250502546000007,
    0.25356244400018113,
    0.2478575479999563,
    0.24607554900012474,
    0.2575629420000496
  ],
  "prusti-tests/tests/verify/pass/rosetta/Heapsort.rs": [
    14.586165142000027,
    1.2508969920002073,
    1.2755733630001487,
    1.2194218269999055,
    1.2469342960000631,
    1.2035431450001397,
    1.2062579119999555,
    1.2671397389999584,
    1.3067272810001214,
    1.3264220529999875
  ]
}