{
  "prusti-tests/tests/verify/pass/rosetta/Knuth_shuffle.rs": [
    2.3539958850000176,
    2.0428587919999472,
    2.0157230219999747,
    1.970522411999923,
    1.9278509109999504,
    1.8711973109999462,
    1.8887681140000723,
    1.9527893439999389,
    1.9217038220000404,
    1.848663100000067
  ],
  "prusti-tests/tests/verify/pass/demos/account.rs": [
    1.668884276999961,
    1.6637151510000194,
    1.681055178000065,
    1.6855839099999912,
    1.7048915519999355,
    1.6289659130000018,
    1.6521359910000228,
    1.7302021199999444,
    1.6476058599999988,
    1.666744289999997
  ],
  "prusti-tests/tests/verify/pass/rosetta/Knights_tour.rs": [
    106.50825751399998,
    105.02993079900011,
    107.00327919200004,
    104.00119163499994,
    108.35141672700001,
    124.87389690600003,
    127.53130192000003,
    123.04229299400004,
    131.74155833400005,
    127.50474445100008
  ],
  "prusti-tests/tests/verify/pass/quick/fold-unfold.rs": [
    1.2786358680000376,
    1.3091948819999288,
    1.4126013069999317,
    1.4001138619998983,
    1.421340138000005,
    1.419332630000099,
    1.3903228130000116,
    1.3675810400000046,
    1.40070264100018,
    1.410320454999919
  ],
  "prusti-tests/tests/verify/pass/quick/moves.rs": [
    1.6342231860000993,
    1.5576109950000046,
    1.5538362709999092,
    1.5135131119998277,
    1.5692030899999736,
    1.6275017069999649,
    1.5994512429999759,
    1.599628321999944,
    1.522845076999829,
    1.4899448740000025
  ],
  "prusti-tests/tests/verify/pass/quick/mut-borrows.rs": [
    3.11422313900016,
    3.2457703449999826,
    3.1138365389999763,
    3.0842653639999753,
    3.0837786249999226,
    3.072007126000244,
    3.0760767199999464,
    3.154846801000076,
    3.0833631310001692,
    3.036937081999895
  ],
  "prusti-tests/tests/verify/pass/quick/shared-borrows.rs": [
    1.8911028430002261,
    1.9016548849999708,
    1.9106553389997316,
    1.9587036300004002,
    1.9860410279998177,
    1.933632057000068,
    1.8889378349999788,
    1.8782960600001388,
    1.8773122130000957,
    1.9060454320001554
  ],
  "prusti-tests/tests/verify/pass/quick/trait-contracts-refinement.rs": [
    1.763367173000006,
    1.6831973469998047,
    1.7045949799999107,
    1.6413390819998313,
    1.7368896850002784,
    1.7037124759999642,
    1.7193571749999137,
    1.662462751000021,
    1.7376264660001652,
    1.6804326730002686
  ],
  "prusti-tests/tests/verify/pass/quick/routes.rs": [
    5.83038216299974,
    5.5084223640001255,
    5.559342314999867,
    5.4496671229999265,
    5.35530080999979,
    5.3517333269996925,
    5.5236633969998366,
    5.4365183469999465,
    5.329803426999661,
    5.373960995999823
  ],
  "prusti-tests/tests/verify/pass/quick/fibonacci.rs": [
    6.877216538000084,
    6.877999836000072,
    6.943188156999895,
    7.221654066000156,
    6.726523180000186,
    6.8346922579999045,
    6.918788080000013,
    6.963248455000212,
    6.816041780999967,
    6.802848436000204
  ],
  "prusti-tests/tests/verify/pass/pure-fn/len-lookup.rs": [
    3.881745995000074,
    3.9292637009998543,
    3.8517238889999135,
    3.889494198000193,
    3.9408060890000343,
    3.984124329000224,
    4.262877132000085,
    4.3754880460001,
    4.274963099000161,
    4.231859867999901
  ],
  "prusti-tests/tests/verify/pass/pure-fn/quantifiers.rs": [
    2.6451023720001103,
    2.7543567679999796,
    2.6571664609996333,
    2.520602682000117,
    2.4306563979998828,
    2.425998767999772,
    2.417713772999832,
    2.5932837010000185,
    2.6415014100002736,
    2.8533902760000274
  ],
  "prusti-tests/tests/verify/pass/pure-fn/recursive-pure-fn.rs": [
    2.5133209719997467,
    2.6870730629998434,
    2.60989723900002,
    2.642020088999743,
    2.5623449370000344,
    2.2738528029999543,
    2.322783128000083,
    2.5007656539996788,
    2.397094468999967,
    2.366544884999712
  ],
  "prusti-tests/tests/verify/pass/pure-fn/ref-mut-arg.rs": [
    3.7169945890000236,
    3.6221551349999572,
    3.642021083000145,
    3.7071711080002387,
    3.607143280999935,
    3.5589228059998277,
    3.6740112470001804,
    3.6545733259999906,
    3.660869958999683,
    3.6401865050002016
  ],
  "prusti-tests/tests/verify/pass/rosetta/Ackermann_function.rs": [
    2.2843977909997193,
    2.4808219559999998,
    2.2993169500000477,
    2.3082208800001354,
    2.3833953960001963,
    2.2098761649999688,
    2.2758768710000368,
    2.3803718589997516,
    2.255260046999865,
    2.390101708000202
  ],
  "prusti-tests/tests/verify/pass/rosetta/Heapsort.rs": [
    12.424931186999856,
    11.975830253999902,
    12.429503132000264,
    12.708320749999984,
    12.284008377000191,
    12.831149734000064,
    12.563746657999673,
    12.373921646999861,
    12.182931170000302,
    11.912128172000394
  ]
}