{
  "prusti-tests/tests/verify/pass/rosetta/Knuth_shuffle.rs": [
    2.6957838140000376,
    0.3263162399999828,
    0.3236107189999302,
    0.3259924379999575,
    0.3282480560000067,
    0.3243771249999554,
    0.33021907199997713,
    0.3277110519999269,
    0.32546893699998236,
    0.323523023000007
  ],
  "prusti-tests/tests/verify/pass/demos/account.rs": [
    2.3227827299999717,
    0.1308532609999702,
    0.13124986399998306,
    0.13158676700004435,
    0.13028635599994232,
    0.12945084899990889,
    0.1297715519999656,
    0.1364425059999803,
    0.13319597999998223,
    0.13048685699993712
  ],
  "prusti-tests/tests/verify/pass/rosetta/Knights_tour.rs": [
    101.41879689900009,
    2.2092690099999572,
    2.2060702920000494,
    2.2023439299999836,
    2.19170869200002,
    2.2171161160000565,
    2.203765407999981,
    2.1880978419999337,
    2.1948061269999926,
    2.1917991039999833
  ],
  "prusti-tests/tests/verify/pass/quick/fold-unfold.rs": [
    1.3051135440000508,
    0.10224690300003658,
    0.10162679799998386,
    0.10460802099999,
    0.10150959600002807,
    0.10240790399996058,
    0.10127809400000842,
    0.1022432029999436,
    0.1020955019999974,
    0.10062508999999409
  ],
  "prusti-tests/tests/verify/pass/quick/moves.rs": [
    1.4939924200000405,
    0.09964866999996502,
    0.09812925699998232,
    0.09900746499999968,
    0.09738905300002898,
    0.09914166599992313,
    0.09659364600008757,
    0.09760015400001976,
    0.09916686600001867,
    0.09837695999999596
  ],
  "prusti-tests/tests/verify/pass/quick/mut-borrows.rs": [
    2.992225609000002,
    0.1551728990000356,
    0.1581766220000418,
    0.15441119199999775,
    0.15506739699992522,
    0.15570110299995576,
    0.1576245179999205,
    0.15616220600009,
    0.15586080399998536,
    0.1557663029999503
  ],
  "prusti-tests/tests/verify/pass/quick/shared-borrows.rs": [
    1.8564711379999608,
    0.09604483900000105,
    0.09551036199991358,
    0.09464385400008268,
    0.09574296300002061,
    0.09469145399998524,
    0.0960752670000602,
    0.09854618900010337,
    0.09638806899999963,
    0.09519625799998721
  ],
  "prusti-tests/tests/verify/pass/quick/trait-contracts-refinement.rs": [
    1.6262702650000165,
    0.14183317899994563,
    0.13820014600003105,
    0.13753803999998127,
    0.14027606499996637,
    0.1386966500000426,
    0.1389615530000583,
    0.13846834900004978,
    0.13760284099998898,
    0.13951985799997146
  ],
  "prusti-tests/tests/verify/pass/quick/routes.rs": [
    5.313384064000047,
    0.3355016440000327,
    0.3343072330000041,
    0.3358769469999743,
    0.3344791350000378,
    0.3329417209999974,
    0.3332954250000739,
    0.33353512700000465,
    0.3335832269999628,
    0.33256651800002146
  ],
  "prusti-tests/tests/verify/pass/quick/fibonacci.rs": [
    0.3464971409999862,
    0.34989196999993055,
    0.34746854800005167,
    0.3535202019999133,
    0.3508677790000547,
    0.3500346710000031,
    0.34822495499997785,
    0.34626993799997763,
    0.3468508439999596,
    0.3486488600000257
  ],
  "prusti-tests/tests/verify/pass/pure-fn/len-lookup.rs": [
    3.64626767499999,
    0.21563264299993534,
    0.21233671499999218,
    0.21210071299992705,
    0.21476293499995336,
    0.21246941599997626,
    0.21255941700007952,
    0.21457013400004143,
    0.2139849289999347,
    0.21270421799999895
  ],
  "prusti-tests/tests/verify/pass/pure-fn/quantifiers.rs": [
    2.2415909580000744,
    0.19574847299998055,
    0.1880351070000188,
    0.18459687799997937,
    0.1859938919999422,
    0.1899208650000901,
    0.1879264269999794,
    0.1892330519999632,
    0.1895758590000014,
    0.18694890799997665
  ],
  "prusti-tests/tests/verify/pass/pure-fn/recursive-pure-fn.rs": [
    1.9222635300000093,
    0.14475888900005884,
    0.14549909499999103,
    0.14743341100006546,
    0.14998103200002788,
    0.1552209749999065,
    0.14667010499999833,
    0.1488436229999479,
    0.14630120200001784,
    0.1460432999999739
  ],
  "prusti-tests/tests/verify/pass/pure-fn/ref-mut-arg.rs": [
    2.8580964820000645,
    0.18021818099998654,
    0.17856316699999297,
    0.1802249810000376,
    0.18204709499991623,
    0.18256929500000751,
    0.18472836400007964,
    0.18043122899996433,
    0.17840521400000853,
    0.1808045330000141
  ],
  "prusti-tests/tests/verify/pass/rosetta/Ackermann_function.rs": [
    1.8860361440000588,
    0.214548900000068,
    0.21511960399993768,
    0.21473510100008752,
    0.21613481199995022,
    0.2170952200000329,
    0.21672081699989576,
    0.21580800999993244,
    0.21350189199995384,
    0.2144598990000759
  ],
  "prusti-tests/tests/verify/pass/rosetta/Heapsort.rs": [
    9.798755344000028,
    0.9366614210000535,
    0.9371073309999929,
    0.9417358340000419,
    0.9400952209999787,
    0.9385941089999505,
    0.9365360930000861,
    0.9398684189999358,
    0.9390857130000541,
    0.9394479159999491
  ]
}