{
  "prusti-tests/tests/verify/pass/rosetta/Knuth_shuffle.rs": [
    2.8945423469999696,
    2.6769355490000635,
    2.5843440240000746,
    2.6227261650000173,
    2.586325980999959,
    2.6942415899999332,
    2.541791836000016,
    2.535212890999901,
    2.502417300999923,
    2.473373729000059
  ],
  "prusti-tests/tests/verify/pass/demos/account.rs": [
    2.353668565000021,
    2.2988360740000644,
    2.249281261999954,
    2.3155799959999968,
    2.3332718030000024,
    2.246204081000087,
    2.285887983000066,
    2.3316692399999965,
    2.340357030000064,
    2.2495268630000282
  ],
  "prusti-tests/tests/verify/pass/rosetta/Knights_tour.rs": [
    129.92861589199993,
    127.05267256900015,
    128.34369228900005,
    127.77598567900009,
    125.95491890099993,
    126.30306263299985,
    123.27895981300003,
    126.93623534900007,
    124.14887794000015,
    125.41106267900022
  ],
  "prusti-tests/tests/verify/pass/quick/fold-unfold.rs": [
    1.529245856000216,
    1.5002900810000028,
    1.5224990449996767,
    1.4932862299997396,
    1.5171124439998493,
    1.5354210030000104,
    1.45488552300003,
    1.481307526999899,
    1.4909108010001546,
    1.5202762750000147
  ],
  "prusti-tests/tests/verify/pass/quick/moves.rs": [
    1.7874800419999701,
    1.828321061999759,
    1.7962379450000299,
    1.827115853000123,
    1.8522294340000371,
    1.7865204640002048,
    1.8223974550001003,
    1.8104327430000922,
    1.8130623870001727,
    1.8054466439998578
  ],
  "prusti-tests/tests/verify/pass/quick/mut-borrows.rs": [
    3.638026091000029,
    3.6186805329998606,
    3.6661653290002505,
    3.651896135000243,
    3.6402899369995794,
    3.6597548509998887,
    3.632521934000124,
    3.688918369000021,
    3.697491184000228,
    3.650993716999892
  ],
  "prusti-tests/tests/verify/pass/quick/shared-borrows.rs": [
    2.271577227999842,
    2.2904693179998503,
    2.282485089000147,
    2.3007388510000055,
    2.2853479670002343,
    2.281867026999862,
    2.3040073510001093,
    2.240711963999729,
    2.279420651000237,
    2.3040914879998127
  ],
  "prusti-tests/tests/verify/pass/quick/trait-contracts-refinement.rs": [
    2.0570592530002614,
    1.9733433050000713,
    1.9851898249999067,
    1.9593457740002123,
    2.0367456160001893,
    1.9529886949999309,
    2.0159402330000376,
    2.014987268000368,
    2.0401242729999467,
    1.9509015909998197
  ],
  "prusti-tests/tests/verify/pass/quick/routes.rs": [
    6.841526022999915,
    6.166396413000257,
    6.3606198809998205,
    6.584337346000211,
    6.224849814000208,
    6.37464497000019,
    6.640243784999711,
    6.499942615999771,
    6.515525625999999,
    6.65427512999986
  ],
  "prusti-tests/tests/verify/pass/quick/fibonacci.rs": [
    7.933535105999908,
    8.027760775999923,
    8.065384907999942,
    7.980438094999954,
    8.226876317999995,
    7.933273528999962,
    8.03716896800006,
    8.008754973000123,
    8.159317486999953,
    7.978663093999785
  ],
  "prusti-tests/tests/verify/pass/pure-fn/len-lookup.rs": [
    4.55578521399957,
    4.5758556509999835,
    4.768062263000047,
    4.629287167999792,
    4.693513597999754,
    4.543241403000138,
    4.807597276999786,
    4.567027089000021,
    4.645091228000183,
    4.636859030999858
  ],
  "prusti-tests/tests/verify/pass/pure-fn/quantifiers.rs": [
    2.9254609679996975,
    3.0648507239998253,
    3.0692548970000644,
    2.7346011580002596,
    2.8448047909996603,
    2.814011006000328,
    2.889640236000105,
    2.849264460000086,
    3.0134438069999305,
    2.9017044279999027
  ],
  "prusti-tests/tests/verify/pass/pure-fn/recursive-pure-fn.rs": [
    2.6156088759998966,
    2.7861861759997737,
    2.701717717000065,
    2.728614865999589,
    2.699481107000338,
    2.724016521000067,
    2.8578589039998405,
    2.6694072270001925,
    2.6714079129997117,
    2.621094535999873
  ],
  "prusti-tests/tests/verify/pass/pure-fn/ref-mut-arg.rs": [
    3.349339692000285,
    3.4483968969998386,
    3.298930114999621,
    3.229384735000167,
    3.453264325999953,
    3.50543734699977,
    3.193190706000223,
    3.35323000399967,
    3.5414191899999423,
    3.3125971309996203
  ],
  "prusti-tests/tests/verify/pass/rosetta/Ackermann_function.rs": [
    2.607001266000225,
    2.6659313199997996,
    2.620264491999933,
    2.5578772049998406,
    2.7357666580001023,
    2.6069214750000356,
    2.7033853679999993,
    2.6161962030000723,
    2.670071490999817,
    2.615832233999754
  ],
  "prusti-tests/tests/verify/pass/rosetta/Heapsort.rs": [
    13.953900141999839,
    13.420224536000205,
    13.211537673000294,
    13.516913078000016,
    13.340554765999968,
    13.208048851000058,
    13.559681678999823,
    13.396950322000066,
    13.253954041999805,
    13.640508752000187
  ]
}