{
  "prusti-tests/tests/verify/pass/rosetta/Knuth_shuffle.rs": [
    2.092854349999925,
    1.8908354930001678,
    1.818025217000013,
    1.8079730480001217,
    1.7952595140000085,
    1.8163101749998987,
    1.8018628190000072,
    1.800222624000071,
    1.7987856259999262,
    1.780344156000183
  ],
  "prusti-tests/tests/verify/pass/demos/account.rs": [
    1.6488658569999188,
    1.670737489999965,
    1.6806754610001917,
    1.6444408669999575,
    1.6502250349999485,
    1.6375646720000532,
    1.6463025470000048,
    1.6798313499998585,
    1.626620788999844,
    1.6208456990000286
  ],
  "prusti-tests/tests/verify/pass/rosetta/Knights_tour.rs": [
    99.13352387600003,
    97.00496941699998,
    99.55272343899992,
    98.80455110000003,
    99.54443825199996,
    96.61828878100005,
    96.71626774900005,
    96.96654117799994,
    98.67423117099997,
    99.64178292799988
  ],
  "prusti-tests/tests/verify/pass/quick/fold-unfold.rs": [
    1.1278623870002775,
    1.1165911340003731,
    1.114508339999702,
    1.1178734300001452,
    1.1170774320003147,
    1.1164266339997084,
    1.1119191490001867,
    1.1138111199998093,
    1.1198570360002122,
    1.1157767790000435
  ],
  "prusti-tests/tests/verify/pass/quick/moves.rs": [
    1.3541342609996718,
    1.3536988629998632,
    1.359513842999604,
    1.3446661810003206,
    1.3588899730002595,
    1.3608663670001988,
    1.3481484059998365,
    1.368886443000065,
    1.3618961639999725,
    1.3463757630001965
  ],
  "prusti-tests/tests/verify/pass/quick/mut-borrows.rs": [
    2.644903377999981,
    2.644122980999782,
    2.657663665999735,
    2.6634141770000497,
    2.656117396999889,
    2.6544208220002474,
    2.6518796459999976,
    2.6470880609999767,
    2.6449384839997947,
    2.6477440799999385
  ],
  "prusti-tests/tests/verify/pass/quick/shared-borrows.rs": [
    1.6785558890001084,
    1.6755168980002964,
    1.6891598679999333,
    1.6737005479999425,
    1.681343728000229,
    1.6765818399999262,
    1.678507771999648,
    1.6855826219998562,
    1.6829041400001188,
    1.6799699489997693
  ],
  "prusti-tests/tests/verify/pass/quick/trait-contracts-refinement.rs": [
    1.5187527430002774,
    1.4772819710001386,
    1.4719685869999921,
    1.466615203999936,
    1.457314432000203,
    1.464404310000191,
    1.4579715300001226,
    1.482295355000133,
    1.4641258110000308,
    1.4514996490001977
  ],
  "prusti-tests/tests/verify/pass/quick/routes.rs": [
    4.292403837000165,
    4.150894364999658,
    3.95554346300014,
    3.958608708000156,
    3.930097380999996,
    3.9413695729999745,
    3.92047454700014,
    3.9525592750001124,
    3.889184082000156,
    3.900025211999946
  ],
  "prusti-tests/tests/verify/pass/quick/fibonacci.rs": [
    5.030487712000195,
    5.031464033999782,
    4.9988669939998545,
    5.0167717379999885,
    5.032592685000054,
    5.002211963999798,
    4.9882349750000685,
    5.027164544000243,
    5.007040811000024,
    4.992959487000007
  ],
  "prusti-tests/tests/verify/pass/pure-fn/len-lookup.rs": [
    2.943738301000394,
    2.9328275709999616,
    2.9154116859999704,
    2.913260555999841,
    2.9153132040000855,
    2.930323864999991,
    2.911622548000196,
    2.92449468399991,
    2.9088485229999606,
    2.8941656209999564
  ],
  "prusti-tests/tests/verify/pass/pure-fn/quantifiers.rs": [
    1.8065862769999512,
    1.77120536800021,
    1.76191479299996,
    1.7681853740000406,
    1.7810849390002659,
    1.7692124699997294,
    1.7725632609999593,
    1.7708676659999583,
    1.7879197800002657,
    1.7799239989999478
  ],
  "prusti-tests/tests/verify/pass/pure-fn/recursive-pure-fn.rs": [
    1.602117458000066,
    1.590477687999737,
    1.6103957419995822,
    1.5982212009998875,
    1.5886564249999537,
    1.6078193759999522,
    1.5839831369999047,
    1.5896467810002832,
    1.5930937069997526,
    1.604209381000146
  ],
  "prusti-tests/tests/verify/pass/pure-fn/ref-mut-arg.rs": [
    2.342124670999965,
    2.3338293739998335,
    2.3554127519996655,
    2.3418129850001606,
    2.328508717999739,
    2.3265234250002322,
    2.3415630509998664,
    2.3414181509997434,
    2.32091149200005,
    2.3206515599999875
  ],
  "prusti-tests/tests/verify/pass/rosetta/Ackermann_function.rs": [
    1.659022867999738,
    1.6456560009996792,
    1.6397442150000643,
    1.636652621000394,
    1.6424458169999525,
    1.6619293959997776,
    1.6412751459997708,
    1.654646412999682,
    1.6437043930000073,
    1.6495519489999424
  ],
  "prusti-tests/tests/verify/pass/rosetta/Heapsort.rs": [
    9.200930323999728,
    9.116884703000323,
    9.037274771999819,
    9.06593334199988,
    9.064585048000026,
    8.999895514999935,
    9.07792118899988,
    9.061187023999992,
    9.008548154999971,
    9.040985892999743
  ]
}