{
  "prusti-tests/tests/verify/pass/rosetta/Knuth_shuffle.rs": [
    2.369500781000056,
    2.091898721000007,
    1.953195791999974,
    1.9659427139999934,
    1.9551872959999628,
    1.9699271030000318,
    1.9109575830000267,
    1.8492477800000415,
    1.8066389089999575,
    1.8060077929999352
  ],
  "prusti-tests/tests/verify/pass/demos/account.rs": [
    0.9276488919999792,
    0.8957075399999894,
    0.9022086500000341,
    0.8772339099999726,
    0.8056518959999721,
    0.8781452119999358,
    0.83730604699997,
    0.846857362000037,
    0.8652170930000693,
    0.8730052240000532
  ]
}