{
  "prusti-tests/tests/verify/pass/rosetta/Knuth_shuffle.rs": [
    3.218249152999988,
    0.4101974359999758,
    0.4037498030000961,
    0.4137798329999214,
    0.4074183069999435,
    0.4174582370000053,
    0.42183969900008833,
    0.42277367700000923,
    0.4154309689999991,
    0.40426511600003323
  ],
  "prusti-tests/tests/verify/pass/demos/account.rs": [
    2.5418134420000342,
    0.1475466919999917,
    0.14688173699994422,
    0.15087706799999978,
    0.14914652499999193,
    0.14622428300003776,
    0.14851507299999867,
    0.14816694399996777,
    0.14690673999996307,
    0.15205916599995817
  ],
  "prusti-tests/tests/verify/pass/rosetta/Knights_tour.rs": [
    107.94905199000004,
    3.0761454470000444,
    2.935357996999983,
    2.956021185000054,
    2.8662841170000775,
    2.9604671989998224,
    3.076451989999896,
    3.0576624430000265,
    2.948804248999977,
    2.8943748049998703
  ],
  "prusti-tests/tests/verify/pass/quick/fold-unfold.rs": [
    1.5143611999999393,
    0.11202735400001984,
    0.11416773100017963,
    0.1147518800000853,
    0.11573976099998617,
    0.12052025600019078,
    0.11209355999994841,
    0.11836567800014564,
    0.11494099499986987,
    0.11100356999986616
  ],
  "prusti-tests/tests/verify/pass/quick/moves.rs": [
    1.7520572369999172,
    0.1057210330000089,
    0.10301451000009365,
    0.10547971400001188,
    0.11200905300006525,
    0.10485376199994789,
    0.10874538300004133,
    0.11131189600018843,
    0.10456563800016738,
    0.10738657100000637
  ],
  "prusti-tests/tests/verify/pass/quick/mut-borrows.rs": [
    3.63890828600006,
    0.19116149100000257,
    0.20567348999998103,
    0.18835775899992768,
    0.18455854500007263,
    0.17944852300001912,
    0.19276012299997092,
    0.17955083100014235,
    0.18262508599991634,
    0.18291420900004596
  ],
  "prusti-tests/tests/verify/pass/quick/shared-borrows.rs": [
    2.2469025020000117,
    0.1048710630000187,
    0.1045062319999488,
    0.10766139299994393,
    0.10723965800002588,
    0.10979057999998076,
    0.11077106299990191,
    0.10585255599994525,
    0.10803213600001982,
    0.10251147999997556
  ],
  "prusti-tests/tests/verify/pass/quick/trait-contracts-refinement.rs": [
    2.096996162000096,
    0.15830059500012794,
    0.16717862900009095,
    0.16487483799983238,
    0.1638219520000348,
    0.1676330660000076,
    0.16464981900003295,
    0.16252974499980155,
    0.168055202000005,
    0.169278802000008
  ],
  "prusti-tests/tests/verify/pass/quick/routes.rs": [
    6.52198964199988,
    0.40263150500004485,
    0.3892708030000449,
    0.3964337939999041,
    0.3953636060000463,
    0.4082598689999486,
    0.4028022190000229,
    0.40883611699996436,
    0.40094906700005595,
    0.39539030799983266
  ],
  "prusti-tests/tests/verify/pass/quick/fibonacci.rs": [
    0.4191165649999675,
    0.427087222000182,
    0.4271625280000535,
    0.43249746800006506,
    0.4294868479998968,
    0.43014190900021276,
    0.4504845879998811,
    0.43301504700002624,
    0.42081763999999566,
    0.4280469360001007
  ],
  "prusti-tests/tests/verify/pass/pure-fn/len-lookup.rs": [
    4.456205972000134,
    0.2656991339999877,
    0.2527013609999358,
    0.250941616000091,
    0.24551706800002648,
    0.25777357499987374,
    0.24656334899987087,
    0.2534535180000148,
    0.24955729599992083,
    0.2523387250000724
  ],
  "prusti-tests/tests/verify/pass/pure-fn/quantifiers.rs": [
    2.7812244360000022,
    0.22356605100003435,
    0.2280315199998313,
    0.22558281699980398,
    0.22479445199996917,
    0.24104609300002267,
    0.2253756009999961,
    0.23140239800000018,
    0.22713384500002576,
    0.2303506109999489
  ],
  "prusti-tests/tests/verify/pass/pure-fn/recursive-pure-fn.rs": [
    2.345243160999871,
    0.18067961600013405,
    0.17565800000011222,
    0.17277346299988494,
    0.17661988000008932,
    0.17788518499992279,
    0.17825741499996184,
    0.1796234270000241,
    0.17538887899991096,
    0.17320899800006373
  ],
  "prusti-tests/tests/verify/pass/pure-fn/ref-mut-arg.rs": [
    3.735018724999918,
    0.22681612399992446,
    0.23501020000003336,
    0.2268115240001407,
    0.2263219830001617,
    0.2286878780000734,
    0.22958965299994816,
    0.21662398199987365,
    0.21346312200012107,
    0.21409327300011682
  ],
  "prusti-tests/tests/verify/pass/rosetta/Ackermann_function.rs": [
    2.3131624509999256,
    0.26434243400012747,
    0.2640635109999039,
    0.2696406720001505,
    0.27180254999984754,
    0.27777134300004036,
    0.2684320729999854,
    0.268541181000046,
    0.2719383609999113,
    0.2644210410001051
  ],
  "prusti-tests/tests/verify/pass/rosetta/Heapsort.rs": [
    12.332217466999964,
    1.2632552210000085,
    1.2163276460000816,
    1.2683077389999653,
    1.227445964000026,
    1.280231022999942,
    1.2371203549998881,
    1.2252323420000266,
    1.2348941400000513,
    1.233003884000027
  ]
}