{
  "prusti-tests/tests/verify/pass/rosetta/Knuth_shuffle.rs": [
    2.3504708259999916,
    2.286233992999996,
    2.1471618799999987,
    2.0542949029999136,
    2.099261929000022,
    1.9913276009999663,
    2.026833553000074,
    1.9661190690000012,
    1.9147268599999734,
    1.926449305999995
  ],
  "prusti-tests/tests/verify/pass/demos/account.rs": [
    0.8780117850000124,
    0.9199742389999983,
    0.8131782660000226,
    0.803497751000009,
    0.9344214919999558,
    0.7724158470000475,
    0.8151306299999987,
    0.8547159610000108,
    0.7786729059999971,
    0.7901934829999391
  ],
  "prusti-tests/tests/verify/pass/rosetta/Knights_tour.rs": [
    128.28054866599985,
    126.73257236099994,
    123.59838007100007,
    123.75610612700007,
    125.56493026699991,
    119.83707047400003,
    123.287467096,
    119.95261532500012,
    122.38974886300002,
    117.78837345400007
  ],
  "prusti-tests/tests/verify/pass/quick/fold-unfold.rs": [
    0.6071010870000464,
    0.5522468379999736,
    0.5416161020002619,
    0.6178232269999171,
    0.5838199330000862,
    0.5479991649999647,
    0.5794390529999873,
    0.56953264699996,
    0.5452688509999462,
    0.5192557780001152
  ],
  "prusti-tests/tests/verify/pass/quick/moves.rs": [
    0.5481293620000542,
    0.5398357219996797,
    0.5596475329998611,
    0.5257564449998426,
    0.5448265259997243,
    0.5323001120000299,
    0.5598499419998006,
    0.5252525240002797,
    0.5463218869999764,
    0.5421509160000824
  ],
  "prusti-tests/tests/verify/pass/quick/mut-borrows.rs": [
    0.993486311000197,
    0.8979686970001239,
    0.8552961959999266,
    0.838232896000136,
    0.8190583120003794,
    0.8898677099996348,
    0.8691292610001256,
    0.9467952390000391,
    0.8912850669998988,
    0.8386865150000631
  ],
  "prusti-tests/tests/verify/pass/quick/shared-borrows.rs": [
    0.6059819940001034,
    0.6682220659999984,
    0.6026243380001688,
    0.6085149790001196,
    0.7425627820002774,
    0.581409867000275,
    0.6036470799999734,
    0.6446418630002881,
    0.5895057990001078,
    0.6448483710000801
  ],
  "prusti-tests/tests/verify/pass/quick/trait-contracts-refinement.rs": [
    0.9148767549995682,
    0.8781290470001295,
    0.8148482500000682,
    0.9121380739998131,
    0.8142909470002451,
    0.813144199999897,
    0.8318388659999982,
    0.8297646810001424,
    0.8368817720001971,
    0.8871661309999581
  ],
  "prusti-tests/tests/verify/pass/quick/routes.rs": [
    2.727162561000114,
    2.506129765999958,
    2.541705928999818,
    2.284820365000087,
    2.36963467600026,
    2.291882760000135,
    2.520960850999927,
    2.2680495159997918,
    2.4467616759998236,
    2.186130105999837
  ],
  "prusti-tests/tests/verify/pass/quick/fibonacci.rs": [
    2.258960799000306,
    2.3554327159999957,
    2.3051112510001985,
    2.5891375119999793,
    2.4117756399996324,
    2.489090534999832,
    2.4967891500000405,
    2.326211019999846,
    2.371961889999966,
    1.9998725969999214
  ],
  "prusti-tests/tests/verify/pass/pure-fn/len-lookup.rs": [
    0.9347294190001776,
    1.0346657249997406,
    1.0269142600000123,
    0.9782634949997373,
    0.9550971449998542,
    1.0591958109998814,
    0.996904658999938,
    1.0061881389997325,
    1.0781369880000966,
    1.044123394000053
  ],
  "prusti-tests/tests/verify/pass/pure-fn/quantifiers.rs": [
    0.8261800549998952,
    0.8433766500002093,
    0.8494829999999638,
    0.9368464789999962,
    0.8675533400000859,
    0.8787071980000292,
    0.8254868170001828,
    0.9724644380003156,
    0.8836884010001995,
    0.8459686699998201
  ],
  "prusti-tests/tests/verify/pass/pure-fn/recursive-pure-fn.rs": [
    0.6523712640000667,
    0.678737946000183,
    0.6449833599999693,
    0.7199968380000428,
    0.63666541900011,
    0.6410959019999609,
    0.6403483710000728,
    0.6800369990000945,
    0.621599002000039,
    0.6782651270000315
  ],
  "prusti-tests/tests/verify/pass/pure-fn/ref-mut-arg.rs": [
    0.9102731439998024,
    0.8608785649998936,
    0.8529378180001004,
    0.8309252159997413,
    0.8822048150000228,
    0.9214117209999131,
    0.8572111919997951,
    0.8774269199998344,
    0.8371785720000844,
    0.8599954060000528
  ],
  "prusti-tests/tests/verify/pass/rosetta/Ackermann_function.rs": [
    1.1224191169999358,
    0.9728004300000066,
    0.9405010039999979,
    0.8976002430003973,
    0.9852065390000462,
    0.9430473079996773,
    0.9562060489997748,
    0.9633089399999335,
    0.9153048799998942,
    1.0777450939999653
  ],
  "prusti-tests/tests/verify/pass/rosetta/Heapsort.rs": [
    7.349041828999816,
    7.0908304059998954,
    7.003116814999885,
    6.541786202999901,
    7.515662016000078,
    6.610313353000038,
    7.067294642999968,
    6.8537835570000425,
    6.618691880999904,
    6.832327045000056
  ]
}