{
  "prusti-tests/tests/verify/pass/rosetta/Knuth_shuffle.rs": [
    2.5991159760000073,
    0.34074247499995636,
    0.34008548600002086,
    0.3403333820000398,
    0.34345142600000145,
    0.34021248400006243,
    0.3429969339999843,
    0.3421161529998926,
    0.3424424629999976,
    0.34223416600002565
  ],
  "prusti-tests/tests/verify/pass/demos/account.rs": [
    2.0604684699999325,
    0.12634933599997566,
    0.12195721399996273,
    0.13131654699998307,
    0.12076513500005603,
    0.1209273319999511,
    0.12164531999997052,
    0.1214693230000421,
    0.12256830299998,
    0.12234540700001162
  ],
  "prusti-tests/tests/verify/pass/rosetta/Knights_tour.rs": [
    88.87809360200004,
    2.501959894000038,
    2.4984754739999744,
    2.4912164959999927,
    2.502962889999935,
    2.514622012000018,
    2.4930125729999872,
    2.4995475549999355,
    2.497352494999973,
    2.5018877129999737
  ],
  "prusti-tests/tests/verify/pass/quick/fold-unfold.rs": [
    1.2028270199999724,
    0.0913833600000089,
    0.09168595500000265,
    0.09055897500002175,
    0.09035247899998922,
    0.09090696900000239,
    0.09081597099998362,
    0.0907961709999654,
    0.09262503799993738,
    0.09293323200006398
  ],
  "prusti-tests/tests/verify/pass/quick/moves.rs": [
    1.4302801389999331,
    0.08713273600005778,
    0.08652804799999103,
    0.08723683499999879,
    0.08601595699997233,
    0.08567846199991891,
    0.08659244700004365,
    0.08545076600000812,
    0.08736133299998983,
    0.08665164499996081
  ],
  "prusti-tests/tests/verify/pass/quick/mut-borrows.rs": [
    2.886613710000006,
    0.15195557300000928,
    0.15352294600006644,
    0.15184437499999603,
    0.15088259300000573,
    0.15432283099994493,
    0.156159998000021,
    0.1527202600000237,
    0.1525891619999129,
    0.15543171100000563
  ],
  "prusti-tests/tests/verify/pass/quick/shared-borrows.rs": [
    1.7824401200000466,
    0.08576436100008777,
    0.08487527700003739,
    0.08512857300001997,
    0.08537756800001262,
    0.0880480199999738,
    0.08614075399998455,
    0.08462478199999168,
    0.08527457000002414,
    0.08580986100002974
  ],
  "prusti-tests/tests/verify/pass/quick/trait-contracts-refinement.rs": [
    1.7097513249999565,
    0.13139224300016394,
    0.13041046099988307,
    0.13060025699996913,
    0.13088275199993404,
    0.13274361899993892,
    0.13163673799999742,
    0.13160473899984027,
    0.13080345399998805,
    0.13083495299997594
  ],
  "prusti-tests/tests/verify/pass/quick/routes.rs": [
    5.2111587039998994,
    0.34169627000005676,
    0.34078948599994874,
    0.3415357720000429,
    0.34128327700000227,
    0.341123479000089,
    0.34018289699997695,
    0.3409284829999706,
    0.33956430800003545,
    0.34017459699998653
  ],
  "prusti-tests/tests/verify/pass/quick/fibonacci.rs": [
    0.37164413200002855,
    0.3681946940000671,
    0.363182684000094,
    0.3675411060000897,
    0.36660832300003676,
    0.36774200200011364,
    0.3663826260001315,
    0.3646818570000505,
    0.36940187300001526,
    0.3664834239998527
  ],
  "prusti-tests/tests/verify/pass/pure-fn/len-lookup.rs": [
    3.5050599159999365,
    0.2098306360001061,
    0.20868125599986342,
    0.20933194499980345,
    0.21164900200005832,
    0.20945454200000313,
    0.21051822300000822,
    0.20893955199994707,
    0.2074100790000557,
    0.20759947500005183
  ],
  "prusti-tests/tests/verify/pass/pure-fn/quantifiers.rs": [
    2.1659706409998307,
    0.18759423500000594,
    0.18252702600011617,
    0.18384090099993955,
    0.18589106499985064,
    0.1836707050001678,
    0.185593770999958,
    0.18332711099992594,
    0.18279682100001082,
    0.1829914170000393
  ],
  "prusti-tests/tests/verify/pass/pure-fn/recursive-pure-fn.rs": [
    1.8647206509999705,
    0.1449077079998915,
    0.1443841180000618,
    0.14277134700000715,
    0.1416458670000793,
    0.14019489299994348,
    0.14006909499994435,
    0.14154506800014133,
    0.14045628700000634,
    0.1399070979998669
  ],
  "prusti-tests/tests/verify/pass/pure-fn/ref-mut-arg.rs": [
    2.840524290999838,
    0.18268413200007672,
    0.18204874299999574,
    0.18243353699995168,
    0.1817450490000283,
    0.18310662400017463,
    0.18073616700007733,
    0.18188614599989705,
    0.1842953039999884,
    0.18201604499995483
  ],
  "prusti-tests/tests/verify/pass/rosetta/Ackermann_function.rs": [
    1.8580142650000653,
    0.22557106499994006,
    0.2235441999998784,
    0.2237105970000357,
    0.22441548500000863,
    0.2245037830000456,
    0.22520807000000787,
    0.2242811870000878,
    0.22475737800004936,
    0.22459938100018917
  ],
  "prusti-tests/tests/verify/pass/rosetta/Heapsort.rs": [
    10.088553280000042,
    1.0455481389999477,
    1.0323900749999666,
    1.0397573430000193,
    1.0406388270000662,
    1.0464897340000334,
    1.0422865089999505,
    1.0478620090000277,
    1.0425502049999977,
    1.0487821930000791
  ]
}