{
  "prusti-tests/tests/verify/pass/rosetta/Knuth_shuffle.rs": [
    3.0855413519998365,
    0.42164660299999923,
    0.4218655069998931,
    0.4097612800001116,
    0.42452615699994567,
    0.43025286400006735,
    0.41745992500000284,
    0.417106117000003,
    0.4216284030001134,
    0.4161493999999948
  ],
  "prusti-tests/tests/verify/pass/demos/account.rs": [
    2.5328582730001017,
    0.14781617099993127,
    0.15006421299995054,
    0.15105733099994723,
    0.14621434000014233,
    0.14922859700004665,
    0.14543252500016024,
    0.14773956900012308,
    0.14686121800014007,
    0.14710539099996822
  ],
  "prusti-tests/tests/verify/pass/rosetta/Knights_tour.rs": [
    121.57662583399997,
    3.0600623670000004,
    3.0618509000000813,
    3.090806053000051,
    3.081769412999847,
    3.0672810180001306,
    3.0578197310001087,
    3.0799458399999367,
    3.077771207000069,
    3.0731712070000867
  ],
  "prusti-tests/tests/verify/pass/quick/fold-unfold.rs": [
    1.5114038290000735,
    0.1133327319998898,
    0.11365453799999159,
    0.11423464800009242,
    0.11326473099984469,
    0.11250241600009758,
    0.11436035099995934,
    0.11577287700015404,
    0.11467385699984334,
    0.11243971500016414
  ],
  "prusti-tests/tests/verify/pass/quick/moves.rs": [
    1.7879982839999684,
    0.10784451199992873,
    0.10692799399998876,
    0.10909953500004121,
    0.11059426299993902,
    0.11062146299991582,
    0.10808181600009448,
    0.10653178699999444,
    0.10863402700010738,
    0.10736220299986599
  ],
  "prusti-tests/tests/verify/pass/quick/mut-borrows.rs": [
    3.488983178999888,
    0.18601526999987072,
    0.1839642319998802,
    0.1836464259999957,
    0.18739659600009873,
    0.19908691299997372,
    0.1931787030000578,
    0.19035885000016606,
    0.1825361050000538,
    0.1826045069999509
  ],
  "prusti-tests/tests/verify/pass/quick/shared-borrows.rs": [
    2.1693980350000857,
    0.11707049400001779,
    0.11074377599993568,
    0.10720130900017466,
    0.10671800000000076,
    0.10656689799998276,
    0.10697340499996244,
    0.1054364760000226,
    0.10588708399995994,
    0.10772891900001014
  ],
  "prusti-tests/tests/verify/pass/quick/trait-contracts-refinement.rs": [
    1.977171657000099,
    0.15851407099989956,
    0.15721694699982436,
    0.15709734400002162,
    0.15690674000006766,
    0.159327286000007,
    0.16163072900008046,
    0.16077531300015835,
    0.16077341300001535,
    0.1612187210000684
  ],
  "prusti-tests/tests/verify/pass/quick/routes.rs": [
    5.658109476999925,
    0.40845976899981906,
    0.4036075779999919,
    0.4041186879999259,
    0.3997098049999295,
    0.40426619000004393,
    0.4063967300000968,
    0.4127358490000006,
    0.4019769469998664,
    0.4149138899999798
  ],
  "prusti-tests/tests/verify/pass/quick/fibonacci.rs": [
    0.4477557079999315,
    0.4434039350001058,
    0.439578062999999,
    0.46039455299978727,
    0.4394059589999415,
    0.4433909340000355,
    0.44593718199985233,
    0.4446904589999576,
    0.4472468070000559,
    0.4396424640001442
  ],
  "prusti-tests/tests/verify/pass/pure-fn/len-lookup.rs": [
    4.117226003000042,
    0.24631805599983636,
    0.25021722999986196,
    0.24657616100012092,
    0.24857679799993093,
    0.23979863299996396,
    0.25119224800005213,
    0.24473182600013388,
    0.24833919399998194,
    0.24780988399993475
  ],
  "prusti-tests/tests/verify/pass/pure-fn/quantifiers.rs": [
    2.456834738999987,
    0.22280881199981195,
    0.22019856300016727,
    0.21992715700002918,
    0.22197369600007733,
    0.22487215099999958,
    0.22334272200009764,
    0.2231803189999937,
    0.22382363099995928,
    0.22437744099988777
  ],
  "prusti-tests/tests/verify/pass/pure-fn/recursive-pure-fn.rs": [
    2.181665237000061,
    0.17172242900005585,
    0.16759035099994435,
    0.16653683100003036,
    0.16748914900017553,
    0.17071210900007827,
    0.17246964199989634,
    0.16987039400009962,
    0.18269813500000964,
    0.16946138600019367
  ],
  "prusti-tests/tests/verify/pass/pure-fn/ref-mut-arg.rs": [
    3.139356121999981,
    0.22608204999983172,
    0.2178443950001565,
    0.22014263899995967,
    0.22063724800000273,
    0.21953472700010934,
    0.22629955400020663,
    0.22187567099990702,
    0.2222461779999776,
    0.22169066800006476
  ],
  "prusti-tests/tests/verify/pass/rosetta/Ackermann_function.rs": [
    2.1861762850001014,
    0.2688441519999287,
    0.27008807500010334,
    0.26839744399990195,
    0.26573339300011867,
    0.26816783899994334,
    0.2670981189999111,
    0.2668966150001779,
    0.26827254099998754,
    0.26636460600002465
  ],
  "prusti-tests/tests/verify/pass/rosetta/Heapsort.rs": [
    11.955464662000168,
    1.2615229250000084,
    1.275139081000134,
    1.282972428999983,
    1.272418430000016,
    1.262932851999949,
    1.2541647869998087,
    1.2712688500000695,
    1.2599445250000372,
    1.264621113999965
  ]
}