{
  "prusti-tests/tests/verify/pass/rosetta/Knuth_shuffle.rs": [
    2.3545614919999025,
    1.9853143269999691,
    1.8507227679999687,
    1.849015129999998,
    1.8288897719999113,
    1.821365562999972,
    1.7753026509999472,
    1.8362788950000777,
    1.8997218320000684,
    1.8365808030000608
  ],
  "prusti-tests/tests/verify/pass/demos/account.rs": [
    1.7257458420001512,
    1.7690188139999918,
    1.7697030660001474,
    1.755949012999963,
    1.740906227000096,
    1.6748976609999318,
    1.7371811640000487,
    1.7776853059999667,
    1.7676039469999978,
    1.7473587259999022
  ],
  "prusti-tests/tests/verify/pass/rosetta/Knights_tour.rs": [
    104.91703837099999,
    103.13070253599994,
    103.4126242110001,
    104.09491681400004,
    103.7626063130001,
    102.89050710699985,
    102.78817794800011,
    101.43674313700012,
    102.70180698600007,
    100.15078053900015
  ],
  "prusti-tests/tests/verify/pass/quick/fold-unfold.rs": [
    1.1396862300002795,
    1.1051992339998833,
    1.0963336029999482,
    1.1189772919997267,
    1.0803974640002707,
    1.1148563130000184,
    1.105402271999992,
    1.1247787650004284,
    1.1234799320000093,
    1.11684506399979
  ],
  "prusti-tests/tests/verify/pass/quick/moves.rs": [
    1.3564918490001219,
    1.3443948419999288,
    1.349078228000053,
    1.3348312170001009,
    1.3491297290001967,
    1.3538226940004279,
    1.3613698559997829,
    1.4271576159999313,
    1.397716348999893,
    1.400492720999864
  ],
  "prusti-tests/tests/verify/pass/quick/mut-borrows.rs": [
    2.751027947000239,
    2.747615562000192,
    2.745717814999807,
    2.7594382699999187,
    2.7589033489998656,
    2.7605611870003486,
    2.756512581000152,
    2.760173883000334,
    2.767764280999927,
    2.7361558620000324
  ],
  "prusti-tests/tests/verify/pass/quick/shared-borrows.rs": [
    1.7457488069999272,
    1.7429520430000593,
    1.7573750179999479,
    1.7506623429999308,
    1.743039901999964,
    1.7688529040001413,
    1.7428642250001758,
    1.7466585240003951,
    1.6921715010003027,
    1.7190418539998973
  ],
  "prusti-tests/tests/verify/pass/quick/trait-contracts-refinement.rs": [
    1.587884099999883,
    1.5369568720002462,
    1.4988172779999331,
    1.5385449140003402,
    1.5238179809998655,
    1.5176082600000882,
    1.5239893259999917,
    1.4766268950002086,
    1.4847803070001646,
    1.5121039079999719
  ],
  "prusti-tests/tests/verify/pass/quick/routes.rs": [
    4.599134742999922,
    4.3919349890002195,
    4.24054981900008,
    4.152040017999752,
    4.070672048000233,
    4.013555042999997,
    3.9818254140000136,
    3.995232802999908,
    3.978142912000294,
    3.9548408069999823
  ],
  "prusti-tests/tests/verify/pass/quick/fibonacci.rs": [
    5.320610450000004,
    5.568448689999968,
    5.5523775470001056,
    5.555308070999672,
    5.5334247949999735,
    5.557635750999907,
    5.554251886000202,
    5.551719455000239,
    5.493429531999936,
    5.578516728000068
  ],
  "prusti-tests/tests/verify/pass/pure-fn/len-lookup.rs": [
    3.1932533540002623,
    3.0367125630000373,
    3.065148030000273,
    3.0276375599996754,
    3.0628561809999155,
    3.031147886999861,
    3.201078719999714,
    3.1626197769996907,
    3.194509763000042,
    3.163772961000177
  ],
  "prusti-tests/tests/verify/pass/pure-fn/quantifiers.rs": [
    1.9360834170001908,
    1.9063912379997419,
    1.9174764270001106,
    1.8256798370002798,
    1.8620471280000856,
    1.9044280529997195,
    1.8584967560000223,
    1.8870522010001878,
    1.907466002000092,
    1.9224708490000921
  ],
  "prusti-tests/tests/verify/pass/pure-fn/recursive-pure-fn.rs": [
    1.7012518890001047,
    1.6958702500000982,
    1.702684126999884,
    1.7055753489999006,
    1.7018744580000202,
    1.7023105690000193,
    1.7037864070002797,
    1.700859826999931,
    1.7021907420003117,
    1.7076101839998046
  ],
  "prusti-tests/tests/verify/pass/pure-fn/ref-mut-arg.rs": [
    2.5288600769999903,
    2.516703210000287,
    2.5108234419999462,
    2.434859668000172,
    2.3177898270000696,
    2.289626770000268,
    2.422992239999985,
    2.508159156000147,
    2.519265009999799,
    2.5017428400001336
  ],
  "prusti-tests/tests/verify/pass/rosetta/Ackermann_function.rs": [
    1.7457954869996684,
    1.7271237019999717,
    1.7659317399998145,
    1.6119687309997062,
    1.6234508279999318,
    1.6811798270000509,
    1.7237918360001458,
    1.7190678629999638,
    1.627351980000185,
    1.6056899170002907
  ],
  "prusti-tests/tests/verify/pass/rosetta/Heapsort.rs": [
    9.908371192999766,
    10.235613129000285,
    10.134526996999739,
    9.809898497000177,
    10.125481906000005,
    10.325299319999885,
    10.29458920099978,
    10.286682187999759,
    10.2953214019999,
    10.224365304000003
  ]
}