{
  "prusti-tests/tests/verify/pass/rosetta/Knuth_shuffle.rs": [
    2.422128738000083,
    2.0709823780000534,
    2.0771608180000385,
    2.0377265850002004,
    2.021375263999971,
    2.059642219000125,
    2.0687363960000766,
    2.0061510250000083,
    2.047495395999931,
    2.0219221520001156
  ],
  "prusti-tests/tests/verify/pass/demos/account.rs": [
    1.884870157000023,
    1.8650119819999418,
    1.8798213869999927,
    1.8820963640000627,
    1.8680181590000302,
    1.8467339659998743,
    1.8252328690000468,
    1.8741460060000463,
    1.8471248999999261,
    1.8336009140000442
  ],
  "prusti-tests/tests/verify/pass/rosetta/Knights_tour.rs": [
    114.21022382000001,
    116.84059315199988,
    117.49593140499996,
    116.41192223200005,
    114.26348865,
    110.71334651699999,
    111.97822009800029,
    114.45093055200005,
    111.8225560689998,
    116.15875634199983
  ],
  "prusti-tests/tests/verify/pass/quick/fold-unfold.rs": [
    1.2438136629998553,
    1.2277183440000954,
    1.2394113020000077,
    1.2355724880003436,
    1.2256969019999815,
    1.2323015719998693,
    1.2160539999999855,
    1.2135188610000114,
    1.2350394219997725,
    1.2233114639998348
  ],
  "prusti-tests/tests/verify/pass/quick/moves.rs": [
    1.477758126000026,
    1.4797688409998955,
    1.4860546260001684,
    1.5030565539996132,
    1.4769222039999477,
    1.4838186510000924,
    1.4834780159999355,
    1.4811489849998907,
    1.4715095550000115,
    1.4956836809997185
  ],
  "prusti-tests/tests/verify/pass/quick/mut-borrows.rs": [
    2.902764004999881,
    2.9113587779997943,
    2.9044913669999914,
    2.896212699999978,
    2.9033010580001246,
    2.9108783599999697,
    2.9087419749998844,
    2.875691704000019,
    2.9328800799999044,
    2.8791636070000095
  ],
  "prusti-tests/tests/verify/pass/quick/shared-borrows.rs": [
    1.8430885150000904,
    1.8425700080001661,
    1.8312128580000717,
    1.8364357319996998,
    1.8465864680001687,
    1.8435585269999137,
    1.847723183999733,
    1.8783518810000714,
    1.8566148940003586,
    1.8401176759998634
  ],
  "prusti-tests/tests/verify/pass/quick/trait-contracts-refinement.rs": [
    1.6831755060002251,
    1.6280850030002512,
    1.6116214910002782,
    1.6051317059996109,
    1.62822000999995,
    1.6087305519999973,
    1.5925078119998943,
    1.593639956000061,
    1.6215290280001682,
    1.5970743019997826
  ],
  "prusti-tests/tests/verify/pass/quick/routes.rs": [
    4.8854742700000315,
    4.541798641999776,
    4.435092560999692,
    4.452675797000211,
    4.413117735000014,
    4.457172437999816,
    4.4018661069999325,
    4.39260377499977,
    4.339245780000056,
    4.375612818999798
  ],
  "prusti-tests/tests/verify/pass/quick/fibonacci.rs": [
    5.827544611999656,
    5.832294651999746,
    5.7826307559998895,
    5.841481493000174,
    5.81271684100011,
    5.8445943430001535,
    5.8265855050003665,
    5.867306564000046,
    5.8254914230001305,
    5.819955931000095
  ],
  "prusti-tests/tests/verify/pass/pure-fn/len-lookup.rs": [
    3.357008967999718,
    3.334776697000052,
    3.321139217000109,
    3.356729517000076,
    3.3323212899999817,
    3.318416520000028,
    3.331724088000101,
    3.3178312189997996,
    3.3495913980000296,
    3.338648206000016
  ],
  "prusti-tests/tests/verify/pass/pure-fn/quantifiers.rs": [
    2.0257874979997723,
    2.0186101960002816,
    2.0263162080000257,
    2.028536839000026,
    2.0229487000001427,
    2.024075549000372,
    2.0305304339999566,
    2.0167457520001335,
    2.033874707999985,
    2.0435374029998457
  ],
  "prusti-tests/tests/verify/pass/pure-fn/recursive-pure-fn.rs": [
    1.8178512539998337,
    1.7975551800000176,
    1.8094783410001583,
    1.8017737879999913,
    1.7913952479998443,
    1.7992100519995802,
    1.7944078890000128,
    1.8111061849999714,
    1.8032729579999796,
    1.7946143439999105
  ],
  "prusti-tests/tests/verify/pass/pure-fn/ref-mut-arg.rs": [
    2.6497151039998244,
    2.658735869999873,
    2.6365785349998987,
    2.665251618000184,
    2.653632170000037,
    2.647077094999986,
    2.6457317769995825,
    2.641952317999767,
    2.649433912999939,
    2.63959368299993
  ],
  "prusti-tests/tests/verify/pass/rosetta/Ackermann_function.rs": [
    1.8374758439999823,
    1.8413749870001084,
    1.8197996020003302,
    1.8096560670001054,
    1.8161854509999102,
    1.791462192000381,
    1.7982160810001915,
    1.830007802000182,
    1.8110829510001167,
    1.811824893999983
  ],
  "prusti-tests/tests/verify/pass/rosetta/Heapsort.rs": [
    10.825288028999694,
    10.620096610000019,
    10.659258249000231,
    10.663976610999725,
    10.671141824000188,
    10.631368069000018,
    10.67603191399985,
    10.686232081000071,
    10.713066739999704,
    10.693059445000017
  ]
}