{
  "prusti-tests/tests/verify/pass/rosetta/Knuth_shuffle.rs": [
    2.9756476850000126,
    2.796940751999955,
    2.4866849510000293,
    2.5790843620000032,
    2.689070763000018,
    2.5935811399999693,
    2.5100718899999492,
    2.613581894000049,
    2.479726464999999,
    2.43196303000002
  ],
  "prusti-tests/tests/verify/pass/demos/account.rs": [
    2.2163454939999383,
    2.2082687559999385,
    2.276833217000103,
    2.230505084000015,
    2.173931451000044,
    2.2419577640000625,
    2.1190039780000234,
    2.2314422020000393,
    2.1501125180000145,
    2.2532219859999714
  ],
  "prusti-tests/tests/verify/pass/rosetta/Knights_tour.rs": [
    132.21852739299993,
    130.67281690699997,
    122.8076994779999,
    118.761204658,
    130.32163197599994,
    123.80122334299995,
    127.04968353899994,
    116.18281180899999,
    119.052056451,
    115.8389196139999
  ],
  "prusti-tests/tests/verify/pass/quick/fold-unfold.rs": [
    1.2368570989997352,
    1.276312696000332,
    1.2824888559998726,
    1.286827146000178,
    1.2747899159999179,
    1.273472658999708,
    1.246888387999661,
    1.241754697000033,
    1.3086410770001748,
    1.2721059170003173
  ],
  "prusti-tests/tests/verify/pass/quick/moves.rs": [
    1.5767195610001181,
    1.5509860920001302,
    1.5471752180001204,
    1.5495165229999657,
    1.5910990370002764,
    1.5461374530000285,
    1.5821241409998947,
    1.5340679199998704,
    1.508331334000104,
    1.5177984020001531
  ],
  "prusti-tests/tests/verify/pass/quick/mut-borrows.rs": [
    3.0531386810002914,
    3.0799931059996197,
    3.1330328610001743,
    3.0679193749997467,
    3.086377855000137,
    3.332101146000241,
    3.2200649129999874,
    3.1053889760000857,
    3.0941361789996336,
    3.0463963450001756
  ],
  "prusti-tests/tests/verify/pass/quick/shared-borrows.rs": [
    1.908451075999892,
    1.9428781970000273,
    1.9479932220001501,
    1.9107573589999447,
    1.957551376000083,
    1.9469162049999795,
    1.9822256690003996,
    2.0001250020000043,
    1.929698498000107,
    1.95146146199977
  ],
  "prusti-tests/tests/verify/pass/quick/trait-contracts-refinement.rs": [
    1.739457969000341,
    1.6817859669999962,
    1.6693740519999665,
    1.6961182350000854,
    1.6810782699999436,
    1.645942315999946,
    1.7205090190000192,
    1.6895209320000504,
    1.72542674899978,
    1.73557500600009
  ],
  "prusti-tests/tests/verify/pass/quick/routes.rs": [
    5.660445229000288,
    5.526599956000155,
    5.286492253000233,
    5.212933919000079,
    5.083148928000355,
    5.181273900000178,
    5.415886396999667,
    5.271490958999948,
    5.267368692999753,
    5.2416923249998035
  ],
  "prusti-tests/tests/verify/pass/quick/fibonacci.rs": [
    6.723862532000112,
    6.752342975999909,
    6.7255489310000485,
    6.894193461000214,
    6.702816164000069,
    6.739983923999716,
    6.772742810000182,
    6.642138039000201,
    6.736626247000004,
    6.6764242069998545
  ],
  "prusti-tests/tests/verify/pass/pure-fn/len-lookup.rs": [
    3.802333213000111,
    3.813930161999906,
    3.767999023000357,
    3.7736302549997163,
    3.7988358899997365,
    3.7466220060000524,
    3.801387230000273,
    3.733031298000242,
    3.7258421100000305,
    3.8565022889997636
  ],
  "prusti-tests/tests/verify/pass/pure-fn/quantifiers.rs": [
    2.304921094999827,
    2.3344328240000323,
    2.347152611999718,
    2.3132713089999015,
    2.3903330309999546,
    2.439530587000263,
    2.3022268869999607,
    2.3599136489997363,
    2.3706781619998765,
    2.397885650000262
  ],
  "prusti-tests/tests/verify/pass/pure-fn/recursive-pure-fn.rs": [
    2.0050145590003012,
    1.9943815869996797,
    2.047388323999712,
    2.0019383909998396,
    2.0588427150000825,
    2.0481204519996936,
    1.9986677189999682,
    2.0351956480003537,
    2.1127143039998373,
    2.047105829999964
  ],
  "prusti-tests/tests/verify/pass/pure-fn/ref-mut-arg.rs": [
    3.075724207999883,
    3.101470450999841,
    3.028365087000111,
    3.073926302000018,
    3.1106141319996823,
    3.150075621999804,
    3.238887056999829,
    3.043969692000246,
    3.0772035509999114,
    3.2090089920002356
  ],
  "prusti-tests/tests/verify/pass/rosetta/Ackermann_function.rs": [
    2.077311398999882,
    2.086223574000087,
    2.036854872999811,
    2.0371074849999786,
    1.9817971620000208,
    1.9816095440000936,
    1.9981884780004293,
    1.9880984310002532,
    1.9753178729997671,
    2.005625618999602
  ],
  "prusti-tests/tests/verify/pass/rosetta/Heapsort.rs": [
    11.084418457000083,
    10.9809275169996,
    10.866857686000003,
    11.113589520999994,
    10.863850636999814,
    10.82730243900005,
    10.980528194999806,
    12.13025275300015,
    11.62980615799961,
    11.02047366700026
  ]
}