{
  "prusti-tests/tests/verify/pass/rosetta/Knuth_shuffle.rs": [
    2.044381747999978,
    1.791869598000062,
    1.649202315000025,
    1.6738865240000678,
    1.6008286720000342,
    1.5757731809999314,
    1.624936158999958,
    1.5660954689999471,
    1.6419719589999886,
    1.5247277789999316
  ],
  "prusti-tests/tests/verify/pass/demos/account.rs": [
    0.8986327419999043,
    0.801251523000019,
    0.8288021690000278,
    0.7913422990000072,
    0.7952552489999789,
    0.8327093169999671,
    0.8368954699999449,
    0.8791926989999865,
    0.7922519119999833,
    0.8572016409999605
  ],
  "prusti-tests/tests/verify/pass/rosetta/Knights_tour.rs": [
    92.97332891100007,
    93.36961384400001,
    94.59076127299988,
    92.33889944099997,
    88.85814939599982,
    90.38038086099982,
    87.0503783239999,
    92.6224737959999,
    89.15350462900005,
    89.52480606999984
  ],
  "prusti-tests/tests/verify/pass/quick/fold-unfold.rs": [
    0.5253489850001642,
    0.5085723759998473,
    0.563178359999938,
    0.5131590149999283,
    0.533474452000064,
    0.5202450869999211,
    0.5412865490000058,
    0.5444310880000103,
    0.533637753999983,
    0.5285336900001312
  ],
  "prusti-tests/tests/verify/pass/quick/moves.rs": [
    0.5859898059998159,
    0.566042158000073,
    0.6175229990001299,
    0.5896293519999745,
    0.6079919799999516,
    0.5741087590001825,
    0.612953042999834,
    0.582780572000047,
    0.59244370600004,
    0.5770620129999315
  ],
  "prusti-tests/tests/verify/pass/quick/mut-borrows.rs": [
    0.9486835589998464,
    0.9223006290001194,
    0.8641210010000577,
    0.9303013290000308,
    0.8580200250000871,
    0.8919243489999644,
    0.9335940700000265,
    0.9098583039999539,
    0.9318187940000371,
    0.9406766060001246
  ],
  "prusti-tests/tests/verify/pass/quick/shared-borrows.rs": [
    0.5992595210000218,
    0.6451863969998612,
    0.5887768899999628,
    0.6089971429998968,
    0.5729546909999499,
    0.6114718740000171,
    0.5597137240001757,
    0.5605334350000248,
    0.6284893879999345,
    0.5647041969998554
  ],
  "prusti-tests/tests/verify/pass/quick/trait-contracts-refinement.rs": [
    0.8884725709999657,
    0.9259791419999601,
    0.8201061110000865,
    0.8166039679999813,
    0.9108300529999269,
    0.8222404389998701,
    0.8116904050000358,
    0.9029014519999237,
    0.8298900280001362,
    0.8304465030000756
  ],
  "prusti-tests/tests/verify/pass/quick/routes.rs": [
    2.5706234009999207,
    2.3511601519999203,
    2.3619183280000016,
    2.208312746000047,
    2.193326355999943,
    2.1503483100000267,
    2.1849288819998947,
    2.85662718399999,
    2.128309161000061,
    2.1536776709999685
  ],
  "prusti-tests/tests/verify/pass/quick/fibonacci.rs": [
    2.037846360000003,
    2.015854286000149,
    2.1196464780000497,
    2.1489335539999956,
    2.189526911999792,
    2.2628286260001005,
    2.0986705789998723,
    2.0279187230000844,
    2.1924515090001933,
    2.156241856999941
  ],
  "prusti-tests/tests/verify/pass/pure-fn/len-lookup.rs": [
    1.0408779120000418,
    1.0937059729999419,
    1.064998985999864,
    1.0787106350001068,
    1.074644084000056,
    1.0832158929999878,
    1.0709146369999871,
    1.090779988000122,
    1.053248713999892,
    1.0945205289999649
  ],
  "prusti-tests/tests/verify/pass/pure-fn/quantifiers.rs": [
    0.9317311820000214,
    0.9802675900000395,
    0.9083705880000252,
    0.9703324659999453,
    0.911038322999957,
    0.973856909999995,
    0.8995858790001421,
    0.8885618410001825,
    0.9559916069999872,
    0.9107273609999993
  ],
  "prusti-tests/tests/verify/pass/pure-fn/recursive-pure-fn.rs": [
    0.789417634000074,
    0.7588654499998029,
    0.7211162739999963,
    0.7669614520000323,
    0.7184773410001526,
    0.7224915920000967,
    0.7733533319999424,
    0.7196218560000034,
    0.7286687650000658,
    0.7745395859999462
  ],
  "prusti-tests/tests/verify/pass/pure-fn/ref-mut-arg.rs": [
    0.8784341860000495,
    0.8500250299998697,
    0.9323771599999873,
    0.8789864929999567,
    0.9178221790000407,
    0.8798965040000439,
    0.8613236720000259,
    0.9135556250000718,
    0.8654854100000193,
    0.9039414890000899
  ],
  "prusti-tests/tests/verify/pass/rosetta/Ackermann_function.rs": [
    0.8772647560001587,
    0.9188831760000085,
    0.894952676999992,
    0.9530436019999797,
    0.8585454220001338,
    0.9260902660000738,
    1.0279645420000634,
    0.8955401059999986,
    0.9094959809999636,
    0.9181951900000058
  ],
  "prusti-tests/tests/verify/pass/rosetta/Heapsort.rs": [
    5.470111748999898,
    5.000137730999995,
    4.753106874000196,
    4.997783477999974,
    5.217867579000085,
    4.975022205999949,
    4.741779471999962,
    5.077024136000091,
    5.114091445999975,
    5.184515147999946
  ]
}