{
  "prusti-tests/tests/verify/pass/rosetta/Knuth_shuffle.rs": [
    2.372733896999989,
    1.9705557260000433,
    2.0874208559999943,
    2.1033493710000357,
    1.9392386570000326,
    2.0380768620000254,
    1.9609493899999961,
    1.9612990930000933,
    2.0385393340000064,
    1.951412449999907
  ],
  "prusti-tests/tests/verify/pass/demos/account.rs": [
    0.803751105999936,
    0.9198909670000148,
    0.8331115010000758,
    0.8794971249999435,
    0.8209558380000317,
    0.7819679130000168,
    0.8411458089999542,
    0.8250402930000291,
    0.765660693999962,
    0.8450096610000628
  ],
  "prusti-tests/tests/verify/pass/rosetta/Knights_tour.rs": [
    119.30609445300001,
    116.1953754839999,
    117.24462754199999,
    118.97107105999999,
    121.54213196499995,
    121.76537114200005,
    121.92064971400009,
    120.584607172,
    120.5876105509999,
    123.12270271900024
  ],
  "prusti-tests/tests/verify/pass/quick/fold-unfold.rs": [
    0.6179363890000786,
    0.5475597569998172,
    0.5611893370000871,
    0.538526936999915,
    0.5749105189997863,
    0.6039445040000828,
    0.6012829680003051,
    0.600603559999854,
    0.6282812260001265,
    0.5951258869999947
  ],
  "prusti-tests/tests/verify/pass/quick/moves.rs": [
    0.6084233629999289,
    0.5548236529998576,
    0.5599562839997816,
    0.5550622380001187,
    0.5647938679999243,
    0.5710199509999256,
    0.5682485150000502,
    0.5619417299999441,
    0.563498349999918,
    0.5477858409999499
  ],
  "prusti-tests/tests/verify/pass/quick/mut-borrows.rs": [
    0.9892879559997709,
    0.908195169999999,
    0.9050284270001612,
    1.0033137440000246,
    0.9321576890001779,
    1.011140646000058,
    0.9617585860000872,
    0.9902478670001074,
    0.9635877099999561,
    0.8778118599998379
  ],
  "prusti-tests/tests/verify/pass/quick/shared-borrows.rs": [
    0.6247896699997,
    0.6922190740001497,
    0.6384095539997361,
    0.6112619959999392,
    0.650508422999792,
    0.6748786509997444,
    0.6597870479999983,
    0.6087759639999604,
    0.613932733999718,
    0.6950555220000751
  ],
  "prusti-tests/tests/verify/pass/quick/trait-contracts-refinement.rs": [
    0.9084994830000142,
    0.9401579080004012,
    0.914224860000104,
    0.8870782960002543,
    0.8409233940001286,
    0.9027052229998844,
    0.8610711639998954,
    0.8472414780003419,
    0.9468904160003149,
    0.8621160780003265
  ],
  "prusti-tests/tests/verify/pass/quick/routes.rs": [
    2.8619549380000535,
    2.710260875000131,
    2.592480789000092,
    2.514001432999976,
    2.550394374999996,
    2.4138259339997603,
    2.4414974090000214,
    2.3415625279999404,
    2.3593789130000005,
    2.46796217300016
  ],
  "prusti-tests/tests/verify/pass/quick/fibonacci.rs": [
    2.131473487000221,
    2.0025202679998984,
    2.103934153999944,
    2.2618725110000923,
    2.3165920279998318,
    2.164033616999859,
    2.354633174000355,
    2.190806075999717,
    2.1083558220002487,
    2.108132624999598
  ],
  "prusti-tests/tests/verify/pass/pure-fn/len-lookup.rs": [
    1.1362234510002054,
    0.9621628390000296,
    1.0098935999999412,
    1.0001859359999798,
    1.002671900000223,
    1.0653496619997895,
    1.0242141959997753,
    0.9983875400002944,
    1.0429074540002148,
    1.0121513300000515
  ],
  "prusti-tests/tests/verify/pass/pure-fn/quantifiers.rs": [
    0.9685015289996954,
    0.9116135360000044,
    0.8778004750001855,
    0.9550988129999496,
    0.9087094899996373,
    0.8816190269999424,
    0.9019712999997864,
    0.8497330989998773,
    0.8848776709996855,
    0.9378952810002374
  ],
  "prusti-tests/tests/verify/pass/pure-fn/recursive-pure-fn.rs": [
    0.6622298659999615,
    0.680822561000241,
    0.6845511110000189,
    0.656556337999973,
    0.7614749350000238,
    0.6975799850001749,
    0.6350451520002025,
    0.6677408870000363,
    0.7025443500001529,
    0.648433230000137
  ],
  "prusti-tests/tests/verify/pass/pure-fn/ref-mut-arg.rs": [
    0.9504417500002091,
    0.8826335960002325,
    0.9704987549998805,
    0.9161302560000877,
    0.9146719320001466,
    0.9444031269999869,
    0.9235694499998317,
    0.8692034289997537,
    0.9380093419999866,
    0.8833413160000418
  ],
  "prusti-tests/tests/verify/pass/rosetta/Ackermann_function.rs": [
    1.0199506210001346,
    1.0767942610000318,
    1.0166317369998978,
    0.9619170780001696,
    1.0271427640000184,
    1.0035373790001358,
    0.9375546739997844,
    1.0781800509998902,
    1.0199715419998938,
    0.9578158039998925
  ],
  "prusti-tests/tests/verify/pass/rosetta/Heapsort.rs": [
    10.110393699999804,
    9.706384339000124,
    9.25385321900012,
    9.9257741360002,
    10.138844104000327,
    9.976673045000098,
    9.730757241999981,
    9.832865989000311,
    9.74206303300025,
    9.726844496000012
  ]
}