{
  "prusti-tests/tests/verify/pass/rosetta/Knuth_shuffle.rs": [
    1.7131165990000454,
    1.4252414970000018,
    1.37572481899997,
    1.4292618309999625,
    1.453125014999955,
    1.4629422890000114,
    1.4076348659999667,
    1.413039708000042,
    1.4399233090000507,
    1.3900963840000031
  ],
  "prusti-tests/tests/verify/pass/demos/account.rs": [
    0.80108114199993,
    0.7868674349999765,
    0.7962904049999224,
    0.6815618400000858,
    0.7683756950000316,
    0.7250221680000095,
    0.7441278119999879,
    0.7267115810000178,
    0.6681558459999906,
    0.7139580229999183
  ],
  "prusti-tests/tests/verify/pass/rosetta/Knights_tour.rs": [
    84.48060276799993,
    90.031838117,
    87.24036954200005,
    85.717429863,
    83.57009542500009,
    85.09653658299999,
    84.829776218,
    86.99817344999997,
    83.18508205399985,
    82.28280982699994
  ],
  "prusti-tests/tests/verify/pass/quick/fold-unfold.rs": [
    0.4725577709998561,
    0.4684757400000308,
    0.5007364900000084,
    0.482774850999931,
    0.4856594730001689,
    0.4764838690000488,
    0.4838605850000022,
    0.5071113419999165,
    0.48757109400003174,
    0.47771582999985185
  ],
  "prusti-tests/tests/verify/pass/quick/moves.rs": [
    0.5304384420001043,
    0.535446580000098,
    0.5371290939999653,
    0.5694665459998305,
    0.551647107000008,
    0.5303840419999233,
    0.5587717619998784,
    0.5545602289998897,
    0.587076684000067,
    0.5258852060001118
  ],
  "prusti-tests/tests/verify/pass/quick/mut-borrows.rs": [
    0.8518383399998584,
    0.7743047430001297,
    0.8059647649999988,
    0.7889794460002122,
    0.8139372220000496,
    0.7877587380000932,
    0.7861010260000967,
    0.8637967950000984,
    0.781398954999986,
    0.786376693999955
  ],
  "prusti-tests/tests/verify/pass/quick/shared-borrows.rs": [
    0.5490279260000079,
    0.5768021900000804,
    0.5218109330000971,
    0.5292157950000274,
    0.5765957890000664,
    0.5275401809999494,
    0.5482160530000328,
    0.525374563000014,
    0.5554664129999765,
    0.5453126290001364
  ],
  "prusti-tests/tests/verify/pass/quick/trait-contracts-refinement.rs": [
    0.8378483579999738,
    0.8013320549998753,
    0.8028012620000027,
    0.7604008490000069,
    0.7687137319999238,
    0.8114593669999977,
    0.7483245720000014,
    0.7640164940000886,
    0.8162582049999401,
    0.7680430270002034
  ],
  "prusti-tests/tests/verify/pass/quick/routes.rs": [
    2.297973931000115,
    2.2721975449999263,
    2.098860661999879,
    2.452923773000066,
    1.9007054460000745,
    2.0297137100001237,
    1.9789503220001734,
    1.8696215820000361,
    1.864687442999866,
    1.8157565850001447
  ],
  "prusti-tests/tests/verify/pass/quick/fibonacci.rs": [
    1.855748833000007,
    1.8787003769998591,
    1.9494992090001233,
    1.807695289000094,
    1.7720073899999988,
    1.7248939520000022,
    1.6952008260000184,
    2.1172112890001245,
    1.820286331000034,
    1.914913568999964
  ],
  "prusti-tests/tests/verify/pass/pure-fn/len-lookup.rs": [
    0.91787023400002,
    0.9980136440001388,
    0.9027126999999382,
    0.9539118529999087,
    1.018345361999991,
    0.9416281200001322,
    1.0239465219999602,
    0.9359058710001591,
    0.989010424000071,
    0.9708722699999726
  ],
  "prusti-tests/tests/verify/pass/pure-fn/quantifiers.rs": [
    0.9004637699999876,
    0.8521396580001692,
    0.8970856000000822,
    0.8311910539998735,
    0.9740513489998648,
    0.8443394630000967,
    0.8280764280000312,
    0.8697038759999032,
    0.846326979999958,
    0.864096729000039
  ],
  "prusti-tests/tests/verify/pass/pure-fn/recursive-pure-fn.rs": [
    0.659154413999886,
    0.6670683810000355,
    0.6995660559998669,
    0.6558234099998117,
    0.656952419000163,
    0.6575177230001827,
    0.7076762140000028,
    0.6609431499998664,
    0.6673808999998982,
    0.728959580000037
  ],
  "prusti-tests/tests/verify/pass/pure-fn/ref-mut-arg.rs": [
    0.7947815929999251,
    0.8070002879999265,
    0.8357203110001592,
    0.7903144859999429,
    0.7928247100001045,
    0.8336991210001088,
    0.7909812000000329,
    0.8391108490000079,
    0.8013924540000517,
    0.795510922999938
  ],
  "prusti-tests/tests/verify/pass/rosetta/Ackermann_function.rs": [
    0.9178891660001227,
    0.7931493969999792,
    0.7850773350000964,
    0.8359263019999617,
    0.8407268189998831,
    0.8306694430000334,
    0.8536114169999109,
    0.8491255840001486,
    0.8374021940001057,
    0.8460357599999497
  ],
  "prusti-tests/tests/verify/pass/rosetta/Heapsort.rs": [
    4.910807979000083,
    4.650639769999998,
    4.660057655999935,
    4.562425823000012,
    4.376977945999897,
    4.2027634230000785,
    4.7425031400000535,
    4.6299292920000426,
    4.629707001999805,
    4.528727675000027
  ]
}