{
  "prusti-tests/tests/verify/pass/rosetta/Knuth_shuffle.rs": [
    2.182807253999954,
    2.0150297289999344,
    1.9545852660000946,
    1.923806377999881,
    1.9720481580000069,
    1.9249764879998565,
    1.9201197239999601,
    1.8946558879999884,
    1.8877648969998972,
    1.9018716139999015
  ],
  "prusti-tests/tests/verify/pass/demos/account.rs": [
    1.793572002000019,
    1.7575990469999851,
    1.754898212999933,
    1.7719262749999416,
    1.7431699549999848,
    1.771820519999892,
    1.7515625620001174,
    1.7733078390001538,
    1.7606425429999035,
    1.7498776049999378
  ],
  "prusti-tests/tests/verify/pass/rosetta/Knights_tour.rs": [
    102.46196211099982,
    106.17293607600004,
    103.17439617499986,
    102.32223927400014,
    104.90793398000005,
    102.47244021899996,
    104.35587375299997,
    104.83410284299998,
    102.4391669900001,
    104.435008832
  ],
  "prusti-tests/tests/verify/pass/quick/fold-unfold.rs": [
    1.1764033700001164,
    1.1562860059998457,
    1.1669283410001299,
    1.163105392000034,
    1.1629930910003168,
    1.1582050299998627,
    1.1557674989999214,
    1.1651914420003777,
    1.1617358840003362,
    1.1650006250001752
  ],
  "prusti-tests/tests/verify/pass/quick/moves.rs": [
    1.399242564999895,
    1.4026101079998625,
    1.4060529500002303,
    1.3976719260003847,
    1.4019595889999437,
    1.4063395459997992,
    1.402701099999831,
    1.4167333810000855,
    1.4019260899999608,
    1.415496874999917
  ],
  "prusti-tests/tests/verify/pass/quick/mut-borrows.rs": [
    2.783038857000065,
    2.768905607000306,
    2.7534921329997815,
    2.7744752809999227,
    2.756386948999989,
    2.752862327999992,
    2.748388471999988,
    2.7598044149999623,
    2.774159791999864,
    2.7540121920001184
  ],
  "prusti-tests/tests/verify/pass/quick/shared-borrows.rs": [
    1.754453601000023,
    1.7549628070000836,
    1.749390441000287,
    1.7616854020002393,
    1.7590958679998039,
    1.7476355189996866,
    1.7519590869997046,
    1.7530586739999308,
    1.74271524400001,
    1.7622683909999068
  ],
  "prusti-tests/tests/verify/pass/quick/trait-contracts-refinement.rs": [
    1.6285795160001726,
    1.544852600000013,
    1.5574070620000384,
    1.5228784169999017,
    1.5226683140003843,
    1.527296774000206,
    1.5449729419997311,
    1.5377081770002405,
    1.5429716439998629,
    1.5279193540000051
  ],
  "prusti-tests/tests/verify/pass/quick/routes.rs": [
    4.561374197000077,
    4.35806644799959,
    4.214898263000123,
    4.220168839000053,
    4.1923386459998255,
    4.180168415000026,
    4.212842984999952,
    4.185023747999821,
    4.154547926000305,
    4.1494942429999355
  ],
  "prusti-tests/tests/verify/pass/quick/fibonacci.rs": [
    5.572958734000167,
    5.548756392000087,
    5.526952331999837,
    5.551731000000018,
    5.543876204999833,
    5.5232345250001345,
    5.5468476249998275,
    5.52515718199993,
    5.54676994700003,
    5.541798384999765
  ],
  "prusti-tests/tests/verify/pass/pure-fn/len-lookup.rs": [
    3.181001511999966,
    3.1720237549998274,
    3.1602221490002194,
    3.161236334000023,
    3.159244840000156,
    3.1664730620000228,
    3.1623033539999597,
    3.1584659509999256,
    3.170003948000158,
    3.178494889999911
  ],
  "prusti-tests/tests/verify/pass/pure-fn/quantifiers.rs": [
    1.9241224610000245,
    1.9229137809998065,
    1.926350939999793,
    1.9139892309999595,
    1.9163810979998743,
    1.9236171999996259,
    1.9251103249998778,
    1.9211769590001495,
    1.916603830999975,
    1.9610123039997234
  ],
  "prusti-tests/tests/verify/pass/pure-fn/recursive-pure-fn.rs": [
    1.7159913560003588,
    1.7097503260001758,
    1.7079195910000635,
    1.7070981960000609,
    1.6963120079999499,
    1.7053797549997398,
    1.7111623480000162,
    1.7060173669997312,
    1.704473355999653,
    1.709025728999677
  ],
  "prusti-tests/tests/verify/pass/pure-fn/ref-mut-arg.rs": [
    2.5185483169998406,
    2.5085814399999435,
    2.4986053210000136,
    2.51724212299996,
    2.5133078590001787,
    2.5146093789999213,
    2.5289551109999593,
    2.514603278999857,
    2.5108116659998814,
    2.5131642119999924
  ],
  "prusti-tests/tests/verify/pass/rosetta/Ackermann_function.rs": [
    1.7350329370001418,
    1.7268422040001496,
    1.7272432869999648,
    1.7205592780001098,
    1.7258781650002675,
    1.7148169860001872,
    1.7166568910001843,
    1.7194936529999723,
    1.7174280210001598,
    1.7247628370000712
  ],
  "prusti-tests/tests/verify/pass/rosetta/Heapsort.rs": [
    10.36197119999997,
    10.288873496000178,
    10.251880315999642,
    10.260647554000116,
    10.228407066000273,
    10.262886252000044,
    10.216085295000084,
    10.210468170999775,
    10.260382765999566,
    10.255632697999772
  ]
}