{
  "prusti-tests/tests/verify/pass/rosetta/Knuth_shuffle.rs": [
    2.636722220000024,
    0.3716762620000509,
    0.3559498789999225,
    0.3556364780000649,
    0.3560888800000157,
    0.3614664090000588,
    0.35744078700008686,
    0.3552926759999764,
    0.3593564970000216,
    0.3573022860000492
  ],
  "prusti-tests/tests/verify/pass/demos/account.rs": [
    2.284924756999999,
    0.13396841400003723,
    0.132608307000055,
    0.13297530800002733,
    0.13258930699998928,
    0.13323600999990504,
    0.13209090399993784,
    0.131852202999994,
    0.13209300400001212,
    0.1317394029999832
  ],
  "prusti-tests/tests/verify/pass/rosetta/Knights_tour.rs": [
    91.16194013300003,
    2.5698133820000066,
    2.560371643999929,
    2.5735309130000132,
    2.559355355999969,
    2.5587421680000944,
    2.5676955160000716,
    2.5763355609999508,
    2.5845399139998335,
    2.583265008000126
  ],
  "prusti-tests/tests/verify/pass/quick/fold-unfold.rs": [
    1.2535492039999099,
    0.10050162900006399,
    0.09994342599998163,
    0.09955442399996173,
    0.09919872199998281,
    0.10054932900015956,
    0.09999182599995038,
    0.09985752600005071,
    0.10046922900005484,
    0.1016923360000419
  ],
  "prusti-tests/tests/verify/pass/quick/moves.rs": [
    1.4691851920001682,
    0.09680635400013671,
    0.0961362520001785,
    0.09567175099982705,
    0.09543764999989435,
    0.09477714900003775,
    0.09348364500010575,
    0.09416884699999173,
    0.09478894900007617,
    0.0935026449999441
  ],
  "prusti-tests/tests/verify/pass/quick/mut-borrows.rs": [
    2.959223221000002,
    0.16181734599990705,
    0.16440515899989805,
    0.16156364500011478,
    0.16167694499995378,
    0.16241334899996218,
    0.1630199520000133,
    0.16095484099992063,
    0.16045783899994603,
    0.16211334800004806
  ],
  "prusti-tests/tests/verify/pass/quick/shared-borrows.rs": [
    1.8540405910000572,
    0.09542980800006262,
    0.09550573100000292,
    0.09451702499995918,
    0.09574283200004174,
    0.09618483399981415,
    0.09451142500006426,
    0.09643703599999753,
    0.09516682899993611,
    0.09456552599999668
  ],
  "prusti-tests/tests/verify/pass/quick/trait-contracts-refinement.rs": [
    1.8191014090000408,
    0.14241359099992223,
    0.14273689300011938,
    0.14349329800006672,
    0.14227389100005894,
    0.1444763030001468,
    0.14289739400010149,
    0.1434996980001415,
    0.1430442949999815,
    0.14280509299987898
  ],
  "prusti-tests/tests/verify/pass/quick/routes.rs": [
    5.43559048200018,
    0.35478235100003985,
    0.3533752440000626,
    0.35398364699995,
    0.35616425800003526,
    0.3577583659998709,
    0.35439144899987696,
    0.3537716459998137,
    0.3534989449999557,
    0.35487385100009305
  ],
  "prusti-tests/tests/verify/pass/quick/fibonacci.rs": [
    0.3866451080000388,
    0.3861848060000739,
    0.38445799800001623,
    0.3827997890000461,
    0.3838865949999217,
    0.3805021780001425,
    0.3878334139999424,
    0.3884314169999925,
    0.3846189979999508,
    0.38399374200002967
  ],
  "prusti-tests/tests/verify/pass/pure-fn/len-lookup.rs": [
    3.6764589320000596,
    0.2168321990000095,
    0.22068201799993403,
    0.2186849079998865,
    0.22149792200002594,
    0.22040531700008614,
    0.21812960600004772,
    0.22113522099994043,
    0.21827630599977965,
    0.22109371999999894
  ],
  "prusti-tests/tests/verify/pass/pure-fn/quantifiers.rs": [
    2.1851386859998456,
    0.20153213499997946,
    0.19277049000015722,
    0.1923282879999988,
    0.19481330099984007,
    0.19177358499996444,
    0.19344339400004174,
    0.19397099599996181,
    0.19255028900010984,
    0.19289378999997098
  ],
  "prusti-tests/tests/verify/pass/pure-fn/recursive-pure-fn.rs": [
    1.9182944500000758,
    0.1516674790000252,
    0.15330708700003015,
    0.1533023869999397,
    0.15360288800002309,
    0.15039377199991577,
    0.15439669300008063,
    0.15164257800006453,
    0.15200277999997525,
    0.1526545829999577
  ],
  "prusti-tests/tests/verify/pass/pure-fn/ref-mut-arg.rs": [
    2.920678702000032,
    0.19677011699991453,
    0.19918862899999112,
    0.19691651800008003,
    0.19711701899996115,
    0.1972270189999108,
    0.19478210700003729,
    0.19670191700015494,
    0.1978132229999119,
    0.1963637149999613
  ],
  "prusti-tests/tests/verify/pass/rosetta/Ackermann_function.rs": [
    1.9450398550000045,
    0.23506681499998194,
    0.23558471800015468,
    0.2383463319999919,
    0.23865523399990707,
    0.2359222200000204,
    0.2342220109999289,
    0.2339112090000981,
    0.23613732099988738,
    0.24019584100005886
  ],
  "prusti-tests/tests/verify/pass/rosetta/Heapsort.rs": [
    10.367996504000075,
    1.077402986000152,
    1.0805970019998767,
    1.0782441900000777,
    1.0764681819998714,
    1.0797061980001672,
    1.0709159529999397,
    1.0733296650000739,
    1.0770412540000507,
    1.0771981499999583
  ]
}