{
  "prusti-tests/tests/verify/pass/rosetta/Knuth_shuffle.rs": [
    2.3014424389998567,
    2.001360706000014,
    1.9564710259999174,
    1.906559014000095,
    1.8675447849998363,
    1.8950058909999825,
    1.854331022999986,
    1.8489564810001866,
    1.8673010630000135,
    1.847705964999932
  ],
  "prusti-tests/tests/verify/pass/demos/account.rs": [
    1.6625235989999965,
    1.6876199580001412,
    1.6644115489998512,
    1.6783211229999324,
    1.650674631999891,
    1.6941903770000408,
    1.658193529999835,
    1.6784128619999592,
    1.669405215000097,
    1.6539655940000557
  ],
  "prusti-tests/tests/verify/pass/rosetta/Knights_tour.rs": [
    100.80238022200001,
    96.60313411100014,
    94.88894163000009,
    95.63438906900001,
    96.67570330100011,
    97.5689739899999,
    94.39624290600023,
    96.70935992599993,
    97.86264781500017,
    98.23895773000004
  ],
  "prusti-tests/tests/verify/pass/quick/fold-unfold.rs": [
    1.1274232340001618,
    1.1211336689998461,
    1.118448898999759,
    1.1206796569999824,
    1.121527079000316,
    1.116832252000222,
    1.117553871000382,
    1.116593045999707,
    1.1522942809997403,
    1.1251528699999653
  ],
  "prusti-tests/tests/verify/pass/quick/moves.rs": [
    1.3520959150000635,
    1.3840429419997236,
    1.363865299000281,
    1.3548432630000207,
    1.3580584470000758,
    1.3689678330001698,
    1.3550623689998247,
    1.3511145340003168,
    1.3552920089996405,
    1.363525223999659
  ],
  "prusti-tests/tests/verify/pass/quick/mut-borrows.rs": [
    2.652934111000377,
    2.6689594279996527,
    2.6680550989999574,
    2.678762178999932,
    2.67107242100019,
    2.663513949999924,
    2.6770713040000373,
    2.654081903000133,
    2.6744451389999995,
    2.6495833869998933
  ],
  "prusti-tests/tests/verify/pass/quick/shared-borrows.rs": [
    1.683914798999922,
    1.7085451559996727,
    1.6903385810001055,
    1.6802754179998374,
    1.6900822739999057,
    1.6824073699999644,
    1.6777440050000223,
    1.6896502159997908,
    1.6903148339997642,
    1.6882147780002015
  ],
  "prusti-tests/tests/verify/pass/quick/trait-contracts-refinement.rs": [
    1.5586717940000199,
    1.511629978000201,
    1.5031408559998454,
    1.5105340489999435,
    1.4869428319998406,
    1.5026992440002687,
    1.501688884000032,
    1.512312467999891,
    1.4975183800002014,
    1.4947507070000938
  ],
  "prusti-tests/tests/verify/pass/quick/routes.rs": [
    4.408944811999845,
    4.306153686000016,
    4.103717747000246,
    4.150266056999953,
    4.1108410080000795,
    4.0643243419999635,
    4.050200444999973,
    4.068397180999909,
    4.07170584000005,
    4.064541727999767
  ],
  "prusti-tests/tests/verify/pass/quick/fibonacci.rs": [
    5.129310938999879,
    5.189157148000049,
    5.179634394000004,
    5.1816314940001575,
    5.184002571999827,
    5.131683790999887,
    5.122522742000001,
    5.120459287000358,
    5.137080158000117,
    5.148819863999961
  ],
  "prusti-tests/tests/verify/pass/pure-fn/len-lookup.rs": [
    3.041057054999783,
    3.0140607650000675,
    3.017521706000025,
    3.009008183000333,
    3.014674130000003,
    3.034519296000326,
    3.007013342999926,
    3.025983117999658,
    2.9987263650000386,
    3.026232044000153
  ],
  "prusti-tests/tests/verify/pass/pure-fn/quantifiers.rs": [
    1.8639710550000927,
    1.8848931029997402,
    1.8597769459997835,
    1.8387080109996532,
    1.8463166950000414,
    1.8383046850003666,
    1.85429470400004,
    1.8418924789998528,
    1.8512123880000217,
    1.8389134549997834
  ],
  "prusti-tests/tests/verify/pass/pure-fn/recursive-pure-fn.rs": [
    1.6461960709998493,
    1.6393999950000762,
    1.6499299409997548,
    1.6386375920001228,
    1.6364022339998883,
    1.6271853939997527,
    1.6214405440000519,
    1.6331244000002698,
    1.63097528399976,
    1.6356945080001424
  ],
  "prusti-tests/tests/verify/pass/pure-fn/ref-mut-arg.rs": [
    2.4390794820001247,
    2.4205499099998633,
    2.3945629380000355,
    2.4169381219999195,
    2.40693616200042,
    2.4127278599999045,
    2.4117034729997613,
    2.4222302449998097,
    2.401350341000125,
    2.411573687999862
  ],
  "prusti-tests/tests/verify/pass/rosetta/Ackermann_function.rs": [
    1.684258131000206,
    1.6847005429999626,
    1.6887496579997787,
    1.6845790570000645,
    1.6805480519997218,
    1.683131020000019,
    1.68456385699983,
    1.6829302280002594,
    1.697145472000102,
    1.6812930510000115
  ],
  "prusti-tests/tests/verify/pass/rosetta/Heapsort.rs": [
    9.58561425400012,
    9.505071898000097,
    9.411159419999876,
    9.456770851000329,
    9.400301538999884,
    9.350609794999855,
    9.38537993600039,
    9.41088633499976,
    9.350871047000055,
    9.414796145999844
  ]
}