{
  "prusti-tests/tests/verify/pass/rosetta/Knuth_shuffle.rs": [
    2.8752692970000453,
    0.37641116599991165,
    0.3597325069999897,
    0.3599061160000474,
    0.3698578290000114,
    0.3756563270000015,
    0.3629538739999134,
    0.35283895299994583,
    0.3618723179999961,
    0.3545781420000367
  ],
  "prusti-tests/tests/verify/pass/demos/account.rs": [
    2.4124734199999693,
    0.13754357700008768,
    0.1329514400000562,
    0.13245031400003882,
    0.13442231600004106,
    0.1355823760000021,
    0.13308424600006674,
    0.1309352220000619,
    0.14210909499990976,
    0.14100283799996305
  ],
  "prusti-tests/tests/verify/pass/rosetta/Knights_tour.rs": [
    99.66932843400002,
    2.9950896880000073,
    2.719608239999957,
    2.649206736999986,
    2.8893566140000075,
    2.7231533529999297,
    2.6771190829999796,
    2.6487832230000095,
    2.6662121880000313,
    2.679217625999968
  ],
  "prusti-tests/tests/verify/pass/quick/fold-unfold.rs": [
    1.451846678000038,
    0.10548051799992209,
    0.10695869500000299,
    0.10317939999993087,
    0.10273937800002386,
    0.09908388999997442,
    0.10133900499999982,
    0.10113019499999609,
    0.10606084799997006,
    0.10685758900001474
  ],
  "prusti-tests/tests/verify/pass/quick/moves.rs": [
    1.7552228639999612,
    0.10232907099998556,
    0.09988214400004836,
    0.10229376800009504,
    0.11604357700002765,
    0.10963674700008141,
    0.10806096600003912,
    0.10303030699992632,
    0.10051077699995403,
    0.10145722600009321
  ],
  "prusti-tests/tests/verify/pass/quick/mut-borrows.rs": [
    3.3186222340000313,
    0.16888359799997943,
    0.18488962300000367,
    0.16180343400003494,
    0.1693854250000868,
    0.1635381230000803,
    0.16285378800000672,
    0.17838998900003844,
    0.17004175800002486,
    0.17107691200010322
  ],
  "prusti-tests/tests/verify/pass/quick/shared-borrows.rs": [
    2.029190410999945,
    0.09557712100001936,
    0.097754833999943,
    0.09983134100002644,
    0.09883448900006897,
    0.10161273200003507,
    0.09523980400001619,
    0.0972641079999903,
    0.10413566200008972,
    0.10359353399996962
  ],
  "prusti-tests/tests/verify/pass/quick/trait-contracts-refinement.rs": [
    1.8566366039999593,
    0.14147258399998464,
    0.14423192699996434,
    0.13948048199995355,
    0.14094135799996366,
    0.1441271209999968,
    0.14373330099999748,
    0.14654394599995157,
    0.16272207899999103,
    0.1433988840000211
  ],
  "prusti-tests/tests/verify/pass/quick/routes.rs": [
    5.907617749999986,
    0.39776088899998285,
    0.3621973580000031,
    0.3721464699999615,
    0.39164997499995025,
    0.3775520479999841,
    0.3679923559999452,
    0.3708321020000085,
    0.36236316600002283,
    0.386310299999991
  ],
  "prusti-tests/tests/verify/pass/quick/fibonacci.rs": [
    0.41422013700002935,
    0.39003589200001443,
    0.4034982849999551,
    0.39047891399991386,
    0.4000727090000282,
    0.3897942769999645,
    0.3902432980000867,
    0.40268543899992437,
    0.4110878720000528,
    0.4149201699999594
  ],
  "prusti-tests/tests/verify/pass/pure-fn/len-lookup.rs": [
    4.084040437999988,
    0.2388648019999664,
    0.2284634669999832,
    0.2318255400000453,
    0.23087258999998994,
    0.22731450699996003,
    0.22458926599995266,
    0.21956690800004708,
    0.22112378799999988,
    0.22268886900008056
  ],
  "prusti-tests/tests/verify/pass/pure-fn/quantifiers.rs": [
    2.4161139160000857,
    0.19241140799999812,
    0.192637819999959,
    0.1901017889999821,
    0.20233851900002264,
    0.1963110090000555,
    0.18908293599997705,
    0.18791207599997506,
    0.19325185100001363,
    0.18738264900002832
  ],
  "prusti-tests/tests/verify/pass/pure-fn/recursive-pure-fn.rs": [
    2.1084915750000164,
    0.14774030799992488,
    0.1521609349999835,
    0.14860035200001676,
    0.15211053300004096,
    0.15177091600003223,
    0.1568557770000325,
    0.14816202899999098,
    0.16093178699998134,
    0.15980652900009318
  ],
  "prusti-tests/tests/verify/pass/pure-fn/ref-mut-arg.rs": [
    3.109340839000083,
    0.20152488700000504,
    0.19058172300003662,
    0.1989563540000745,
    0.19841552599996248,
    0.20011191399999007,
    0.1905311209999354,
    0.19680624400007218,
    0.21256285599997682,
    0.21546680500000548
  ],
  "prusti-tests/tests/verify/pass/rosetta/Ackermann_function.rs": [
    2.09297337299995,
    0.2513105529999393,
    0.2456673619999492,
    0.22928861699995196,
    0.23440698100000645,
    0.2451213329999291,
    0.23259208499996475,
    0.23181073900002502,
    0.22657486899993273,
    0.24543464099997436
  ],
  "prusti-tests/tests/verify/pass/rosetta/Heapsort.rs": [
    11.795664265000028,
    1.1370609770000328,
    1.2271352160000788,
    1.1576052339999023,
    1.179483049000055,
    1.171227424000108,
    1.1385120390000338,
    1.1530194859999483,
    1.1440352229999462,
    1.188089391999938
  ]
}