{
  "prusti-tests/tests/verify/pass/rosetta/Knuth_shuffle.rs": [
    2.8350056500000846,
    2.5611154640000677,
    2.3252854799998204,
    2.4390017410000837,
    2.378336438000133,
    2.3235959319999893,
    2.261336313999891,
    2.428574002000005,
    2.3070625930001825,
    2.272465622000027
  ],
  "prusti-tests/tests/verify/pass/demos/account.rs": [
    2.0537929470001473,
    2.003552910999815,
    2.0506920840000475,
    2.039524643999812,
    2.0146202309999808,
    1.978089362999981,
    2.081995619000054,
    2.0011122290000003,
    2.047440750000078,
    1.9658754800000224
  ],
  "prusti-tests/tests/verify/pass/rosetta/Knights_tour.rs": [
    123.89139156400006,
    121.39978669300012,
    120.63311916200018,
    116.8271062350002,
    114.79961284299998,
    118.46868076500004,
    114.18384719200003,
    119.02415933500015,
    119.25094456199986,
    118.00661789700007
  ],
  "prusti-tests/tests/verify/pass/quick/fold-unfold.rs": [
    1.3605337949998102,
    1.348739165999632,
    1.373605937999855,
    1.4163792069998635,
    1.4123374599998897,
    1.4039509340000222,
    1.4280691159997332,
    1.3968066510001336,
    1.4030432240001574,
    1.3910296830003972
  ],
  "prusti-tests/tests/verify/pass/quick/moves.rs": [
    1.6045683810002629,
    1.660043529000177,
    1.6701359469998351,
    1.782405760999609,
    1.708913389999907,
    1.694362362999982,
    1.6799001899998984,
    1.7022328570001264,
    1.6863548669998636,
    1.6610708610000984
  ],
  "prusti-tests/tests/verify/pass/quick/mut-borrows.rs": [
    3.2409259280002516,
    2.870147948999602,
    3.011179177000031,
    2.921721670000352,
    2.885063731000173,
    2.928006665999874,
    2.8902061049998338,
    2.99866410300001,
    2.9617781870001636,
    2.8943690820001393
  ],
  "prusti-tests/tests/verify/pass/quick/shared-borrows.rs": [
    1.888116063000325,
    1.9180771119999918,
    1.9109730420000233,
    1.895003681000162,
    1.9225680639997336,
    1.9800717799998893,
    1.9495210390000466,
    1.8619634000001497,
    1.8514445749997321,
    1.870499851999739
  ],
  "prusti-tests/tests/verify/pass/quick/trait-contracts-refinement.rs": [
    1.7186105079999834,
    1.7406456670000807,
    1.7604053989998647,
    1.7642983249997997,
    1.7624129169998923,
    1.7425521850000223,
    1.7758612749998974,
    1.7941617890000998,
    1.752244170999802,
    1.653907481999795
  ],
  "prusti-tests/tests/verify/pass/quick/routes.rs": [
    5.011751308999919,
    4.873684164999759,
    4.652463271000215,
    4.732022528000016,
    4.754855425999722,
    4.693557956999939,
    4.685095089000242,
    4.702056672999788,
    4.608750242000042,
    4.695430980999845
  ],
  "prusti-tests/tests/verify/pass/quick/fibonacci.rs": [
    6.294164867999825,
    6.5399315540003045,
    6.709183108999696,
    6.416742568000245,
    6.99314997700003,
    6.618670857999859,
    6.209275240999887,
    6.026499697000418,
    5.984768778999751,
    5.9560344940000505
  ],
  "prusti-tests/tests/verify/pass/pure-fn/len-lookup.rs": [
    3.4953765320001366,
    3.425226086999828,
    3.3796781510000073,
    3.349210044999836,
    3.354783354999654,
    3.3607233669999914,
    3.345119175000036,
    3.4086891870001637,
    3.4409630519999155,
    3.3834655830000884
  ],
  "prusti-tests/tests/verify/pass/pure-fn/quantifiers.rs": [
    2.2152887859997463,
    2.113212809000288,
    2.203202142000009,
    2.3237000919998536,
    2.3836561069997515,
    2.2697361379996437,
    2.239948263000315,
    2.1808314029999565,
    2.196803159999945,
    2.1835065010000108
  ],
  "prusti-tests/tests/verify/pass/pure-fn/recursive-pure-fn.rs": [
    1.9702897600000142,
    1.9554305679998834,
    1.9948766769998656,
    2.0927419119998376,
    2.0625264370000878,
    2.1104931919999217,
    2.0738290389999747,
    1.9492380560000129,
    1.9910520349999388,
    1.9744170659996598
  ],
  "prusti-tests/tests/verify/pass/pure-fn/ref-mut-arg.rs": [
    2.94188457700011,
    3.0037252819997775,
    2.9554723000001104,
    2.9723127469997053,
    2.9901302139996915,
    3.0080230670000674,
    3.100247040999875,
    2.8916893420000633,
    2.951535229000001,
    2.9342398100002356
  ],
  "prusti-tests/tests/verify/pass/rosetta/Ackermann_function.rs": [
    2.0413902669997697,
    2.0411638289997427,
    2.1633745950002776,
    2.0807178379996003,
    2.0060391940000954,
    1.9880545689998144,
    1.959734319999825,
    2.0369794530001855,
    2.093724177999775,
    2.0812999100003253
  ],
  "prusti-tests/tests/verify/pass/rosetta/Heapsort.rs": [
    12.186275312000362,
    12.353463511999962,
    11.995893025999976,
    12.151891433999936,
    12.043127292999998,
    12.253948663999836,
    11.355102282999724,
    11.328320110999812,
    11.33782950199975,
    11.281020526999782
  ]
}