{
  "prusti-tests/tests/verify/pass/rosetta/Knuth_shuffle.rs": [
    2.4818762580000566,
    2.0564624579999418,
    1.970316787999991,
    1.940530304000049,
    2.030547693000017,
    1.9054184650000252,
    2.046081823999998,
    1.7607364560000178,
    1.875254668000025,
    1.8832998479999787
  ],
  "prusti-tests/tests/verify/pass/demos/account.rs": [
    0.9229969850000543,
    0.9120268840000563,
    1.0784730100000388,
    0.8901296820000653,
    0.8707284390000041,
    0.952889525000046,
    0.8932305969999561,
    1.0890685130000293,
    0.9498347319999993,
    0.8844078080001054
  ]
}