{
  "prusti-tests/tests/verify/pass/rosetta/Knuth_shuffle.rs": [
    2.5213882419999436,
    2.4107525090000763,
    2.368636216000027,
    2.3034687790000135,
    2.1677287699999397,
    2.2777472909999688,
    2.22967758599998,
    2.1984497720000036,
    2.194965942000067,
    2.2328554509999776
  ],
  "prusti-tests/tests/verify/pass/demos/account.rs": [
    2.0213135100000272,
    2.074838977000013,
    2.042977853000025,
    2.0604121339999892,
    2.0776868919999743,
    2.031851092000011,
    2.059046270999943,
    2.100653483999963,
    2.0543634120000434,
    2.0801415320000842
  ],
  "prusti-tests/tests/verify/pass/rosetta/Knights_tour.rs": [
    122.379028415,
    115.53477250700007,
    118.1134460799999,
    117.329731777,
    115.59190491300001,
    118.22958279599993,
    115.24847288900014,
    113.59920525100006,
    116.68946415200003,
    116.74009281600001
  ],
  "prusti-tests/tests/verify/pass/quick/fold-unfold.rs": [
    1.3433878240000467,
    1.3701432849998127,
    1.319865580999931,
    1.3493011080001907,
    1.3563719720000336,
    1.3208674390000397,
    1.3385285990000284,
    1.321177558999807,
    1.3260682249999718,
    1.3285095070000352
  ],
  "prusti-tests/tests/verify/pass/quick/moves.rs": [
    1.621142619000011,
    1.59207903000015,
    1.6474064250000993,
    1.5957198510000126,
    1.6407659940000485,
    1.6389572769999177,
    1.6693381549998776,
    1.6260727369999586,
    1.6364581689999795,
    1.6437826379999478
  ],
  "prusti-tests/tests/verify/pass/quick/mut-borrows.rs": [
    3.2666929310000796,
    3.3454270199999883,
    3.2492001989999153,
    3.2832721310001034,
    3.2950371379997705,
    3.2270269840000765,
    3.28858705499988,
    3.231378049000341,
    3.3489393640002163,
    3.2277325250001923
  ],
  "prusti-tests/tests/verify/pass/quick/shared-borrows.rs": [
    2.0426407189997917,
    2.029384553,
    2.034923499999877,
    2.053666020000037,
    2.055784556999697,
    2.004261432000021,
    2.069440781999674,
    2.0410299270001815,
    2.107364566999877,
    2.0781076510002094
  ],
  "prusti-tests/tests/verify/pass/quick/trait-contracts-refinement.rs": [
    1.8746624539999175,
    1.755673674999798,
    1.9992435979997936,
    1.7319368230000691,
    1.7311032100001285,
    1.8127382829998169,
    1.726207698000053,
    1.7720398559999921,
    1.7419642920003753,
    1.7926352360000237
  ],
  "prusti-tests/tests/verify/pass/quick/routes.rs": [
    6.04812954099998,
    5.742968583999755,
    5.597537651999573,
    5.642030676000104,
    5.501164150000022,
    5.399499268999989,
    5.550142522999977,
    5.4020352880002065,
    5.597978054000123,
    5.597943472999759
  ],
  "prusti-tests/tests/verify/pass/quick/fibonacci.rs": [
    7.143767304999983,
    7.028625612000269,
    6.957625329000166,
    6.965089766999881,
    6.986630818999856,
    7.35699737799996,
    7.401713720999851,
    7.190601800999957,
    7.179415602000063,
    7.236311005999596
  ],
  "prusti-tests/tests/verify/pass/pure-fn/len-lookup.rs": [
    4.190186657999675,
    4.171721791999971,
    4.279177078999965,
    4.127808540000387,
    4.187184718000026,
    4.129813406000267,
    4.160668006999913,
    4.189454543000011,
    4.106299184999898,
    4.059770108000066
  ],
  "prusti-tests/tests/verify/pass/pure-fn/quantifiers.rs": [
    2.64536591399974,
    2.592577176999839,
    2.646157902000141,
    2.498357934000069,
    2.57392827700005,
    2.6697628740002983,
    2.53513566599986,
    2.5416514909998114,
    2.625617844000317,
    2.700918263999938
  ],
  "prusti-tests/tests/verify/pass/pure-fn/recursive-pure-fn.rs": [
    2.411027677999755,
    2.3232507790003183,
    2.5196228940003493,
    2.3735282560000996,
    2.3486121370001456,
    2.4239918890002627,
    2.4804014660003304,
    2.7637918599998557,
    2.5498706080002194,
    2.392856534999737
  ],
  "prusti-tests/tests/verify/pass/pure-fn/ref-mut-arg.rs": [
    3.9596231790001184,
    3.639333544999772,
    3.6842059640002844,
    3.7926100869999573,
    3.6263562290000664,
    3.7569645250000576,
    3.7537475139997696,
    3.59050794399991,
    3.6569195500001115,
    3.551743477999935
  ],
  "prusti-tests/tests/verify/pass/rosetta/Ackermann_function.rs": [
    2.338076550000096,
    2.5259505799999715,
    2.2957811490000495,
    2.3912743460000456,
    2.3526941229997647,
    2.3274076460002107,
    2.4468882959999974,
    2.31031156500012,
    2.462197197000023,
    2.34352823800009
  ],
  "prusti-tests/tests/verify/pass/rosetta/Heapsort.rs": [
    12.129079222999735,
    12.199904451000293,
    12.101805616000092,
    11.94160787599958,
    12.322028893000152,
    12.48830851699995,
    12.628171805999955,
    12.143436244999975,
    12.135778007000226,
    12.04324157200017
  ]
}