{
  "prusti-tests/tests/verify/pass/rosetta/Knuth_shuffle.rs": [
    2.621951199000023,
    2.3156951980000713,
    2.3386152360000096,
    2.3013016109999853,
    2.2971547729999884,
    2.25509818799992,
    2.302072769000006,
    2.2768932449999966,
    2.2266545420000057,
    2.2242024280000123
  ],
  "prusti-tests/tests/verify/pass/demos/account.rs": [
    1.9488404150000633,
    2.0251518229999874,
    1.9887880710000445,
    2.0276476970000203,
    1.9121603259999347,
    1.9535037350000266,
    2.018235103000052,
    1.9862030139998978,
    1.9331226009999227,
    2.0212882350000427
  ],
  "prusti-tests/tests/verify/pass/rosetta/Knights_tour.rs": [
    120.63479082000003,
    115.45304562199999,
    118.8746740470001,
    120.56452881100017,
    115.75306973900001,
    119.40280437900014,
    120.26866780899991,
    117.06554775000018,
    110.87094257400008,
    122.08227335499987
  ],
  "prusti-tests/tests/verify/pass/quick/fold-unfold.rs": [
    1.3129658400002882,
    1.3126200380002047,
    1.3098416220000217,
    1.2387598020000041,
    1.1929356279997592,
    1.2026704859999882,
    1.222947307999675,
    1.208456920000117,
    1.2046512980000443,
    1.2075716990002547
  ],
  "prusti-tests/tests/verify/pass/quick/moves.rs": [
    1.6574106690000008,
    1.603461148000406,
    1.5522103420003077,
    1.6440442899997834,
    1.5419868739995763,
    1.5667909090002468,
    1.6494135889997779,
    1.6838798889998543,
    1.659447746999831,
    1.6449552389999553
  ],
  "prusti-tests/tests/verify/pass/quick/mut-borrows.rs": [
    3.292819363000035,
    3.178634401999716,
    3.2362745079999513,
    3.3750572029998693,
    3.043582962000073,
    3.162562389999948,
    3.1211444430000483,
    3.0411243140001716,
    2.9620699310003147,
    2.920624577000126
  ],
  "prusti-tests/tests/verify/pass/quick/shared-borrows.rs": [
    1.85691583300013,
    1.8532017120001,
    1.875550643999759,
    1.8693810069999017,
    1.828559648999999,
    1.8499124919999304,
    1.8764517499998874,
    1.840536436000093,
    1.869503504000022,
    1.8663228810000874
  ],
  "prusti-tests/tests/verify/pass/quick/trait-contracts-refinement.rs": [
    1.6446742650000488,
    1.7062225300001046,
    1.6798648740000317,
    1.6137029850001454,
    1.5603214669999943,
    1.6183005119996778,
    1.5659679020000112,
    1.7105508609997742,
    1.6727798389997588,
    1.670196422999652
  ],
  "prusti-tests/tests/verify/pass/quick/routes.rs": [
    5.3830600839996805,
    5.230614477000017,
    5.1271544670003095,
    5.12208524100015,
    5.197515768999892,
    5.011077266000029,
    5.093506760000309,
    5.18461170799992,
    5.228778973999852,
    5.078750687000138
  ],
  "prusti-tests/tests/verify/pass/quick/fibonacci.rs": [
    6.604776164000214,
    6.631726825999976,
    6.733567025999946,
    6.6056473630001165,
    6.886831846999939,
    6.6750819859998956,
    6.785979721999865,
    6.849105932000384,
    6.799508305000018,
    6.990719639999952
  ],
  "prusti-tests/tests/verify/pass/pure-fn/len-lookup.rs": [
    3.916262525000093,
    4.031012847000056,
    3.946680746000311,
    3.8817713299999923,
    3.9370640309998635,
    3.975185684999815,
    3.9281292209998355,
    4.042953270999988,
    4.008007120000002,
    3.9290844170000128
  ],
  "prusti-tests/tests/verify/pass/pure-fn/quantifiers.rs": [
    2.4700339529999837,
    2.4401567670001896,
    2.43814223399977,
    2.3218993159998718,
    2.40238899499991,
    2.377675348000139,
    2.4476504630001727,
    2.397356664000199,
    2.8307832430000417,
    2.6423108069998307
  ],
  "prusti-tests/tests/verify/pass/pure-fn/recursive-pure-fn.rs": [
    2.3010297420000825,
    2.472491681000065,
    2.3470082750000074,
    2.338309205999849,
    2.410645340999963,
    2.282119646999945,
    2.483896717999869,
    2.4190611280000667,
    2.3546034409996537,
    2.3277022880001823
  ],
  "prusti-tests/tests/verify/pass/pure-fn/ref-mut-arg.rs": [
    2.876184561000173,
    3.0555522399999973,
    2.8257216630004223,
    2.7577676549999524,
    2.8245186389999617,
    3.0214961570000014,
    2.9797639080002227,
    2.8588394719999997,
    2.8273064740001246,
    2.96562559899985
  ],
  "prusti-tests/tests/verify/pass/rosetta/Ackermann_function.rs": [
    2.316715624000153,
    2.323427563000223,
    2.4324022139999215,
    2.2866527739997764,
    2.3821529450001435,
    2.281642257000385,
    2.384679960000085,
    2.2649850059997334,
    2.3634544149999783,
    2.3344469440003195
  ],
  "prusti-tests/tests/verify/pass/rosetta/Heapsort.rs": [
    12.216424551000273,
    11.991047432000414,
    12.423153163999814,
    12.152675589999944,
    12.161149500000192,
    12.235312535000048,
    12.254845224999826,
    12.387020787999973,
    12.318239979999817,
    11.943666515000132
  ]
}