{
  "prusti-tests/tests/verify/pass/rosetta/Knuth_shuffle.rs": [
    2.7188180619999684,
    0.36183556399998906,
    0.35834110400003283,
    0.36302514099998007,
    0.3613351279999506,
    0.3596845150000263,
    0.3614612290000423,
    0.36034491999998863,
    0.35898990999999114,
    0.36031891899995117
  ],
  "prusti-tests/tests/verify/pass/demos/account.rs": [
    2.263840617000028,
    0.13423225000008188,
    0.13668637000000672,
    0.13397544899999048,
    0.1339315479999641,
    0.13231613599998582,
    0.13279873999999836,
    0.13354274599998917,
    0.13387644800002363,
    0.13448965199995655
  ],
  "prusti-tests/tests/verify/pass/rosetta/Knights_tour.rs": [
    93.50544318899995,
    2.585780913000008,
    2.5889008720000675,
    2.5898120000000517,
    2.5917979160000186,
    2.595504570999992,
    2.5928751730000386,
    2.5828021949998856,
    2.593735845999845,
    2.5890422200000103
  ],
  "prusti-tests/tests/verify/pass/quick/fold-unfold.rs": [
    1.3074283599999035,
    0.10212308499990286,
    0.1012594789999639,
    0.10110137800006669,
    0.10228808700003356,
    0.10145228099986525,
    0.10230948699995679,
    0.10245018799992067,
    0.10213658599991504,
    0.10142698099980407
  ],
  "prusti-tests/tests/verify/pass/quick/moves.rs": [
    1.4901568660000066,
    0.09594543899993369,
    0.09725224900012108,
    0.09737274899998738,
    0.09795065399998748,
    0.09845935799990002,
    0.0988040600000204,
    0.09819295500005865,
    0.09759695100001409,
    0.09743324999999459
  ],
  "prusti-tests/tests/verify/pass/quick/mut-borrows.rs": [
    3.010632990999966,
    0.16448386199999732,
    0.16318735200002266,
    0.16724728300005154,
    0.1629750489998969,
    0.16329325199990308,
    0.16448636099994474,
    0.1644944619999933,
    0.16492956500019318,
    0.1643657600000097
  ],
  "prusti-tests/tests/verify/pass/quick/shared-borrows.rs": [
    1.8606215689999317,
    0.09447812500002328,
    0.09643914000002951,
    0.09548863199984226,
    0.0963141380000252,
    0.09570903400003772,
    0.09639974000015172,
    0.09525693099999444,
    0.09377081899992845,
    0.09593923600004928
  ],
  "prusti-tests/tests/verify/pass/quick/trait-contracts-refinement.rs": [
    1.74164444500002,
    0.1404176749999806,
    0.14066007699989314,
    0.14065147700011948,
    0.14226288899999417,
    0.1414130830000886,
    0.14048047599999336,
    0.1437872009998955,
    0.14098987900001703,
    0.1428655939998862
  ],
  "prusti-tests/tests/verify/pass/quick/routes.rs": [
    5.365349671000104,
    0.3578238390000479,
    0.3578029370000877,
    0.3569197270001041,
    0.3606978570001047,
    0.3556747180000457,
    0.3562218219999522,
    0.35919504499997856,
    0.3572673300000133,
    0.3574734310000167
  ],
  "prusti-tests/tests/verify/pass/quick/fibonacci.rs": [
    0.3811600129999988,
    0.3829241259998071,
    0.3823189209999782,
    0.38312612799995804,
    0.3831444279999232,
    0.3828957270000046,
    0.3836069320000206,
    0.39060248499981753,
    0.38066540899990287,
    0.3817042170001059
  ],
  "prusti-tests/tests/verify/pass/pure-fn/len-lookup.rs": [
    3.6854569619999893,
    0.22229689800019514,
    0.2224621999998817,
    0.22159219399986796,
    0.2196018780000486,
    0.2226307009998436,
    0.2218000939999456,
    0.2201173819998985,
    0.2221982979999666,
    0.22104098900013014
  ],
  "prusti-tests/tests/verify/pass/pure-fn/quantifiers.rs": [
    2.233434265999904,
    0.1989599209998687,
    0.19422508499997093,
    0.19333487700009755,
    0.19289677400001892,
    0.19469118699998944,
    0.19605179800009864,
    0.19426548399997046,
    0.1932083760000296,
    0.19459057600010965
  ],
  "prusti-tests/tests/verify/pass/pure-fn/recursive-pure-fn.rs": [
    1.9523360790001334,
    0.15245825400006652,
    0.15224135299990849,
    0.15137334600012764,
    0.15261795500009612,
    0.15237665299991932,
    0.15489887200010344,
    0.15155254699993748,
    0.15270745599991642,
    0.15276745699998173
  ],
  "prusti-tests/tests/verify/pass/pure-fn/ref-mut-arg.rs": [
    2.9362439270000777,
    0.19525447799992435,
    0.19582438299994465,
    0.19702129200004492,
    0.19741569500001788,
    0.19774869700017916,
    0.194517272999974,
    0.1952524779999294,
    0.19593798300002163,
    0.1970503729999109
  ],
  "prusti-tests/tests/verify/pass/rosetta/Ackermann_function.rs": [
    1.943891610000037,
    0.2362910639999427,
    0.23725077100016279,
    0.23757697299993197,
    0.23510945499992886,
    0.23722496999994291,
    0.23684806799997205,
    0.2364475649999349,
    0.23518885599992245,
    0.23886288300013803
  ],
  "prusti-tests/tests/verify/pass/rosetta/Heapsort.rs": [
    10.522041753999929,
    1.0744851179999841,
    1.0776145499999075,
    1.0749041320000288,
    1.0720404099999996,
    1.0794395670000085,
    1.0771798490000037,
    1.0783317579998766,
    1.0739450240000679,
    1.0731959199999892
  ]
}