{
  "prusti-tests/tests/verify/pass/rosetta/Knuth_shuffle.rs": [
    2.9373977049999667,
    0.3567698450000307,
    0.357911061999971,
    0.35653574100001606,
    0.3577577599999131,
    0.35432170699994003,
    0.3556752240000378,
    0.35829066300004797,
    0.3563290339999412,
    0.3572209470000871
  ],
  "prusti-tests/tests/verify/pass/demos/account.rs": [
    2.2969410819999894,
    0.13080805799995687,
    0.12954103900005975,
    0.1279314149999209,
    0.12924673500003792,
    0.12719160400001783,
    0.13051435299996683,
    0.1308390579999923,
    0.1317220720000023,
    0.12918783399993572
  ],
  "prusti-tests/tests/verify/pass/rosetta/Knights_tour.rs": [
    92.70764950799992,
    2.5768510479999804,
    2.5654894619999595,
    2.565575125999999,
    2.5768881660000034,
    2.5682060139999976,
    2.567734554000026,
    2.5646126190000587,
    2.567296772000077,
    2.5721619290000035
  ],
  "prusti-tests/tests/verify/pass/quick/fold-unfold.rs": [
    1.2278559769999902,
    0.09576876199992057,
    0.09748045699996055,
    0.09575076199996602,
    0.09415856900000108,
    0.09732045800001288,
    0.09512986499998988,
    0.09644056100000853,
    0.09657795999999053,
    0.09813515399991957
  ],
  "prusti-tests/tests/verify/pass/quick/moves.rs": [
    1.4740027100000361,
    0.09346057100003691,
    0.09394316999998864,
    0.09121837899999719,
    0.09225807500001793,
    0.09176347699997223,
    0.0927394740000409,
    0.09207257499997468,
    0.09296117299993512,
    0.09222537499999817
  ],
  "prusti-tests/tests/verify/pass/quick/mut-borrows.rs": [
    2.8903156229999922,
    0.1595382509999581,
    0.1594176899999411,
    0.15879560199994103,
    0.15846960800001852,
    0.1569297359999382,
    0.1572824300000093,
    0.15958788700004334,
    0.16002597900001092,
    0.16321902100003172
  ],
  "prusti-tests/tests/verify/pass/quick/shared-borrows.rs": [
    1.7816905640000869,
    0.08693779999998696,
    0.0917104710000558,
    0.09093045899999197,
    0.092498882999962,
    0.09213467699999,
    0.09228367999992315,
    0.0929819899999984,
    0.09144226699993396,
    0.09157126899992818
  ],
  "prusti-tests/tests/verify/pass/quick/trait-contracts-refinement.rs": [
    1.6830477630001042,
    0.13900717800004259,
    0.13756455599991568,
    0.1366250429999809,
    0.13562042800003837,
    0.1374841549999246,
    0.13617333499996676,
    0.13752085600003738,
    0.13796356199998172,
    0.13612213600003997
  ],
  "prusti-tests/tests/verify/pass/quick/routes.rs": [
    5.328298442000005,
    0.35182209200002035,
    0.3501103649999777,
    0.35281600600001184,
    0.35096167900007913,
    0.3522903980000365,
    0.3545523330000151,
    0.35314621099996657,
    0.3531623119999949,
    0.35148688599997513
  ],
  "prusti-tests/tests/verify/pass/quick/fibonacci.rs": [
    0.3771960730000501,
    0.37651008799991814,
    0.3791392560000304,
    0.37757093300001543,
    0.3830462150000358,
    0.376616418000026,
    0.37859344800006056,
    0.38358382299998084,
    0.3800549699999465,
    0.37706662400000823
  ],
  "prusti-tests/tests/verify/pass/pure-fn/len-lookup.rs": [
    3.622216592999962,
    0.21490976299992326,
    0.21967663499992796,
    0.21571907500003817,
    0.21380904599993755,
    0.2130998360000831,
    0.21577029900004163,
    0.21333867999999256,
    0.22017236299996057,
    0.2178573350000761
  ],
  "prusti-tests/tests/verify/pass/pure-fn/quantifiers.rs": [
    2.203237544999979,
    0.20387026499997773,
    0.19083660799992685,
    0.19323843699999088,
    0.1905852050000476,
    0.18983409600002688,
    0.19136121400003958,
    0.19137151400002494,
    0.19211742400000276,
    0.19038190200001281
  ],
  "prusti-tests/tests/verify/pass/pure-fn/recursive-pure-fn.rs": [
    1.8978168520000054,
    0.14935200599995824,
    0.1465655729999753,
    0.14748198299992055,
    0.14557626099997378,
    0.14991061299997455,
    0.1497399109999833,
    0.14857709700004307,
    0.1501511159999609,
    0.14619606799999474
  ],
  "prusti-tests/tests/verify/pass/pure-fn/ref-mut-arg.rs": [
    2.9516120929999943,
    0.19350769899995157,
    0.19533900800001902,
    0.19340319800005545,
    0.19121218700001918,
    0.19076288400003705,
    0.19408150200001728,
    0.19255129399994075,
    0.1926351939999904,
    0.1914607880000858
  ],
  "prusti-tests/tests/verify/pass/rosetta/Ackermann_function.rs": [
    1.887408399999913,
    0.23323018400003548,
    0.21085154900004,
    0.22987963299999592,
    0.21230207100006737,
    0.22794730500004334,
    0.21285538000006454,
    0.22901913900000181,
    0.2099258790000249,
    0.21126295400006256
  ],
  "prusti-tests/tests/verify/pass/rosetta/Heapsort.rs": [
    10.425175442999944,
    1.06680724499995,
    1.0716744110000036,
    1.068846872999984,
    1.0631019940000215,
    1.0615007730000343,
    1.0666829230000303,
    1.0699224779999668,
    1.0699142769999526,
    1.0670928549999417
  ]
}