{
  "prusti-tests/tests/verify/pass/rosetta/Knuth_shuffle.rs": [
    3.108447565000006,
    2.7438849879999907,
    2.7021356289999403,
    2.7218263480001497,
    2.668387189999976,
    2.624718785000141,
    2.681742199000155,
    2.596938573999978,
    2.6784871689999363,
    2.6235631399999875
  ],
  "prusti-tests/tests/verify/pass/demos/account.rs": [
    2.3375113160000183,
    2.312265385000046,
    2.280537957999968,
    2.2934239010000965,
    2.3554878489999282,
    2.300549963000094,
    2.309674897999912,
    2.320392482999978,
    2.3091237549999732,
    2.2806982940001035
  ],
  "prusti-tests/tests/verify/pass/rosetta/Knights_tour.rs": [
    148.34294823100004,
    145.08032231699985,
    149.7999258159998,
    148.55321890699997,
    150.03575453599979,
    149.23208292699974,
    155.7916063790003,
    149.62800829399976,
    164.19779766300007,
    154.20853844800013
  ],
  "prusti-tests/tests/verify/pass/quick/fold-unfold.rs": [
    1.496207664999929,
    1.4739545900001758,
    1.4824201870001161,
    1.5020616440001504,
    1.4864053960000092,
    1.4990329030001703,
    1.5003846890003842,
    1.496095191999757,
    1.5199004579999382,
    1.4793263589999697
  ],
  "prusti-tests/tests/verify/pass/quick/moves.rs": [
    1.7800019639998936,
    1.8258658800000376,
    1.8226436220002142,
    1.770243434999884,
    1.8279683760001717,
    1.8085648729997956,
    1.808350918999622,
    1.8386402490000364,
    1.826034417000301,
    1.8825741119999293
  ],
  "prusti-tests/tests/verify/pass/quick/mut-borrows.rs": [
    3.632934173999729,
    3.5777512140002727,
    3.653437296999982,
    3.649295804999838,
    3.6523386349999782,
    3.642272526999932,
    3.6209473730000354,
    3.608602583999982,
    3.6100550269998166,
    3.618458582999665
  ],
  "prusti-tests/tests/verify/pass/quick/shared-borrows.rs": [
    2.306107632000021,
    2.2824081630001274,
    2.3022951559996727,
    2.262450930000341,
    2.3166547229998287,
    2.2491164640000534,
    2.264380179999989,
    2.257498996999857,
    2.3073079010000583,
    2.2805007150000165
  ],
  "prusti-tests/tests/verify/pass/quick/trait-contracts-refinement.rs": [
    2.18615274900003,
    2.1394115240000247,
    2.1346330790001957,
    2.134613758999876,
    2.065118943000016,
    2.1150749660000656,
    2.0795360600000095,
    2.0700210919999336,
    2.0512937710000188,
    2.037486163000267
  ],
  "prusti-tests/tests/verify/pass/quick/routes.rs": [
    6.369705777000036,
    5.956732874000409,
    6.034476468000321,
    5.851566245999948,
    5.901188608000211,
    5.97420083499992,
    6.155214974000046,
    5.969219109000278,
    5.842093711999951,
    5.806957949000207
  ],
  "prusti-tests/tests/verify/pass/quick/fibonacci.rs": [
    7.287983389000146,
    7.495724749999681,
    7.404766115000257,
    7.308977256999697,
    7.2933432250001715,
    7.46491667600003,
    7.393296913000086,
    7.2928110289999495,
    7.352051128000312,
    7.198026951999964
  ],
  "prusti-tests/tests/verify/pass/pure-fn/len-lookup.rs": [
    4.196417175000079,
    4.275848432999737,
    4.089037666999957,
    4.153829445000156,
    4.07535191199986,
    4.1459256759999334,
    4.276768407999953,
    4.159287382000002,
    4.1925590249998095,
    4.208607447000304
  ],
  "prusti-tests/tests/verify/pass/pure-fn/quantifiers.rs": [
    2.600402774000031,
    2.5906345989997135,
    2.553079673999946,
    2.5142484400003013,
    2.5340758759998607,
    2.5350120650000463,
    2.532108849999986,
    2.5298595360000036,
    2.5310102060002464,
    2.597531622000133
  ],
  "prusti-tests/tests/verify/pass/pure-fn/recursive-pure-fn.rs": [
    2.266619190000256,
    2.308434242000203,
    2.3350492249996933,
    2.3000655860000734,
    2.2468807290001678,
    2.250303846999941,
    2.288324571999965,
    2.2752770829997644,
    2.3085174890002236,
    2.2585969179999665
  ],
  "prusti-tests/tests/verify/pass/pure-fn/ref-mut-arg.rs": [
    3.5100876410001547,
    3.367634849999831,
    3.398102351000034,
    3.3783228840002266,
    3.3714080230001855,
    3.298368526000104,
    3.308509530000265,
    3.3324485159996584,
    3.2850887869999497,
    3.296732510000311
  ],
  "prusti-tests/tests/verify/pass/rosetta/Ackermann_function.rs": [
    2.3315011999998205,
    2.3189214189997074,
    2.316918067000188,
    2.3217958300001555,
    2.3077135480002653,
    2.275029581000126,
    2.273496031999912,
    2.265289681000013,
    2.3320208069999353,
    2.336213639000107
  ],
  "prusti-tests/tests/verify/pass/rosetta/Heapsort.rs": [
    13.925550203000057,
    13.80878153499998,
    13.894452356999864,
    13.683620283999971,
    13.917164120000052,
    13.77837663299988,
    13.65963610000017,
    13.781514234000042,
    13.84243744000014,
    13.911179967999942
  ]
}