{
  "prusti-tests/tests/verify/pass/rosetta/Knuth_shuffle.rs": [
    2.053738185000043,
    1.8074228709999716,
    1.835052216000122,
    1.7177802570001859,
    1.8744091369999296,
    1.7070900090000123,
    1.6805649719999565,
    1.6308433940000668,
    1.6810125690001314,
    1.647135531999993
  ],
  "prusti-tests/tests/verify/pass/demos/account.rs": [
    0.861252616999991,
    0.8517126919998645,
    0.7900843260001693,
    0.8309276360000695,
    0.8070270719999826,
    0.8256135960000393,
    0.8853815519998989,
    0.8291396429999622,
    0.8448151340001004,
    0.8048947269999189
  ],
  "prusti-tests/tests/verify/pass/rosetta/Knights_tour.rs": [
    116.59138364299997,
    113.45083458699992,
    113.27405770199994,
    114.71214735700005,
    116.54173367499993,
    115.06469341700017,
    101.97345854600007,
    102.10212516899992,
    97.201565072,
    102.70744100900015
  ],
  "prusti-tests/tests/verify/pass/quick/fold-unfold.rs": [
    0.5659710479999376,
    0.5388397540000369,
    0.6124596350000502,
    0.5482319520001511,
    0.5962073390001024,
    0.5928996399998141,
    0.5578173489998335,
    0.5926377400001002,
    0.5756189440003254,
    0.5762416449997545
  ],
  "prusti-tests/tests/verify/pass/quick/moves.rs": [
    0.5628668479998851,
    0.6000793380003415,
    0.589946399999917,
    0.5786879530000988,
    0.5772766569998566,
    0.579614257999765,
    0.5898804610001207,
    0.5747054560001743,
    0.5965586629999962,
    0.5983347629999116
  ],
  "prusti-tests/tests/verify/pass/quick/mut-borrows.rs": [
    0.9332064549998904,
    0.8937911429998167,
    0.9933099710001443,
    0.8417101290001483,
    0.8952111869998589,
    0.8646680370002287,
    0.8609988359999079,
    0.8892868379998617,
    0.8237543350001033,
    0.8563371360000929
  ],
  "prusti-tests/tests/verify/pass/quick/shared-borrows.rs": [
    0.5982619249998606,
    0.6759936290000041,
    0.6778555289997712,
    0.6467847270000675,
    0.6473732270001165,
    0.6514516399997774,
    0.6448038459998315,
    0.5949115430003076,
    0.710733049999817,
    0.6315383460000703
  ],
  "prusti-tests/tests/verify/pass/quick/trait-contracts-refinement.rs": [
    0.9528376670000398,
    0.8866075639998598,
    0.8290409589999399,
    0.8122358579998945,
    0.9461172669998632,
    0.8341962539998349,
    0.9157605450000119,
    0.85579264099988,
    0.8317594410000311,
    0.9416195459998562
  ],
  "prusti-tests/tests/verify/pass/quick/routes.rs": [
    2.6419529289996717,
    2.5878759219999665,
    2.39948130699986,
    2.2432127009997203,
    2.3337030039997444,
    2.332417570999951,
    2.3545404709998365,
    2.336585371000183,
    2.3227027089997136,
    3.0042591279998305
  ],
  "prusti-tests/tests/verify/pass/quick/fibonacci.rs": [
    2.1233578070000476,
    2.291701923999881,
    2.186730294999961,
    2.352559087999907,
    2.3891744850002397,
    2.3551170319997254,
    2.309782056000131,
    2.417020658000183,
    2.4671844780000356,
    2.370399460000044
  ],
  "prusti-tests/tests/verify/pass/pure-fn/len-lookup.rs": [
    1.0992202819998056,
    1.115445918000205,
    1.1086344299997108,
    1.0358789280003293,
    1.1142984860002798,
    1.0552888840002197,
    1.1537950950000777,
    1.07935373600003,
    1.182239853000283,
    1.1185477499998342
  ],
  "prusti-tests/tests/verify/pass/pure-fn/quantifiers.rs": [
    1.0378336470002978,
    0.9808379520000017,
    0.9240852220000306,
    0.9590293629998996,
    0.9236266650000289,
    0.9885357939997448,
    0.9527901879996534,
    0.9424465849997432,
    0.9909801949997927,
    0.9580521910002062
  ],
  "prusti-tests/tests/verify/pass/pure-fn/recursive-pure-fn.rs": [
    0.8423597340001834,
    0.7677828060000138,
    0.7349984080001377,
    0.7242117750001853,
    0.8002436030001263,
    0.7491267499999594,
    0.7203156630002923,
    0.7797423419997358,
    0.7154431489998387,
    0.7360299110000597
  ],
  "prusti-tests/tests/verify/pass/pure-fn/ref-mut-arg.rs": [
    0.9544920770003955,
    0.8987247600002775,
    0.9012906769999063,
    0.9045922999998766,
    0.8721505779999461,
    0.929111267999815,
    1.022747409999738,
    0.947109054000066,
    0.9848226470003283,
    0.9410263519998807
  ],
  "prusti-tests/tests/verify/pass/rosetta/Ackermann_function.rs": [
    1.0413527370001248,
    1.1307285689999844,
    1.1458005429999503,
    1.0889694679999593,
    1.1092142659999809,
    1.1497073619998446,
    0.9785574939996877,
    1.0409980579997864,
    1.0977737779999188,
    1.0534560619998956
  ],
  "prusti-tests/tests/verify/pass/rosetta/Heapsort.rs": [
    5.993215903999953,
    5.523955589000252,
    5.714882458000375,
    5.502721332999954,
    5.138140885000212,
    5.371676792000017,
    5.502014183000028,
    5.375129503999688,
    5.838736348999646,
    5.5786106669997935
  ]
}