{
  "prusti-tests/tests/verify/pass/rosetta/Knuth_shuffle.rs": [
    2.2569408240000257,
    2.131521324000005,
    2.028128989000038,
    2.017066409999984,
    1.9607490010000674,
    1.9264432659999784,
    1.8774468870000192,
    1.9174081239999623,
    1.9412210200000573,
    1.80443160599998
  ],
  "prusti-tests/tests/verify/pass/demos/account.rs": [
    0.7772514370000181,
    0.853809669000043,
    0.7796988119999924,
    0.8473614109999517,
    0.7536851659999684,
    0.7971208769999976,
    0.8827639989999625,
    0.7959843349999574,
    0.7834888479999336,
    0.8244082549999803
  ],
  "prusti-tests/tests/verify/pass/rosetta/Knights_tour.rs": [
    116.42096794500003,
    112.86484555799996,
    114.51235717899999,
    115.179700077,
    114.29815391600005,
    116.60792949300003,
    114.69446851400016,
    112.87204120699994,
    113.52794228200014,
    118.2618804870001
  ],
  "prusti-tests/tests/verify/pass/quick/fold-unfold.rs": [
    0.5786970189999465,
    0.5973251719999553,
    0.6713297470000725,
    0.5547017349999805,
    0.558066474000043,
    0.5686846309999964,
    0.5807821930000046,
    0.5676433569999517,
    0.5734264689999691,
    0.5626352000001589
  ],
  "prusti-tests/tests/verify/pass/quick/moves.rs": [
    0.621978929000079,
    0.5730186399998729,
    0.5634250560001419,
    0.541577099000051,
    0.5662496960001135,
    0.5351878090000355,
    0.5726200879998942,
    0.5542641739998544,
    0.553410114000144,
    0.5910991109999486
  ],
  "prusti-tests/tests/verify/pass/quick/mut-borrows.rs": [
    0.9162188830000559,
    0.8537863139999899,
    0.8476167720000376,
    0.9184217409999746,
    0.9006084650000048,
    0.8201569489999656,
    0.8655070810000325,
    0.8660215170000356,
    0.8214792429998852,
    0.9430146049999166
  ],
  "prusti-tests/tests/verify/pass/quick/shared-borrows.rs": [
    0.6134532179999042,
    0.6082896499999606,
    0.6224819609999486,
    0.6600341379999008,
    0.7269606070001373,
    0.7197589939999034,
    0.6192056580000553,
    0.6050870979997853,
    0.620045164999965,
    0.6193673159998525
  ],
  "prusti-tests/tests/verify/pass/quick/trait-contracts-refinement.rs": [
    0.8963238890000866,
    0.9477963629999522,
    0.8537951529999646,
    0.8451429340000232,
    0.8114976330000445,
    0.8174928599999021,
    0.8991714709998178,
    0.833615194999993,
    0.8168890029999147,
    0.8195450919999985
  ],
  "prusti-tests/tests/verify/pass/quick/routes.rs": [
    2.8083589939999456,
    2.4586451770001077,
    2.1602049979999265,
    2.2873127650000242,
    2.202124392000087,
    2.1157622200000787,
    2.243320077000135,
    2.3460849999999027,
    2.272850882000057,
    2.1294412810000267
  ],
  "prusti-tests/tests/verify/pass/quick/fibonacci.rs": [
    2.173466191999978,
    1.969219245999966,
    2.3533251040000778,
    2.229767047999985,
    2.1636439369999607,
    2.117282633999821,
    2.1602389770000627,
    2.364563894999719,
    1.9914400229999956,
    2.164741264999975
  ],
  "prusti-tests/tests/verify/pass/pure-fn/len-lookup.rs": [
    1.0063917730003595,
    1.0945794559997921,
    1.1124899320002442,
    0.9671652820002237,
    1.1026858340001127,
    1.0981426099997407,
    1.0531465050003135,
    0.9922606699997232,
    1.0879952959999173,
    0.9777928500002417
  ],
  "prusti-tests/tests/verify/pass/pure-fn/quantifiers.rs": [
    0.8353704050000488,
    0.8745128929999737,
    0.8892321409998658,
    0.9447577969999656,
    0.8386506380002174,
    0.8523724160004349,
    0.827374035000048,
    0.9215993230000095,
    0.8205228209999404,
    0.8437768759999926
  ],
  "prusti-tests/tests/verify/pass/pure-fn/recursive-pure-fn.rs": [
    0.6683721869999317,
    0.6763269540001602,
    0.6779121670001587,
    0.7573369219999222,
    0.6775283400002081,
    0.6599679890000516,
    0.6584047780002038,
    0.6589440170000671,
    0.6486014879997128,
    0.7502692309999475
  ],
  "prusti-tests/tests/verify/pass/pure-fn/ref-mut-arg.rs": [
    0.8845268929999293,
    0.8842913759999647,
    0.8860060980000526,
    0.877969626000322,
    0.9506754040003216,
    0.8480451940004059,
    0.8649171959996238,
    0.8664914989999488,
    0.8646835479999027,
    0.9440229950000685
  ],
  "prusti-tests/tests/verify/pass/rosetta/Ackermann_function.rs": [
    0.9803686820000621,
    0.9595715020000171,
    0.9292534440000964,
    1.0080158499999925,
    0.9851218200001313,
    0.9528223219999745,
    0.935852124000121,
    0.9336317530000997,
    1.0837753239998165,
    0.9685146329998133
  ],
  "prusti-tests/tests/verify/pass/rosetta/Heapsort.rs": [
    7.08901497800025,
    6.575767412999994,
    6.984184546000051,
    6.859351695999976,
    6.65050519200031,
    6.527077107999958,
    6.736570357000346,
    6.738924359000066,
    6.58407272400018,
    6.499837822000245
  ]
}