{
  "prusti-tests/tests/verify/pass/rosetta/Knuth_shuffle.rs": [
    2.2523880649998773,
    2.0772110699999757,
    1.944462806999809,
    1.9222038689999863,
    1.8957739739998942,
    1.90183913199985,
    1.9198558240000239,
    1.8843988199998876,
    1.9026099939999312,
    1.8814127749999443
  ],
  "prusti-tests/tests/verify/pass/demos/account.rs": [
    1.7287736819998827,
    1.7389296850001301,
    1.7232494620000125,
    1.7191105570000218,
    1.7344644310001058,
    1.7189340489999267,
    1.7212522120000813,
    1.7177815609998106,
    1.6854229929999747,
    1.7015709260001586
  ],
  "prusti-tests/tests/verify/pass/rosetta/Knights_tour.rs": [
    104.83846611199988,
    101.06287320499996,
    102.16338102099985,
    102.61109970099983,
    102.4566784279998,
    103.43694007699992,
    100.75922650999996,
    101.45036178800024,
    102.38532558299994,
    101.79000310999982
  ],
  "prusti-tests/tests/verify/pass/quick/fold-unfold.rs": [
    1.1401207419999082,
    1.158966674000112,
    1.1536600360000193,
    1.1581825899997966,
    1.1522710229996846,
    1.1385617710002407,
    1.1451391440000407,
    1.1490328879999652,
    1.1495405370001208,
    1.152553139000247
  ],
  "prusti-tests/tests/verify/pass/quick/moves.rs": [
    1.3955340780003098,
    1.39250164699979,
    1.3841587639999489,
    1.3895045179997396,
    1.3870407459999115,
    1.3896078230000057,
    1.377265336000164,
    1.3900676889998067,
    1.3910114010000143,
    1.3953941529998701
  ],
  "prusti-tests/tests/verify/pass/quick/mut-borrows.rs": [
    2.7214207709998846,
    2.7298661390000234,
    2.7315727579998565,
    2.7384280999999646,
    2.7552873859999636,
    2.7438799629999266,
    2.7289370040002723,
    2.7525835640003606,
    2.7391555180001887,
    2.7358376829997724
  ],
  "prusti-tests/tests/verify/pass/quick/shared-borrows.rs": [
    1.7270045239997671,
    1.7573971700003312,
    1.7514476030000878,
    1.735186070999589,
    1.7351822020000327,
    1.74669302600023,
    1.7364556160000575,
    1.7477755370000523,
    1.7350804570000946,
    1.7406427129999429
  ],
  "prusti-tests/tests/verify/pass/quick/trait-contracts-refinement.rs": [
    1.567026050000095,
    1.551306077999925,
    1.5464662249996763,
    1.536624879000101,
    1.5504304520000005,
    1.5154001839996454,
    1.5376422169997568,
    1.5443973880001067,
    1.548857357000088,
    1.5236615959997835
  ],
  "prusti-tests/tests/verify/pass/quick/routes.rs": [
    4.6762217420000525,
    4.3407113230000505,
    4.1885071159999825,
    4.201576633000059,
    4.1855942629999845,
    4.170241225000154,
    4.175309139000092,
    4.185956646999784,
    4.145107704999646,
    4.156900381000014
  ],
  "prusti-tests/tests/verify/pass/quick/fibonacci.rs": [
    5.296705889999885,
    5.308841639000093,
    5.250990116999674,
    5.2306442819999575,
    5.235065161999955,
    5.236876318999748,
    5.244972977000089,
    5.230506259999856,
    5.263566556000114,
    5.3072140140002375
  ],
  "prusti-tests/tests/verify/pass/pure-fn/len-lookup.rs": [
    3.1279293309999048,
    3.113302115999886,
    3.088581350000368,
    3.062218593000125,
    3.051467091000177,
    3.091750285999751,
    3.1126253460001863,
    3.0801438829998915,
    3.079670223999983,
    3.0967241280000053
  ],
  "prusti-tests/tests/verify/pass/pure-fn/quantifiers.rs": [
    1.9043719440001041,
    1.884909844000049,
    1.8970976069999779,
    1.9015437900002325,
    1.884620244999951,
    1.8893469029999324,
    1.9075974100001076,
    1.9009739719999743,
    1.9078800420002153,
    1.8893582929999866
  ],
  "prusti-tests/tests/verify/pass/pure-fn/recursive-pure-fn.rs": [
    1.6838764690000971,
    1.6629034239999783,
    1.6858330910004042,
    1.6839422749999358,
    1.6705403810001371,
    1.6619091210000079,
    1.6700928770001155,
    1.6727393529999972,
    1.677174579000166,
    1.6647142930000882
  ],
  "prusti-tests/tests/verify/pass/pure-fn/ref-mut-arg.rs": [
    2.4739471809998577,
    2.4944428920002792,
    2.4389647430002697,
    2.451524526999947,
    2.4660040449998633,
    2.483740151999882,
    2.5009008580000227,
    2.4798578999998426,
    2.468209196999851,
    2.465309249999791
  ],
  "prusti-tests/tests/verify/pass/rosetta/Ackermann_function.rs": [
    1.7233196370002588,
    1.7095873429998392,
    1.7356956149997131,
    1.7380052309999883,
    1.7153397749998476,
    1.7059365099999013,
    1.704968454000209,
    1.7159876239998084,
    1.710744988999977,
    1.7051962509999612
  ],
  "prusti-tests/tests/verify/pass/rosetta/Heapsort.rs": [
    9.646018939999976,
    9.605076196000027,
    9.61545061400011,
    9.539150304000032,
    9.619413625000107,
    9.637400878000335,
    9.61380348900002,
    9.630541976000131,
    9.611507217000053,
    9.559930057000201
  ]
}