{
  "prusti-tests/tests/verify/pass/rosetta/Knuth_shuffle.rs": [
    2.4351525129999345,
    0.33912561199997526,
    0.34013409700003194,
    0.3385178230000747,
    0.33906462400000237,
    0.33986991699998725,
    0.33925942600001235,
    0.3378336499999932,
    0.33847393899998224,
    0.33774775099993803
  ],
  "prusti-tests/tests/verify/pass/demos/account.rs": [
    2.080765745000008,
    0.1209905839999692,
    0.11914291300001878,
    0.1207046879999325,
    0.1195207069999924,
    0.11973990399997092,
    0.1198867009999276,
    0.12050359099998786,
    0.12093338500005757,
    0.12074078800003463
  ],
  "prusti-tests/tests/verify/pass/rosetta/Knights_tour.rs": [
    88.37366389600004,
    2.4909875639999655,
    2.499590583999975,
    2.5044715110000197,
    2.502355145000024,
    2.5002275159999954,
    2.494633719000035,
    2.4935856359999207,
    2.4923344789999646,
    2.497298520000072
  ],
  "prusti-tests/tests/verify/pass/quick/fold-unfold.rs": [
    1.193650881999929,
    0.08989897499998278,
    0.0896168790000047,
    0.08989167599997927,
    0.08936398299999837,
    0.0895345809999526,
    0.08944028300004447,
    0.08986697499994989,
    0.09063216399999874,
    0.09141235100003087
  ],
  "prusti-tests/tests/verify/pass/quick/moves.rs": [
    1.4238865329999726,
    0.08665342599999803,
    0.08630403200004366,
    0.08547214600002917,
    0.08508725100000447,
    0.08586253900000429,
    0.08650462899993272,
    0.08512785100003839,
    0.08578783999996631,
    0.08516584999995302
  ],
  "prusti-tests/tests/verify/pass/quick/mut-borrows.rs": [
    2.8167752659999223,
    0.15255568300005962,
    0.1498401260000719,
    0.14992572400001336,
    0.15110460500000045,
    0.14964482899995346,
    0.14964062900003228,
    0.15144120000002204,
    0.1501340209999853,
    0.1497267270000293
  ],
  "prusti-tests/tests/verify/pass/quick/shared-borrows.rs": [
    1.7486917910000557,
    0.08583973999998307,
    0.0844761619999872,
    0.08400276800000483,
    0.08402946900002917,
    0.08437066300007245,
    0.08585843900004875,
    0.08445156199991288,
    0.08462685899996814,
    0.08360597499995492
  ],
  "prusti-tests/tests/verify/pass/quick/trait-contracts-refinement.rs": [
    1.659641322000084,
    0.1298977300000388,
    0.12900414399996407,
    0.12863325000000714,
    0.1291317429999026,
    0.1289409449999539,
    0.12893114500002412,
    0.12897104499995748,
    0.13130070900001556,
    0.1295309360000374
  ],
  "prusti-tests/tests/verify/pass/quick/routes.rs": [
    5.0344617720001,
    0.3369423920000827,
    0.3383295390000285,
    0.3373076630000469,
    0.337559457999987,
    0.33710513300002276,
    0.33928817399998934,
    0.33778509900002973,
    0.33675201500000185,
    0.3384572879999723
  ],
  "prusti-tests/tests/verify/pass/quick/fibonacci.rs": [
    0.3649926630000664,
    0.3644730720000098,
    0.36286739799993484,
    0.36117822400001387,
    0.36334159000000454,
    0.36390328100003444,
    0.361676917000068,
    0.36321879200011153,
    0.36526015999993433,
    0.36144962000003034
  ],
  "prusti-tests/tests/verify/pass/pure-fn/len-lookup.rs": [
    3.493428240000071,
    0.20781230799980221,
    0.20742301399991447,
    0.20614153499991517,
    0.20770810999988498,
    0.20700752100015052,
    0.20676772499996332,
    0.20773530999986178,
    0.20625723300008758,
    0.2069308220000039
  ],
  "prusti-tests/tests/verify/pass/pure-fn/quantifiers.rs": [
    2.122563379999974,
    0.18175972099993487,
    0.18239181099988855,
    0.18181041999991976,
    0.1812598290000551,
    0.18192321799983802,
    0.18189311899982386,
    0.18230761299992082,
    0.18433217999995577,
    0.18365239099989594
  ],
  "prusti-tests/tests/verify/pass/pure-fn/recursive-pure-fn.rs": [
    1.817966006000006,
    0.14177885599997353,
    0.13937849400008417,
    0.13922089700008655,
    0.13878970400014623,
    0.13853590700000495,
    0.14121006600021246,
    0.14080177099981483,
    0.14012728300008348,
    0.13989948600010393
  ],
  "prusti-tests/tests/verify/pass/pure-fn/ref-mut-arg.rs": [
    2.765481035999983,
    0.18280520700000125,
    0.1818306229999962,
    0.18128363100004208,
    0.18223681600011332,
    0.18207501799997772,
    0.1822903160000351,
    0.18078583999999864,
    0.18269420799992986,
    0.18462227899999561
  ],
  "prusti-tests/tests/verify/pass/rosetta/Ackermann_function.rs": [
    1.8386585040000227,
    0.22477464300004613,
    0.22396035599990682,
    0.222832174000132,
    0.2238158590000694,
    0.22340896399987287,
    0.22394205700015846,
    0.22371915899998385,
    0.22357546200009892,
    0.2232936670000072
  ],
  "prusti-tests/tests/verify/pass/rosetta/Heapsort.rs": [
    9.914180606999935,
    1.0348409270000047,
    1.0343015349999405,
    1.03287345800004,
    1.0333007510000698,
    1.0328805189999457,
    1.0432424819998687,
    1.0364647900000818,
    1.0331023430001096,
    1.0316887659998883
  ]
}