{
  "prusti-tests/tests/verify/pass/rosetta/Knuth_shuffle.rs": [
    1.9355794399998558,
    1.7022922610001388,
    1.6801931420000074,
    1.6973904899998615,
    1.5834625459999643,
    1.601287014000036,
    1.6057919810000385,
    1.6386332560000483,
    1.5070557550000103,
    1.5567667739999251
  ],
  "prusti-tests/tests/verify/pass/demos/account.rs": [
    0.6857715950000056,
    0.6423642629999904,
    0.6828393470000265,
    0.6789622910000617,
    0.7321192580000115,
    0.6719192900000053,
    0.6603075230000286,
    0.7372153310000158,
    0.6825181419999353,
    0.6453227059998881
  ],
  "prusti-tests/tests/verify/pass/rosetta/Knights_tour.rs": [
    99.62962680800001,
    99.6402525609999,
    97.86227357200005,
    94.4151144729999,
    94.90424136500019,
    99.42627510600005,
    97.3121886429999,
    96.83947600600004,
    94.36022737100006,
    97.72452499500014
  ],
  "prusti-tests/tests/verify/pass/quick/fold-unfold.rs": [
    0.5356135479999011,
    0.4665245620001315,
    0.45966046400008054,
    0.4598236659999202,
    0.4599710690001757,
    0.48659274800002095,
    0.4644927330000428,
    0.4759716969999772,
    0.4773433169998498,
    0.4772209139998722
  ],
  "prusti-tests/tests/verify/pass/quick/moves.rs": [
    0.49122271400005957,
    0.49986813800001073,
    0.466092855999932,
    0.4843498219997855,
    0.47717014299996663,
    0.46647028899997167,
    0.4590966829998706,
    0.493767680000019,
    0.465366473000131,
    0.45969399199998406
  ],
  "prusti-tests/tests/verify/pass/quick/mut-borrows.rs": [
    0.7714098609999382,
    0.7407828229997904,
    0.7165874749998693,
    0.7067460339999343,
    0.7481092279999757,
    0.6995012299998962,
    0.7014120580001872,
    0.7150859369999125,
    0.7353111269999317,
    0.7261745959999644
  ],
  "prusti-tests/tests/verify/pass/quick/shared-borrows.rs": [
    0.5334668370001054,
    0.5719282869999915,
    0.5438086850003856,
    0.5011632750001809,
    0.5443753940003262,
    0.5575043819999337,
    0.5070815600001879,
    0.5126016379999783,
    0.5336203389997536,
    0.5657295989999511
  ],
  "prusti-tests/tests/verify/pass/quick/trait-contracts-refinement.rs": [
    0.7671538820000023,
    0.7593167689997244,
    0.6854380120003043,
    0.7524598710001555,
    0.6920407070001602,
    0.6937995309999678,
    0.7486787170000753,
    0.6840451920002124,
    0.6959040619999541,
    0.6964822699997057
  ],
  "prusti-tests/tests/verify/pass/quick/routes.rs": [
    2.3507446540002093,
    2.263567340999998,
    2.05781205600033,
    2.0156492440000875,
    1.995467385000211,
    2.0160236579999946,
    2.007338933000028,
    2.142023762000008,
    1.9178428299996995,
    1.9872511519997715
  ],
  "prusti-tests/tests/verify/pass/quick/fibonacci.rs": [
    1.8028226030000951,
    1.6885320599999432,
    1.7499530919999415,
    1.7612567710002622,
    1.8512816570000723,
    1.7987722070001837,
    1.912242028000037,
    1.8492585119997784,
    1.9187693039998521,
    1.8153620279999814
  ],
  "prusti-tests/tests/verify/pass/pure-fn/len-lookup.rs": [
    0.7949681540003439,
    0.8153167440000288,
    0.9245607100001507,
    0.7946012930001416,
    0.8470027450002817,
    0.7838201389999995,
    0.871917102000225,
    0.7962709179996637,
    0.803900725999938,
    0.8461672329999601
  ],
  "prusti-tests/tests/verify/pass/pure-fn/quantifiers.rs": [
    0.7148859510002694,
    0.709978079999928,
    0.78414254099971,
    0.7075889039997492,
    0.7091877260004367,
    0.7608196629998929,
    0.7102749420000691,
    0.7056467760003216,
    0.7621730819996628,
    0.6948864219998541
  ],
  "prusti-tests/tests/verify/pass/pure-fn/recursive-pure-fn.rs": [
    0.5625277330000245,
    0.6123029430000315,
    0.5486968350001007,
    0.5564271459998054,
    0.5819508099998529,
    0.6048410520002108,
    0.5492167590000463,
    0.5509975840000152,
    0.5535337200003596,
    0.5504213760000312
  ],
  "prusti-tests/tests/verify/pass/pure-fn/ref-mut-arg.rs": [
    0.7831051059997662,
    0.7204586079997171,
    0.7194514950001576,
    0.7739697739998519,
    0.7188796860000366,
    0.7141817189999529,
    0.7675840830002016,
    0.7211695060000238,
    0.7202572920000421,
    0.7747842699995999
  ],
  "prusti-tests/tests/verify/pass/rosetta/Ackermann_function.rs": [
    0.8305096670001149,
    0.7670788609998453,
    0.8352729349999208,
    0.7625505949999933,
    0.7635579109996797,
    0.8460123889999522,
    0.7778255139996872,
    0.7598017479999726,
    0.8535692820000804,
    0.7853001080002286
  ],
  "prusti-tests/tests/verify/pass/rosetta/Heapsort.rs": [
    7.839378511000177,
    7.845805267000287,
    7.9591272909997315,
    7.488526055999955,
    7.568102381000244,
    7.8339391200001955,
    7.891248683999947,
    7.789597588000106,
    7.718396437999672,
    7.863209607000044
  ]
}