{
  "prusti-tests/tests/verify/pass/rosetta/Knuth_shuffle.rs": [
    2.3392661719999523,
    2.141848930000151,
    2.076021843000035,
    2.031496092999987,
    1.9802328759999455,
    2.16934044300001,
    1.9782310260000031,
    1.9828724900000907,
    1.9757406930000343,
    1.9936841929998081
  ],
  "prusti-tests/tests/verify/pass/demos/account.rs": [
    1.8124466860001576,
    1.8296545289999813,
    1.7828550680001172,
    1.7946014340000147,
    1.810094910999851,
    1.7898215299999265,
    1.7921458529999654,
    1.8087510819998442,
    1.7497430769999482,
    1.7782789309999316
  ],
  "prusti-tests/tests/verify/pass/rosetta/Knights_tour.rs": [
    104.8857494450001,
    104.60951495300014,
    104.40194790100009,
    103.85616735100007,
    105.41465795700014,
    106.01336129200013,
    106.90314538300026,
    106.4375900529999,
    105.34749949800016,
    102.41116042600015
  ],
  "prusti-tests/tests/verify/pass/quick/fold-unfold.rs": [
    1.2512863790002484,
    1.2340129630001684,
    1.2290173000001232,
    1.220861197999966,
    1.225174190999951,
    1.226689541000269,
    1.222268281000197,
    1.2213465690001613,
    1.228268661999664,
    1.2306914949999737
  ],
  "prusti-tests/tests/verify/pass/quick/moves.rs": [
    1.465274059999956,
    1.483911593999892,
    1.479839157999777,
    1.4856428650000453,
    1.472056868999971,
    1.4672083299997212,
    1.4656238649999977,
    1.4595662890001222,
    1.4702695209998637,
    1.4765730989997792
  ],
  "prusti-tests/tests/verify/pass/quick/mut-borrows.rs": [
    2.8260168550000344,
    2.832762394999918,
    2.838352069999928,
    2.824484916000074,
    2.8423740230000476,
    2.8493303569998716,
    2.8351887359999637,
    2.819528375000118,
    2.844374493000032,
    2.8154125119999662
  ],
  "prusti-tests/tests/verify/pass/quick/shared-borrows.rs": [
    1.8167226679997839,
    1.826033882000047,
    1.8289368169998852,
    1.8241871069999434,
    1.858494301999599,
    1.8202950060003786,
    1.8231893430001946,
    1.8379837090001274,
    1.8320965709999655,
    1.8144552260000637
  ],
  "prusti-tests/tests/verify/pass/quick/trait-contracts-refinement.rs": [
    1.7004257410003447,
    1.6663876669999809,
    1.6456125909999173,
    1.6361516239999219,
    1.6158626729998105,
    1.6261472999999569,
    1.6157520709998607,
    1.6272475249998024,
    1.6305942889998732,
    1.635334950000015
  ],
  "prusti-tests/tests/verify/pass/quick/routes.rs": [
    4.781980117999865,
    4.517016345000229,
    4.45144413800017,
    4.358909121000124,
    4.377712126000006,
    4.41713764699989,
    4.325706444000389,
    4.364063493999765,
    4.369252934000087,
    4.365195007999773
  ],
  "prusti-tests/tests/verify/pass/quick/fibonacci.rs": [
    5.491620602999774,
    5.467405335999956,
    5.449470049999945,
    5.482270917999813,
    5.4637642399998185,
    5.495679608000046,
    5.475943245000053,
    5.485870933000115,
    5.4767499849999695,
    5.488178073999734
  ],
  "prusti-tests/tests/verify/pass/pure-fn/len-lookup.rs": [
    3.2366006290003497,
    3.283653299999969,
    3.262982197999918,
    3.288419084999987,
    3.2437720849998186,
    3.2645510000002105,
    3.307013660999928,
    3.286794566000026,
    3.2635230639998554,
    3.259709264999856
  ],
  "prusti-tests/tests/verify/pass/pure-fn/quantifiers.rs": [
    2.0293303230000674,
    2.0108299119997355,
    2.006169457999931,
    2.0032699479997973,
    1.9929620140001134,
    1.9780973460001405,
    1.991643999000189,
    1.9705692390002696,
    1.9758626499997263,
    2.013733402000071
  ],
  "prusti-tests/tests/verify/pass/pure-fn/recursive-pure-fn.rs": [
    1.784332166999775,
    1.7750750569998672,
    1.8018416500003696,
    1.7811532860000625,
    1.783633022000231,
    1.770067028000085,
    1.7773924730004182,
    1.7879977249999683,
    1.7671544289996746,
    1.7842619910002213
  ],
  "prusti-tests/tests/verify/pass/pure-fn/ref-mut-arg.rs": [
    2.616150282000035,
    2.5928037469998344,
    2.5961899909998465,
    2.603232132999892,
    2.587064564999764,
    2.5957838720000836,
    2.5922872950000055,
    2.6100557960003243,
    2.6348494049998408,
    2.5840213339997717
  ],
  "prusti-tests/tests/verify/pass/rosetta/Ackermann_function.rs": [
    1.8383189499995751,
    1.826074893999703,
    1.8183421949997864,
    1.8341770970000653,
    1.8437942760001533,
    1.8398614220000127,
    1.807815734000087,
    1.8156740290000926,
    1.8174563229999876,
    1.8379908179999802
  ],
  "prusti-tests/tests/verify/pass/rosetta/Heapsort.rs": [
    10.130923123999764,
    10.078029728000274,
    10.006395974000043,
    9.984206997000001,
    9.948971521999738,
    9.975233955000022,
    10.002218491999884,
    10.008457649999855,
    9.974202418999994,
    10.024732089000281
  ]
}