{
  "prusti-tests/tests/verify/pass/rosetta/Knuth_shuffle.rs": [
    2.4673024040000655,
    2.159893731000011,
    2.0209294170000476,
    2.0619488470000533,
    2.1251506779999545,
    2.0427272640000638,
    2.032494323000037,
    1.9318625920000159,
    1.9321835960000726,
    1.9600947399999313
  ],
  "prusti-tests/tests/verify/pass/demos/account.rs": [
    1.792611152999939,
    1.7510479139999688,
    1.7759667690000924,
    1.7427222960000108,
    1.7686411020000605,
    1.7437300620000542,
    1.7568308450000814,
    1.7867441629999803,
    1.7632487350000474,
    1.7556658240000615
  ],
  "prusti-tests/tests/verify/pass/rosetta/Knights_tour.rs": [
    106.44996580899999,
    104.12720471400007,
    106.14194382899996,
    103.79363312399983,
    104.61983505199987,
    101.29085691800015,
    97.884401712,
    102.10383316800016,
    105.01425499999982,
    108.80273728500015
  ],
  "prusti-tests/tests/verify/pass/quick/fold-unfold.rs": [
    1.187712731999909,
    1.1755651640000906,
    1.1899927639999532,
    1.1801877279999644,
    1.183895978999999,
    1.1899528639999062,
    1.1735074099999565,
    1.1687664060000316,
    1.1788904479999474,
    1.1986707260000458
  ],
  "prusti-tests/tests/verify/pass/quick/moves.rs": [
    1.4837039269998513,
    1.4270889319998332,
    1.4731940550000218,
    1.4275829759999397,
    1.4320051380000223,
    1.461301247999927,
    1.427105069000163,
    1.422154800000044,
    1.4496708409999428,
    1.4131507409999813
  ],
  "prusti-tests/tests/verify/pass/quick/mut-borrows.rs": [
    2.77935542299997,
    2.818917575000114,
    2.811740236999867,
    2.7707376620001014,
    2.825315952999972,
    2.8294128120001005,
    2.875601662000008,
    2.8153823509999256,
    2.8832907309999882,
    2.8243524940000952
  ],
  "prusti-tests/tests/verify/pass/quick/shared-borrows.rs": [
    1.7982978290001483,
    1.7696370189999016,
    1.7919624319999912,
    1.789543397999978,
    1.7853048389999913,
    1.7849322409999786,
    1.7631914549999692,
    1.7819636200001696,
    1.820445662000111,
    1.8341944190001414
  ],
  "prusti-tests/tests/verify/pass/quick/trait-contracts-refinement.rs": [
    1.5578752490000625,
    1.5312362790000407,
    1.515815264999901,
    1.54327344599983,
    1.4892166070001167,
    1.5194018740000956,
    1.487879434999968,
    1.5279539930002102,
    1.4994016949999605,
    1.5147921089999272
  ],
  "prusti-tests/tests/verify/pass/quick/routes.rs": [
    5.042120147000105,
    4.777915779000068,
    4.733941391000144,
    4.595156914999961,
    4.696323614999983,
    4.613244861999874,
    4.72248532399999,
    4.723911991000023,
    4.726029561999894,
    4.651363749999973
  ],
  "prusti-tests/tests/verify/pass/quick/fibonacci.rs": [
    5.9578393589999905,
    6.083641090000128,
    6.026519465999854,
    6.007416951999858,
    6.215140460999919,
    5.965911709000011,
    5.989547615999982,
    5.987927899000169,
    5.999999874999958,
    6.101387266000074
  ],
  "prusti-tests/tests/verify/pass/pure-fn/len-lookup.rs": [
    3.476997385000004,
    3.480653143000154,
    3.449212206000084,
    3.460794647999819,
    3.460321292999879,
    3.468120192000015,
    3.4558867499999906,
    3.507762375000084,
    3.4724623009999505,
    3.469803069999898
  ],
  "prusti-tests/tests/verify/pass/pure-fn/quantifiers.rs": [
    2.1074014969999553,
    2.187446474000126,
    2.164742357000023,
    2.081348790999982,
    2.1303923719999602,
    2.118101789999855,
    2.2158957569999984,
    2.2012245509999957,
    2.1124334249998356,
    2.302762394999945
  ],
  "prusti-tests/tests/verify/pass/pure-fn/recursive-pure-fn.rs": [
    2.069647134999741,
    2.0938566750000973,
    2.0652510510003594,
    2.062550010999985,
    2.3092572569998993,
    2.084387217999847,
    2.1379683790000854,
    2.0703214330001174,
    2.065713668999706,
    2.229412750999927
  ],
  "prusti-tests/tests/verify/pass/pure-fn/ref-mut-arg.rs": [
    2.9779868960004023,
    3.1403424640002413,
    3.1273530110001957,
    3.134615828999813,
    3.1448902659999476,
    3.037194996999915,
    3.0125095520002105,
    3.159820443999706,
    3.0166017770002327,
    3.135253228000238
  ],
  "prusti-tests/tests/verify/pass/rosetta/Ackermann_function.rs": [
    2.016960924000159,
    2.0950314260003324,
    1.9775151869998808,
    2.056410487999983,
    2.126958883000043,
    2.00180933799993,
    2.0988036919998194,
    1.978251809000085,
    2.064744831000098,
    2.0962309699998514
  ],
  "prusti-tests/tests/verify/pass/rosetta/Heapsort.rs": [
    10.467893942000046,
    10.437097230999825,
    10.218276178999986,
    10.48660794000034,
    10.440837453999848,
    10.426195585000187,
    10.49259640299988,
    10.569056208999882,
    10.447720663999917,
    10.748299058000157
  ]
}