{
  "prusti-tests/tests/verify/pass/rosetta/Knuth_shuffle.rs": [
    2.894853706999811,
    2.626488786999971,
    2.463715706999892,
    2.4720772670000315,
    2.4588068250000106,
    2.5050773850000496,
    2.500524483999925,
    2.504948866999939,
    2.4186149849999765,
    2.4808806599999116
  ],
  "prusti-tests/tests/verify/pass/demos/account.rs": [
    2.2805110680001235,
    2.282951318999949,
    2.2738500880000174,
    2.266504690999909,
    2.2618871129998297,
    2.252659556000026,
    2.2709883390000414,
    2.29672050399995,
    2.268284474999973,
    2.2510643289999734
  ],
  "prusti-tests/tests/verify/pass/rosetta/Knights_tour.rs": [
    130.090153505,
    129.16365902200005,
    127.93433398000002,
    128.01141920299983,
    129.03141496299986,
    128.90039952899997,
    124.51464431300019,
    123.46315477600001,
    126.68168297600005,
    133.29673026699993
  ],
  "prusti-tests/tests/verify/pass/quick/fold-unfold.rs": [
    1.5549526620002325,
    1.5382121749998987,
    1.5465673310000057,
    1.5225969230000373,
    1.5293635920002089,
    1.5465020530000402,
    1.5347180510002545,
    1.5265989929998796,
    1.5475023740000324,
    1.5303749059999063
  ],
  "prusti-tests/tests/verify/pass/quick/moves.rs": [
    1.8352108980002413,
    1.8247883970002476,
    1.841422126999987,
    1.8484854210000776,
    1.8310217460002605,
    1.8406570090000969,
    1.83358596700009,
    1.8272574160000659,
    1.8364685279998412,
    1.847790206999889
  ],
  "prusti-tests/tests/verify/pass/quick/mut-borrows.rs": [
    3.5301798989999043,
    3.5806397569999717,
    3.5462444269996922,
    3.5380525900000066,
    3.5490771600002518,
    3.5456128259997968,
    3.5407172309996895,
    3.5621219859999655,
    3.6025720229999934,
    3.520150274000116
  ],
  "prusti-tests/tests/verify/pass/quick/shared-borrows.rs": [
    2.2837722420003956,
    2.275075347999973,
    2.261265722999724,
    2.2505741330001,
    2.2676018730003307,
    2.263334447000034,
    2.2733954690002065,
    2.275238069000352,
    2.312361837000026,
    2.2789834669997617
  ],
  "prusti-tests/tests/verify/pass/quick/trait-contracts-refinement.rs": [
    2.039360256999771,
    2.0296009479998247,
    2.0094202340001175,
    2.0251728329999423,
    2.0384047460001966,
    2.016607672000191,
    2.0386078030001045,
    2.105787993999911,
    2.062736675999986,
    2.0496404699997584
  ],
  "prusti-tests/tests/verify/pass/quick/routes.rs": [
    5.7278365699999085,
    5.521555846999945,
    5.36246170000004,
    5.370492810000087,
    5.401422288000049,
    5.354375399000219,
    5.333614933999797,
    5.348852232000354,
    5.291115534000255,
    5.283317598000394
  ],
  "prusti-tests/tests/verify/pass/quick/fibonacci.rs": [
    6.838556778000111,
    6.7829573270000765,
    6.752691614000014,
    6.781429454999852,
    6.808583974999692,
    6.848846908000269,
    6.797760926000137,
    6.820455112000218,
    6.837143787000059,
    6.77917988199988
  ],
  "prusti-tests/tests/verify/pass/pure-fn/len-lookup.rs": [
    4.029581086000235,
    4.008454413999971,
    4.027990774000045,
    4.000809482000022,
    3.972101415999987,
    4.017498049000096,
    4.004616597999757,
    3.9884868350000033,
    3.985751875999995,
    4.0124007159997745
  ],
  "prusti-tests/tests/verify/pass/pure-fn/quantifiers.rs": [
    2.4521940459999314,
    2.477255796999998,
    2.489369676000024,
    2.466209501999856,
    2.4486141860002135,
    2.452397355999892,
    2.4428344190000644,
    2.481475755000247,
    2.4617741870001737,
    2.4654603859999042
  ],
  "prusti-tests/tests/verify/pass/pure-fn/recursive-pure-fn.rs": [
    2.193414035999922,
    2.16851984799996,
    2.2007267000003594,
    2.172714292999899,
    2.1835112220001065,
    2.180060815000161,
    2.1933147929998995,
    2.2034364450000794,
    2.207524179000302,
    2.190912516000026
  ],
  "prusti-tests/tests/verify/pass/pure-fn/ref-mut-arg.rs": [
    3.188429584000005,
    3.179618622000362,
    3.216485293000005,
    3.222565904000021,
    3.2149993150001137,
    3.2186600120003277,
    3.269922928000142,
    3.214831795000009,
    3.20040460600012,
    3.1803751020001982
  ],
  "prusti-tests/tests/verify/pass/rosetta/Ackermann_function.rs": [
    2.237142732000393,
    2.2113456679999217,
    2.2154788619995998,
    2.207103836999977,
    2.202938878000168,
    2.233720434999668,
    2.2111932689999776,
    2.2073560069998166,
    2.244340001999717,
    2.240884370999993
  ],
  "prusti-tests/tests/verify/pass/rosetta/Heapsort.rs": [
    12.409752619999836,
    12.329818283999884,
    12.234861079999973,
    12.252227128999948,
    12.203425196999888,
    12.287176502999955,
    12.308146262000264,
    12.314391814999908,
    12.291775846999826,
    12.385913309999978
  ]
}