{
  "prusti-tests/tests/verify/pass/rosetta/Knuth_shuffle.rs": [
    2.32039673099996,
    1.9902587530000346,
    1.944683861000044,
    1.9708138000000872,
    1.8834964860000127,
    1.9181839809999701,
    1.9380689409999832,
    1.9657231009999805,
    1.902255463000074,
    1.8450207700000192
  ],
  "prusti-tests/tests/verify/pass/demos/account.rs": [
    1.823899095999991,
    1.736980367000001,
    1.737731675999953,
    1.7244453680000333,
    1.7267467279999664,
    1.727457037000022,
    1.7159189860000197,
    1.7846623809999755,
    1.756229980999933,
    1.7286145209999404
  ],
  "prusti-tests/tests/verify/pass/rosetta/Knights_tour.rs": [
    102.3766169810001,
    108.27661586499994,
    106.18207743000016,
    104.39096096799994,
    97.94376263699996,
    100.27257291000001,
    100.04853545799983,
    103.49344914800008,
    106.36420842100006,
    103.56232795999995
  ],
  "prusti-tests/tests/verify/pass/quick/fold-unfold.rs": [
    1.2043366709999646,
    1.208623618000047,
    1.2051478799999131,
    1.1897636050000528,
    1.1968101040001784,
    1.2052338129999498,
    1.1876656859999457,
    1.1977573159999793,
    1.2054995160001454,
    1.1986530269998639
  ],
  "prusti-tests/tests/verify/pass/quick/moves.rs": [
    1.4928371940000034,
    1.4438409140000203,
    1.4415150849999918,
    1.4679935259998729,
    1.4430706050000026,
    1.4729720899999847,
    1.4348967529999754,
    1.4352845389998947,
    1.459418972000094,
    1.4408762629998364
  ],
  "prusti-tests/tests/verify/pass/quick/mut-borrows.rs": [
    2.892129002000047,
    2.8577944799999386,
    2.8513609280000765,
    2.8639749920000668,
    2.8665780629999063,
    2.8683979019999697,
    2.8723029889999907,
    2.85993442899985,
    2.8549027560000013,
    2.866229611000108
  ],
  "prusti-tests/tests/verify/pass/quick/shared-borrows.rs": [
    1.827539766999962,
    1.8248399979997885,
    1.823884585000087,
    1.8353533630001948,
    1.839449064999826,
    1.835730472999785,
    1.7972932309999123,
    1.8678451850000783,
    1.8427779630001169,
    1.827831002000039
  ],
  "prusti-tests/tests/verify/pass/quick/trait-contracts-refinement.rs": [
    1.6617170980002811,
    1.57465860100001,
    1.564852487999815,
    1.5517175370000587,
    1.5472147069999664,
    1.5390920530003314,
    1.5748560899996846,
    1.5467842930002007,
    1.5864862980001817,
    1.594211426000129
  ],
  "prusti-tests/tests/verify/pass/quick/routes.rs": [
    5.185924712000087,
    4.923044221000055,
    4.850636316999953,
    4.871214055999644,
    4.6958281249999345,
    4.784140634000323,
    4.577682308000021,
    4.580249750000348,
    4.564034426000035,
    4.626081122999949
  ],
  "prusti-tests/tests/verify/pass/quick/fibonacci.rs": [
    6.008137053000155,
    5.885750259999895,
    5.933829308999975,
    6.111635268999635,
    5.7668875609997485,
    6.021180467999784,
    5.872094998000193,
    6.0817396580000604,
    6.10932775099991,
    5.979852547000064
  ],
  "prusti-tests/tests/verify/pass/pure-fn/len-lookup.rs": [
    3.453609850999783,
    3.4384283239996876,
    3.25045905900015,
    3.6554001399999834,
    3.41739378200009,
    3.350594421000096,
    3.381521824000174,
    3.345461976000024,
    3.3266652060001434,
    3.354527902999962
  ],
  "prusti-tests/tests/verify/pass/pure-fn/quantifiers.rs": [
    2.256003734999922,
    2.066026789999796,
    2.0661264919999667,
    2.0956369110003834,
    2.058586129000105,
    2.048195294999914,
    2.0804209059997447,
    2.003713371000231,
    2.1470163279996086,
    2.2718351459998303
  ],
  "prusti-tests/tests/verify/pass/pure-fn/recursive-pure-fn.rs": [
    1.9518171490003624,
    2.031994498000131,
    1.9807147289998284,
    2.1781830039999477,
    2.0516401970003244,
    2.0659294070001124,
    1.9541360560001522,
    2.0774920570001996,
    2.066392000000178,
    2.038828129999729
  ],
  "prusti-tests/tests/verify/pass/pure-fn/ref-mut-arg.rs": [
    3.1035260319999907,
    3.077168745999643,
    2.983316805999948,
    3.0718341580000015,
    3.068593834999774,
    3.0882316649999666,
    3.134913633999986,
    3.1788559220003663,
    3.187494429999788,
    3.1692010979995757
  ],
  "prusti-tests/tests/verify/pass/rosetta/Ackermann_function.rs": [
    2.1058383460003824,
    2.1392035779999787,
    2.06559113000003,
    2.0159555059999548,
    1.9640857340000366,
    2.096744852000029,
    2.0083326389999456,
    2.15286672000002,
    2.042167979000169,
    2.103035071999784
  ],
  "prusti-tests/tests/verify/pass/rosetta/Heapsort.rs": [
    10.343755972000054,
    10.01650683600019,
    9.821058431999973,
    10.401828604999992,
    10.355503320000025,
    9.665462068999659,
    10.217399216000103,
    10.373330454000097,
    10.441295617999913,
    10.395161334000022
  ]
}