{
  "prusti-tests/tests/verify/pass/rosetta/Knuth_shuffle.rs": [
    3.3554879420000816,
    0.39278681199994026,
    0.37872532299979866,
    0.35964424700000563,
    0.39335233300016625,
    0.35678428899996106,
    0.3560180889999174,
    0.40157861300008335,
    0.37715000000002874,
    0.38657730599993556
  ],
  "prusti-tests/tests/verify/pass/demos/account.rs": [
    2.763567139000088,
    0.15888817999984894,
    0.14851973200006796,
    0.1573201710000376,
    0.14566836899984992,
    0.14826698199999555,
    0.14509215499992933,
    0.14972917199997937,
    0.14811035200000333,
    0.15880286299989166
  ],
  "prusti-tests/tests/verify/pass/rosetta/Knights_tour.rs": [
    139.29872900299983,
    2.623637298999938,
    2.678731233999997,
    2.969593340999836,
    2.646892837999985,
    2.7084284699999444,
    2.663217621000058,
    2.7924781560000156,
    2.571168438999848,
    2.696232448000046
  ],
  "prusti-tests/tests/verify/pass/quick/fold-unfold.rs": [
    1.462514849999934,
    0.1084794129999409,
    0.11379248200000802,
    0.11799965899990639,
    0.10510754000006273,
    0.10532533900004637,
    0.10656613100013601,
    0.11866355500001191,
    0.13543114999993122,
    0.1253007139998772
  ],
  "prusti-tests/tests/verify/pass/quick/moves.rs": [
    1.810660635000204,
    0.11838365699986753,
    0.11534597600007146,
    0.10815892100004021,
    0.11727786400001605,
    0.11047070699987671,
    0.10245065699996303,
    0.10737712600007399,
    0.12794599699986975,
    0.11636836999991829
  ],
  "prusti-tests/tests/verify/pass/quick/mut-borrows.rs": [
    3.6439040279999517,
    0.18018376899999566,
    0.19305348900002173,
    0.1967436649999854,
    0.1849533639999663,
    0.17496505799999795,
    0.1680148000000372,
    0.16701710600000297,
    0.18062582499987911,
    0.1960211339999205
  ],
  "prusti-tests/tests/verify/pass/quick/shared-borrows.rs": [
    2.22929883300003,
    0.11322502600000917,
    0.10901185099987742,
    0.10673126500000762,
    0.12096107999991546,
    0.1172113029999764,
    0.1094669490000797,
    0.11696230400002605,
    0.12157507599999917,
    0.11198023399992962
  ],
  "prusti-tests/tests/verify/pass/quick/trait-contracts-refinement.rs": [
    2.035327488000121,
    0.16602311199994801,
    0.16971318999981122,
    0.1716714789999969,
    0.18542559599995911,
    0.16478581899991696,
    0.18056832600018424,
    0.1704505860000154,
    0.15893595400007143,
    0.16019324600006257
  ],
  "prusti-tests/tests/verify/pass/quick/routes.rs": [
    6.467365495999957,
    0.42673040499994386,
    0.4060767299999952,
    0.37212943700001233,
    0.4087030139999115,
    0.41546007499982807,
    0.4069312849999278,
    0.3694177979998585,
    0.3654124209999736,
    0.37496056700001645
  ],
  "prusti-tests/tests/verify/pass/quick/fibonacci.rs": [
    0.41657903000009355,
    0.4459805630001483,
    0.41973891199995705,
    0.4132207489999473,
    0.4134593470000709,
    0.3903012790001412,
    0.42220359800012375,
    0.4254974800001037,
    0.40564869199988607,
    0.43874330400012695
  ],
  "prusti-tests/tests/verify/pass/pure-fn/len-lookup.rs": [
    4.548675797999977,
    0.24681719799991697,
    0.2515119130000585,
    0.25415222200012977,
    0.24749980000001415,
    0.2680619669999942,
    0.260930129000144,
    0.25002366900002926,
    0.23780014299995855,
    0.23664865000000646
  ],
  "prusti-tests/tests/verify/pass/pure-fn/quantifiers.rs": [
    2.8312994569998864,
    0.23297527299996545,
    0.2244739570001002,
    0.21483876900015275,
    0.21170244100017044,
    0.22502436299987494,
    0.2050576799999817,
    0.22410025399994993,
    0.21946971199986365,
    0.20311436299994057
  ],
  "prusti-tests/tests/verify/pass/pure-fn/recursive-pure-fn.rs": [
    2.445612131999951,
    0.18647477000013168,
    0.17638333199988665,
    0.17967751199989834,
    0.16247501599991665,
    0.16179551999994146,
    0.1601185299998633,
    0.17252515499990295,
    0.1798410100000183,
    0.18480787999988024
  ],
  "prusti-tests/tests/verify/pass/pure-fn/ref-mut-arg.rs": [
    3.54491684300001,
    0.21973423999997976,
    0.20145241199998054,
    0.2304747740001858,
    0.23817566999991868,
    0.2249761049999961,
    0.20017349599993395,
    0.210360522999963,
    0.21164703899989945,
    0.19933198600006108
  ],
  "prusti-tests/tests/verify/pass/rosetta/Ackermann_function.rs": [
    2.297633879000159,
    0.26080063199992765,
    0.24184523900021304,
    0.24387162799985163,
    0.2566675559999112,
    0.25739715200006685,
    0.247400209000034,
    0.2499653939999007,
    0.27484835399991425,
    0.2759349469999961
  ],
  "prusti-tests/tests/verify/pass/rosetta/Heapsort.rs": [
    13.207118276000074,
    1.112194744999897,
    1.1676542459999837,
    1.0775488659999155,
    1.1554830970001149,
    1.0715123830000266,
    1.146025194999993,
    1.1135321899998871,
    1.1611506980000286,
    1.0914899859999423
  ]
}