{
  "prusti-tests/tests/verify/pass/rosetta/Knuth_shuffle.rs": [
    2.3730452510000077,
    1.9854691439999215,
    2.045469088999994,
    1.8966286480000463,
    1.9429904160000433,
    1.9176449139999932,
    1.9520108250000021,
    1.8824284879999595,
    1.889480308999964,
    1.8642294160000574
  ],
  "prusti-tests/tests/verify/pass/demos/account.rs": [
    0.8121306360000062,
    0.9162767099999201,
    0.8096360420000792,
    0.8432589159999679,
    0.8022976129999506,
    0.8147324079999407,
    0.7965249299999186,
    0.7955390989999387,
    0.827780723999922,
    0.8008482669999921
  ],
  "prusti-tests/tests/verify/pass/rosetta/Knights_tour.rs": [
    121.08730891799996,
    114.29617134800003,
    123.94693044099995,
    114.43105816599996,
    110.30585576699991,
    109.79600396899991,
    109.47826898800008,
    108.29502813199997,
    106.14993487300012,
    111.30084242599992
  ],
  "prusti-tests/tests/verify/pass/quick/fold-unfold.rs": [
    0.5490930070000104,
    0.536809815999959,
    0.542868007999914,
    0.5083960109998316,
    0.5241405579999991,
    0.5165325140001187,
    0.5774447619999137,
    0.536011937000012,
    0.5416083160000653,
    0.5106664269999328
  ],
  "prusti-tests/tests/verify/pass/quick/moves.rs": [
    0.4952919350000684,
    0.5416638179999609,
    0.5059561759999269,
    0.5321439139997892,
    0.507686731999911,
    0.4880843050000294,
    0.5307691689999956,
    0.5051206499999807,
    0.49561644599998544,
    0.5107777040000201
  ],
  "prusti-tests/tests/verify/pass/quick/mut-borrows.rs": [
    0.8782998100000441,
    0.8202749600000061,
    0.7896908840000378,
    0.8103837439998642,
    0.7239747880000778,
    0.756934438999906,
    0.7965216019999843,
    0.7868681939999078,
    0.7705385730000671,
    0.7879014120001102
  ],
  "prusti-tests/tests/verify/pass/quick/shared-borrows.rs": [
    0.5514202519998435,
    0.57522971100002,
    0.6077590459999556,
    0.5413116300001093,
    0.6112131550000868,
    0.5401767949999794,
    0.6532076920000236,
    0.5470445129999462,
    0.5466882020000412,
    0.6102414239999234
  ],
  "prusti-tests/tests/verify/pass/quick/trait-contracts-refinement.rs": [
    0.7957131289999779,
    0.8149725409998609,
    0.7889333159998841,
    0.7459801520001292,
    0.7126567909999721,
    0.8091547629999241,
    0.7749510740000005,
    0.7596761879999576,
    0.8185564630000499,
    0.7351232060000257
  ],
  "prusti-tests/tests/verify/pass/quick/routes.rs": [
    2.369995757999959,
    2.4835324440000477,
    2.1663610489999883,
    2.021126226999968,
    2.1178117429999475,
    2.0550292939997234,
    2.224943508999786,
    2.1904642099998455,
    2.2140099719999853,
    2.217201677999583
  ],
  "prusti-tests/tests/verify/pass/quick/fibonacci.rs": [
    2.0192506680000406,
    1.9887446950001504,
    2.1406275379999897,
    2.330304084999625,
    1.9936034510001264,
    1.9301123389996064,
    1.967304925999997,
    2.32466003799982,
    2.3441457609997087,
    2.0434737239997958
  ],
  "prusti-tests/tests/verify/pass/pure-fn/len-lookup.rs": [
    0.8884743379999236,
    0.9900287769996794,
    0.976719452999987,
    0.9239527689996976,
    0.9217505000001438,
    0.8977359330001491,
    0.9321693319998303,
    0.8807755869997891,
    0.9588957669998308,
    0.8625888970000233
  ],
  "prusti-tests/tests/verify/pass/pure-fn/quantifiers.rs": [
    0.7696551340000042,
    0.8763231339999038,
    0.7903818939998928,
    0.7841953969996212,
    0.8297700509997412,
    0.7662074250001751,
    0.76985114099989,
    0.8192308160000721,
    0.7664274330004446,
    0.8100860239997019
  ],
  "prusti-tests/tests/verify/pass/pure-fn/recursive-pure-fn.rs": [
    0.6496509100002186,
    0.5974279450001632,
    0.5938918320002813,
    0.5923901840001236,
    0.6662976399998115,
    0.6162047440002425,
    0.5586712099998294,
    0.5793269670002701,
    0.5785168419997717,
    0.6376422260000254
  ],
  "prusti-tests/tests/verify/pass/pure-fn/ref-mut-arg.rs": [
    0.7676648639999257,
    0.8262718319997475,
    0.8659936979997838,
    0.8369232710001597,
    0.7971721040003104,
    0.8445923150002272,
    0.7650514800002384,
    0.7586966789999678,
    0.7630997189999107,
    0.8070839230003912
  ],
  "prusti-tests/tests/verify/pass/rosetta/Ackermann_function.rs": [
    0.8630761240001448,
    0.8193879299997207,
    0.9156374989997857,
    0.8858472500000971,
    0.8360063600002832,
    0.9012562410002829,
    0.8375312080002004,
    0.8205673679999563,
    0.9116165710001951,
    0.8597779329998048
  ],
  "prusti-tests/tests/verify/pass/rosetta/Heapsort.rs": [
    6.036005498000122,
    6.3209836430000905,
    6.511198679999779,
    6.485139389999858,
    6.417385721000301,
    6.041908165999757,
    6.69578275899994,
    6.336591071999919,
    6.477095906000159,
    5.852784602999691
  ]
}