{
  "prusti-tests/tests/verify/pass/rosetta/Knuth_shuffle.rs": [
    2.1615225069999724,
    1.8308679890000121,
    1.8174431329999834,
    1.7920195230000218,
    1.7682006809999393,
    1.802218397000047,
    1.8215276849999782,
    1.7571104540000988,
    1.7792865009998877,
    1.7923732369999925
  ],
  "prusti-tests/tests/verify/pass/demos/account.rs": [
    1.6573569339999494,
    1.6617325800000344,
    1.6516634089999798,
    1.6796216830000503,
    1.6607733220000682,
    1.6731835210000554,
    1.6594351769999776,
    1.6523230959999182,
    1.6428349590000835,
    1.6323172649999833
  ],
  "prusti-tests/tests/verify/pass/rosetta/Knights_tour.rs": [
    102.24199935399997,
    99.459939351,
    101.36036210999987,
    100.83771322999996,
    98.43575534899992,
    96.59917616899997,
    98.12235051300013,
    98.12232697600007,
    97.76952552700004,
    97.18003769400002
  ],
  "prusti-tests/tests/verify/pass/quick/fold-unfold.rs": [
    1.1059055450000415,
    1.1043208579999373,
    1.0951469449998967,
    1.097897299000124,
    1.0937428669999463,
    1.1010618669999985,
    1.0977203550000922,
    1.0926895689999583,
    1.122896786999945,
    1.1016357769999559
  ],
  "prusti-tests/tests/verify/pass/quick/moves.rs": [
    1.3356085890000031,
    1.336321531000067,
    1.3270113679998303,
    1.3406657240000186,
    1.3273814919998586,
    1.3297149210000043,
    1.3622673130000749,
    1.3403620069998397,
    1.3246436640001775,
    1.3245691939998778
  ],
  "prusti-tests/tests/verify/pass/quick/mut-borrows.rs": [
    2.6308784589998595,
    2.609809370000221,
    2.610845879000408,
    2.603393687999869,
    2.608952398999918,
    2.6136507119999806,
    2.5985183799998595,
    2.6273511929998676,
    2.6184225400002106,
    2.6163791859999037
  ],
  "prusti-tests/tests/verify/pass/quick/shared-borrows.rs": [
    1.6710339739997835,
    1.6633475349999571,
    1.6649968570000055,
    1.656140554999638,
    1.6666202400001566,
    1.6559741460000623,
    1.6539326560000518,
    1.6642919549999533,
    1.6707963189996917,
    1.662920777999716
  ],
  "prusti-tests/tests/verify/pass/quick/trait-contracts-refinement.rs": [
    1.4928661389999434,
    1.4671860909998031,
    1.438492247999875,
    1.4482619939999495,
    1.4505472229998304,
    1.4343550159996994,
    1.4567665710001165,
    1.4529834660002052,
    1.4421416519999184,
    1.447606758999882
  ],
  "prusti-tests/tests/verify/pass/quick/routes.rs": [
    4.2734057720003875,
    4.130205422999552,
    3.9811817319996408,
    3.96441746399978,
    3.9593921820001015,
    3.95374121299983,
    3.965027464999821,
    3.915203425999607,
    3.904883752999922,
    3.9133823249999296
  ],
  "prusti-tests/tests/verify/pass/quick/fibonacci.rs": [
    5.239252589999978,
    5.247324759000094,
    5.222466172000168,
    5.2392244939997,
    5.2647518259996104,
    5.239856222000071,
    5.265310924999994,
    5.26021078299982,
    5.260276060999786,
    5.269040469000174
  ],
  "prusti-tests/tests/verify/pass/pure-fn/len-lookup.rs": [
    2.982603258000381,
    2.987530132000302,
    2.972793591000027,
    2.9893628109998645,
    2.967743295999753,
    2.9838496530001066,
    2.989081957000053,
    2.9750947719999203,
    2.986344367000129,
    2.982312931999786
  ],
  "prusti-tests/tests/verify/pass/pure-fn/quantifiers.rs": [
    1.8324433529996895,
    1.8020379959998536,
    1.8011554589998013,
    1.8210524760002045,
    1.799133645999973,
    1.8050247559999661,
    1.823466252000344,
    1.7963201299999128,
    1.8058593650002877,
    1.8162480470000446
  ],
  "prusti-tests/tests/verify/pass/pure-fn/recursive-pure-fn.rs": [
    1.5940665439998156,
    1.6103332719999344,
    1.6044100389999585,
    1.609532328000114,
    1.6058806220003135,
    1.6037050179998005,
    1.6098093450000306,
    1.6026286429996617,
    1.6074411130002773,
    1.6120669720003207
  ],
  "prusti-tests/tests/verify/pass/pure-fn/ref-mut-arg.rs": [
    2.3719565159999547,
    2.346893512999941,
    2.3558625159998883,
    2.362628207999933,
    2.3619230639997113,
    2.3679584049996265,
    2.375667553999847,
    2.3521708349999244,
    2.3602614899996297,
    2.3527848700000504
  ],
  "prusti-tests/tests/verify/pass/rosetta/Ackermann_function.rs": [
    1.6503436070001953,
    1.6203299579997292,
    1.620485766999991,
    1.630609435000224,
    1.6123804119997658,
    1.6211738629999672,
    1.6231452609999906,
    1.6218198860001394,
    1.6322499709999647,
    1.6194746549999763
  ],
  "prusti-tests/tests/verify/pass/rosetta/Heapsort.rs": [
    9.872887579000235,
    9.8508245969997,
    9.843879255000047,
    9.796343242999683,
    9.79311734699968,
    9.807110104999992,
    9.801143585999853,
    9.785273742999834,
    9.843681363999622,
    9.803039565999825
  ]
}