{
  "prusti-tests/tests/verify/pass/rosetta/Knuth_shuffle.rs": [
    2.3969029749998754,
    2.1220547670000087,
    2.041368152000132,
    2.080006388000129,
    1.988051349999978,
    2.0210143389999757,
    1.9997543109998333,
    1.964468911999802,
    1.959855560000051,
    1.9884622919998947
  ],
  "prusti-tests/tests/verify/pass/demos/account.rs": [
    1.809555175000014,
    1.7858007059999181,
    1.8007567760000711,
    1.784079281000004,
    1.771591509000018,
    1.7956837799999903,
    1.7920936400000755,
    1.7790008920001128,
    1.786911130000135,
    1.7682598430001235
  ],
  "prusti-tests/tests/verify/pass/rosetta/Knights_tour.rs": [
    109.11725546900016,
    104.21277054300003,
    106.75778511499993,
    105.86755375500002,
    105.31356848299993,
    104.991539913,
    104.66518533299995,
    106.06250722500022,
    107.10834110999986,
    104.1621072730004
  ],
  "prusti-tests/tests/verify/pass/quick/fold-unfold.rs": [
    1.2021466700002748,
    1.1913448459999927,
    1.1904654349996235,
    1.1967163070003153,
    1.1995060530002775,
    1.1953642059997946,
    1.197811634000118,
    1.2004204630002278,
    1.2112888880001265,
    1.2087211580001167
  ],
  "prusti-tests/tests/verify/pass/quick/moves.rs": [
    1.4384800920001908,
    1.4416730190000635,
    1.4461341689998335,
    1.4292173769999863,
    1.438584584000182,
    1.441908314000102,
    1.4274019350000344,
    1.4378727530001925,
    1.447338660999776,
    1.440927589000239
  ],
  "prusti-tests/tests/verify/pass/quick/mut-borrows.rs": [
    2.7916443009999057,
    2.7864483460002702,
    2.7893595780001306,
    2.7959248349998234,
    2.7753757849995964,
    2.7883856299999934,
    2.799814777999927,
    2.792490433999774,
    2.796032774000196,
    2.7873747680000633
  ],
  "prusti-tests/tests/verify/pass/quick/shared-borrows.rs": [
    1.7718411860000742,
    1.7868936569998368,
    1.7834264169996459,
    1.7675348559996564,
    1.7917802899996786,
    1.777617527000075,
    1.7730302730001313,
    1.7781176789999336,
    1.7776640199999747,
    1.7640732630002276
  ],
  "prusti-tests/tests/verify/pass/quick/trait-contracts-refinement.rs": [
    1.6472130279998964,
    1.62534857799983,
    1.6056775849997393,
    1.6124076750002132,
    1.6021685599998818,
    1.5998918339996635,
    1.5994483290000971,
    1.6083103639998626,
    1.5845016349999241,
    1.584289631000047
  ],
  "prusti-tests/tests/verify/pass/quick/routes.rs": [
    4.711926748999758,
    4.484161286000017,
    4.293576675000168,
    4.319355089000055,
    4.332512113000121,
    4.286677963999864,
    4.288047539999752,
    4.292770134999955,
    4.298265596999954,
    4.30807948499978
  ],
  "prusti-tests/tests/verify/pass/quick/fibonacci.rs": [
    5.447628805000022,
    5.446205908000138,
    5.427895686999818,
    5.4281707680002,
    5.428610671000115,
    5.417564592999952,
    5.395873332000065,
    5.409454524000012,
    5.3986104770001475,
    5.420905298999969
  ],
  "prusti-tests/tests/verify/pass/pure-fn/len-lookup.rs": [
    3.1610655449999285,
    3.1855657119999705,
    3.1672134079999523,
    3.149428337000245,
    3.1685674660002405,
    3.163560598999993,
    3.1851511980003124,
    3.1675016979997963,
    3.1676910500000304,
    3.148224953999943
  ],
  "prusti-tests/tests/verify/pass/pure-fn/quantifiers.rs": [
    1.9626760769997418,
    1.9666691739998896,
    1.951562918000036,
    1.9412104899997757,
    1.9503676040003484,
    1.95021830900032,
    1.9577361510000628,
    1.9571717449998687,
    1.980661114999748,
    1.9623912779998136
  ],
  "prusti-tests/tests/verify/pass/pure-fn/recursive-pure-fn.rs": [
    1.7389798120002524,
    1.7529211750002105,
    1.748241920000055,
    1.7501103419999708,
    1.7535565309999583,
    1.7400700200000756,
    1.765317032999974,
    1.7411096900000302,
    1.7388116909996825,
    1.7520107649997954
  ],
  "prusti-tests/tests/verify/pass/pure-fn/ref-mut-arg.rs": [
    2.5715174360002493,
    2.556706275000124,
    2.5432760419998885,
    2.5739871830000993,
    2.5651475839999875,
    2.5570498499996575,
    2.580036027999995,
    2.5775291019999713,
    2.5806477000000996,
    2.5680409629999303
  ],
  "prusti-tests/tests/verify/pass/rosetta/Ackermann_function.rs": [
    1.8146715500001847,
    1.8047114220003095,
    1.7930880069998238,
    1.807755652999731,
    1.7961124209996342,
    1.7885957359999338,
    1.7851646889998847,
    1.795786229999976,
    1.8017680029997791,
    1.8154688670001633
  ],
  "prusti-tests/tests/verify/pass/rosetta/Heapsort.rs": [
    10.143448109000019,
    10.065213990999837,
    10.022751659999813,
    10.002901472000303,
    10.028367757000069,
    9.97486936400037,
    9.96986842599972,
    10.037491074999707,
    10.025567496999884,
    9.987984555999901
  ]
}