{
  "prusti-tests/tests/verify/pass/rosetta/Knuth_shuffle.rs": [
    2.320133215999931,
    1.9491392110001016,
    1.983366229000012,
    1.927887759999976,
    1.9023439149999604,
    1.90108145399995,
    1.895839838000029,
    1.8719028210000488,
    1.8669221339999922,
    1.8623174120000385
  ],
  "prusti-tests/tests/verify/pass/demos/account.rs": [
    1.71581348899997,
    1.7324706790000164,
    1.730319441000006,
    1.7300145359999988,
    1.7241550859999961,
    1.6934137370000144,
    1.6988169319999997,
    1.7268883250000044,
    1.6900404680000065,
    1.708448153000063
  ],
  "prusti-tests/tests/verify/pass/rosetta/Knights_tour.rs": [
    102.58646644800001,
    101.04864694600008,
    101.63482216800003,
    103.69911925100018,
    101.47959852899999,
    102.82073532599998,
    101.47349095300001,
    103.85889432199997,
    104.19598187500014,
    100.71827590899989
  ],
  "prusti-tests/tests/verify/pass/quick/fold-unfold.rs": [
    1.1584761910000907,
    1.143090022999786,
    1.1369067170001017,
    1.1389089509998485,
    1.1398922680000396,
    1.140300674999935,
    1.1486968159999833,
    1.138878644999977,
    1.1556488350001928,
    1.1428519129999586
  ],
  "prusti-tests/tests/verify/pass/quick/moves.rs": [
    1.3770996539999487,
    1.4026796949999607,
    1.3945090550000714,
    1.3814655950000088,
    1.3887010420000934,
    1.3901742689999992,
    1.367961983999976,
    1.377991356999928,
    1.3803089969999291,
    1.3772354109999014
  ],
  "prusti-tests/tests/verify/pass/quick/mut-borrows.rs": [
    2.694847093999897,
    2.704704965000019,
    2.7130122199998823,
    2.701347227000042,
    2.6903627369999867,
    2.6992964789999405,
    2.7084796289998394,
    2.6899352069999622,
    2.7263049799998953,
    2.6990237649999926
  ],
  "prusti-tests/tests/verify/pass/quick/shared-borrows.rs": [
    1.7051623449999624,
    1.7055294520000643,
    1.7110354050000751,
    1.7110173739999937,
    1.7263377320000473,
    1.7118749880000905,
    1.7113100849999228,
    1.7150865860000977,
    1.7115152249998573,
    1.7151698870000018
  ],
  "prusti-tests/tests/verify/pass/quick/trait-contracts-refinement.rs": [
    1.5588121450000472,
    1.5444048060001023,
    1.5267291160000696,
    1.5217355299998871,
    1.5030303060000278,
    1.5204145069999413,
    1.5394942380000884,
    1.5157283379999171,
    1.5140716089999842,
    1.5239807800001017
  ],
  "prusti-tests/tests/verify/pass/quick/routes.rs": [
    4.614968179000016,
    4.386832856000183,
    4.1334767289999945,
    4.1090694730000905,
    4.147039239999913,
    4.137919496999984,
    4.080472946999862,
    4.088112859000148,
    4.090901618000089,
    4.067667451000034
  ],
  "prusti-tests/tests/verify/pass/quick/fibonacci.rs": [
    5.224132145000112,
    5.2051936990001195,
    5.166194816999905,
    5.160999653999852,
    5.190631221999865,
    5.175004131000151,
    5.189358157000015,
    5.225580994999973,
    5.198009140000067,
    5.156087700000171
  ],
  "prusti-tests/tests/verify/pass/pure-fn/len-lookup.rs": [
    3.072700265000094,
    3.0707502339998882,
    3.053667156999836,
    3.0252899649999563,
    3.0379060850000315,
    3.0627344150000226,
    3.051326917999859,
    3.046806209999886,
    3.0227134879999085,
    3.021431075999999
  ],
  "prusti-tests/tests/verify/pass/pure-fn/quantifiers.rs": [
    1.8649790479998956,
    1.869891933999952,
    1.8567798060000769,
    1.8387026919999698,
    1.8441507729999103,
    1.8667382650000945,
    1.872387462000006,
    1.8569627950000722,
    1.8464768209998965,
    1.8363896480000221
  ],
  "prusti-tests/tests/verify/pass/pure-fn/recursive-pure-fn.rs": [
    1.670136864999904,
    1.6408222560000922,
    1.658822248999968,
    1.6480435379999108,
    1.6440804700000626,
    1.6631649999999354,
    1.6554248659999757,
    1.6624450929998602,
    1.6685264109999025,
    1.6523560329999327
  ],
  "prusti-tests/tests/verify/pass/pure-fn/ref-mut-arg.rs": [
    2.488843176000046,
    2.4570814950000113,
    2.449448310999969,
    2.452110257999948,
    2.46208664400001,
    2.4314571749998777,
    2.457537731000002,
    2.487622956999985,
    2.4680913549998422,
    2.460150191000139
  ],
  "prusti-tests/tests/verify/pass/rosetta/Ackermann_function.rs": [
    1.7189910480001345,
    1.70697683100002,
    1.7268102329999238,
    1.7112138539998796,
    1.7321400180001092,
    1.7002935650000381,
    1.7044751089999863,
    1.7178560909999305,
    1.7133111119999285,
    1.7461274880001838
  ],
  "prusti-tests/tests/verify/pass/rosetta/Heapsort.rs": [
    10.030476753999665,
    10.043985713999973,
    9.982149231999756,
    9.90742774499995,
    9.859381612000107,
    9.893541034999998,
    9.99033142899998,
    9.947841428000174,
    9.90652483399981,
    9.867535224999756
  ]
}