{
  "prusti-tests/tests/verify/pass/rosetta/Knuth_shuffle.rs": [
    1.835683857000049,
    1.6611603589999504,
    1.5764487740000277,
    1.5858198260000336,
    1.526250320000031,
    1.6121560340000087,
    1.4950088040000082,
    1.5604035620000332,
    1.4954508679999208,
    1.504600402000051
  ],
  "prusti-tests/tests/verify/pass/demos/account.rs": [
    0.6259387689999585,
    0.6067487469999833,
    0.658302871999922,
    0.6112970699999778,
    0.6890413029999536,
    0.6261539649999577,
    0.632621742000083,
    0.675048271000037,
    0.6822790029999624,
    0.6872742719999678
  ],
  "prusti-tests/tests/verify/pass/rosetta/Knights_tour.rs": [
    97.24302044700005,
    94.83759367399989,
    97.85152556900016,
    99.26129367199997,
    92.26830277699992,
    90.60705731099983,
    93.34205802999986,
    89.86656094900013,
    92.03754944499997,
    94.133757607
  ],
  "prusti-tests/tests/verify/pass/quick/fold-unfold.rs": [
    0.4683870119999938,
    0.45087888800003384,
    0.42895130400006565,
    0.4465275320001183,
    0.4502464500001224,
    0.4194807500000479,
    0.45307781500014244,
    0.4483794410000428,
    0.4348603500000081,
    0.4584064279999893
  ],
  "prusti-tests/tests/verify/pass/quick/moves.rs": [
    0.42656596400001945,
    0.4425823010001295,
    0.4291659159998744,
    0.44891767199987953,
    0.46900005600014083,
    0.4486903270001221,
    0.4310180950001268,
    0.4487300350001533,
    0.44734806600013144,
    0.44935005499996805
  ],
  "prusti-tests/tests/verify/pass/quick/mut-borrows.rs": [
    0.7906389260001561,
    0.6663028830000712,
    0.7248324839999896,
    0.6492605390001245,
    0.6751544519997879,
    0.7478447999999389,
    0.6992116579999674,
    0.666822565000075,
    0.7283002319998104,
    0.67022294100002
  ],
  "prusti-tests/tests/verify/pass/quick/shared-borrows.rs": [
    0.5010926130000826,
    0.5455852810000579,
    0.4803124520001347,
    0.507263458999887,
    0.5164668699999311,
    0.526179127999967,
    0.49577606999991986,
    0.48122722099992643,
    0.4927899960000559,
    0.5438849820000087
  ],
  "prusti-tests/tests/verify/pass/quick/trait-contracts-refinement.rs": [
    0.6953634330000114,
    0.6936737339999581,
    0.7115329879998171,
    0.6403413949999504,
    0.6736310239998602,
    0.6902295849999973,
    0.6846739640000123,
    0.6503972770001383,
    0.7612043969998012,
    0.6871981100000539
  ],
  "prusti-tests/tests/verify/pass/quick/routes.rs": [
    2.087509229000034,
    1.9039741869999034,
    2.020234864000031,
    1.861162658000012,
    1.8297789609998745,
    1.8444017239999084,
    1.781878592000112,
    1.811732548000009,
    1.8279345260000355,
    1.9427739410000413
  ],
  "prusti-tests/tests/verify/pass/quick/fibonacci.rs": [
    1.8898989769998025,
    1.7453268259998822,
    1.8753482270001314,
    1.687822664999885,
    1.8357710599998427,
    1.662533096999823,
    1.5443691519999447,
    1.7461175680000451,
    1.6424364500001047,
    1.7527317219999077
  ],
  "prusti-tests/tests/verify/pass/pure-fn/len-lookup.rs": [
    0.7473414520000006,
    0.8208979809999164,
    0.819455600000083,
    0.7266978929999368,
    0.8350525749999633,
    0.7823685180001121,
    0.8060061439998663,
    0.7701478320000206,
    0.7571986509999533,
    0.7989087879998351
  ],
  "prusti-tests/tests/verify/pass/pure-fn/quantifiers.rs": [
    0.6603446280000753,
    0.6717789520000679,
    0.7352608159999363,
    0.6765736130000732,
    0.6897629330001109,
    0.6995869690001655,
    0.6565821419999338,
    0.6415097710000737,
    0.7381257539998387,
    0.6732893099999728
  ],
  "prusti-tests/tests/verify/pass/pure-fn/recursive-pure-fn.rs": [
    0.5036399240000264,
    0.5274093680000078,
    0.5759859029999461,
    0.5077442049998808,
    0.504117646000168,
    0.4986254039999949,
    0.49517835299980106,
    0.5697628289999557,
    0.49769326299997374,
    0.5065220519998093
  ],
  "prusti-tests/tests/verify/pass/pure-fn/ref-mut-arg.rs": [
    0.6730528849998336,
    0.7387010480001663,
    0.6656934630000251,
    0.6636594799999784,
    0.7816361929999402,
    0.7136574020000808,
    0.6663219189999836,
    0.7364626050000425,
    0.700311615000146,
    0.6857791760000964
  ],
  "prusti-tests/tests/verify/pass/rosetta/Ackermann_function.rs": [
    0.8312196619999668,
    0.7981406049998441,
    0.713053403999993,
    0.7352102280001418,
    0.8074965790001443,
    0.7079560290001154,
    0.7644181749999461,
    0.7889899710000918,
    0.7381230969999706,
    0.7352797589999227
  ],
  "prusti-tests/tests/verify/pass/rosetta/Heapsort.rs": [
    5.521937686000001,
    5.794127745999958,
    5.496876134000104,
    5.322287398000299,
    5.271909297000093,
    5.432954052999776,
    5.379126273000111,
    5.1762222649999785,
    5.476813985000263,
    5.556004559999565
  ]
}