{
  "prusti-tests/tests/verify/pass/rosetta/Knuth_shuffle.rs": [
    2.7764816869998867,
    2.5403614699998798,
    2.455688203999898,
    2.4819576530001086,
    2.5389985839999554,
    2.660365327000136,
    2.4548592950000057,
    2.5496097739999186,
    2.582366831999934,
    2.5798877239999456
  ],
  "prusti-tests/tests/verify/pass/demos/account.rs": [
    2.252850363999869,
    2.309629796000081,
    2.3046154050000496,
    2.3178670939998938,
    2.3063819359999798,
    2.2383742189999793,
    2.235950039000045,
    2.281303403000038,
    2.2340876110001773,
    2.2083475980000458
  ],
  "prusti-tests/tests/verify/pass/rosetta/Knights_tour.rs": [
    137.86845596600006,
    134.77128787000015,
    129.21613998400016,
    127.60093842099991,
    125.177686687,
    128.025819661,
    126.01486349600009,
    129.53153885599977,
    129.320160106,
    127.26490619800006
  ],
  "prusti-tests/tests/verify/pass/quick/fold-unfold.rs": [
    1.5453200990000369,
    1.5018082919996232,
    1.4776761380003336,
    1.5008442799999102,
    1.484605811000165,
    1.5297697400001198,
    1.489160367000295,
    1.5490113349997046,
    1.5477098450000994,
    1.5086492800000997
  ],
  "prusti-tests/tests/verify/pass/quick/moves.rs": [
    1.829975593999734,
    1.7845994340000289,
    1.80705933299987,
    1.8123086569999032,
    1.7888940249999905,
    1.7769284890000563,
    1.7801035750003393,
    1.7850258759999633,
    1.7816242109997802,
    1.7732568599999468
  ],
  "prusti-tests/tests/verify/pass/quick/mut-borrows.rs": [
    3.4600523960002647,
    3.4738188050000645,
    3.5573768320000454,
    3.5112640339998507,
    3.5789323139997578,
    3.6661585840001862,
    3.561238563000188,
    3.5631410470000446,
    3.5990518450003037,
    3.775445055000091
  ],
  "prusti-tests/tests/verify/pass/quick/shared-borrows.rs": [
    2.2475196209998103,
    2.3052036959998077,
    2.2995700260003105,
    2.262216897000144,
    2.2363597080002364,
    2.252258154000174,
    2.2083559910001895,
    2.2064812610001354,
    2.1932128640000883,
    2.209137379999902
  ],
  "prusti-tests/tests/verify/pass/quick/trait-contracts-refinement.rs": [
    2.0332784189999984,
    1.9460296849997576,
    1.927631252000083,
    1.9315166970000064,
    1.9118129710000176,
    1.9024937210001553,
    1.9169412989999728,
    1.9847970270002406,
    1.988310389000162,
    1.9704536440003722
  ],
  "prusti-tests/tests/verify/pass/quick/routes.rs": [
    6.013134110999999,
    5.796421157000168,
    5.59748927299961,
    5.565683163999893,
    5.474596052000379,
    5.508638712999982,
    5.364556918999824,
    5.296723389999897,
    5.3378421669999625,
    5.276868987000398
  ],
  "prusti-tests/tests/verify/pass/quick/fibonacci.rs": [
    6.8832263300000704,
    7.120135495999875,
    7.153137960000095,
    7.111909825999646,
    6.980165444000249,
    6.811711403000118,
    6.621264162999978,
    6.690939881999839,
    6.784829787000035,
    6.829306430000088
  ],
  "prusti-tests/tests/verify/pass/pure-fn/len-lookup.rs": [
    4.087345648999872,
    4.124940601000162,
    4.118656193999868,
    4.1091676639998695,
    4.077715058000194,
    4.17500870799995,
    4.092057700999703,
    4.022093315999882,
    3.9501069279999683,
    3.8718383980003637
  ],
  "prusti-tests/tests/verify/pass/pure-fn/quantifiers.rs": [
    2.4334601430000475,
    2.3814608559996486,
    2.3717882999999347,
    2.38901067300003,
    2.4598875230003614,
    2.4002475440001945,
    2.425238158999946,
    2.4904968189998726,
    2.5595873319998645,
    2.589566565000041
  ],
  "prusti-tests/tests/verify/pass/pure-fn/recursive-pure-fn.rs": [
    2.158563347999916,
    2.29035856199971,
    2.1924977030002992,
    2.270823911000207,
    2.3042285999999876,
    2.321281534999798,
    2.278894718000174,
    2.1858533360000365,
    2.260168550999879,
    2.2328879159999815
  ],
  "prusti-tests/tests/verify/pass/pure-fn/ref-mut-arg.rs": [
    3.1448661620001985,
    3.16706383599967,
    3.1593148790002488,
    3.179030315000091,
    3.130234093999661,
    3.1536569610002516,
    3.1789202720001413,
    3.270991277000121,
    3.200257590000092,
    3.2735212219999994
  ],
  "prusti-tests/tests/verify/pass/rosetta/Ackermann_function.rs": [
    2.256319335999706,
    2.2591541560000223,
    2.447096960000181,
    2.2100799159998132,
    2.3067661840000255,
    2.3376069380001354,
    2.3776227630000903,
    2.2833460560000276,
    2.2676816549997056,
    2.2730468759996256
  ],
  "prusti-tests/tests/verify/pass/rosetta/Heapsort.rs": [
    12.456270496999878,
    12.365794795000056,
    12.51552695600003,
    12.61343098100042,
    12.845747198000026,
    12.316893511999751,
    12.019898798999748,
    12.593029683999703,
    12.714632848999827,
    12.820079258000078
  ]
}