{
  "prusti-tests/tests/verify/pass/rosetta/Knuth_shuffle.rs": [
    2.3821899829999893,
    2.184193596,
    2.1781321119999575,
    2.1384554320000007,
    2.2439645770000425,
    2.0941344619999427,
    2.0355387029999292,
    2.1080594649999966,
    2.1449229060000334,
    2.0328872749998936
  ],
  "prusti-tests/tests/verify/pass/demos/account.rs": [
    0.7895351649999611,
    0.8076947299999802,
    0.8240533700000015,
    0.8671450010000399,
    0.8057419010000331,
    0.8305395639999915,
    0.816168953999977,
    0.8053307889999815,
    0.7495627729999796,
    0.7988550950000217
  ],
  "prusti-tests/tests/verify/pass/rosetta/Knights_tour.rs": [
    124.43399576000013,
    124.83923554000012,
    126.783926845,
    129.0660792829999,
    125.99215070900004,
    122.79856756699996,
    122.09877784200012,
    120.98604389100001,
    120.65143676599996,
    120.70606936900003
  ],
  "prusti-tests/tests/verify/pass/quick/fold-unfold.rs": [
    0.5064496499999223,
    0.5021819849998792,
    0.49760821699965163,
    0.5478629450003609,
    0.504246012999829,
    0.48359871299999213,
    0.4771232200000668,
    0.4974593140000252,
    0.5047409199996764,
    0.5255315220001648
  ],
  "prusti-tests/tests/verify/pass/quick/moves.rs": [
    0.4960320929999398,
    0.48065627099958874,
    0.5074372590001985,
    0.5098458939996817,
    0.49743101400008527,
    0.5394361240000762,
    0.5142527580001115,
    0.48510638800007655,
    0.5590507379997689,
    0.5034182389999842
  ],
  "prusti-tests/tests/verify/pass/quick/mut-borrows.rs": [
    0.9861350790001779,
    0.9281257459997505,
    0.9049580119999519,
    0.9103570900001614,
    0.8400793790001444,
    0.9234792779998315,
    0.9051116139999067,
    0.9348332310000842,
    0.9194144289999713,
    0.8657471500000611
  ],
  "prusti-tests/tests/verify/pass/quick/shared-borrows.rs": [
    0.6133039910000662,
    0.5780307800000628,
    0.6079769130001296,
    0.5479852439998467,
    0.7512699909998446,
    0.5609566309999536,
    0.5999632969997037,
    0.5672979239998313,
    0.5905509609997353,
    0.5869266250001601
  ],
  "prusti-tests/tests/verify/pass/quick/trait-contracts-refinement.rs": [
    0.9703358970000409,
    0.8738539949999904,
    0.9462860470002852,
    0.9536318539999229,
    0.8729609820002224,
    0.933679063999989,
    0.9609954610000386,
    0.9491376880000644,
    0.8665293909998582,
    0.8709898550000617
  ],
  "prusti-tests/tests/verify/pass/quick/routes.rs": [
    3.380029310000282,
    2.825708156000019,
    2.9551207730000897,
    2.8459495869997227,
    2.7663526270002876,
    2.77557435000017,
    2.787958129999879,
    2.6721513899997262,
    2.704633083999852,
    2.804801244999908
  ],
  "prusti-tests/tests/verify/pass/quick/fibonacci.rs": [
    2.1919975000000704,
    2.2807455959996332,
    2.567544882999755,
    2.4461502110002584,
    2.340010318000168,
    2.2463727570002447,
    2.276255794000008,
    2.3488119999997252,
    2.3624192699999185,
    2.260693577999973
  ],
  "prusti-tests/tests/verify/pass/pure-fn/len-lookup.rs": [
    1.0211398860001282,
    1.0369300170000315,
    1.0160282699998788,
    1.0313264400001572,
    1.0452186449997498,
    1.0053363560000435,
    1.0521211469999798,
    0.9776124459999664,
    0.9972004360001847,
    1.0196887679999236
  ],
  "prusti-tests/tests/verify/pass/pure-fn/quantifiers.rs": [
    0.8552934310000637,
    0.8950356730001658,
    0.8722099310002704,
    0.8683339729996078,
    0.9024511839998013,
    0.8288621829997282,
    0.8883054709999669,
    0.8866878480002924,
    0.8776794129998962,
    0.8580214409998916
  ],
  "prusti-tests/tests/verify/pass/pure-fn/recursive-pure-fn.rs": [
    0.6263432190003186,
    0.5817481830003999,
    0.6342309490000844,
    0.6013577689996055,
    0.6628054650000195,
    0.6468250319999242,
    0.578301532000296,
    0.6340849460002573,
    0.5999331479997636,
    0.6603718299998036
  ],
  "prusti-tests/tests/verify/pass/pure-fn/ref-mut-arg.rs": [
    0.9164451639999243,
    0.9418352659999982,
    0.9141386420001254,
    0.9121077879999575,
    0.9257827480000742,
    0.9126755030001732,
    0.9027099410000119,
    0.9195590839999568,
    0.9407452249997732,
    0.9774603219998426
  ],
  "prusti-tests/tests/verify/pass/rosetta/Ackermann_function.rs": [
    1.0883469739997054,
    1.0829822020000393,
    1.0212683429999743,
    1.0174240629999076,
    1.0267680550000478,
    1.001444137999897,
    1.1037583260003885,
    1.0288427790001151,
    0.9664739119998558,
    1.0029597090001516
  ],
  "prusti-tests/tests/verify/pass/rosetta/Heapsort.rs": [
    11.930395209999915,
    12.12693086399986,
    11.610209024000142,
    11.674111032999917,
    11.556575694000003,
    11.521395112999926,
    11.921274005000214,
    11.62755413900004,
    11.59289250799975,
    11.446395005999875
  ]
}