{
  "prusti-tests/tests/verify/pass/rosetta/Knuth_shuffle.rs": [
    1.9498386309999205,
    1.657220094999957,
    1.6976134620000494,
    1.608087060999992,
    1.7040659849999429,
    1.5571348839999928,
    1.598300064,
    1.5875805599999921,
    1.484746505999965,
    1.5266002010000648
  ],
  "prusti-tests/tests/verify/pass/demos/account.rs": [
    0.654699136999966,
    0.6983090649999895,
    0.6596050299999661,
    0.6518504819999862,
    0.7004848059999631,
    0.6588461149999603,
    0.6565672729999505,
    0.6904814170000009,
    0.6404513659999793,
    0.6679759889999559
  ],
  "prusti-tests/tests/verify/pass/rosetta/Knights_tour.rs": [
    96.31385753199993,
    94.52654326399988,
    95.6401306040002,
    95.11855393799988,
    94.49430881400008,
    95.22598481900013,
    97.0215698699999,
    94.39727341100001,
    97.03462170499984,
    98.294248573
  ],
  "prusti-tests/tests/verify/pass/quick/fold-unfold.rs": [
    0.48947651499997846,
    0.47127816600004735,
    0.4609883670000272,
    0.471547069999815,
    0.4830848930000684,
    0.4663930710000841,
    0.5309028120000221,
    0.4751643399999921,
    0.47477723199995125,
    0.4705952519998391
  ],
  "prusti-tests/tests/verify/pass/quick/moves.rs": [
    0.4658918340001037,
    0.46612352100009957,
    0.47697602899984304,
    0.4977075249998961,
    0.4708386120000796,
    0.5156581690000621,
    0.47973908099993423,
    0.4649232980000306,
    0.47758754000005865,
    0.461755538000034
  ],
  "prusti-tests/tests/verify/pass/quick/mut-borrows.rs": [
    0.7646128339999905,
    0.6950143010001284,
    0.7673149849999845,
    0.7061988159998691,
    0.6990164159999495,
    0.6859131439998691,
    0.7197054109999499,
    0.6853259320000689,
    0.762133447999986,
    0.7116833529998985
  ],
  "prusti-tests/tests/verify/pass/quick/shared-borrows.rs": [
    0.5114500980000685,
    0.5359987829999682,
    0.5329534229999808,
    0.5528146159999778,
    0.5735478249998778,
    0.5151078709998274,
    0.5208645840000372,
    0.5020416950001163,
    0.5280103019999842,
    0.5089252369998576
  ],
  "prusti-tests/tests/verify/pass/quick/trait-contracts-refinement.rs": [
    0.7527737030000026,
    0.8078360560000419,
    0.6932285630000479,
    0.678103172999954,
    0.6896956959999443,
    0.6759861339999134,
    0.7366727940000146,
    0.6731147789998886,
    0.6911601239999072,
    0.6870994460000475
  ],
  "prusti-tests/tests/verify/pass/quick/routes.rs": [
    2.2438443359999383,
    1.912697198999922,
    1.8103949419999026,
    1.9057001660000878,
    1.713127772000007,
    1.766473392999842,
    1.8888310349998392,
    1.8008275499998945,
    1.7510635549999733,
    1.8064390739998544
  ],
  "prusti-tests/tests/verify/pass/quick/fibonacci.rs": [
    1.746155422999891,
    1.8661008120000133,
    1.7141315149999627,
    1.940010250999876,
    1.8002810760001466,
    1.6551368960001582,
    1.6288055920001625,
    1.867885840000099,
    1.8644575450000502,
    1.7602498530000048
  ],
  "prusti-tests/tests/verify/pass/pure-fn/len-lookup.rs": [
    0.7952454029998535,
    0.7983388630000263,
    0.9599383520001084,
    0.7737288920000083,
    0.7947587799999383,
    0.7803955030001362,
    0.8803249110001161,
    0.7872459340001114,
    0.8149619629998597,
    0.7789745749998929
  ],
  "prusti-tests/tests/verify/pass/pure-fn/quantifiers.rs": [
    0.7506816350000918,
    0.8142827500000749,
    0.7047636589998092,
    0.6963982980000765,
    0.7016097979999358,
    0.7808588119999058,
    0.6982842349998464,
    0.6972162140000364,
    0.7012657910001963,
    0.6899304749999828
  ],
  "prusti-tests/tests/verify/pass/pure-fn/recursive-pure-fn.rs": [
    0.5463923340000747,
    0.6301575340000909,
    0.5551271009999255,
    0.535079418000123,
    0.535696630000075,
    0.541151033999995,
    0.5364216440000291,
    0.5452573800000664,
    0.6114209200000005,
    0.5460661780000464
  ],
  "prusti-tests/tests/verify/pass/pure-fn/ref-mut-arg.rs": [
    0.6996857970000292,
    0.7162173110000367,
    0.7059069150000141,
    0.7933433779999177,
    0.7190577649998886,
    0.6972301499999958,
    0.7076869499999248,
    0.6997566990000905,
    0.7031984640000246,
    0.808585346999962
  ],
  "prusti-tests/tests/verify/pass/rosetta/Ackermann_function.rs": [
    0.815427383000042,
    0.8044500729999982,
    0.7747112049999032,
    0.8281135259999246,
    0.8463682750000316,
    0.7705596270000115,
    0.8052915900000244,
    0.7589491039998393,
    0.7660061389999555,
    0.8503738310000699
  ],
  "prusti-tests/tests/verify/pass/rosetta/Heapsort.rs": [
    5.811758612999938,
    5.7108956480001325,
    5.623488449999968,
    5.689965744999881,
    5.621962893000045,
    5.587591558999975,
    5.614021007000019,
    5.8012413290000495,
    5.56302638000011,
    5.610480326000015
  ]
}