{
  "prusti-tests/tests/verify/pass/rosetta/Knuth_shuffle.rs": [
    2.8927416049998556,
    2.387880962000054,
    2.361576494000019,
    2.4585133069999756,
    2.365821589999996,
    2.4524045329999353,
    2.376855298999999,
    2.3123806559999593,
    2.40053978800006,
    2.356965432000152
  ],
  "prusti-tests/tests/verify/pass/demos/account.rs": [
    2.0922269640000195,
    2.138893027999984,
    2.1386887090000073,
    2.0872747529999742,
    2.1183676260000084,
    2.1530698579999807,
    2.064498674999868,
    2.068689770999981,
    2.01552241100012,
    2.0371000590000676
  ],
  "prusti-tests/tests/verify/pass/rosetta/Knights_tour.rs": [
    124.41670866899995,
    128.06635424500018,
    125.02359715199987,
    126.53928657899996,
    127.40632566099998,
    128.16689904999998,
    125.71716970699981,
    128.095822193,
    126.7672682059997,
    128.6127685059996
  ],
  "prusti-tests/tests/verify/pass/quick/fold-unfold.rs": [
    1.3603965099996458,
    1.3759033170003931,
    1.3265455949999705,
    1.3024690389997886,
    1.314523343000019,
    1.3258371469996746,
    1.2939171349999015,
    1.3590725609997207,
    1.3431672550000258,
    1.3866934200000287
  ],
  "prusti-tests/tests/verify/pass/quick/moves.rs": [
    1.57178848500007,
    1.5814021880000837,
    1.620906002999618,
    1.6502418139998554,
    1.7075214900000901,
    1.6088704469998447,
    1.6148466499998904,
    1.607323945999724,
    1.5913689409999279,
    1.657971046000057
  ],
  "prusti-tests/tests/verify/pass/quick/mut-borrows.rs": [
    3.2491212659997473,
    3.31639597100002,
    3.1597525309998673,
    3.1888050259999545,
    3.1427155429996674,
    3.248610725999697,
    3.228415294000115,
    3.279215791000297,
    3.3079151130000355,
    3.2229718739999953
  ],
  "prusti-tests/tests/verify/pass/quick/shared-borrows.rs": [
    2.0201797700001407,
    2.0116667580000467,
    2.07477804500013,
    2.017614447000142,
    2.0723595879999266,
    2.103000107000298,
    2.0854128650003076,
    2.1088251619999028,
    2.1375266750001174,
    2.0500610389999565
  ],
  "prusti-tests/tests/verify/pass/quick/trait-contracts-refinement.rs": [
    1.9097145159998945,
    1.9207654799997727,
    1.9167976779999663,
    1.8385624389998156,
    1.8248615309998968,
    1.842481078000219,
    1.839718990000165,
    1.863234003999878,
    1.8639111040001808,
    1.8413015350001842
  ],
  "prusti-tests/tests/verify/pass/quick/routes.rs": [
    5.6892757179998625,
    5.442533061999711,
    5.375654378000036,
    5.587568293999993,
    5.236932833000083,
    5.202798965000056,
    5.183661089999987,
    5.291774672000429,
    5.274656169999616,
    5.500530443000116
  ],
  "prusti-tests/tests/verify/pass/quick/fibonacci.rs": [
    7.104160847000003,
    6.70610792799971,
    7.048695372000111,
    6.934521258000132,
    6.535053529999914,
    6.704683586000101,
    6.684635420000177,
    6.518633978000253,
    6.559947385999749,
    6.393147880000015
  ],
  "prusti-tests/tests/verify/pass/pure-fn/len-lookup.rs": [
    3.7766509939997377,
    3.783430816999953,
    3.7253476839996438,
    3.713502836999851,
    3.7111870789999557,
    3.8689173620000474,
    3.74668020099989,
    3.790109621999818,
    3.858429919000173,
    3.9976648890001343
  ],
  "prusti-tests/tests/verify/pass/pure-fn/quantifiers.rs": [
    2.4785341269998753,
    2.4198222350000833,
    2.405987773999641,
    2.4497792760002994,
    2.4487068599996746,
    2.5444000140000753,
    2.3976915349999217,
    2.5072740010000416,
    2.4927138929997454,
    2.657797275000121
  ],
  "prusti-tests/tests/verify/pass/pure-fn/recursive-pure-fn.rs": [
    2.184403079999811,
    2.2231436010001744,
    2.2173566980000032,
    2.1570349200001147,
    2.122943075999956,
    2.210887619999994,
    2.2434865370000807,
    2.1548012579996794,
    2.1281284550000237,
    2.1420233640001243
  ],
  "prusti-tests/tests/verify/pass/pure-fn/ref-mut-arg.rs": [
    3.12840760600011,
    3.1612833740000497,
    3.148372965999897,
    3.1436606679999386,
    3.225967795000088,
    3.0687209650000113,
    3.1691989730002206,
    3.2320366970002397,
    3.1513832679997904,
    3.1859425160000683
  ],
  "prusti-tests/tests/verify/pass/rosetta/Ackermann_function.rs": [
    2.1629347009998128,
    2.1195092289999593,
    2.1643728439998995,
    2.132270531999893,
    2.112930663000043,
    2.2228819060001115,
    2.1746196859999145,
    2.149635576000037,
    2.166518240000187,
    2.143279103000168
  ],
  "prusti-tests/tests/verify/pass/rosetta/Heapsort.rs": [
    12.62407142300026,
    12.87333478599976,
    13.65170299700003,
    12.565244882000115,
    12.423812660999829,
    12.362693973000205,
    13.060225196999909,
    13.04802995099999,
    13.005841518000125,
    12.42626582899993
  ]
}