{
  "prusti-tests/tests/verify/pass/rosetta/Knuth_shuffle.rs": [
    2.291201587000046,
    2.0467895829999634,
    2.049027864000095,
    2.0957511529999238,
    2.015222128000005,
    2.019449133999956,
    1.9875669959999414,
    1.9798100919999797,
    1.9243434129999741,
    1.9408767369999396
  ],
  "prusti-tests/tests/verify/pass/demos/account.rs": [
    1.7739675660000103,
    1.7949515749999136,
    1.7487675910000462,
    1.7575023069999816,
    1.7580644090000987,
    1.7697379789999559,
    1.744956833999936,
    1.780028795000021,
    1.7536667499999794,
    1.7460570329999427
  ],
  "prusti-tests/tests/verify/pass/rosetta/Knights_tour.rs": [
    110.75392432900003,
    109.2127010050001,
    104.93627316999982,
    107.65493630299989,
    108.05200321000007,
    108.4279073900002,
    107.49558712999988,
    107.83403796099992,
    109.9285283820002,
    116.03198470299981
  ],
  "prusti-tests/tests/verify/pass/quick/fold-unfold.rs": [
    1.2106033879999814,
    1.1998996970000917,
    1.189072804999796,
    1.1951570569999603,
    1.1837410590001127,
    1.1864169629998287,
    1.1906495919997724,
    1.170320318999984,
    1.238661699000204,
    1.2082933419997062
  ],
  "prusti-tests/tests/verify/pass/quick/moves.rs": [
    1.4343026569999893,
    1.4228563420001592,
    1.4217057549999481,
    1.434786804000396,
    1.4971420410001883,
    1.429147164999904,
    1.437500646999979,
    1.443057116000091,
    1.442129672000192,
    1.449155817999781
  ],
  "prusti-tests/tests/verify/pass/quick/mut-borrows.rs": [
    2.842936174999977,
    2.8242871579996063,
    2.841076280999914,
    2.833562738999717,
    2.8311702210003205,
    2.8370389120000254,
    2.843514710999898,
    2.8486793580000267,
    2.853161646999979,
    2.856049235000228
  ],
  "prusti-tests/tests/verify/pass/quick/shared-borrows.rs": [
    1.8183640639999794,
    1.8034572739998112,
    1.796812133000003,
    1.8073449970002002,
    1.8034827859996767,
    1.8189975129998857,
    1.7843152419995931,
    1.7927156599998852,
    1.7749854899998354,
    1.7742044790002183
  ],
  "prusti-tests/tests/verify/pass/quick/trait-contracts-refinement.rs": [
    1.6098737900001652,
    1.596844031999808,
    1.5701637090000986,
    1.5822288299996217,
    1.5846605259998796,
    1.5934870860000956,
    1.59822751899992,
    1.5633877790000952,
    1.5664228129999174,
    1.5737648449999142
  ],
  "prusti-tests/tests/verify/pass/quick/routes.rs": [
    4.6686793769999895,
    4.408296874999905,
    4.318699719000051,
    4.579176945999734,
    4.580072542999915,
    4.442536064000251,
    4.4889649430001555,
    4.337518764999913,
    4.391749419000007,
    4.329213555000024
  ],
  "prusti-tests/tests/verify/pass/quick/fibonacci.rs": [
    5.43535212200004,
    5.388293665999754,
    5.344983633999618,
    5.321250500000133,
    5.430458359000113,
    5.412845008000204,
    5.364814219999971,
    5.3109117059998425,
    5.299704079000094,
    5.374770292999983
  ],
  "prusti-tests/tests/verify/pass/pure-fn/len-lookup.rs": [
    3.2071162639999784,
    3.1757545059999757,
    3.159976929000095,
    3.195985732000281,
    3.177198580000095,
    3.159874972000125,
    3.163152834000357,
    3.125117858000067,
    3.1029385830001956,
    3.165046862000054
  ],
  "prusti-tests/tests/verify/pass/pure-fn/quantifiers.rs": [
    1.9293596699999398,
    1.9131416669997634,
    1.9343165430000226,
    1.9689918200001557,
    1.9201471780002066,
    1.9419315420000203,
    1.9107834770002228,
    1.8911162269996566,
    1.928229635000207,
    1.9058285699998123
  ],
  "prusti-tests/tests/verify/pass/pure-fn/recursive-pure-fn.rs": [
    1.7139476160000413,
    1.6995568729998922,
    1.7072833969996282,
    1.702881883000373,
    1.683711323999887,
    1.6865853739996055,
    1.686724710999897,
    1.6881491160002042,
    1.6794669860000795,
    1.6870679480002764
  ],
  "prusti-tests/tests/verify/pass/pure-fn/ref-mut-arg.rs": [
    2.473718444000042,
    2.457898039000156,
    2.4686522969996076,
    2.4662431350002407,
    2.471375165000154,
    2.4598471760000393,
    2.4926339909998205,
    2.466043351999815,
    2.4837611259999903,
    2.5010292019996996
  ],
  "prusti-tests/tests/verify/pass/rosetta/Ackermann_function.rs": [
    1.756709545999911,
    1.7466854589997638,
    1.739068540000062,
    1.7743849529997533,
    1.745200678999936,
    1.7461778410001898,
    1.7376894770000035,
    1.776090772000316,
    1.7804526329996406,
    1.7379547629998342
  ],
  "prusti-tests/tests/verify/pass/rosetta/Heapsort.rs": [
    10.319328020000285,
    10.150845312000001,
    10.1155382740003,
    10.133434308999767,
    10.194904270999814,
    10.224053161000029,
    10.137162387999979,
    10.161760293999578,
    10.120671673000288,
    10.124530738999965
  ]
}