{
  "prusti-tests/tests/verify/pass/rosetta/Knuth_shuffle.rs": [
    2.0884575379998296,
    1.8693399860001136,
    1.8293072419999135,
    1.8053026649999993,
    1.7688544570000886,
    1.7559350740000355,
    1.7992646820000573,
    1.7641781390000233,
    1.7795527469997978,
    1.7647685530000672
  ],
  "prusti-tests/tests/verify/pass/demos/account.rs": [
    1.6487485949999154,
    1.621655864999866,
    1.6110780420001447,
    1.6009296929998982,
    1.6135672809998596,
    1.6197803250001925,
    1.635168288999921,
    1.642828394999924,
    1.6163159929999438,
    1.6043064010000307
  ],
  "prusti-tests/tests/verify/pass/rosetta/Knights_tour.rs": [
    97.64843300300004,
    94.84216332400001,
    96.78786817199989,
    98.90643870000008,
    98.07347284899993,
    97.19619236099993,
    96.99011893500005,
    98.8861764129997,
    97.05239250999966,
    98.1901648590001
  ],
  "prusti-tests/tests/verify/pass/quick/fold-unfold.rs": [
    1.1047283689999858,
    1.107122046999848,
    1.1132892929999798,
    1.1007424049998917,
    1.1226763089998713,
    1.1049222670003473,
    1.0980282649998117,
    1.0983469640000294,
    1.1146921220001786,
    1.0982645640001465
  ],
  "prusti-tests/tests/verify/pass/quick/moves.rs": [
    1.328974061000281,
    1.33558350300018,
    1.327255359999981,
    1.334520218000307,
    1.3470551110003726,
    1.3437009399999624,
    1.33427932099994,
    1.3430359449998832,
    1.342869674999747,
    1.3355350399997405
  ],
  "prusti-tests/tests/verify/pass/quick/mut-borrows.rs": [
    2.601961511999889,
    2.6218171300001814,
    2.641359900000225,
    2.618884732999959,
    2.6179403409996667,
    2.621245179000198,
    2.626563623999573,
    2.609647967000001,
    2.610252538000168,
    2.6096438199997465
  ],
  "prusti-tests/tests/verify/pass/quick/shared-borrows.rs": [
    1.646803054999964,
    1.6593885499996759,
    1.6672491340000306,
    1.6447795280000719,
    1.6596432959995582,
    1.6877059470002678,
    1.6552508350000608,
    1.653168473000278,
    1.6506312269998489,
    1.664807405999909
  ],
  "prusti-tests/tests/verify/pass/quick/trait-contracts-refinement.rs": [
    1.472357957999975,
    1.4570663889999196,
    1.4532435109999824,
    1.4381154329998935,
    1.4414070049997463,
    1.4359239519999392,
    1.4304335990000254,
    1.4460348620000332,
    1.4336776750001263,
    1.442636897000284
  ],
  "prusti-tests/tests/verify/pass/quick/routes.rs": [
    4.232485719000124,
    4.110040228000344,
    3.9150820509998994,
    3.861173059000066,
    3.8518235229998936,
    3.891902509999909,
    3.8779027690002295,
    3.862492140000086,
    3.8747807129998364,
    4.091365552000298
  ],
  "prusti-tests/tests/verify/pass/quick/fibonacci.rs": [
    4.930835892000232,
    4.962453477000054,
    4.942463981999936,
    4.945405852000022,
    4.964626909999879,
    4.924231481999868,
    4.91850751200036,
    4.929524153999864,
    4.926975959999709,
    4.9398564359999
  ],
  "prusti-tests/tests/verify/pass/pure-fn/len-lookup.rs": [
    2.897542507000253,
    2.911769384999843,
    2.888922879999882,
    2.893519041000218,
    2.8852872500001467,
    2.902871199999936,
    2.897800940000252,
    2.8799284460001218,
    2.905266031999872,
    2.8917634130002625
  ],
  "prusti-tests/tests/verify/pass/pure-fn/quantifiers.rs": [
    1.7679302579999785,
    1.7515206959997158,
    1.7562299559999701,
    1.7485131209996325,
    1.7568888430000698,
    1.7634598789995835,
    1.756284584000241,
    1.7480575540002974,
    1.7497503499998857,
    1.7648570510000354
  ],
  "prusti-tests/tests/verify/pass/pure-fn/recursive-pure-fn.rs": [
    1.5764747369998986,
    1.5721469730001445,
    1.5867331499998727,
    1.5792601870002727,
    1.579142925999804,
    1.5740053690001332,
    1.5816195060001519,
    1.5661936340002285,
    1.574572882999746,
    1.5831375650000155
  ],
  "prusti-tests/tests/verify/pass/pure-fn/ref-mut-arg.rs": [
    2.3322248969998327,
    2.321048489000077,
    2.3349861579999924,
    2.2971647460003624,
    2.295707957999639,
    2.285542342000099,
    2.3236182509999708,
    2.303716111000085,
    2.3071292800000265,
    2.313402191000023
  ],
  "prusti-tests/tests/verify/pass/rosetta/Ackermann_function.rs": [
    1.6495759029999135,
    1.6340843330003736,
    1.653457871000228,
    1.6301972649998788,
    1.6298988569997164,
    1.6261790739999924,
    1.6203984190001393,
    1.638236280000001,
    1.6312441350000881,
    1.6290446860002703
  ],
  "prusti-tests/tests/verify/pass/rosetta/Heapsort.rs": [
    9.101008465000177,
    9.039703852999992,
    9.036958612000035,
    9.004936356000144,
    9.040348643000016,
    8.979005233999942,
    8.997880394999811,
    8.99558069800014,
    8.984218012999918,
    9.026980730000105
  ]
}