{
  "prusti-tests/tests/verify/pass/rosetta/Knuth_shuffle.rs": [
    1.819384596999953,
    1.6057188140000562,
    1.5867160660000081,
    1.6042671949999203,
    1.5631156119999332,
    1.5130833639999537,
    1.4986402739999676,
    1.555671426999993,
    1.4376428699999906,
    1.4828844659999731
  ],
  "prusti-tests/tests/verify/pass/demos/account.rs": [
    0.6590554090000751,
    0.6484348740000314,
    0.6883003010000266,
    0.7132279300000164,
    0.614193319999913,
    0.6309392420000677,
    0.6079012380000677,
    0.6465294490000133,
    0.6148282299999437,
    0.6479190669999753
  ],
  "prusti-tests/tests/verify/pass/rosetta/Knights_tour.rs": [
    96.53780211100002,
    104.55425824300005,
    108.1311164849999,
    116.20222559499985,
    113.10522112299986,
    118.0375014350002,
    110.10454345400012,
    102.05462161800006,
    110.40318502600007,
    97.30064865399981
  ],
  "prusti-tests/tests/verify/pass/quick/fold-unfold.rs": [
    0.44953186499992626,
    0.4749307019999378,
    0.43340335099992444,
    0.4564966580001055,
    0.435927085000003,
    0.43317634799996085,
    0.44266357300011805,
    0.4974764010000854,
    0.45877998800006026,
    0.4350037720000728
  ],
  "prusti-tests/tests/verify/pass/quick/moves.rs": [
    0.432224935000022,
    0.4332289489998402,
    0.44264777299986235,
    0.4528333079999811,
    0.4527689169999576,
    0.4986802569999327,
    0.4582515170000079,
    0.42481217099998503,
    0.4389500600000247,
    0.4377080429999296
  ],
  "prusti-tests/tests/verify/pass/quick/mut-borrows.rs": [
    0.7350994129999435,
    0.6722476750001078,
    0.8144226719998642,
    0.6762871280000127,
    0.688133986000139,
    0.6878111819999049,
    0.7453631500000029,
    0.6997229009998591,
    0.6376550980000957,
    0.6646591799999442
  ],
  "prusti-tests/tests/verify/pass/quick/shared-borrows.rs": [
    0.5022093869999935,
    0.4969086129999596,
    0.5555846400000064,
    0.4598088889999872,
    0.5282494550001502,
    0.47639962300013394,
    0.4698664300001383,
    0.4709842459999436,
    0.5192194269998254,
    0.5127544350000335
  ],
  "prusti-tests/tests/verify/pass/quick/trait-contracts-refinement.rs": [
    0.706373067999948,
    0.7180439329999899,
    0.6614403260000472,
    0.7046074630000021,
    0.6482262059998902,
    0.6401881980000326,
    0.654259287000059,
    0.6432102379999378,
    0.7345537650001006,
    0.6483042070001375
  ],
  "prusti-tests/tests/verify/pass/quick/routes.rs": [
    2.272899524999957,
    1.9015033959999528,
    2.123830705000046,
    2.144208166999988,
    2.041285343000027,
    2.111849753999877,
    2.1689188360001026,
    2.261916614000029,
    2.36472083700005,
    2.1976037780000297
  ],
  "prusti-tests/tests/verify/pass/quick/fibonacci.rs": [
    2.1354941130000498,
    2.218013628000108,
    2.2072421619998295,
    2.246140351999884,
    2.055368301000044,
    2.267286224000145,
    2.1610570440000174,
    2.105946120999988,
    2.0920346000000336,
    1.9213064279999799
  ],
  "prusti-tests/tests/verify/pass/pure-fn/len-lookup.rs": [
    1.0977762950001306,
    0.92976574599993,
    0.9383322609999141,
    0.9171772770000644,
    0.9663911349998671,
    0.8055336830000215,
    0.8563554629999999,
    0.9580640249998851,
    0.8521968860000015,
    0.8919166989999212
  ],
  "prusti-tests/tests/verify/pass/pure-fn/quantifiers.rs": [
    0.7705485850001423,
    0.8277135920000092,
    0.7478931639998336,
    0.7494352870000967,
    0.7490618809999887,
    0.8560729920000085,
    0.6989807740001197,
    0.7072491900000841,
    0.7441149520000181,
    0.7328363179999542
  ],
  "prusti-tests/tests/verify/pass/pure-fn/recursive-pure-fn.rs": [
    0.686556931000041,
    0.5508663990001423,
    0.5438233390000278,
    0.5436271380001472,
    0.5442856440001833,
    0.5454335530000662,
    0.6072854689998621,
    0.5606008800000382,
    0.5433488349999607,
    0.5465472620001037
  ],
  "prusti-tests/tests/verify/pass/pure-fn/ref-mut-arg.rs": [
    0.714319752999927,
    0.7391220749998411,
    0.792524776999926,
    0.7167109730000902,
    0.7309119640001427,
    0.7964327490001324,
    0.7836604759997954,
    0.7495502159999887,
    0.7216893400000117,
    0.7125542169999335
  ],
  "prusti-tests/tests/verify/pass/rosetta/Ackermann_function.rs": [
    0.8232298100001572,
    0.8870485719999124,
    0.7487485469998774,
    0.7929637380000258,
    0.8200343319999774,
    0.8624222480000299,
    0.9099435399998583,
    0.9470104790000278,
    0.8691297459999987,
    0.9973086109998803
  ],
  "prusti-tests/tests/verify/pass/rosetta/Heapsort.rs": [
    6.27277266100009,
    6.39898313599997,
    6.226514135000116,
    6.157839298999988,
    6.622845243000029,
    6.670140986999968,
    6.339829136000162,
    6.256892062999896,
    6.091752159999942,
    6.199420029000066
  ]
}