{
  "prusti-tests/tests/verify/pass/rosetta/Knuth_shuffle.rs": [
    2.187677393999934,
    1.8810170530000505,
    1.834142689000032,
    1.872525716000041,
    1.8041842519999136,
    1.8031248629999936,
    1.8353644620000296,
    2.0897856029999957,
    1.7974517940000396,
    1.758182937000015
  ],
  "prusti-tests/tests/verify/pass/demos/account.rs": [
    0.8186124630000222,
    0.7592710360000865,
    0.749579156999971,
    0.747377623000034,
    0.804989073999991,
    0.7532530949999909,
    0.8140142499999001,
    0.8065233849999913,
    0.7550264170000673,
    0.828231427999981
  ]
}