{
  "prusti-tests/tests/verify/pass/rosetta/Knuth_shuffle.rs": [
    2.715790173000073,
    2.2105442240000457,
    2.1171916299999793,
    2.091636681999944,
    2.0925237589999597,
    2.2102766470000006,
    2.05578954900011,
    2.064689432000023,
    2.023061912000003,
    2.0639577769999278
  ],
  "prusti-tests/tests/verify/pass/demos/account.rs": [
    0.966766022999991,
    0.9822091779999482,
    0.9733425470001293,
    1.126485313999865,
    0.9712208639998607,
    0.9708958339999754,
    0.9427362800001902,
    0.9415977410001233,
    1.089745331999893,
    1.025615458999937
  ]
}