{
  "prusti-tests/tests/verify/pass/rosetta/Knuth_shuffle.rs": [
    2.2099989770000548,
    2.0159216240000433,
    1.947239798000055,
    2.0340993519999984,
    2.100848269000039,
    1.8214029650000612,
    1.8185203580000007,
    1.8824211699999296,
    1.7818977880000375,
    1.881553763999932
  ],
  "prusti-tests/tests/verify/pass/demos/account.rs": [
    0.7282893020000074,
    0.7751464850000502,
    0.6840575219999891,
    0.7457897320000484,
    0.7421330250000437,
    0.7378245170000355,
    0.7294802019999906,
    0.6922872349999807,
    0.6644975860000386,
    0.681302114999994
  ]
}