{
  "prusti-tests/tests/verify/pass/rosetta/Knuth_shuffle.rs": [
    2.468911124999977,
    2.1056121709999616,
    1.9988434130000314,
    2.0054706800000304,
    2.0100340070000584,
    2.001500684000007,
    1.9390316290000555,
    2.0216628580000133,
    1.9747154079999518,
    1.922392668999919
  ],
  "prusti-tests/tests/verify/pass/demos/account.rs": [
    0.9038861989999987,
    0.7797247229999584,
    0.8378162929999462,
    0.8334773870000163,
    0.8244836929999337,
    0.7860483480000084,
    0.8840702599999304,
    0.811744976,
    0.7839827340001193,
    0.7779852010000923
  ]
}