{
  "prusti-tests/tests/verify/pass/rosetta/Knuth_shuffle.rs": [
    2.736648865999996,
    0.3321976080000013,
    0.3249503619999814,
    0.32537226499994176,
    0.3227602480000087,
    0.32118823799999063,
    0.31976442900008806,
    0.31915672599996014,
    0.32136613900001976,
    0.32435385799999494
  ],
  "prusti-tests/tests/verify/pass/demos/account.rs": [
    2.2143094200000633,
    0.12924483699998746,
    0.1277274279999574,
    0.12764662699999008,
    0.12810862899993936,
    0.1279834289999826,
    0.12841843100000006,
    0.12814013000001978,
    0.1278887290000057,
    0.12757422699996823
  ],
  "prusti-tests/tests/verify/pass/rosetta/Knights_tour.rs": [
    98.73558335899997,
    2.1985728420000896,
    2.1948070560000588,
    2.1967586689999052,
    2.2024358080000184,
    2.200321027999962,
    2.202420564000022,
    2.198843641000053,
    2.2215036860000055,
    2.202379851000046
  ],
  "prusti-tests/tests/verify/pass/quick/fold-unfold.rs": [
    1.4483678039999859,
    0.10006744300005721,
    0.10242675799997869,
    0.1009911490000377,
    0.1021153559998993,
    0.10192305500004295,
    0.10166335300004903,
    0.10136285099997622,
    0.10170185299989498,
    0.10172895300001983
  ],
  "prusti-tests/tests/verify/pass/quick/moves.rs": [
    1.498677726999972,
    0.09873483399996985,
    0.09942413900000702,
    0.09630801900004826,
    0.09612701800006107,
    0.09721502499996859,
    0.09685652300004222,
    0.09840223200001219,
    0.09762582700000166,
    0.09683862199995019
  ],
  "prusti-tests/tests/verify/pass/quick/mut-borrows.rs": [
    3.0067051710000214,
    0.15530271399995854,
    0.15484481299995423,
    0.15425521199995273,
    0.1533436109999684,
    0.15394891200003258,
    0.155092212999989,
    0.15746211700002277,
    0.15458891200000835,
    0.15503551300002982
  ],
  "prusti-tests/tests/verify/pass/quick/shared-borrows.rs": [
    1.8716739259999713,
    0.09402361100001144,
    0.11238113100000646,
    0.09556992199998149,
    0.09503981800003203,
    0.09342400699995324,
    0.0931787050000139,
    0.09477541599994765,
    0.09632832600004804,
    0.09349980799993318
  ],
  "prusti-tests/tests/verify/pass/quick/trait-contracts-refinement.rs": [
    1.6673361409999643,
    0.13755479400003878,
    0.13927920600008292,
    0.1396900080000023,
    0.13889440299999478,
    0.13796219699997891,
    0.13805139700002655,
    0.13786630599997807,
    0.13821341200002735,
    0.13832811300005687
  ],
  "prusti-tests/tests/verify/pass/quick/routes.rs": [
    5.2527299769999445,
    0.3329217980000294,
    0.3340055050000501,
    0.33187149100001534,
    0.33324689999994916,
    0.33318849899990255,
    0.3337359030000471,
    0.3328756969999631,
    0.3309445519998917,
    0.33347788199989736
  ],
  "prusti-tests/tests/verify/pass/quick/fibonacci.rs": [
    0.3497548929999539,
    0.351202803000092,
    0.35129340299999967,
    0.3478549789999761,
    0.3442288550000967,
    0.3474484769999435,
    0.3514014040000575,
    0.35117470299996967,
    0.35175000600008843,
    0.350632897999958
  ],
  "prusti-tests/tests/verify/pass/pure-fn/len-lookup.rs": [
    3.6515599789998987,
    0.21301145699999324,
    0.21502081500000259,
    0.21369319600000836,
    0.21192178400008288,
    0.2152095049999616,
    0.2132560930000409,
    0.21480190299996593,
    0.21329419300002428,
    0.21251358799997888
  ],
  "prusti-tests/tests/verify/pass/pure-fn/quantifiers.rs": [
    2.194186832000014,
    0.19834539500004666,
    0.18732742400004554,
    0.18665851900004782,
    0.1874763250000342,
    0.18768862599995373,
    0.18756252499997572,
    0.1876176260000193,
    0.1868840199999795,
    0.18734642399999757
  ],
  "prusti-tests/tests/verify/pass/pure-fn/recursive-pure-fn.rs": [
    1.944477001999985,
    0.14852137000002585,
    0.1459000529999912,
    0.14763916399999744,
    0.14569544599999062,
    0.14701825200006624,
    0.14539784099997632,
    0.14730415300005006,
    0.14519723900002646,
    0.14569644300001983
  ],
  "prusti-tests/tests/verify/pass/pure-fn/ref-mut-arg.rs": [
    2.8878791899999214,
    0.18069536999996672,
    0.18023636700002044,
    0.18085887100005493,
    0.17965666199995667,
    0.18054846800009727,
    0.1821210790000123,
    0.18005516499999885,
    0.17923616000007314,
    0.17983386299999893
  ],
  "prusti-tests/tests/verify/pass/rosetta/Ackermann_function.rs": [
    1.9111527690000685,
    0.2145543889999999,
    0.21413418500003445,
    0.22124963200008096,
    0.21538458800000626,
    0.21594168399997216,
    0.2157101819999525,
    0.21558608199995888,
    0.2163872870000887,
    0.21459967500004495
  ],
  "prusti-tests/tests/verify/pass/rosetta/Heapsort.rs": [
    9.730940323000027,
    0.9408689549999281,
    0.946760992999998,
    0.9465377909999688,
    0.9455660850001095,
    0.9432215709999809,
    0.9440679120000368,
    0.955487981000033,
    0.9451004129999774,
    0.942862697999999
  ]
}