{
  "prusti-tests/tests/verify/pass/rosetta/Knuth_shuffle.rs": [
    2.242301397999995,
    1.96386325200001,
    2.0094096640000316,
    1.9531457470000078,
    1.886797357999967,
    1.908953366999981,
    1.9684929229999852,
    1.8716813080000065,
    1.8678743039999972,
    1.878130060999979
  ],
  "prusti-tests/tests/verify/pass/demos/account.rs": [
    1.7017732880000267,
    1.6980501030000141,
    1.7152002220000213,
    1.693598210999994,
    1.682419557000003,
    1.6761440830000538,
    1.6936224330000869,
    1.7137387550000085,
    1.6778886989999364,
    1.6690970350000498
  ],
  "prusti-tests/tests/verify/pass/rosetta/Knights_tour.rs": [
    94.30293543200003,
    95.22136982699988,
    94.33625321399995,
    94.49821732300006,
    94.71579272600002,
    93.35752538799989,
    95.15770742900008,
    96.98462656700008,
    92.157627392,
    93.911351212
  ],
  "prusti-tests/tests/verify/pass/quick/fold-unfold.rs": [
    1.1382318240000586,
    1.1461741920002169,
    1.1374964409999393,
    1.1621571650000533,
    1.152787003999947,
    1.1488600210000186,
    1.1303332970001065,
    1.1405438549998053,
    1.1459884319999674,
    1.1507959410000694
  ],
  "prusti-tests/tests/verify/pass/quick/moves.rs": [
    1.3763069730000552,
    1.3899982160000945,
    1.3959388920000038,
    1.3711416940000163,
    1.3766543709998587,
    1.3794714289999774,
    1.3655974549999428,
    1.3733497230000467,
    1.3677307460000065,
    1.3603405769999881
  ],
  "prusti-tests/tests/verify/pass/quick/mut-borrows.rs": [
    2.691224062999936,
    2.693248256000061,
    2.6966664419999233,
    2.723569935999876,
    2.6884846919999745,
    2.71105589900003,
    2.6960388630000125,
    2.709902308999972,
    2.7046861310000168,
    2.690392015000043
  ],
  "prusti-tests/tests/verify/pass/quick/shared-borrows.rs": [
    1.7107257269999536,
    1.7143092240000897,
    1.707847534999928,
    1.7219430770001054,
    1.7196277430000464,
    1.7119224890000169,
    1.7042551609999919,
    1.7157086539998545,
    1.7155385599999136,
    1.7118461130000924
  ],
  "prusti-tests/tests/verify/pass/quick/trait-contracts-refinement.rs": [
    1.584987516999945,
    1.5280601599999954,
    1.5328471999998783,
    1.5162128299998585,
    1.5327661110000008,
    1.5144203249999464,
    1.5256487159999779,
    1.5360713100001249,
    1.5275475959999767,
    1.5038755560001391
  ],
  "prusti-tests/tests/verify/pass/quick/routes.rs": [
    4.652640195999993,
    4.379056952000155,
    4.2124103799999375,
    4.175668746000156,
    4.275499267999976,
    4.235382492999861,
    4.150650930999973,
    4.216875826999967,
    4.203860056999929,
    4.153360271999873
  ],
  "prusti-tests/tests/verify/pass/quick/fibonacci.rs": [
    5.320926457000041,
    5.355750852000028,
    5.282455104000064,
    5.300959779000095,
    5.324129778999804,
    5.249277188000178,
    5.3118278049998935,
    5.310271668000041,
    5.30556857800002,
    5.244663196000147
  ],
  "prusti-tests/tests/verify/pass/pure-fn/len-lookup.rs": [
    3.1121195979999356,
    3.106509520999907,
    3.0765330059998632,
    3.0900663970001006,
    3.1212604219999776,
    3.106029896999871,
    3.087961865999887,
    3.085427826999876,
    3.067450127000029,
    3.0712839109999095
  ],
  "prusti-tests/tests/verify/pass/pure-fn/quantifiers.rs": [
    1.9297775090001323,
    1.9119469820000177,
    1.8830129929999657,
    1.8938870509996377,
    1.887927008999668,
    1.880506489000254,
    1.9085725790000652,
    1.8939690360002714,
    1.9124323999999433,
    1.9076372489998903
  ],
  "prusti-tests/tests/verify/pass/pure-fn/recursive-pure-fn.rs": [
    1.6771843489996172,
    1.6686329829999522,
    1.6659059930002513,
    1.6680756490000022,
    1.6799428009999247,
    1.6738062250001349,
    1.661614272999941,
    1.679994224999973,
    1.6573376229998757,
    1.6657147910000276
  ],
  "prusti-tests/tests/verify/pass/pure-fn/ref-mut-arg.rs": [
    2.4781781650003722,
    2.504713115999948,
    2.4870420359998207,
    2.4787108680002348,
    2.468724806999944,
    2.4826402469998357,
    2.4715720899998814,
    2.4690181999999368,
    2.476093670999944,
    2.4641751180001847
  ],
  "prusti-tests/tests/verify/pass/rosetta/Ackermann_function.rs": [
    1.7333925900002214,
    1.707224492000023,
    1.7142083659996388,
    1.706407997000042,
    1.7074813929998527,
    1.7253434230001403,
    1.7191359479998027,
    1.711141280999982,
    1.7227968349998264,
    1.708055492999847
  ],
  "prusti-tests/tests/verify/pass/rosetta/Heapsort.rs": [
    9.693576891000248,
    9.620611215999816,
    9.677610368999922,
    9.602040450000004,
    9.666977422999935,
    9.545542055999704,
    9.529791586999636,
    9.551586068999768,
    9.635564123000222,
    9.50543640800015
  ]
}