{
  "prusti-tests/tests/verify/pass/rosetta/Knuth_shuffle.rs": [
    2.356130287000042,
    2.1127183659999673,
    2.0071669330000077,
    2.101963029999979,
    1.990962528999944,
    2.0370987390000437,
    1.9276373120000017,
    1.9893380989999514,
    2.097049375000097,
    2.055458339999973
  ],
  "prusti-tests/tests/verify/pass/demos/account.rs": [
    1.7684486750000588,
    1.7564314219999915,
    1.765434937000009,
    1.8071716849999575,
    1.7376719190000358,
    1.7768870200000038,
    1.7396377439999924,
    1.7599717040000087,
    1.748200010000005,
    1.7467196829999239
  ],
  "prusti-tests/tests/verify/pass/rosetta/Knights_tour.rs": [
    105.00211450400002,
    102.11534106800002,
    102.77455095300002,
    106.53863068700002,
    100.172866312,
    103.68307178400005,
    103.66431317299998,
    103.00731418700002,
    100.91953147699996,
    98.68820675000006
  ],
  "prusti-tests/tests/verify/pass/quick/fold-unfold.rs": [
    1.1395921129999351,
    1.131868114999861,
    1.1341072430000168,
    1.1262260980001884,
    1.1317468659999577,
    1.132278671999984,
    1.1481984739998552,
    1.1326462769998216,
    1.1505455040000925,
    1.1323716730000797
  ],
  "prusti-tests/tests/verify/pass/quick/moves.rs": [
    1.3821153619999222,
    1.3675709780000034,
    1.3897581599999285,
    1.3651896479998413,
    1.36484524399998,
    1.391669562000061,
    1.3953997149999395,
    1.3645097270000406,
    1.3731428349999533,
    1.3893199379999714
  ],
  "prusti-tests/tests/verify/pass/quick/mut-borrows.rs": [
    2.7355732809999154,
    2.7568488179999804,
    2.794502493999971,
    2.7431841890002033,
    2.754200460999982,
    2.7547725679999076,
    2.754811683000071,
    2.787291521000043,
    2.7775165969999307,
    2.755099816999973
  ],
  "prusti-tests/tests/verify/pass/quick/shared-borrows.rs": [
    1.76472693300002,
    1.7736316460000126,
    1.7572569380001823,
    1.7561990179999611,
    1.7331850919999852,
    1.7539911559999837,
    1.7561042830000133,
    1.7649269940000067,
    1.7492688969998653,
    1.7229249629999686
  ],
  "prusti-tests/tests/verify/pass/quick/trait-contracts-refinement.rs": [
    1.6046445609999864,
    1.53296165200004,
    1.5318034370000078,
    1.5069963239998287,
    1.5443495990000429,
    1.5079950370000006,
    1.5394273370000064,
    1.5130127009999796,
    1.571927061999986,
    1.5190612129999863
  ],
  "prusti-tests/tests/verify/pass/quick/routes.rs": [
    5.179849652999792,
    5.077313773000014,
    4.874872007000022,
    4.950292913000112,
    4.819223488000034,
    4.875139024999953,
    4.9517617520000385,
    4.8598801429998275,
    4.818316318000143,
    4.825942796000163
  ],
  "prusti-tests/tests/verify/pass/quick/fibonacci.rs": [
    6.051639609999938,
    6.039973843000098,
    6.05543253299993,
    6.159227951000048,
    6.295545485000048,
    5.964087103000111,
    6.021108105999929,
    6.126031916000102,
    6.091238922000002,
    6.135308492999911
  ],
  "prusti-tests/tests/verify/pass/pure-fn/len-lookup.rs": [
    3.5865620029999263,
    3.5262602319999132,
    3.472776980999697,
    3.532955688000129,
    3.477401708999878,
    3.4753741119998267,
    3.4986720539995986,
    3.4924951670000155,
    3.5247817780000332,
    3.43415905799975
  ],
  "prusti-tests/tests/verify/pass/pure-fn/quantifiers.rs": [
    2.1815210689997,
    2.3101231119999284,
    2.369599411999843,
    2.131380215000263,
    2.1888379669999267,
    2.1269193590001123,
    2.194660756000303,
    2.182587797999986,
    2.1105900550001024,
    2.4375763709999774
  ],
  "prusti-tests/tests/verify/pass/pure-fn/recursive-pure-fn.rs": [
    2.0996904369999356,
    2.037961746000292,
    2.0766171410000425,
    2.2010732130001998,
    2.0800300749997405,
    2.04688854799997,
    2.1344043740000416,
    2.09466441900031,
    2.2166975869999987,
    2.0617873959999997
  ],
  "prusti-tests/tests/verify/pass/pure-fn/ref-mut-arg.rs": [
    2.4549544189999324,
    2.6308678139998847,
    2.4714497710001524,
    2.6575631929999872,
    2.6228728830001273,
    2.5557779189998655,
    2.592571270999997,
    2.659618283000327,
    2.479519975999665,
    2.655748929999845
  ],
  "prusti-tests/tests/verify/pass/rosetta/Ackermann_function.rs": [
    2.0341914069999802,
    2.057881508999799,
    2.0645861949997197,
    2.040350688000217,
    2.0249946059998365,
    2.1043695210000806,
    1.9878199310001037,
    2.0257792069996867,
    2.0941829519997555,
    2.0307304409998324
  ],
  "prusti-tests/tests/verify/pass/rosetta/Heapsort.rs": [
    10.71034623200012,
    10.825565772000118,
    10.641014795000046,
    10.630682060999789,
    10.726028521999979,
    10.859974582000177,
    10.545970233999924,
    10.87821864100033,
    10.733691661000194,
    10.772170106999965
  ]
}