{
  "prusti-tests/tests/verify/pass/rosetta/Knuth_shuffle.rs": [
    2.6531764680000833,
    2.2364668769998843,
    2.121562670000003,
    2.178417366999838,
    2.1529386720001185,
    2.125691652000114,
    2.108182622999948,
    2.186406740999928,
    2.2757829249999304,
    2.2156453039999633
  ],
  "prusti-tests/tests/verify/pass/demos/account.rs": [
    1.9836202239998784,
    1.8848386629999823,
    1.9108879269999761,
    1.9557299549999243,
    1.900961617999883,
    1.8694587460001912,
    1.898082956000053,
    1.9541703580000558,
    1.8580136829998537,
    1.849683910999829
  ],
  "prusti-tests/tests/verify/pass/rosetta/Knights_tour.rs": [
    117.84376198700011,
    115.68963657599988,
    114.28554553999993,
    114.0560489359998,
    113.67209687200011,
    120.36032816599982,
    127.41928403500015,
    128.598441868,
    130.78496275700036,
    129.5079923029998
  ],
  "prusti-tests/tests/verify/pass/quick/fold-unfold.rs": [
    1.2939401200001157,
    1.4130065700001069,
    1.3955592719999004,
    1.3727594750002936,
    1.4182123410000713,
    1.3734007799998835,
    1.2990061800001058,
    1.3118401830001858,
    1.3344449559999703,
    1.3818529609998222
  ],
  "prusti-tests/tests/verify/pass/quick/moves.rs": [
    1.55561919999991,
    1.551048968000032,
    1.63656877800031,
    1.4944099760000427,
    1.5147748949998459,
    1.5513464830000885,
    1.5751871699999356,
    1.4986894689996006,
    1.5644548860000214,
    1.4712086689996795
  ],
  "prusti-tests/tests/verify/pass/quick/mut-borrows.rs": [
    3.147145715000079,
    3.066660149999734,
    2.9034205969996947,
    2.948547646999941,
    2.99479490099975,
    2.979617226999835,
    3.0337446479998107,
    3.1176871010002287,
    3.182715213999927,
    3.04213688200025
  ],
  "prusti-tests/tests/verify/pass/quick/shared-borrows.rs": [
    1.9285075389998383,
    2.0226956500000597,
    2.21143294400008,
    2.0217673430001923,
    1.8855911509999714,
    1.8444101350000892,
    1.8716959150001458,
    1.8595975250000265,
    1.929998175000037,
    1.9020879659997263
  ],
  "prusti-tests/tests/verify/pass/quick/trait-contracts-refinement.rs": [
    1.8681080460000885,
    1.7537027090002084,
    1.7055753800000275,
    1.6335564150003847,
    1.8087924759997804,
    1.7543615149998004,
    1.7676525030001358,
    1.7919769780000934,
    1.6396945090000372,
    1.6655268819999947
  ],
  "prusti-tests/tests/verify/pass/quick/routes.rs": [
    5.560818268000276,
    5.269054176999816,
    5.132841231999919,
    5.083211193000352,
    5.19267162999995,
    4.9930595289997655,
    5.090447997999945,
    4.9887365629997475,
    4.995829569999842,
    4.954229666000174
  ],
  "prusti-tests/tests/verify/pass/quick/fibonacci.rs": [
    6.6650895270004185,
    6.603071820999958,
    6.602677724999921,
    6.539635890999762,
    6.476096633999987,
    6.578076936000343,
    6.626589505000084,
    6.484930456999791,
    6.4218472139996265,
    6.5031272250002985
  ],
  "prusti-tests/tests/verify/pass/pure-fn/len-lookup.rs": [
    3.613294112999938,
    3.527809730000172,
    3.800682940000115,
    3.621039865000057,
    3.6678504159999648,
    3.801662056999703,
    3.588808755000173,
    3.8743078120000973,
    3.5956281250000757,
    3.6298506829998587
  ],
  "prusti-tests/tests/verify/pass/pure-fn/quantifiers.rs": [
    2.218996624000283,
    2.3137687969997387,
    2.1429296199999044,
    2.307231664000028,
    2.2052145100001326,
    2.274804267000036,
    2.247956920999968,
    2.216270822000297,
    2.14750914599972,
    2.2623882000002595
  ],
  "prusti-tests/tests/verify/pass/pure-fn/recursive-pure-fn.rs": [
    1.9943140079999466,
    1.9516022370003157,
    1.895121132999975,
    1.8875453979999293,
    1.8935744260002139,
    1.9258297730002596,
    1.981019042999833,
    1.9248788340000829,
    1.8964347520000047,
    1.9258230400000684
  ],
  "prusti-tests/tests/verify/pass/pure-fn/ref-mut-arg.rs": [
    2.9143814300000486,
    2.9460444369997276,
    2.8873188699999446,
    2.9588474560000577,
    2.926319890999821,
    2.8890695370000685,
    2.8471890759997223,
    3.018261933999838,
    2.946018951000042,
    3.019588103999922
  ],
  "prusti-tests/tests/verify/pass/rosetta/Ackermann_function.rs": [
    1.8552462799998466,
    1.886608188000082,
    1.9113615420001224,
    1.8806793920002747,
    1.8249772189997202,
    1.8854693150001367,
    1.8756816069999331,
    1.8713003860002573,
    1.8665964739998344,
    1.9209224100000029
  ],
  "prusti-tests/tests/verify/pass/rosetta/Heapsort.rs": [
    13.273327670000072,
    12.981315000999984,
    13.258521299000222,
    13.681727059999957,
    13.624721925999893,
    13.868641802000184,
    12.737059574999876,
    12.961038635000023,
    13.207935856000404,
    13.550595178000094
  ]
}