{
  "prusti-tests/tests/verify/pass/rosetta/Knuth_shuffle.rs": [
    2.180949641999973,
    1.72068775799994,
    1.763479099000051,
    1.778818685000033,
    1.7119713100000808,
    1.6728030900000022,
    1.7112230049999653,
    1.7527992380000796,
    1.7445466919999717,
    1.6526732759999732
  ],
  "prusti-tests/tests/verify/pass/demos/account.rs": [
    0.7277506850000464,
    0.7611023719999821,
    0.7543804340000406,
    0.7080628740000066,
    0.7530345259999649,
    0.738763547000076,
    0.7273274830000673,
    0.72244945500006,
    0.7176675279999927,
    0.7007039329999998
  ]
}