{
  "prusti-tests/tests/verify/pass/rosetta/Knuth_shuffle.rs": [
    3.0192520319999403,
    2.797141657000111,
    2.785124069999938,
    2.91075421000005,
    2.8247501159999047,
    2.788087121999979,
    2.771453633999954,
    2.6814552939999885,
    2.7052184170001965,
    2.6598817130000043
  ],
  "prusti-tests/tests/verify/pass/demos/account.rs": [
    2.2465874750000694,
    2.217405921999898,
    2.2127639939999426,
    2.211127673999954,
    2.175505689999909,
    2.164419731999942,
    2.2094585699999243,
    2.3054248700000244,
    2.2855499669999517,
    2.1641726259999814
  ],
  "prusti-tests/tests/verify/pass/rosetta/Knights_tour.rs": [
    141.4622350860002,
    139.5839922560001,
    138.13613847199986,
    138.2275667629997,
    137.17938793999974,
    136.9179301690001,
    135.76289311100027,
    136.6886591890002,
    139.76063494899972,
    140.66419830699988
  ],
  "prusti-tests/tests/verify/pass/quick/fold-unfold.rs": [
    1.4810946739999054,
    1.4563836719999017,
    1.4437951120003163,
    1.455712568999843,
    1.4148164729999735,
    1.4659643180002604,
    1.4332007799998792,
    1.4404952330000924,
    1.4340740020002158,
    1.4165929179998784
  ],
  "prusti-tests/tests/verify/pass/quick/moves.rs": [
    1.8156421379999301,
    1.7315424749999693,
    1.8252746220000517,
    1.7650116280001384,
    1.7277745459996368,
    1.7658113309998953,
    1.7750498020000123,
    1.8046451650002382,
    1.8211973430002217,
    1.7779279400001542
  ],
  "prusti-tests/tests/verify/pass/quick/mut-borrows.rs": [
    3.5828177169996707,
    3.4410268309998173,
    3.5095760839999457,
    3.5624696439999752,
    3.508672813999965,
    3.577952925000318,
    3.5171224369996708,
    3.657433988000321,
    3.693581639000058,
    3.4623870110003736
  ],
  "prusti-tests/tests/verify/pass/quick/shared-borrows.rs": [
    2.2452825979999034,
    2.1701714490000086,
    2.1344370699998763,
    2.223732678000033,
    2.1916780490000747,
    2.192595800000163,
    2.223055772999942,
    2.190380835000269,
    2.109415745000206,
    2.130504338999799
  ],
  "prusti-tests/tests/verify/pass/quick/trait-contracts-refinement.rs": [
    2.110479944999952,
    2.024875634000182,
    1.9589209960004155,
    1.9469523130001107,
    1.987879742000132,
    1.9715822670000307,
    2.007329230999858,
    2.0816609190001145,
    1.9831726699999308,
    2.0375347430003785
  ],
  "prusti-tests/tests/verify/pass/quick/routes.rs": [
    6.278883075000067,
    6.092652928999996,
    6.326778182999988,
    6.411348644999634,
    6.239983587000097,
    6.001424827000392,
    6.2303413449999425,
    6.132759199999782,
    6.198503027999777,
    6.355257208999774
  ],
  "prusti-tests/tests/verify/pass/quick/fibonacci.rs": [
    7.927467174999947,
    7.763020162999965,
    8.000563470999623,
    8.066382893000082,
    7.837302934000036,
    7.583309934000226,
    7.811092115000065,
    7.912851648000014,
    7.921943929000008,
    7.932875806999618
  ],
  "prusti-tests/tests/verify/pass/pure-fn/len-lookup.rs": [
    4.4165890070003115,
    4.490950051999789,
    4.345411975999923,
    4.357227661000252,
    4.307609374000094,
    4.366492155999822,
    4.242879737999829,
    4.428371380000044,
    4.421650669999963,
    4.446182168999712
  ],
  "prusti-tests/tests/verify/pass/pure-fn/quantifiers.rs": [
    2.597195955999723,
    2.686289026000395,
    2.6312630150000587,
    2.7089332539999305,
    2.5986718439999095,
    2.661655448000147,
    2.7570801689998916,
    2.886991559999842,
    2.6989256110000497,
    2.7449988120001763
  ],
  "prusti-tests/tests/verify/pass/pure-fn/recursive-pure-fn.rs": [
    2.268839855999886,
    2.249371339999925,
    2.2669001139997818,
    2.2532324419998986,
    2.2555279960001826,
    2.4555989089999457,
    2.406633685000088,
    2.402790307000032,
    2.426523096999972,
    2.4446861789997456
  ],
  "prusti-tests/tests/verify/pass/pure-fn/ref-mut-arg.rs": [
    3.5809247460001643,
    3.48114445300007,
    3.639204517000053,
    3.5266305789996295,
    3.4498789299996133,
    3.577184946000216,
    3.476286502000221,
    3.457353141999647,
    3.6168146800000613,
    3.487704530999963
  ],
  "prusti-tests/tests/verify/pass/rosetta/Ackermann_function.rs": [
    2.2317220790000647,
    2.1906543330001114,
    2.2002557609998803,
    2.1672079540003324,
    2.2315573070000028,
    2.2402728279998882,
    2.2206999019999785,
    2.180650382999829,
    2.2023518639998656,
    2.2099082330000783
  ],
  "prusti-tests/tests/verify/pass/rosetta/Heapsort.rs": [
    15.082525516999794,
    15.017105477000314,
    14.97365741800013,
    15.357383798999763,
    15.407791420000194,
    15.584454796000045,
    15.72687215499991,
    15.265451505999863,
    15.200243872000101,
    15.74429453799985
  ]
}