{
  "prusti-tests/tests/verify/pass/rosetta/Knuth_shuffle.rs": [
    2.0510248690000026,
    1.7424024570000256,
    1.7537016340000946,
    1.649970628999995,
    1.6765019089999669,
    1.572453802000041,
    1.6311292010000216,
    1.5963694650000662,
    1.5650050509999573,
    1.5696085820000008
  ],
  "prusti-tests/tests/verify/pass/demos/account.rs": [
    0.7004587700000684,
    0.7100776380000298,
    0.6948408339999332,
    0.6722174799999721,
    0.7334853969999813,
    0.631222700999956,
    0.6788348250000809,
    0.6564574720000564,
    0.6567747750000308,
    0.6475178120000464
  ],
  "prusti-tests/tests/verify/pass/rosetta/Knights_tour.rs": [
    100.72332563299994,
    100.84382229700009,
    108.29700077100006,
    108.55364873000008,
    107.91798708400006,
    104.56606720200011,
    106.29512754000007,
    113.83378791699988,
    112.33781548799993,
    113.4051910080002
  ],
  "prusti-tests/tests/verify/pass/quick/fold-unfold.rs": [
    0.5083415079998304,
    0.4700365429998783,
    0.4632328970001254,
    0.4774436949996925,
    0.46180268600028285,
    0.4634890990000713,
    0.5189088810002431,
    0.4772661940000944,
    0.4856469510000352,
    0.4660622159999548
  ],
  "prusti-tests/tests/verify/pass/quick/moves.rs": [
    0.46436830500033466,
    0.4648336069999459,
    0.4789618069999051,
    0.5202622950000659,
    0.47133825700029774,
    0.47204566099981093,
    0.4655951160002587,
    0.47701559500001167,
    0.47485958100014614,
    0.4720425610003076
  ],
  "prusti-tests/tests/verify/pass/quick/mut-borrows.rs": [
    0.8050924620001751,
    0.7086741960001746,
    0.7442924420001873,
    0.7026646539998183,
    0.7423399280000922,
    0.7289892359999612,
    0.7248690840001473,
    0.8371679589999985,
    0.7751601909999408,
    0.6984053359997233
  ],
  "prusti-tests/tests/verify/pass/quick/shared-borrows.rs": [
    0.5167419609997523,
    0.5366574780000519,
    0.6148576420000609,
    0.5432512170000336,
    0.5840400590000172,
    0.5205157830000644,
    0.5153624530003071,
    0.5687300690001393,
    0.5108152249999875,
    0.507436848999987
  ],
  "prusti-tests/tests/verify/pass/quick/trait-contracts-refinement.rs": [
    0.7610131299998102,
    0.7839788810001664,
    0.6940530870001567,
    0.6912312690001272,
    0.6865883370001029,
    0.7492039519997888,
    0.7046995569999126,
    0.7095332899998539,
    0.7278597100003026,
    0.7000761270001021
  ],
  "prusti-tests/tests/verify/pass/quick/routes.rs": [
    2.332414215999961,
    2.11368920599989,
    1.958661857000152,
    2.024527703000331,
    2.0914221930001986,
    2.063825106999957,
    2.128334044999974,
    2.198854841999946,
    1.981854031000239,
    2.122363889999633
  ],
  "prusti-tests/tests/verify/pass/quick/fibonacci.rs": [
    1.9498666129998128,
    1.694154050999714,
    1.7648213989996293,
    1.8027501560000019,
    1.9009548170001835,
    1.710600133999833,
    1.7797172919999866,
    1.622734971999762,
    1.9323524840001483,
    1.862641708999945
  ],
  "prusti-tests/tests/verify/pass/pure-fn/len-lookup.rs": [
    0.7909275960000741,
    0.866227811999579,
    0.9759143680003035,
    0.8175150849997408,
    0.86551201400016,
    0.9312387619997935,
    0.8321328860001813,
    0.7912815059999048,
    0.8027317839996613,
    0.8764403879999918
  ],
  "prusti-tests/tests/verify/pass/pure-fn/quantifiers.rs": [
    0.7236468450000757,
    0.7300944859998708,
    0.8249568780001937,
    0.7262801589999981,
    0.7118408680003085,
    0.7209154239999407,
    0.704762024000047,
    0.7832760169999347,
    0.7095331539999279,
    0.7071413379999285
  ],
  "prusti-tests/tests/verify/pass/pure-fn/recursive-pure-fn.rs": [
    0.5495197489999555,
    0.6235796139999366,
    0.5525239399999009,
    0.5457934930000192,
    0.547857606999969,
    0.5482054090002748,
    0.5542895500002487,
    0.6111940350001532,
    0.5502555220000431,
    0.5534164440000495
  ],
  "prusti-tests/tests/verify/pass/pure-fn/ref-mut-arg.rs": [
    0.7343907680001394,
    0.7331436599997687,
    0.7863539199997831,
    0.7268374169998424,
    0.7301956390001578,
    0.717461657000058,
    0.7865788270000849,
    0.7230718969999543,
    0.7167263540000022,
    0.7110457150001821
  ],
  "prusti-tests/tests/verify/pass/rosetta/Ackermann_function.rs": [
    0.9104306660001384,
    0.7663963910003986,
    0.7675559980002618,
    0.8618053360000886,
    0.8621541390002676,
    0.779852079000193,
    0.8612510279999697,
    0.7856519169999956,
    0.8595096159997411,
    0.782140193000032
  ],
  "prusti-tests/tests/verify/pass/rosetta/Heapsort.rs": [
    8.308522834999621,
    7.988908573000117,
    8.020279716999994,
    8.26161042900003,
    7.8756812209999225,
    8.192650044999937,
    8.033798408000166,
    8.153529270000035,
    8.340607537999858,
    8.268698361000133
  ]
}