{
  "prusti-tests/tests/verify/pass/rosetta/Knuth_shuffle.rs": [
    2.8684163780000063,
    2.5406433010000455,
    2.430866274999971,
    2.5759306209999977,
    2.4317311539999764,
    2.428679328000044,
    2.498058117000028,
    2.384922827999958,
    2.338100362999853,
    2.402910382000073
  ],
  "prusti-tests/tests/verify/pass/demos/account.rs": [
    2.1529359680000653,
    2.2231865319999997,
    2.1499195769999915,
    2.075036152999928,
    2.0766832640001667,
    2.1123256459998174,
    2.122860017999983,
    2.0986966299999494,
    2.116933603999996,
    2.2187476120000156
  ],
  "prusti-tests/tests/verify/pass/rosetta/Knights_tour.rs": [
    134.6721152980001,
    129.2892017459999,
    127.89442017500005,
    128.18935379799996,
    130.17623037700014,
    124.789497794,
    127.40763206700012,
    128.45541949400013,
    126.62089977300002,
    126.14699771799997
  ],
  "prusti-tests/tests/verify/pass/quick/fold-unfold.rs": [
    1.3616563710002083,
    1.353478510000059,
    1.3896090270000059,
    1.3659941469995829,
    1.3441821400001572,
    1.4036504099999547,
    1.3550641930000893,
    1.3753283649998593,
    1.385581534999801,
    1.4215579159999834
  ],
  "prusti-tests/tests/verify/pass/quick/moves.rs": [
    1.6059483059998456,
    1.6291115599997283,
    1.639155757000026,
    1.6668458870003633,
    1.6295792580003763,
    1.6581452299997181,
    1.6208586009997816,
    1.6474865979998867,
    1.6232346800002233,
    1.6944235650003066
  ],
  "prusti-tests/tests/verify/pass/quick/mut-borrows.rs": [
    3.328415495000172,
    3.3293685349999578,
    3.392501745000118,
    3.299634003999927,
    3.23693694099984,
    3.2906972920000044,
    3.400023051000062,
    3.3158006539997587,
    3.4517721019997225,
    3.3899583740003436
  ],
  "prusti-tests/tests/verify/pass/quick/shared-borrows.rs": [
    2.09176930600006,
    2.033251375999953,
    2.1086982009996973,
    2.1505680719997144,
    2.1095466369997666,
    2.125945175000197,
    2.082008574000156,
    2.123989946000165,
    2.0583611750003,
    2.0306466850001925
  ],
  "prusti-tests/tests/verify/pass/quick/trait-contracts-refinement.rs": [
    1.8547911269997712,
    1.969869681000091,
    1.8977093000003151,
    1.9311911979998513,
    1.8796558250000999,
    1.893269299000167,
    1.8676688199998353,
    1.895748912000272,
    1.8664653849996284,
    1.8617953110001508
  ],
  "prusti-tests/tests/verify/pass/quick/routes.rs": [
    5.62240637900004,
    5.547597150000001,
    5.128452251999988,
    5.261512561000018,
    5.35294594800007,
    5.2121502119998695,
    5.151785779999955,
    5.2036059359998035,
    5.240339099000266,
    5.2924881820003975
  ],
  "prusti-tests/tests/verify/pass/quick/fibonacci.rs": [
    6.854488849000063,
    6.6861332700000276,
    6.866442929000186,
    6.907752179999989,
    6.722188731999722,
    6.742431639999722,
    6.5810149429999,
    6.576807722000012,
    6.661568533999798,
    6.65426024899989
  ],
  "prusti-tests/tests/verify/pass/pure-fn/len-lookup.rs": [
    3.8265391230002024,
    3.7873574850000296,
    3.7519163289998687,
    3.731250251000347,
    3.739269391000107,
    3.8310914410003534,
    3.8355078200002026,
    3.905805871999746,
    3.8474046749997797,
    3.7734377609999683
  ],
  "prusti-tests/tests/verify/pass/pure-fn/quantifiers.rs": [
    2.3438276889996814,
    2.393018351000137,
    2.3344195619997663,
    2.2486889179999707,
    2.340085507999902,
    2.289360371999919,
    2.3235124510001697,
    2.345659632999741,
    2.37217200699979,
    2.327353977999792
  ],
  "prusti-tests/tests/verify/pass/pure-fn/recursive-pure-fn.rs": [
    2.1368274929996005,
    2.1198284209999656,
    2.062724095000249,
    2.0592136179998306,
    2.1025970129999223,
    2.02085985299982,
    2.072721172999991,
    1.9922962310001822,
    2.040008170999954,
    2.117626651000137
  ],
  "prusti-tests/tests/verify/pass/pure-fn/ref-mut-arg.rs": [
    3.147401528000046,
    3.0701831350002067,
    3.096420631000001,
    2.9990420510002878,
    3.04690820299993,
    3.06753270299987,
    3.2198677090000274,
    3.110269666000022,
    3.1412477440003386,
    3.073594234999746
  ],
  "prusti-tests/tests/verify/pass/rosetta/Ackermann_function.rs": [
    2.1172881729999062,
    2.095410531000198,
    2.1008625529998426,
    2.1946000850002747,
    2.0546757819997765,
    2.1118337620000602,
    2.103425979000349,
    2.23064859599981,
    2.2923072530002173,
    2.0731143000002703
  ],
  "prusti-tests/tests/verify/pass/rosetta/Heapsort.rs": [
    12.5484309389999,
    12.577883415000088,
    12.45097357700024,
    12.388384884000061,
    12.531784662000064,
    12.401277459000084,
    12.332847304000097,
    12.79737811699988,
    12.258996510000088,
    12.388079784999718
  ]
}