{
  "prusti-tests/tests/verify/pass/rosetta/Knuth_shuffle.rs": [
    2.400935810999954,
    2.265364454999826,
    2.061398633999943,
    2.079604948999986,
    2.0670738049998363,
    2.025822903000062,
    2.104845967000074,
    2.0255772000000434,
    2.0316580680000698,
    2.0773218039998937
  ],
  "prusti-tests/tests/verify/pass/demos/account.rs": [
    1.8466764940001212,
    1.8773883680000836,
    1.9013090170001306,
    2.072133152000106,
    2.0496359829999165,
    1.8621236429999044,
    1.9370200590001332,
    1.9683261709999442,
    1.8581970299999284,
    1.835880958999951
  ],
  "prusti-tests/tests/verify/pass/rosetta/Knights_tour.rs": [
    113.39469728199992,
    114.86560152399989,
    117.68597358500006,
    112.16808406299992,
    110.72608316300011,
    114.00082340699987,
    118.10394468000004,
    121.94891562399971,
    121.59852310099996,
    125.17681985900026
  ],
  "prusti-tests/tests/verify/pass/quick/fold-unfold.rs": [
    1.3772861410002406,
    1.3371142670002882,
    1.3632639009997547,
    1.35463109300008,
    1.3295642800003407,
    1.3422589389997484,
    1.3681218609999632,
    1.3707254439996177,
    1.3831451619998916,
    1.3431573859998025
  ],
  "prusti-tests/tests/verify/pass/quick/moves.rs": [
    1.6493956300000718,
    1.6023581710001054,
    1.6391486490001625,
    1.6419341410000925,
    1.6962336970000251,
    1.6771856569998818,
    1.7495579229998839,
    1.7295168420000664,
    1.6824584690002666,
    1.6820592639996903
  ],
  "prusti-tests/tests/verify/pass/quick/mut-borrows.rs": [
    3.3845463650000056,
    3.4039981330001865,
    3.4341002310002295,
    3.3597552109999924,
    3.398528567000085,
    3.5489646769997307,
    3.43726642799993,
    3.467443283999728,
    3.414891377999993,
    3.3205763149999257
  ],
  "prusti-tests/tests/verify/pass/quick/shared-borrows.rs": [
    2.0640767229997437,
    2.05783601200028,
    2.1061717040001895,
    2.0615644579997934,
    2.059183834999658,
    2.029830798999683,
    2.0080005340000753,
    2.012623789999907,
    2.0991624400003275,
    2.063292408000052
  ],
  "prusti-tests/tests/verify/pass/quick/trait-contracts-refinement.rs": [
    1.8925619390001884,
    1.8477728949997072,
    1.8747668109999722,
    1.8442285119999724,
    1.8249670780000997,
    1.8123017249999975,
    1.8586312859997633,
    1.8409186100002444,
    1.794447518999732,
    1.8384055379997335
  ],
  "prusti-tests/tests/verify/pass/quick/routes.rs": [
    5.762268648999907,
    5.308680046000063,
    5.037783646000207,
    5.0153920460002155,
    5.123543084000175,
    5.083699226000135,
    4.994209899999987,
    4.994315178999841,
    5.1145398950002345,
    5.0581149439999535
  ],
  "prusti-tests/tests/verify/pass/quick/fibonacci.rs": [
    6.367802501999904,
    6.5305106999999225,
    6.446581123000215,
    6.373438225999962,
    6.422961930999918,
    6.619745590000093,
    6.636150305000228,
    6.556819045999873,
    6.719325307999952,
    6.632902241000011
  ],
  "prusti-tests/tests/verify/pass/pure-fn/len-lookup.rs": [
    3.757544892000169,
    3.8213885910004137,
    3.644807091000075,
    3.701778414999808,
    3.7647221780002837,
    3.7770811420000427,
    3.7322550479998426,
    3.7074567630002093,
    3.6755645809998896,
    3.781011927000236
  ],
  "prusti-tests/tests/verify/pass/pure-fn/quantifiers.rs": [
    2.2681901979999566,
    2.2560428340002545,
    2.2992171340001732,
    2.238248911000028,
    2.2484846440002,
    2.3440834030002407,
    2.34848345599994,
    2.359278461000031,
    2.3760405699999865,
    2.3464716199996474
  ],
  "prusti-tests/tests/verify/pass/pure-fn/recursive-pure-fn.rs": [
    2.183250155999758,
    2.190840069999922,
    2.165094622000197,
    2.084007237000151,
    2.116652095000063,
    2.076571898000111,
    2.1418994810001095,
    2.136403814999994,
    2.0958982430001925,
    2.0107278830000723
  ],
  "prusti-tests/tests/verify/pass/pure-fn/ref-mut-arg.rs": [
    3.0376615440000023,
    3.039732475999699,
    3.111848001999988,
    3.1031895720002467,
    3.0766733319997,
    3.1234600889997637,
    3.1158095020000474,
    3.06934215199999,
    3.023081720999926,
    2.978550928000004
  ],
  "prusti-tests/tests/verify/pass/rosetta/Ackermann_function.rs": [
    2.0640128220002225,
    2.072885638000116,
    2.0492977529997916,
    2.0454638279998107,
    2.071271802999945,
    2.068189957999948,
    2.085684836999917,
    2.0986701429997083,
    2.0374057310000353,
    2.063581978000002
  ],
  "prusti-tests/tests/verify/pass/rosetta/Heapsort.rs": [
    11.544703329000185,
    11.8778935309997,
    12.214119762999871,
    12.260836517999905,
    11.905450526000095,
    11.605648338000265,
    12.230890456999987,
    11.943693127000188,
    12.181293857000128,
    11.801270826000291
  ]
}