{
  "prusti-tests/tests/verify/pass/rosetta/Knuth_shuffle.rs": [
    2.347842978000017,
    2.0726224709999315,
    1.9235218290000375,
    2.019679465000081,
    1.9226219229999515,
    1.869245213000113,
    1.9412256639998304,
    1.9124268430000484,
    1.921749914999964,
    1.9088466170001084
  ],
  "prusti-tests/tests/verify/pass/demos/account.rs": [
    0.8635593120000067,
    0.9147900039999968,
    0.918911135999906,
    0.9083910560000277,
    0.900974498999858,
    0.8781715239999812,
    0.9006797960000767,
    0.8517794230001527,
    0.9919779959998323,
    0.9821150199998101
  ]
}