{
  "prusti-tests/tests/verify/pass/rosetta/Knuth_shuffle.rs": [
    2.831727540999964,
    2.453780188999872,
    2.5239677449999363,
    2.5540501130001303,
    2.440099148000172,
    2.439368003000027,
    2.5684676160001345,
    2.4160351680000076,
    2.4299080220000633,
    2.362554944000067
  ],
  "prusti-tests/tests/verify/pass/demos/account.rs": [
    2.2116783270000724,
    2.25530486699995,
    2.138426112999923,
    2.147096851000015,
    2.2197332099999585,
    2.242106693000096,
    2.1536878070000967,
    2.185185479999973,
    2.2106419149999965,
    2.10764372299991
  ],
  "prusti-tests/tests/verify/pass/rosetta/Knights_tour.rs": [
    122.45347376300015,
    119.13077780499998,
    122.87826818899998,
    121.03771198200002,
    122.5221701559999,
    120.94362856500015,
    121.97648217900019,
    118.83477789599965,
    119.89726502099984,
    116.31310553699996
  ],
  "prusti-tests/tests/verify/pass/quick/fold-unfold.rs": [
    1.4382382089997918,
    1.4881628150001234,
    1.555536808999932,
    1.523912540999845,
    1.4524311280001712,
    1.5122131709999849,
    1.476139030000013,
    1.5121454670002095,
    1.506897841999944,
    1.4188094629998886
  ],
  "prusti-tests/tests/verify/pass/quick/moves.rs": [
    1.750820332999865,
    1.819395692999933,
    1.7639440480002122,
    1.7628393800000595,
    1.749813855999946,
    1.7895412989996657,
    1.7916477300000224,
    1.7481552250001187,
    1.7571932870000637,
    1.7699817289999373
  ],
  "prusti-tests/tests/verify/pass/quick/mut-borrows.rs": [
    3.5276992949998203,
    3.3187117590000526,
    3.38126819099989,
    3.273405577000176,
    3.3145748629999616,
    3.4210810359995776,
    3.3877795510002215,
    3.428328950999912,
    3.3906319869997787,
    3.486637919000259
  ],
  "prusti-tests/tests/verify/pass/quick/shared-borrows.rs": [
    2.1753092459998697,
    2.179083974999685,
    2.1882094860002326,
    2.1762228390002747,
    2.172964437000246,
    2.1049227280000196,
    2.1821544939998603,
    2.113770936000037,
    2.1504258189997927,
    2.209953433999999
  ],
  "prusti-tests/tests/verify/pass/quick/trait-contracts-refinement.rs": [
    1.8977296480002224,
    1.905486529999962,
    1.9403228969999873,
    1.954754886000046,
    1.916766715000449,
    1.9049236790001487,
    1.878677646000142,
    1.879090916000223,
    1.88624186800007,
    1.8189423759999954
  ],
  "prusti-tests/tests/verify/pass/quick/routes.rs": [
    5.471619243000077,
    5.172919426000135,
    5.272661952999897,
    5.211346955000408,
    5.339559040999575,
    5.303492543000175,
    5.267979191999984,
    5.156671348000145,
    5.019524254999851,
    5.268101296000168
  ],
  "prusti-tests/tests/verify/pass/quick/fibonacci.rs": [
    6.4090919169998415,
    6.524970440999823,
    6.451363873999981,
    6.526770060999752,
    6.4709999489996335,
    6.44985441100016,
    6.542476043000079,
    6.566216455999893,
    6.879537736999737,
    6.544251489000089
  ],
  "prusti-tests/tests/verify/pass/pure-fn/len-lookup.rs": [
    4.017059485000118,
    4.039320230000158,
    3.997157867000169,
    3.9266797689997475,
    3.9519692270000633,
    3.93920561799996,
    3.902125294000143,
    3.947793296999862,
    3.9173476310002115,
    4.026802700999724
  ],
  "prusti-tests/tests/verify/pass/pure-fn/quantifiers.rs": [
    2.4108180120001634,
    2.4381244100000004,
    2.3995850040000732,
    2.4151474529999177,
    2.4608277940001244,
    2.417245983999692,
    2.379108992000056,
    2.464455898000324,
    2.405096907999905,
    2.3624368549999417
  ],
  "prusti-tests/tests/verify/pass/pure-fn/recursive-pure-fn.rs": [
    2.0613792409999405,
    2.0295772640001815,
    2.1218472000000475,
    2.1493963949997124,
    2.1236157789999197,
    2.1111271039999338,
    2.1482893299998977,
    2.1568400529999963,
    2.1383661059999213,
    2.207586101999823
  ],
  "prusti-tests/tests/verify/pass/pure-fn/ref-mut-arg.rs": [
    3.035935376999987,
    2.98176985300006,
    3.0744713100002627,
    2.9903037970002515,
    3.0285044689999268,
    3.19722386300009,
    3.1861437130000922,
    3.126007980000395,
    3.1514134859999103,
    3.160738191999826
  ],
  "prusti-tests/tests/verify/pass/rosetta/Ackermann_function.rs": [
    2.1914272479998544,
    2.2580219090000355,
    2.1300023670000883,
    2.110975287000201,
    2.210447782999836,
    2.1714839180003764,
    2.1362463300001764,
    2.174056477999784,
    2.1435655759996735,
    2.1176279969999996
  ],
  "prusti-tests/tests/verify/pass/rosetta/Heapsort.rs": [
    11.948685835000106,
    11.66883995299986,
    11.778076832999886,
    11.652836849999858,
    11.51231957500022,
    11.968089425000016,
    11.718502139000066,
    11.868646849000015,
    11.655229941000016,
    11.685391146999791
  ]
}