{
  "prusti-tests/tests/verify/pass/rosetta/Knuth_shuffle.rs": [
    2.110189101999822,
    1.8909433740000168,
    1.8270596820000264,
    1.7997074560000783,
    1.8027279340001314,
    1.8341529920000994,
    1.8141916659999424,
    1.778030716000103,
    1.7730406499999845,
    1.7878457270001036
  ],
  "prusti-tests/tests/verify/pass/demos/account.rs": [
    1.6608781019999697,
    1.6361917290000747,
    1.6569684860000962,
    1.663256838000052,
    1.6682498000000123,
    1.6474711590001334,
    1.6634725210001307,
    1.6477039399999285,
    1.6253289109999969,
    1.655719377999958
  ],
  "prusti-tests/tests/verify/pass/rosetta/Knights_tour.rs": [
    98.16150867199985,
    99.05387896399998,
    95.60389988199995,
    99.67406368899992,
    97.19114143399997,
    98.42436579499986,
    98.22080413299977,
    100.53895523400001,
    98.12531086100012,
    99.2952039239999
  ],
  "prusti-tests/tests/verify/pass/quick/fold-unfold.rs": [
    1.1197157930000685,
    1.1114789570001449,
    1.1103538790002858,
    1.1142761529999916,
    1.1077115029997913,
    1.1096337879998828,
    1.1149334480001016,
    1.1156725430000733,
    1.1285125429999425,
    1.1278290469999774
  ],
  "prusti-tests/tests/verify/pass/quick/moves.rs": [
    1.3410442079998575,
    1.3538803100000223,
    1.343619289000344,
    1.3465295659998446,
    1.3483537520000937,
    1.3560067100002016,
    1.3434587179999653,
    1.3686478240001634,
    1.3464166949997889,
    1.3472085879998303
  ],
  "prusti-tests/tests/verify/pass/quick/mut-borrows.rs": [
    2.6520142069998656,
    2.629894766000234,
    2.6517783949998375,
    2.6326343739997355,
    2.631892355999753,
    2.648601928000062,
    2.639027817999704,
    2.6348444010000094,
    2.641273751999961,
    2.6362667920002423
  ],
  "prusti-tests/tests/verify/pass/quick/shared-borrows.rs": [
    1.6726771200001167,
    1.6961597389999952,
    1.6723249229999055,
    1.6746248059998834,
    1.6712378130000616,
    1.671315695999965,
    1.6701437050001005,
    1.6709993980002764,
    1.666843930000141,
    1.6724174989999483
  ],
  "prusti-tests/tests/verify/pass/quick/trait-contracts-refinement.rs": [
    1.4907813670001815,
    1.47885776000021,
    1.4737467999998444,
    1.4432291410003018,
    1.4413765519998378,
    1.4424428900001658,
    1.4524083119999887,
    1.4476538490002895,
    1.4534566040001664,
    1.4642335210000965
  ],
  "prusti-tests/tests/verify/pass/quick/routes.rs": [
    4.31779233799989,
    4.068094644999746,
    3.991115944000285,
    3.933656501000314,
    3.943520029999945,
    3.9514760689999093,
    3.897932958000183,
    3.9133236389998274,
    3.880882652999844,
    3.8811031549998916
  ],
  "prusti-tests/tests/verify/pass/quick/fibonacci.rs": [
    5.007886143999713,
    5.0148473929998545,
    4.975471707999986,
    4.964801336000164,
    4.9638118509997184,
    4.958653184000013,
    4.975453684000058,
    4.933793438000066,
    4.950809106000179,
    4.954248142999859
  ],
  "prusti-tests/tests/verify/pass/pure-fn/len-lookup.rs": [
    2.924415812999996,
    2.9284034830002383,
    2.9229520650001177,
    2.908343002000038,
    2.913925959000153,
    2.9029613729999255,
    2.9319857219998084,
    2.9024878219997845,
    2.8936340919999566,
    2.8947848839998187
  ],
  "prusti-tests/tests/verify/pass/pure-fn/quantifiers.rs": [
    1.7833636119999028,
    1.7769416439996348,
    1.7818732050000108,
    1.7850253800002065,
    1.7671584220001932,
    1.7742599919997701,
    1.7715253199999097,
    1.7801782529995762,
    1.7729056090001905,
    1.7981849150000926
  ],
  "prusti-tests/tests/verify/pass/pure-fn/recursive-pure-fn.rs": [
    1.5862507460001325,
    1.5944729829998323,
    1.5916659039999104,
    1.5845243600001595,
    1.6001182919999337,
    1.5851084529999753,
    1.5776774539999678,
    1.5945417230000203,
    1.591310249000344,
    1.5826941149998675
  ],
  "prusti-tests/tests/verify/pass/pure-fn/ref-mut-arg.rs": [
    2.339451155000006,
    2.35041374299999,
    2.3222736200000327,
    2.330954570999893,
    2.3180694650000078,
    2.3237672049999674,
    2.335441361999983,
    2.309267089000059,
    2.336844918999759,
    2.3341341459999967
  ],
  "prusti-tests/tests/verify/pass/rosetta/Ackermann_function.rs": [
    1.6393867269998736,
    1.6364414730001045,
    1.6334646000000248,
    1.636667571000089,
    1.6284972460002791,
    1.6324466169999141,
    1.619345107999834,
    1.6232953700000508,
    1.647703237999849,
    1.638248927999939
  ],
  "prusti-tests/tests/verify/pass/rosetta/Heapsort.rs": [
    9.56617022499995,
    9.481201228999907,
    9.44410589500012,
    9.48143305099984,
    9.46455246100004,
    9.437421908000033,
    9.406535272999918,
    9.458301708000363,
    9.459057364000273,
    9.431461666999894
  ]
}