{
  "prusti-tests/tests/verify/pass/rosetta/Knuth_shuffle.rs": [
    1.941331267999999,
    1.8176430930000151,
    1.7598086029998967,
    1.6503504959999873,
    1.6329703889999791,
    1.6564756690000877,
    1.6697448279999207,
    1.6128264479999643,
    1.5767410150000387,
    1.606196764999936
  ],
  "prusti-tests/tests/verify/pass/demos/account.rs": [
    0.6781615920000377,
    0.7965868049999472,
    0.6319924409999658,
    0.702983187999962,
    0.6617208960000198,
    0.6681076720000192,
    0.7285688929999878,
    0.6500769570000102,
    0.6538807020000377,
    0.7134368130000439
  ],
  "prusti-tests/tests/verify/pass/rosetta/Knights_tour.rs": [
    104.30269925999994,
    104.43886222700007,
    99.8194503100001,
    101.4992450430002,
    97.76837005100015,
    98.5726143469999,
    98.3405657369999,
    101.66469189700001,
    102.33353350599987,
    102.45605353499991
  ],
  "prusti-tests/tests/verify/pass/quick/fold-unfold.rs": [
    0.5107837490002112,
    0.4840884329998971,
    0.521994081999992,
    0.4794807779999246,
    0.47240029499994307,
    0.4820338089998586,
    0.4725722969999424,
    0.4948534610000479,
    0.48888119000002916,
    0.4627040760001364
  ],
  "prusti-tests/tests/verify/pass/quick/moves.rs": [
    0.4653799059999528,
    0.47378430499998103,
    0.5056460829998741,
    0.47525602300015635,
    0.48580414799994287,
    0.47196598400000767,
    0.4728804939998099,
    0.4673531290000028,
    0.505886984999961,
    0.48107059199992364
  ],
  "prusti-tests/tests/verify/pass/quick/mut-borrows.rs": [
    0.7432342930001141,
    0.810076183999854,
    0.7065543590001653,
    0.7121986280001238,
    0.7337426930000674,
    0.7289823359999446,
    0.7110342240000591,
    0.7580658809999932,
    0.6986701770001673,
    0.7038760390000789
  ],
  "prusti-tests/tests/verify/pass/quick/shared-borrows.rs": [
    0.5469547800000782,
    0.5872985579999295,
    0.5434242379999432,
    0.5571288010000899,
    0.5660368059998291,
    0.5650237940001261,
    0.5167305289999149,
    0.5284115729998575,
    0.5744101190000492,
    0.5119998780000969
  ],
  "prusti-tests/tests/verify/pass/quick/trait-contracts-refinement.rs": [
    0.7597644200000104,
    0.7470436690000497,
    0.7439973319999353,
    0.6888263770001686,
    0.6812171870001293,
    0.741200899000205,
    0.7103852339998866,
    0.6859407429999465,
    0.7507790560000558,
    0.6895330519998879
  ],
  "prusti-tests/tests/verify/pass/quick/routes.rs": [
    2.4418272230000184,
    2.1155262180000136,
    2.1734404110000014,
    1.959780875999968,
    1.9874745100000837,
    2.1140050249998694,
    2.171828409999989,
    1.9986213050001425,
    2.2230902050000623,
    2.024522473999923
  ],
  "prusti-tests/tests/verify/pass/quick/fibonacci.rs": [
    1.6746576789998926,
    1.9411444160000428,
    1.7300044910000452,
    1.693914758999881,
    1.855695593999826,
    1.738491854999893,
    1.7640723600000001,
    1.7642147610001757,
    1.7090643029998773,
    1.7163727099998596
  ],
  "prusti-tests/tests/verify/pass/pure-fn/len-lookup.rs": [
    0.8624203110000508,
    0.8250349770000867,
    0.840372460000026,
    0.8705236220000643,
    0.8037430229999245,
    0.786274512999853,
    0.8610569079999095,
    0.8045133309999528,
    0.864057043999992,
    0.79724203700016
  ],
  "prusti-tests/tests/verify/pass/pure-fn/quantifiers.rs": [
    0.7289029979999668,
    0.7817709290000039,
    0.7370142950001082,
    0.7161821459999373,
    0.7737301329998445,
    0.7309270220000599,
    0.706182027000068,
    0.7092434640001102,
    0.7693446809998932,
    0.7140366210001048
  ],
  "prusti-tests/tests/verify/pass/pure-fn/recursive-pure-fn.rs": [
    0.5541833219999717,
    0.5634361719999106,
    0.609276422999983,
    0.5574523000000227,
    0.5566765910000413,
    0.5484039919999759,
    0.6115711510001347,
    0.5537233560000914,
    0.5594676250000248,
    0.5552380740000444
  ],
  "prusti-tests/tests/verify/pass/pure-fn/ref-mut-arg.rs": [
    0.7245983099999194,
    0.7988080009999976,
    0.7235297970000829,
    0.720440047000011,
    0.7991745460001312,
    0.7225291300001118,
    0.7262229749999278,
    0.7852282789999663,
    0.7198764989998381,
    0.722382228000015
  ],
  "prusti-tests/tests/verify/pass/rosetta/Ackermann_function.rs": [
    0.8273282819998258,
    0.8435543760001565,
    0.7832431560000259,
    0.8325557440000466,
    0.8347118590002083,
    0.7785223880000558,
    0.8285861849999492,
    0.845037480999963,
    0.7841004550000434,
    0.7886678090001169
  ],
  "prusti-tests/tests/verify/pass/rosetta/Heapsort.rs": [
    8.142350139999962,
    7.996074338999961,
    7.520253227000012,
    7.568553378999923,
    7.983227917000022,
    7.962193676999959,
    7.921993272000009,
    7.9713397829998485,
    7.959335508999857,
    7.925326723000126
  ]
}