{
  "prusti-tests/tests/verify/pass/rosetta/Knuth_shuffle.rs": [
    2.2603892089999817,
    2.0145665259999532,
    2.0395652189999964,
    1.9770413359999566,
    1.9362936510000281,
    1.9939653139999791,
    1.9551037190000216,
    1.9456119469999749,
    1.9152480660000037,
    1.9739587239999992
  ],
  "prusti-tests/tests/verify/pass/demos/account.rs": [
    1.7623898919999874,
    1.7328583639999806,
    1.7433448460000136,
    1.7390902579999192,
    1.753521984000031,
    1.7474672379998992,
    1.7523385759999428,
    1.7702767719999883,
    1.7475391099999342,
    1.7351631150000912
  ],
  "prusti-tests/tests/verify/pass/rosetta/Knights_tour.rs": [
    101.84327562099998,
    100.82816185800004,
    103.64391886300007,
    99.86518693700009,
    98.429150832,
    99.86704340400001,
    98.69668921400012,
    99.2580977629998,
    101.25442289299986,
    99.640218667
  ],
  "prusti-tests/tests/verify/pass/quick/fold-unfold.rs": [
    1.146487671999921,
    1.12637026099992,
    1.1322686749999775,
    1.1270818350001264,
    1.122523997999906,
    1.1419111509999311,
    1.1387060249999195,
    1.127877140999999,
    1.1612227949999578,
    1.133176037999874
  ],
  "prusti-tests/tests/verify/pass/quick/moves.rs": [
    1.384864602000107,
    1.3785291520000555,
    1.3871563189998142,
    1.3569478839999647,
    1.3674601839998104,
    1.3720280509999156,
    1.385740258999931,
    1.3655338990001837,
    1.3667459089999738,
    1.3991642660000707
  ],
  "prusti-tests/tests/verify/pass/quick/mut-borrows.rs": [
    2.7331104400000186,
    2.7712973000000147,
    2.790661253000053,
    2.7455296030000227,
    2.754028074999951,
    2.761138630000005,
    2.745226200999923,
    2.7820140029998583,
    2.780428690000008,
    2.76505257000008
  ],
  "prusti-tests/tests/verify/pass/quick/shared-borrows.rs": [
    1.7158084410000356,
    1.745776663000015,
    1.7510081519999403,
    1.753895392000004,
    1.7072598299998845,
    1.738355873000046,
    1.7354512500000965,
    1.7434535130000768,
    1.7417298989998926,
    1.7241308629998002
  ],
  "prusti-tests/tests/verify/pass/quick/trait-contracts-refinement.rs": [
    1.553442129000132,
    1.504920550999941,
    1.5415816409999934,
    1.4904800479998812,
    1.5081753869999375,
    1.484568101999912,
    1.5205757839999023,
    1.4928854700001466,
    1.5186662250000609,
    1.4800179209998987
  ],
  "prusti-tests/tests/verify/pass/quick/routes.rs": [
    5.469669034999924,
    4.959949985999856,
    4.758115499000041,
    4.812158310999848,
    4.884560404000013,
    4.715575088000151,
    4.860840308999968,
    4.809805509999933,
    4.790951782999855,
    4.753096008000057
  ],
  "prusti-tests/tests/verify/pass/quick/fibonacci.rs": [
    6.014128312000139,
    5.996659490999946,
    6.151766232,
    6.08862775700004,
    6.230659586999991,
    5.922281203000011,
    5.955561663000026,
    6.014318184000103,
    6.077076858000055,
    6.075427722000086
  ],
  "prusti-tests/tests/verify/pass/pure-fn/len-lookup.rs": [
    3.459191121999993,
    3.4729460850001033,
    3.453539353999986,
    3.4662026759999662,
    3.5266434089999166,
    3.457285325000157,
    3.4429631450000215,
    3.4772759829997995,
    3.5087538440000117,
    3.453747470000053
  ],
  "prusti-tests/tests/verify/pass/pure-fn/quantifiers.rs": [
    2.2066088960000343,
    2.2142489569998816,
    2.120208691000016,
    2.1537072470000567,
    2.1689089670001067,
    2.2288801409999905,
    2.164421394999863,
    2.1627396819999376,
    2.098184371999878,
    2.306631787000015
  ],
  "prusti-tests/tests/verify/pass/pure-fn/recursive-pure-fn.rs": [
    2.1729828200000156,
    2.050131855000018,
    2.0372297430001254,
    2.0695732159999807,
    2.0386528579999776,
    2.037528548999944,
    2.195742225999993,
    2.055943427000102,
    2.119484328999988,
    2.0658956950001084
  ],
  "prusti-tests/tests/verify/pass/pure-fn/ref-mut-arg.rs": [
    2.4629061850000653,
    2.547107555999901,
    2.4677026540000497,
    2.6109148409998397,
    2.458586856000011,
    2.7062619690000247,
    2.579172675000109,
    2.513818399000229,
    2.464713528000175,
    2.6427794480000557
  ],
  "prusti-tests/tests/verify/pass/rosetta/Ackermann_function.rs": [
    2.073775799000032,
    1.9940477609998197,
    2.0185341740002514,
    2.1703429040003357,
    1.9706231059999482,
    2.110089058000085,
    2.025150857999961,
    2.044181715999912,
    2.0931119430001672,
    2.019983879999927
  ],
  "prusti-tests/tests/verify/pass/rosetta/Heapsort.rs": [
    10.557151754999722,
    10.501237038,
    10.759511664000001,
    10.497054570000273,
    10.760531713000091,
    10.512524787000075,
    10.64117127199961,
    10.499174950999986,
    10.60086740900033,
    10.860139823000281
  ]
}