{
  "prusti-tests/tests/verify/pass/rosetta/Knuth_shuffle.rs": [
    2.476229491999902,
    2.142874441999993,
    2.0107718919999797,
    1.9335808769999403,
    1.9755820659999017,
    1.9046536179999976,
    1.964433772999996,
    1.9522214219999796,
    1.9327785860000404,
    1.936612814
  ],
  "prusti-tests/tests/verify/pass/demos/account.rs": [
    0.9747747879999906,
    1.0223345999999083,
    1.124940762000051,
    0.9552902010000253,
    0.920189677000053,
    0.9699915070000316,
    0.9918929359999993,
    1.106333412999902,
    0.9852200870000161,
    0.9521930810000185
  ]
}