{
  "prusti-tests/tests/verify/pass/rosetta/Knuth_shuffle.rs": [
    2.7618909779999967,
    0.3576293449999639,
    0.3561722289999807,
    0.3559526259999757,
    0.353905204000057,
    0.3551637179999716,
    0.3579116480000266,
    0.3584227540000029,
    0.35406790600006843,
    0.3543623090000665
  ],
  "prusti-tests/tests/verify/pass/demos/account.rs": [
    2.249064809999936,
    0.1250444790000529,
    0.12357156300004135,
    0.12458277399991857,
    0.12530928199998925,
    0.12611026699994454,
    0.12571703399999024,
    0.12571913400006451,
    0.12664744500000324,
    0.12501832500004184
  ],
  "prusti-tests/tests/verify/pass/rosetta/Knights_tour.rs": [
    105.04987011000014,
    2.5806006980001257,
    2.571708587000103,
    2.5754806739998912,
    2.580104677999998,
    2.582013701000051,
    2.5790430189999825,
    2.5856239479999203,
    2.5835142210000868,
    2.574053975999959
  ],
  "prusti-tests/tests/verify/pass/quick/fold-unfold.rs": [
    1.248324557999922,
    0.0965707850000399,
    0.09647748399993361,
    0.09637578299998495,
    0.09759949099998266,
    0.09623788299995795,
    0.09527807700010271,
    0.09819169399997918,
    0.09810959400010688,
    0.09818279399996754
  ],
  "prusti-tests/tests/verify/pass/quick/moves.rs": [
    1.4940819460000512,
    0.09220155899993188,
    0.0915964549999444,
    0.09349173100008557,
    0.09356545099990399,
    0.09396825599992553,
    0.09244583700001385,
    0.0933438480001314,
    0.09329104800008281,
    0.0927268399998411
  ],
  "prusti-tests/tests/verify/pass/quick/mut-borrows.rs": [
    2.89877975100012,
    0.156566254000154,
    0.1570568560000538,
    0.15628415299988774,
    0.15652575399985835,
    0.1584791640000276,
    0.15549054899997827,
    0.15834636299996419,
    0.15615645299999414,
    0.15868926400003147
  ],
  "prusti-tests/tests/verify/pass/quick/shared-borrows.rs": [
    1.8359167429998706,
    0.09693926699992517,
    0.09096113800001149,
    0.09007593399996949,
    0.09152844099980939,
    0.1047466049999457,
    0.09050483600003645,
    0.09265934700010803,
    0.08991673299988179,
    0.0915293410000686
  ],
  "prusti-tests/tests/verify/pass/quick/trait-contracts-refinement.rs": [
    1.73274629499997,
    0.13936290300011933,
    0.13659176999999545,
    0.13637876699999651,
    0.13736777899998742,
    0.1365636689999974,
    0.13765568300004816,
    0.13631886600001053,
    0.13972710799998822,
    0.1356337579998126
  ],
  "prusti-tests/tests/verify/pass/quick/routes.rs": [
    5.254912877999914,
    0.33921537900005205,
    0.3402933899999425,
    0.3428706180000063,
    0.3436747270000069,
    0.33897837599988634,
    0.3406085940000594,
    0.3392344789999697,
    0.34106699800008755,
    0.3421877109999514
  ],
  "prusti-tests/tests/verify/pass/quick/fibonacci.rs": [
    0.37464096299981975,
    0.3690679950000231,
    0.37071620300002905,
    0.37023589799991896,
    0.37736907999988034,
    0.3691784850000204,
    0.3697488919999614,
    0.3742211439998755,
    0.37289462800004003,
    0.37338473499994507
  ],
  "prusti-tests/tests/verify/pass/pure-fn/len-lookup.rs": [
    3.5922108970000863,
    0.21294757200007552,
    0.2109033480001017,
    0.21386148300007335,
    0.2093412299998363,
    0.20962233399995966,
    0.21086314800004402,
    0.20960191900007885,
    0.21095936299980167,
    0.21586412199985716
  ],
  "prusti-tests/tests/verify/pass/pure-fn/quantifiers.rs": [
    2.2020443510000405,
    0.19212783400007538,
    0.1872585749999871,
    0.18549705299983543,
    0.18491424700005155,
    0.18462274200010143,
    0.18453574199998002,
    0.18294152299995403,
    0.1843925399998625,
    0.18368313099995248
  ],
  "prusti-tests/tests/verify/pass/pure-fn/recursive-pure-fn.rs": [
    1.899165671999981,
    0.14578207099998508,
    0.14508696199982296,
    0.1462380769999072,
    0.14659898099989732,
    0.14518826400012586,
    0.1455486679999467,
    0.14525316499998553,
    0.14483495900003618,
    0.14478355899996131
  ],
  "prusti-tests/tests/verify/pass/pure-fn/ref-mut-arg.rs": [
    2.838972675999912,
    0.18818727999996554,
    0.18792107700005545,
    0.18733757000018159,
    0.18776027499984593,
    0.19045060600001307,
    0.18957319599985567,
    0.18830568099997436,
    0.19068460800008324,
    0.1868465649999962
  ],
  "prusti-tests/tests/verify/pass/rosetta/Ackermann_function.rs": [
    1.8876743650000662,
    0.2302956680000534,
    0.2252171080001517,
    0.2272265320000315,
    0.22511120800004392,
    0.22550011199996334,
    0.22527710999997907,
    0.22867534800002431,
    0.2297466610000356,
    0.2289670440000009
  ],
  "prusti-tests/tests/verify/pass/rosetta/Heapsort.rs": [
    11.44324121800014,
    1.0637997409999116,
    1.0694120050000038,
    1.067084578000049,
    1.0683569930001795,
    1.0641519430000699,
    1.061660214000085,
    1.0669698750000407,
    1.0657561609998538,
    1.064198542999975
  ]
}