{
  "prusti-tests/tests/verify/pass/rosetta/Knuth_shuffle.rs": [
    2.13108726400003,
    1.7533635839999988,
    1.6668722729999672,
    1.6942157099999804,
    1.766845486999955,
    1.639470926999934,
    1.697799463000024,
    1.7276029109999627,
    1.6038848169999937,
    1.5929660080000758
  ],
  "prusti-tests/tests/verify/pass/demos/account.rs": [
    0.8558720890000586,
    0.8837327479999431,
    0.845224906999988,
    0.7853352000000768,
    0.8733506779999516,
    0.8462308519999624,
    0.8551001540000698,
    0.8570342379999829,
    0.864577875000009,
    0.8568220239999391
  ],
  "prusti-tests/tests/verify/pass/rosetta/Knights_tour.rs": [
    96.11855126800003,
    95.608592853,
    93.88206279700012,
    97.03714511499993,
    93.64143276200002,
    96.51697608999984,
    94.75920337799994,
    98.65422816099999,
    96.40987917000007,
    94.99331793899978
  ],
  "prusti-tests/tests/verify/pass/quick/fold-unfold.rs": [
    0.5372109079999063,
    0.5721223869998084,
    0.5044303110000783,
    0.5270983430000342,
    0.5395208980000916,
    0.5205737519997911,
    0.5689481130000331,
    0.5426840400000401,
    0.5438449910000145,
    0.5359921399999621
  ],
  "prusti-tests/tests/verify/pass/quick/moves.rs": [
    0.5985175339999387,
    0.6240238729999419,
    0.6267291940000632,
    0.599092058999986,
    0.5915015200000653,
    0.5808885459998692,
    0.6320322379999652,
    0.6279404609999801,
    0.6416277789999185,
    0.5884064749998288
  ],
  "prusti-tests/tests/verify/pass/quick/mut-borrows.rs": [
    0.9380123650000769,
    0.8967286010001772,
    0.855494538999892,
    0.9597756480000044,
    0.8558972559999347,
    0.8250226620000376,
    0.9135590710000088,
    0.8588735439998345,
    0.8529336779999994,
    0.9039036639999267
  ],
  "prusti-tests/tests/verify/pass/quick/shared-borrows.rs": [
    0.6258290850000776,
    0.5897232650002024,
    0.6302493830000913,
    0.5792418949999956,
    0.6646171259999392,
    0.5728900090000479,
    0.6048386429999937,
    0.5840157089999138,
    0.6365459469998314,
    0.632333004999964
  ],
  "prusti-tests/tests/verify/pass/quick/trait-contracts-refinement.rs": [
    0.9658803400000124,
    0.9293136930000401,
    0.9100346230000014,
    0.8341398019999815,
    0.8264617560000715,
    0.8851919030000772,
    0.8170078289999765,
    0.8510085640000398,
    0.8630805430000237,
    0.9015093770001386
  ],
  "prusti-tests/tests/verify/pass/quick/routes.rs": [
    2.543604571999822,
    2.5497829509999974,
    2.3201081130000603,
    2.3859012060001987,
    2.364954859999898,
    2.3661187210000207,
    2.221942960999968,
    2.197883574000116,
    2.1178811600000245,
    2.166909440999916
  ],
  "prusti-tests/tests/verify/pass/quick/fibonacci.rs": [
    2.4487886249999065,
    2.2351712829999997,
    2.2900366599999415,
    2.1141479699999763,
    2.106824141000061,
    2.1724646079999275,
    2.143119885999795,
    2.2287937789999432,
    2.091942390999975,
    2.1730276569999205
  ],
  "prusti-tests/tests/verify/pass/pure-fn/len-lookup.rs": [
    1.0528601040000467,
    1.101887872000134,
    1.1292425079998338,
    1.1410513409998657,
    1.0143300170000202,
    1.0664911730000313,
    1.0619571689999248,
    1.149534924000136,
    1.183211368000002,
    1.0766143569999258
  ],
  "prusti-tests/tests/verify/pass/pure-fn/quantifiers.rs": [
    1.075723016999973,
    1.0619613949997984,
    0.9055047239999112,
    1.0483034779999798,
    0.9792455580000023,
    0.9922721450000154,
    0.9929918410000482,
    0.9538417730000219,
    0.9375472369999898,
    0.9171584169998823
  ],
  "prusti-tests/tests/verify/pass/pure-fn/recursive-pure-fn.rs": [
    0.8040082069999244,
    0.7866873250000026,
    0.7729246030000922,
    0.7999445240000114,
    0.7943475709998893,
    0.7675171569999293,
    0.7645649649998632,
    0.8254097239998828,
    0.7496681899999658,
    0.7619743469999776
  ],
  "prusti-tests/tests/verify/pass/pure-fn/ref-mut-arg.rs": [
    0.970528202999958,
    0.8826837199999318,
    0.9203321270001652,
    0.8824258079998799,
    0.8796152659999734,
    0.9181353429999035,
    0.8930845099998805,
    0.8888250180000341,
    0.9600482389998888,
    0.9343590779999431
  ],
  "prusti-tests/tests/verify/pass/rosetta/Ackermann_function.rs": [
    0.9658888040000875,
    1.0158333640001729,
    0.948370511000121,
    0.9197692980001193,
    0.9889790180000091,
    0.8709951830001046,
    0.9281845689999955,
    0.9193364689999726,
    0.9264862920001633,
    0.8942634350000844
  ],
  "prusti-tests/tests/verify/pass/rosetta/Heapsort.rs": [
    5.779660960000001,
    5.471931209000104,
    5.168801945999803,
    5.6795316119998915,
    5.311198408000109,
    5.2053855589999785,
    5.603870446999963,
    5.530396026999824,
    5.113972082000146,
    5.335101225000017
  ]
}