{
  "prusti-tests/tests/verify/pass/rosetta/Knuth_shuffle.rs": [
    1.9346083919999728,
    1.708529694000049,
    1.6786319369999774,
    1.6631313609999552,
    1.6434827489999861,
    1.5742896220000375,
    1.534587848000001,
    1.6150294090000443,
    1.5035018749999836,
    1.537862187000087
  ],
  "prusti-tests/tests/verify/pass/demos/account.rs": [
    0.6723147379999546,
    0.7063279449999982,
    0.6826540619999832,
    0.6961053230000971,
    0.6834057710000252,
    0.6512688870000147,
    0.7438725939999813,
    0.6401896549999719,
    0.6434903939999685,
    0.6981636450000224
  ],
  "prusti-tests/tests/verify/pass/rosetta/Knights_tour.rs": [
    94.14733140200008,
    93.22796861000006,
    92.19772723099993,
    93.44941652500006,
    96.18568656499997,
    93.5173936629999,
    98.20934681500012,
    95.23727005399996,
    93.37232112800007,
    97.7566929510001
  ],
  "prusti-tests/tests/verify/pass/quick/fold-unfold.rs": [
    0.4937797170000522,
    0.48311818099978154,
    0.521217267999873,
    0.5096871209998426,
    0.4822426700000051,
    0.46604516200000035,
    0.4832033820000561,
    0.5170290139999452,
    0.4846493999998529,
    0.4771455380000589
  ],
  "prusti-tests/tests/verify/pass/quick/moves.rs": [
    0.47749002099999416,
    0.4717351520000648,
    0.492622597999798,
    0.47385867700018025,
    0.48321998699998403,
    0.4709463429999232,
    0.4859564189998764,
    0.4741118800000095,
    0.5070593680000002,
    0.4719955549999213
  ],
  "prusti-tests/tests/verify/pass/quick/mut-borrows.rs": [
    0.7046515929998804,
    0.7974564849998842,
    0.7123952839999674,
    0.7004526430000624,
    0.7479758889999175,
    0.743769297999961,
    0.7003067900000133,
    0.7499541709998994,
    0.6880072469998595,
    0.7447348100001818
  ],
  "prusti-tests/tests/verify/pass/quick/shared-borrows.rs": [
    0.5537268759999279,
    0.5864842589999171,
    0.5356155639999542,
    0.5027878809999038,
    0.5131185010000081,
    0.5504279379999844,
    0.5062631210000745,
    0.5288888930001576,
    0.5067159740001443,
    0.5623578299998826
  ],
  "prusti-tests/tests/verify/pass/quick/trait-contracts-refinement.rs": [
    0.7881963929999074,
    0.7388862109999081,
    0.7413279400000192,
    0.6904640409998137,
    0.6889608230001159,
    0.750387647000025,
    0.6975840249999692,
    0.6880104120000397,
    0.75189896400002,
    0.6919797830000789
  ],
  "prusti-tests/tests/verify/pass/quick/routes.rs": [
    2.471981209999967,
    2.173475870999937,
    2.1238286820000667,
    2.0776512620000176,
    1.9030113619999156,
    1.988974639999924,
    2.0043189330001496,
    2.037052245000041,
    2.1058494009998867,
    1.9917843529999573
  ],
  "prusti-tests/tests/verify/pass/quick/fibonacci.rs": [
    1.8719488360000014,
    1.5944275509998533,
    1.855445300999918,
    1.7471385050000663,
    1.658531045000018,
    1.6715406010000606,
    1.771451289999959,
    1.7478401289999965,
    1.7602012749998721,
    1.8743108149999443
  ],
  "prusti-tests/tests/verify/pass/pure-fn/len-lookup.rs": [
    0.8053980599997885,
    0.787950950000095,
    0.9395202210000662,
    0.7909776789999796,
    0.8936494839999796,
    0.7939054129999477,
    0.7999179840001034,
    0.8470217369999773,
    0.8111002150001241,
    0.7939234130001296
  ],
  "prusti-tests/tests/verify/pass/pure-fn/quantifiers.rs": [
    0.7727970659998391,
    0.726951131000078,
    0.7271776940001473,
    0.7614475899999888,
    0.7112602110000807,
    0.7145685489999778,
    0.7769514679998792,
    0.7167979739999737,
    0.7086550799999713,
    0.7072706649998963
  ],
  "prusti-tests/tests/verify/pass/pure-fn/recursive-pure-fn.rs": [
    0.6118838639999922,
    0.5714054959998975,
    0.5487854499999685,
    0.5511793910000051,
    0.6190113899999687,
    0.5599160940000729,
    0.5472133439998288,
    0.5512486919999446,
    0.548169456000096,
    0.6129351179999958
  ],
  "prusti-tests/tests/verify/pass/pure-fn/ref-mut-arg.rs": [
    0.7137096050000764,
    0.7280483740000818,
    0.7200088789998063,
    0.7811724990001494,
    0.7295161909999024,
    0.713756475000082,
    0.7709328250000453,
    0.7196428239999477,
    0.7129728459999569,
    0.7826048609999816
  ],
  "prusti-tests/tests/verify/pass/rosetta/Ackermann_function.rs": [
    0.8255496639999365,
    0.7950079070001266,
    0.7647704529999828,
    0.8264343749999625,
    0.8108804930000133,
    0.7668049100000189,
    0.8892052379999313,
    0.7901615099999617,
    0.7687539089999973,
    0.8632721950000359
  ],
  "prusti-tests/tests/verify/pass/rosetta/Heapsort.rs": [
    8.005110311999942,
    7.839300340999898,
    7.706800312000041,
    7.786161868000136,
    7.761701975999813,
    7.870959311999968,
    7.866630248999854,
    7.731913844000019,
    7.839715929000022,
    7.9527520310000455
  ]
}