{
  "prusti-tests/tests/verify/pass/rosetta/Knuth_shuffle.rs": [
    2.731600420999939,
    0.32635139400008484,
    0.3262509930000306,
    0.326875700999949,
    0.32906162799997674,
    0.32976033799991455,
    0.32737900699999045,
    0.3306522490000816,
    0.32726300599995284,
    0.32750850900004025
  ],
  "prusti-tests/tests/verify/pass/demos/account.rs": [
    2.2361434360000203,
    0.13142118899997968,
    0.13068418000000293,
    0.1314249890000383,
    0.13072897999995803,
    0.13062827800001742,
    0.13100478399996973,
    0.12876865499993073,
    0.1301079720000189,
    0.1308597820000159
  ],
  "prusti-tests/tests/verify/pass/rosetta/Knights_tour.rs": [
    103.50300128100002,
    2.209800608999899,
    2.216213004999986,
    2.221868078000057,
    2.206756085000052,
    2.2090954289999445,
    2.2093896389999372,
    2.2130150859999276,
    2.2143931030000203,
    2.218678866999994
  ],
  "prusti-tests/tests/verify/pass/quick/fold-unfold.rs": [
    1.3132914180000625,
    0.1018963660000054,
    0.10372658899996168,
    0.10208366799997748,
    0.10157876200003102,
    0.10171516399998382,
    0.10400249299993902,
    0.10267097500002365,
    0.10155366200001481,
    0.10275917699993897
  ],
  "prusti-tests/tests/verify/pass/quick/moves.rs": [
    1.5430433729999322,
    0.09855742400009149,
    0.0994690359998458,
    0.10002034299986917,
    0.09919363299991346,
    0.09942053500003567,
    0.09973373899993021,
    0.09802221800009647,
    0.09827192100010507,
    0.09981934000006731
  ],
  "prusti-tests/tests/verify/pass/quick/mut-borrows.rs": [
    3.10422850000009,
    0.1585045290000835,
    0.15505698500010112,
    0.1547060809998584,
    0.15536798899984205,
    0.15665520500010643,
    0.1573351150000235,
    0.15571499299994684,
    0.15726291300006778,
    0.1561415990001933
  ],
  "prusti-tests/tests/verify/pass/quick/shared-borrows.rs": [
    1.8859843440000077,
    0.10085679100006928,
    0.09621283199999198,
    0.09547202199996718,
    0.09662563699998827,
    0.09598192899989044,
    0.09607302999984313,
    0.09872336400007953,
    0.09749994799994965,
    0.09585742800004482
  ],
  "prusti-tests/tests/verify/pass/quick/trait-contracts-refinement.rs": [
    1.6470159850000528,
    0.1385271730000568,
    0.13852197400001387,
    0.1386044739999761,
    0.13725915700001678,
    0.13849677299981522,
    0.13780326500000228,
    0.13864857499993377,
    0.13833487100009734,
    0.13710095600004024
  ],
  "prusti-tests/tests/verify/pass/quick/routes.rs": [
    5.398527330999968,
    0.3357071990001259,
    0.3354193950001445,
    0.3373137199998837,
    0.3355996980001237,
    0.3398844519999784,
    0.3401729619999969,
    0.3388264530001379,
    0.33894545400016796,
    0.3350395039999512
  ],
  "prusti-tests/tests/verify/pass/quick/fibonacci.rs": [
    0.350667704999978,
    0.3538186460000361,
    0.351071710000042,
    0.35606617400003415,
    0.3522456250000232,
    0.35224252600005457,
    0.3531601370000317,
    0.35746729199991023,
    0.3525289290000728,
    0.35469315599993934
  ],
  "prusti-tests/tests/verify/pass/pure-fn/len-lookup.rs": [
    3.7014450540000325,
    0.21581697500005248,
    0.21401285100000678,
    0.2120976270000483,
    0.21365344700006972,
    0.2163899820000097,
    0.2140930529999423,
    0.21305523899991385,
    0.21505256499995085,
    0.2124757320000299
  ],
  "prusti-tests/tests/verify/pass/pure-fn/quantifiers.rs": [
    2.281827036000095,
    0.18880092800009152,
    0.18827731999999742,
    0.18899482999995598,
    0.18905233100008445,
    0.18959383700007493,
    0.18976104000012128,
    0.1891366319998724,
    0.18983744000001934,
    0.18912293099992894
  ],
  "prusti-tests/tests/verify/pass/pure-fn/recursive-pure-fn.rs": [
    1.9828362029998061,
    0.14774220599997534,
    0.14940692700020008,
    0.14969853100001274,
    0.14925942499985467,
    0.148182911000049,
    0.14691169400020954,
    0.14721019800003887,
    0.14613338499998463,
    0.14735889999997198
  ],
  "prusti-tests/tests/verify/pass/pure-fn/ref-mut-arg.rs": [
    2.949922850000121,
    0.1813943399999971,
    0.17975481799999216,
    0.1806919299999663,
    0.17841140199993788,
    0.18005652200008626,
    0.17937681399985195,
    0.1803827270000511,
    0.17829180000012457,
    0.18085063300009097
  ],
  "prusti-tests/tests/verify/pass/rosetta/Ackermann_function.rs": [
    1.9295217859998957,
    0.21580907699990348,
    0.21572537599990937,
    0.215079568000192,
    0.21410655500017128,
    0.21460126099987065,
    0.21319494399995165,
    0.2139192520000961,
    0.21370404900017093,
    0.2147632630001226
  ],
  "prusti-tests/tests/verify/pass/rosetta/Heapsort.rs": [
    9.796560168000042,
    0.9527056370000082,
    0.944154527000137,
    0.9439488240000173,
    0.9460989520000567,
    0.9486832059999415,
    0.9469459019999249,
    0.9472509059999084,
    0.9485577230000217,
    0.9462668930000291
  ]
}