{
  "prusti-tests/tests/verify/pass/rosetta/Knuth_shuffle.rs": [
    2.6253175839999585,
    2.374821257999997,
    2.405534548999981,
    2.377564739000036,
    2.358761749999985,
    2.289164178000078,
    2.4450378289999435,
    2.332984345,
    2.1814712399999507,
    2.227204244999939
  ],
  "prusti-tests/tests/verify/pass/demos/account.rs": [
    2.078956131000041,
    2.0654193330000226,
    2.128922278999994,
    2.05130830600001,
    2.1737452520000033,
    2.124711679999905,
    2.096279707000008,
    2.129750876000003,
    2.106838307000089,
    2.081967774999953
  ],
  "prusti-tests/tests/verify/pass/rosetta/Knights_tour.rs": [
    130.39106643799994,
    125.22617813700003,
    118.27685463700004,
    120.84330024500014,
    122.243918291,
    123.56323624299989,
    120.45590691100006,
    124.47994761699988,
    123.04846958999997,
    123.55455501100005
  ],
  "prusti-tests/tests/verify/pass/quick/fold-unfold.rs": [
    1.26445957299984,
    1.2615300160000515,
    1.2813813450002272,
    1.2684405110003354,
    1.3101905509997778,
    1.2705357320000985,
    1.2690758869998717,
    1.295299650999823,
    1.3446423309997044,
    1.271309914000085
  ],
  "prusti-tests/tests/verify/pass/quick/moves.rs": [
    1.5532167139999729,
    1.5630712699999094,
    1.5108873760000279,
    1.568415343000197,
    1.5780774980003116,
    1.5462209199999961,
    1.5608723010000176,
    1.5421107670003948,
    1.5733722099998886,
    1.5838687689997641
  ],
  "prusti-tests/tests/verify/pass/quick/mut-borrows.rs": [
    3.1897933579998607,
    3.194848241999807,
    3.2801410379997833,
    3.160118429999784,
    3.158559320999757,
    3.242893797000306,
    3.3389178239999637,
    3.2847522469996875,
    3.2699518459999126,
    3.293162437999854
  ],
  "prusti-tests/tests/verify/pass/quick/shared-borrows.rs": [
    2.0197134309996727,
    2.0687879070001145,
    2.069727606000015,
    2.0676086950002173,
    2.0352183110003352,
    2.024116907000007,
    1.9932488039999043,
    2.0349527779999335,
    2.0606212849997974,
    2.02633553700025
  ],
  "prusti-tests/tests/verify/pass/quick/trait-contracts-refinement.rs": [
    1.8579390039999453,
    1.7208744330000627,
    1.7731942649998018,
    1.672033122999892,
    1.6577035510003952,
    1.7023475060000237,
    1.701157799000157,
    1.75511132299971,
    1.7196157510002195,
    1.7366839720002645
  ],
  "prusti-tests/tests/verify/pass/quick/routes.rs": [
    5.964460943999711,
    5.475475359000029,
    5.2994499230003385,
    5.601464599999872,
    5.449040558999968,
    5.467610272000002,
    5.404489103000287,
    5.310957636999774,
    5.433907205999731,
    5.408136452000235
  ],
  "prusti-tests/tests/verify/pass/quick/fibonacci.rs": [
    7.272509448000164,
    6.883600464999745,
    6.67607752899994,
    6.940030115999889,
    6.842918977999943,
    6.876644961000238,
    6.891124843999933,
    7.235344996000094,
    6.8589200569999775,
    6.710974480999994
  ],
  "prusti-tests/tests/verify/pass/pure-fn/len-lookup.rs": [
    3.84741569300013,
    3.855939776000014,
    3.8738753309999083,
    3.8774179809997804,
    3.964641443000346,
    3.858922673000052,
    3.8831860669997695,
    3.975079973999982,
    3.8968118849998064,
    3.922882925000067
  ],
  "prusti-tests/tests/verify/pass/pure-fn/quantifiers.rs": [
    2.4405114350001895,
    2.440346598999895,
    2.426257566000004,
    2.3642055760001313,
    2.4419351859996823,
    2.4907289099996888,
    2.440905608000321,
    2.475791312000183,
    2.4980634560001818,
    2.4305525489999127
  ],
  "prusti-tests/tests/verify/pass/pure-fn/recursive-pure-fn.rs": [
    2.092802213000141,
    2.101093211999796,
    2.0779201190002823,
    2.05972220700005,
    2.0707243750002817,
    2.115477963000103,
    2.142482599000232,
    2.0578155610000977,
    2.061692986000253,
    2.0317921119999482
  ],
  "prusti-tests/tests/verify/pass/pure-fn/ref-mut-arg.rs": [
    3.096052899999904,
    3.1114029939999455,
    3.1253272119997746,
    3.323590412000158,
    3.316334227000425,
    3.199915221000083,
    3.304922280000028,
    3.2014191210000718,
    3.2555903500001477,
    3.250139952999689
  ],
  "prusti-tests/tests/verify/pass/rosetta/Ackermann_function.rs": [
    2.100982081999973,
    2.015023958999791,
    2.0915690530000575,
    2.0793460869999763,
    2.0836750139997093,
    2.1154457110001204,
    2.0717192140000407,
    2.091092765999747,
    2.1226786600000196,
    2.188711366000007
  ],
  "prusti-tests/tests/verify/pass/rosetta/Heapsort.rs": [
    11.452970046000246,
    11.647541499999988,
    11.605947639000078,
    11.435804148999978,
    11.411141844000213,
    11.49099760900026,
    11.606866420999722,
    11.767682418999811,
    11.245709195000018,
    10.820254945000215
  ]
}