{
  "prusti-tests/tests/verify/pass/rosetta/Knuth_shuffle.rs": [
    2.221567469999968,
    1.9248388539999723,
    1.8240043810000088,
    1.8685876149999103,
    1.8008891369998992,
    1.861612048999973,
    1.8210421429999997,
    1.8946381069999916,
    1.8444084609999436,
    1.787499681999975
  ],
  "prusti-tests/tests/verify/pass/demos/account.rs": [
    0.7549721400000635,
    0.8301166020000892,
    0.7253643679999868,
    0.7520126059999939,
    0.7292490899999393,
    0.8083901910000577,
    0.7839071109999622,
    0.7731951210000716,
    0.7408449660000542,
    0.798890216000018
  ]
}