{
  "prusti-tests/tests/verify/pass/rosetta/Knuth_shuffle.rs": [
    2.1305906029999733,
    2.009691760999999,
    1.905733529000031,
    1.8607031010000128,
    1.8633128060000672,
    1.7732087729999648,
    1.809924064000029,
    1.8233464090000098,
    1.8555373110000346,
    1.8042533610000646
  ],
  "prusti-tests/tests/verify/pass/demos/account.rs": [
    0.9257552450000048,
    0.9644739749999189,
    0.8904226839999865,
    0.8994002230000433,
    0.898155953000014,
    0.8500931089999995,
    0.8639211409999916,
    1.0367792289999898,
    0.8490657070000225,
    0.8830509460000258
  ]
}