{
  "prusti-tests/tests/verify/pass/rosetta/Knuth_shuffle.rs": [
    1.7983760089999805,
    1.6490544859999545,
    1.5707688679999592,
    1.4830017010000347,
    1.6107648789999303,
    1.5304855589999988,
    1.4654630280000447,
    1.4479473620000363,
    1.407877651999911,
    1.4326003730000139
  ],
  "prusti-tests/tests/verify/pass/demos/account.rs": [
    0.7829321560000153,
    0.7364743910000016,
    0.7680913630000532,
    0.7055641139999125,
    0.813587243000029,
    0.7162857370000211,
    0.7845296550000285,
    0.7851798509999526,
    0.7568211510000538,
    0.7267524629999116
  ],
  "prusti-tests/tests/verify/pass/rosetta/Knights_tour.rs": [
    96.45974624799999,
    90.70706907699991,
    101.66372245699995,
    96.37043939,
    98.01977709000016,
    98.12465190099988,
    96.52652792599997,
    95.20865456000001,
    95.57572892799999,
    97.37676738799996
  ],
  "prusti-tests/tests/verify/pass/quick/fold-unfold.rs": [
    0.5354754019999746,
    0.493489099000044,
    0.5119568679999702,
    0.4976154700000279,
    0.49980475400002433,
    0.48441986300008466,
    0.5333433159999004,
    0.48268277599981957,
    0.5056102129999545,
    0.48875423300000875
  ],
  "prusti-tests/tests/verify/pass/quick/moves.rs": [
    0.509030889000087,
    0.5024950350000381,
    0.4744406339998477,
    0.4747055329999057,
    0.526821062000181,
    0.5388544780000757,
    0.5470686190001288,
    0.48436426399985066,
    0.49143741299985777,
    0.5039463240000259
  ],
  "prusti-tests/tests/verify/pass/quick/mut-borrows.rs": [
    0.8507071650001308,
    0.8754219900001772,
    0.8518181570000252,
    0.7899659959998644,
    0.7839992379999785,
    0.818654793000178,
    0.8078658750000614,
    0.8001266349999696,
    0.7404516569999942,
    0.742273743999931
  ],
  "prusti-tests/tests/verify/pass/quick/shared-borrows.rs": [
    0.6252280730000166,
    0.5714046539999345,
    0.5454485380000733,
    0.5742644329998257,
    0.580486689000054,
    0.5227468990001398,
    0.5230861959998947,
    0.5624191179999798,
    0.5622454189999644,
    0.5266384829999424
  ],
  "prusti-tests/tests/verify/pass/quick/trait-contracts-refinement.rs": [
    0.8725791520000712,
    0.7544074840000121,
    0.7293111619999308,
    0.8152878549999514,
    0.7258975849999842,
    0.7725126569998793,
    0.7949178989999837,
    0.8070540129999699,
    0.7388565940000262,
    0.8321846320000077
  ],
  "prusti-tests/tests/verify/pass/quick/routes.rs": [
    2.4522739569999885,
    2.3978580420000526,
    2.14474573099983,
    2.227471037999976,
    2.1840724839998984,
    2.1166132660000585,
    2.2255000879999898,
    2.102124985999808,
    2.1653275280000344,
    2.175986551000051
  ],
  "prusti-tests/tests/verify/pass/quick/fibonacci.rs": [
    2.085132121000015,
    2.1604104460000144,
    2.0658413219998693,
    2.0467579579999438,
    2.1210421870000573,
    2.0234820739999577,
    2.054275856000004,
    2.315492006000113,
    2.263175693999983,
    2.1893636239999523
  ],
  "prusti-tests/tests/verify/pass/pure-fn/len-lookup.rs": [
    0.9158938509999643,
    1.0126595799999905,
    0.984295776999943,
    0.9732213540000885,
    0.9462424359999204,
    1.0004173560000709,
    0.9472182250001424,
    0.9157582440000169,
    0.887008342999934,
    0.9503981039999871
  ],
  "prusti-tests/tests/verify/pass/pure-fn/quantifiers.rs": [
    0.8651288959999874,
    0.9728472470001179,
    0.9102039819999845,
    0.924713249999968,
    0.8787788679999267,
    0.9723107149998214,
    0.8766235830000824,
    0.8785444699999516,
    0.8075983650001035,
    0.8052468810001301
  ],
  "prusti-tests/tests/verify/pass/pure-fn/recursive-pure-fn.rs": [
    0.732345389999864,
    0.636459258000059,
    0.6321194909999122,
    0.6983328569999685,
    0.6050894029999654,
    0.6150408349999452,
    0.6548487579998437,
    0.6339170040000681,
    0.6087292790000447,
    0.6941536860001634
  ],
  "prusti-tests/tests/verify/pass/pure-fn/ref-mut-arg.rs": [
    0.7510809909999807,
    0.7758466200000385,
    0.8317463309999766,
    0.7813762810001208,
    0.79538621100005,
    0.7491662940001333,
    0.7440632309999273,
    0.8261414490000334,
    0.7539150600000539,
    0.8241890629999489
  ],
  "prusti-tests/tests/verify/pass/rosetta/Ackermann_function.rs": [
    0.8378723670000454,
    0.8689496459999191,
    0.9486931809999533,
    0.9268597360000967,
    0.8852162400000907,
    0.8723583309999867,
    1.0066483809998772,
    0.9278230390000317,
    1.0060321859998567,
    0.9075611819998812
  ],
  "prusti-tests/tests/verify/pass/rosetta/Heapsort.rs": [
    5.752820670999881,
    5.162119714000028,
    5.214144734000001,
    4.857449554000141,
    5.241611366999905,
    5.025060746999998,
    5.38510304600004,
    4.988850317000015,
    4.7224469339998905,
    5.177995641000052
  ]
}