{
  "prusti-tests/tests/verify/pass/rosetta/Knuth_shuffle.rs": [
    2.326888642999961,
    2.0418708000000834,
    2.0414830789999314,
    2.069210357000088,
    2.02702118600007,
    2.0371672339999805,
    1.9991957729999967,
    1.9954631489999883,
    1.9895826109999462,
    1.977040159000012
  ],
  "prusti-tests/tests/verify/pass/demos/account.rs": [
    1.8640679650000038,
    1.8703657060000296,
    1.8345991759999833,
    1.8414235160000771,
    1.8341707549999455,
    1.865006653000023,
    1.8415587030000324,
    1.8659151589999965,
    1.834821154999986,
    1.8280117099999416
  ],
  "prusti-tests/tests/verify/pass/rosetta/Knights_tour.rs": [
    108.82399974999998,
    104.98088570900006,
    106.64569264800014,
    106.60751021200008,
    108.19784070800006,
    104.46354718499992,
    108.21911749999981,
    107.95896931599987,
    105.02508368600002,
    104.04409335700007
  ],
  "prusti-tests/tests/verify/pass/quick/fold-unfold.rs": [
    1.2239802379999674,
    1.2400007389999246,
    1.2233998340000198,
    1.2131100690000949,
    1.2160454090001167,
    1.219207630000028,
    1.2305910019999828,
    1.2083042609999666,
    1.235653233999983,
    1.2185438260000865
  ],
  "prusti-tests/tests/verify/pass/quick/moves.rs": [
    1.470296092000126,
    1.4784960140000294,
    1.4711894679999205,
    1.4827693409999938,
    1.4651766299998599,
    1.4795654309998554,
    1.4789513660000466,
    1.4729446280000502,
    1.4671035910000683,
    1.4678191949999473
  ],
  "prusti-tests/tests/verify/pass/quick/mut-borrows.rs": [
    2.9052632129998983,
    2.937397916000009,
    2.9041307959998903,
    2.9041930220000722,
    2.927311296000198,
    2.8876661200001763,
    2.894182045999969,
    2.899836058000119,
    2.908200812000132,
    2.9179735299999265
  ],
  "prusti-tests/tests/verify/pass/quick/shared-borrows.rs": [
    1.842525680000108,
    1.8505140319998645,
    1.8600163069997961,
    1.8458578409999973,
    1.850510070999917,
    1.8513936770000328,
    1.8479376550001234,
    1.8414724629999455,
    1.846101697999984,
    1.8380165440000837
  ],
  "prusti-tests/tests/verify/pass/quick/trait-contracts-refinement.rs": [
    1.5785963020000509,
    1.5589617119999275,
    1.5772716940000464,
    1.5463085930000489,
    1.5364066289998846,
    1.5738496710000618,
    1.538889842000117,
    1.5455068740000115,
    1.5560796429999755,
    1.5353757089999363
  ],
  "prusti-tests/tests/verify/pass/quick/routes.rs": [
    5.104098457999953,
    4.773061841999834,
    4.699004373999969,
    4.623446787000148,
    4.65661424599989,
    4.550158800999952,
    4.652702961000159,
    4.558220587999813,
    4.605066345000068,
    4.619982878999963
  ],
  "prusti-tests/tests/verify/pass/quick/fibonacci.rs": [
    5.974673423000013,
    5.913321963000044,
    5.994618713999898,
    5.934302651000053,
    5.947711914000138,
    6.012234582000019,
    5.885885516999906,
    5.904136385999664,
    5.973119835000034,
    5.918215589000283
  ],
  "prusti-tests/tests/verify/pass/pure-fn/len-lookup.rs": [
    3.4204937159997826,
    3.3994786690000183,
    3.3969367589998,
    3.428985374000149,
    3.4389310400001705,
    3.390071455999987,
    3.42081525399999,
    3.3952947830002813,
    3.3807803879999483,
    3.3920317280003474
  ],
  "prusti-tests/tests/verify/pass/pure-fn/quantifiers.rs": [
    2.1346462380001867,
    2.125301878999835,
    2.10323003800022,
    2.118596699000136,
    2.1129415790001076,
    2.1135365820000516,
    2.1030841150000015,
    2.0931387059999906,
    2.0952096200003325,
    2.086836865999885
  ],
  "prusti-tests/tests/verify/pass/pure-fn/recursive-pure-fn.rs": [
    1.8734954030001063,
    1.841536036999969,
    1.9069039569999404,
    1.8446508570000333,
    1.843700250999973,
    1.844790861999627,
    1.8926137720000042,
    1.8463183740000204,
    1.8561985370001821,
    1.8483415659998172
  ],
  "prusti-tests/tests/verify/pass/pure-fn/ref-mut-arg.rs": [
    2.8222045820002677,
    2.767861033999907,
    2.859199308999905,
    2.7695052239996585,
    2.786650733999977,
    2.7762793070000953,
    2.782964406999781,
    2.8142530059999444,
    2.767268954999963,
    2.834776204999798
  ],
  "prusti-tests/tests/verify/pass/rosetta/Ackermann_function.rs": [
    1.8514049249997697,
    1.8716656530000364,
    1.863922702000309,
    1.8647272069997598,
    1.8467953919998763,
    1.8547955429999092,
    1.8448949159997028,
    1.8543124779998834,
    1.8558661880001637,
    1.8661268529999688
  ],
  "prusti-tests/tests/verify/pass/rosetta/Heapsort.rs": [
    9.549480657999993,
    9.536476264999692,
    9.571000355999786,
    9.54331528800003,
    9.72070106000001,
    9.18174105800017,
    9.267885331999878,
    9.311415104999924,
    9.451077343000179,
    9.38167363399998
  ]
}