{
  "prusti-tests/tests/verify/pass/rosetta/Knuth_shuffle.rs": [
    2.514989820999972,
    0.31162988699998095,
    0.3087172069999724,
    0.3086030090000804,
    0.3077879140000732,
    0.3094340029999785,
    0.3079279140000608,
    0.30907640500004163,
    0.30924880399993526,
    0.3104532959999915
  ],
  "prusti-tests/tests/verify/pass/demos/account.rs": [
    2.0156634869999834,
    0.11829585999998926,
    0.1158147779999581,
    0.11638507399993614,
    0.11569527899996501,
    0.11779066400004012,
    0.11756886500006658,
    0.11762486500003888,
    0.1185838579999654,
    0.11684537000007822
  ],
  "prusti-tests/tests/verify/pass/rosetta/Knights_tour.rs": [
    93.83002537100003,
    2.1760950560000083,
    2.1457440870000255,
    2.153990236000027,
    2.1548615290000726,
    2.150030163999986,
    2.149573057999987,
    2.1553256160000274,
    2.156462508000004,
    2.148194181000008
  ],
  "prusti-tests/tests/verify/pass/quick/fold-unfold.rs": [
    1.2124660370000129,
    0.0892000700000608,
    0.08701878500005478,
    0.08782857999995031,
    0.0868600860000015,
    0.08777088000010735,
    0.08791747999998734,
    0.08712698500005445,
    0.08778428000005079,
    0.08670148700002756
  ],
  "prusti-tests/tests/verify/pass/quick/moves.rs": [
    1.4540206310000485,
    0.08431270400001267,
    0.08428580400004648,
    0.08475720100000217,
    0.08392040699993686,
    0.08408900599999924,
    0.08389290800005256,
    0.08337181199999577,
    0.08331411200003913,
    0.08231181899998319
  ],
  "prusti-tests/tests/verify/pass/quick/mut-borrows.rs": [
    2.8668877530000145,
    0.14207139600000573,
    0.1420968959999982,
    0.14091560500003197,
    0.1419927929999858,
    0.1420555910000303,
    0.14540246700005355,
    0.1412850960000469,
    0.14064460100007636,
    0.14131899599999542
  ],
  "prusti-tests/tests/verify/pass/quick/shared-borrows.rs": [
    1.7755564880000065,
    0.08358470600001056,
    0.08177661899992472,
    0.0833647080000901,
    0.08305630999996083,
    0.0833892079999714,
    0.08310070999993968,
    0.08195471800001997,
    0.08385190500007411,
    0.08187291900003402
  ],
  "prusti-tests/tests/verify/pass/quick/trait-contracts-refinement.rs": [
    1.504537212999935,
    0.12530430999993314,
    0.12646610199999486,
    0.1267978989999392,
    0.12471841399997174,
    0.12530571000002055,
    0.12599060499996995,
    0.12688149900009194,
    0.12610650400006307,
    0.12471201400001064
  ],
  "prusti-tests/tests/verify/pass/quick/routes.rs": [
    5.055809193000073,
    0.3185726369999884,
    0.31726454699992246,
    0.3172660469999755,
    0.3198310279999532,
    0.3167009510000298,
    0.3174057459999631,
    0.3180395409999619,
    0.31825383999989754,
    0.31669305100001566
  ],
  "prusti-tests/tests/verify/pass/quick/fibonacci.rs": [
    0.3339926280000327,
    0.33621991200004686,
    0.33250893800004633,
    0.33355913100001544,
    0.3322228399999858,
    0.33384362900005726,
    0.3373446010000407,
    0.3329026320000139,
    0.33141224300004524,
    0.33220203700000184
  ],
  "prusti-tests/tests/verify/pass/pure-fn/len-lookup.rs": [
    3.457760209000071,
    0.1985998870000003,
    0.19840218900003492,
    0.19947798099997271,
    0.1980627910000976,
    0.19809439099992687,
    0.19886118500005523,
    0.19920298299996375,
    0.19685809999998582,
    0.1979113930000267
  ],
  "prusti-tests/tests/verify/pass/pure-fn/quantifiers.rs": [
    2.1102569899999253,
    0.17620244600004753,
    0.17354546499996104,
    0.17301156899998205,
    0.17321316799996112,
    0.173151469000004,
    0.1724793729999874,
    0.17279676999999083,
    0.17367776399999002,
    0.1732038669999838
  ],
  "prusti-tests/tests/verify/pass/pure-fn/recursive-pure-fn.rs": [
    1.7941320350000751,
    0.13138876499999697,
    0.13268815600008566,
    0.13242885800002568,
    0.13116346699996484,
    0.1320761599999969,
    0.13181846199995562,
    0.13256385700003648,
    0.13180816199997025,
    0.13238175899994076
  ],
  "prusti-tests/tests/verify/pass/pure-fn/ref-mut-arg.rs": [
    2.7376245230000222,
    0.1644289309999749,
    0.16392913599997883,
    0.16344853999999032,
    0.16412953500002914,
    0.16477482999994209,
    0.16396183599999858,
    0.16454533199998878,
    0.16434053399996174,
    0.16448043300010795
  ],
  "prusti-tests/tests/verify/pass/rosetta/Ackermann_function.rs": [
    1.790606589000049,
    0.20149136999998518,
    0.20207676600000468,
    0.20278106099999604,
    0.2019882660000576,
    0.20237416300005862,
    0.20178486700001486,
    0.20005817999992814,
    0.20073887499995635,
    0.2011571720000802
  ],
  "prusti-tests/tests/verify/pass/rosetta/Heapsort.rs": [
    9.327396328000077,
    0.9301592580000033,
    0.9165766580000536,
    0.9235130360000312,
    0.9153599940000277,
    0.9188745690000815,
    0.9200680600000624,
    0.9155827920000092,
    0.9174407789998895,
    0.9160637890000771
  ]
}