{
  "prusti-tests/tests/verify/pass/rosetta/Knuth_shuffle.rs": [
    2.8039925970001605,
    2.6866402059999928,
    2.3220143999999436,
    2.4681805280001754,
    2.6818700660001014,
    2.4873067940000055,
    2.3782063680000647,
    2.420075491000034,
    2.61118066500012,
    2.416592242000206
  ],
  "prusti-tests/tests/verify/pass/demos/account.rs": [
    1.0121408819998123,
    1.0939398369998798,
    1.0775129049998213,
    1.0395974400000796,
    1.0619596030001048,
    1.1070146800000202,
    1.0722495479999452,
    0.939781873000129,
    1.0063876970000365,
    0.9220962910001163
  ]
}