{
  "prusti-tests/tests/verify/pass/rosetta/Knuth_shuffle.rs": [
    2.303253502999951,
    2.026344009000013,
    1.9892327229999864,
    1.9328244959999665,
    1.9059960069999988,
    1.9173733470000798,
    1.9653739360001055,
    1.9260580190000383,
    1.8927105110000184,
    1.941223960000002
  ],
  "prusti-tests/tests/verify/pass/demos/account.rs": [
    1.745374667999954,
    1.7866784200000438,
    1.7384520429999384,
    1.7606071480000764,
    1.7569926020000821,
    1.7317638420000776,
    1.7206961410000758,
    1.7632654159999674,
    1.7160633659999576,
    1.7265843679999762
  ],
  "prusti-tests/tests/verify/pass/rosetta/Knights_tour.rs": [
    107.39343433800002,
    101.17205882000007,
    106.12624736300018,
    101.76311209200003,
    104.44002431700005,
    103.73357514300005,
    106.28384104199995,
    103.36304215399991,
    104.68937833599989,
    104.15622287299993
  ],
  "prusti-tests/tests/verify/pass/quick/fold-unfold.rs": [
    1.1662311659999887,
    1.1708703520000654,
    1.1708591510000588,
    1.162119579000091,
    1.1646461249999902,
    1.154233935000093,
    1.1544227379999938,
    1.157313391000116,
    1.177698264000128,
    1.1720782600000348
  ],
  "prusti-tests/tests/verify/pass/quick/moves.rs": [
    1.410475665000149,
    1.4346480069998506,
    1.4165950780000003,
    1.399829770999986,
    1.4157718619999287,
    1.423014209999792,
    1.4017656490000263,
    1.414720786000089,
    1.4088743790000535,
    1.4048088049999023
  ],
  "prusti-tests/tests/verify/pass/quick/mut-borrows.rs": [
    2.7679710030001843,
    2.7711787690000165,
    2.7750213379999877,
    2.776935688000094,
    2.757469353000033,
    2.7520916549999583,
    2.7415487200000825,
    2.7574554889999945,
    2.78052840700002,
    2.7631418880000638
  ],
  "prusti-tests/tests/verify/pass/quick/shared-borrows.rs": [
    1.7511465800000678,
    1.7775524590001623,
    1.7514776859998165,
    1.7512664380001297,
    1.7429882599999473,
    1.7588927510000758,
    1.7761501649997626,
    1.7638304400002198,
    1.7421914850001485,
    1.7515291609997803
  ],
  "prusti-tests/tests/verify/pass/quick/trait-contracts-refinement.rs": [
    1.5829962849998083,
    1.5688052270002117,
    1.5693512369998643,
    1.5325694819998716,
    1.5394052060000831,
    1.5459967269998742,
    1.5357188389998555,
    1.5652482780001264,
    1.528680803000043,
    1.5410804029997962
  ],
  "prusti-tests/tests/verify/pass/quick/routes.rs": [
    4.721905502000027,
    4.393233961000078,
    4.23334458599993,
    4.240178821999962,
    4.242291974000182,
    4.254855591999785,
    4.234452171999692,
    4.230129655000383,
    4.192157770999984,
    4.175592804999724
  ],
  "prusti-tests/tests/verify/pass/quick/fibonacci.rs": [
    5.3914583069999935,
    5.333779508999669,
    5.317868206000185,
    5.299434538999776,
    5.266685983000116,
    5.276629357999809,
    5.273765824999828,
    5.289009029000226,
    5.278991052000038,
    5.243026195999846
  ],
  "prusti-tests/tests/verify/pass/pure-fn/len-lookup.rs": [
    3.0979128429999037,
    3.117481882999982,
    3.0996815070002413,
    3.101977748000081,
    3.1090789039999436,
    3.1034502149996115,
    3.109831930999917,
    3.1028050069999153,
    3.1111842599998454,
    3.1231484610002553
  ],
  "prusti-tests/tests/verify/pass/pure-fn/quantifiers.rs": [
    1.9179581710000093,
    1.931006009000157,
    1.8887854399999924,
    1.8946359530000336,
    1.8796378829997593,
    1.9035942189998423,
    1.8883246410000538,
    1.8974254169997948,
    1.8973153300003105,
    1.9074736150000717
  ],
  "prusti-tests/tests/verify/pass/pure-fn/recursive-pure-fn.rs": [
    1.6832622229999288,
    1.6927316960000098,
    1.6780772179999985,
    1.6807632670002022,
    1.6781584189998284,
    1.6670105159996638,
    1.6679413280003246,
    1.6887849869999627,
    1.6746518290001404,
    1.6823268690000077
  ],
  "prusti-tests/tests/verify/pass/pure-fn/ref-mut-arg.rs": [
    2.4897103879998213,
    2.486266212999908,
    2.4535394160002397,
    2.4653961320000235,
    2.484265506999691,
    2.451771829000336,
    2.481784176000019,
    2.467324120000285,
    2.4570840410001438,
    2.4635998599997038
  ],
  "prusti-tests/tests/verify/pass/rosetta/Ackermann_function.rs": [
    1.7436947219998729,
    1.727683565999996,
    1.7435451090000242,
    1.7270719120001559,
    1.7202559879997352,
    1.7277283369999168,
    1.7247691919997123,
    1.721698755000034,
    1.7415126220003003,
    1.729056629000297
  ],
  "prusti-tests/tests/verify/pass/rosetta/Heapsort.rs": [
    10.290074896000078,
    10.104053609999937,
    10.11866808800005,
    10.23039570200035,
    10.085814079000102,
    10.131226400999822,
    10.092862450000212,
    10.066243887999917,
    10.155507886000123,
    10.046095729000172
  ]
}