{
  "prusti-tests/tests/verify/pass/rosetta/Knuth_shuffle.rs": [
    2.2304585440000437,
    2.164022498999998,
    2.0368323280000595,
    2.0406551059999174,
    2.0311003130000245,
    1.9896066720000363,
    1.9939572570000337,
    2.0105274919999374,
    2.023191648000079,
    1.9460389870000654
  ],
  "prusti-tests/tests/verify/pass/demos/account.rs": [
    1.8084018060000062,
    1.8530156090000673,
    1.9063354880000816,
    1.854503139000144,
    1.952223222000157,
    1.9407933940001385,
    1.8483332210000754,
    1.8649042580000241,
    1.8294438610000725,
    1.8740836030001446
  ],
  "prusti-tests/tests/verify/pass/rosetta/Knights_tour.rs": [
    114.9825116699999,
    111.156947618,
    105.90451328900008,
    107.53024882099999,
    109.17591686499986,
    110.2615537229999,
    108.53153913599999,
    111.63468297600002,
    109.16496115600012,
    108.50040780800009
  ],
  "prusti-tests/tests/verify/pass/quick/fold-unfold.rs": [
    1.1896239640000204,
    1.2584437840000646,
    1.188277742000082,
    1.2205607679998138,
    1.22131523500002,
    1.1934094729999742,
    1.2050214829996548,
    1.2001347109999188,
    1.1611196310000196,
    1.2274987129999317
  ],
  "prusti-tests/tests/verify/pass/quick/moves.rs": [
    1.443290068999886,
    1.3922573310001098,
    1.4842613189998701,
    1.4214763330001006,
    1.4860967570002686,
    1.5623195550001583,
    1.7852637569999388,
    1.7852306689997022,
    1.5168967780000457,
    1.492667990999962
  ],
  "prusti-tests/tests/verify/pass/quick/mut-borrows.rs": [
    3.021211055999629,
    3.006267693999689,
    2.8735911109997687,
    2.9772472730001027,
    2.9225945229995887,
    2.916883008000241,
    2.923524157999964,
    2.903706734000025,
    2.8770420939999894,
    2.931771748999836
  ],
  "prusti-tests/tests/verify/pass/quick/shared-borrows.rs": [
    1.8539983880000364,
    1.8420719480000116,
    1.9723011329997462,
    1.8923021420000623,
    1.9549212309998438,
    1.9088283819996832,
    1.8705404950001139,
    1.809169797999857,
    1.8530798759998106,
    1.861789164000129
  ],
  "prusti-tests/tests/verify/pass/quick/trait-contracts-refinement.rs": [
    1.6125902879998648,
    1.6160065720000603,
    1.51639880599987,
    1.5844950800001243,
    1.6241086799996083,
    1.5391049640002166,
    1.5364935920001699,
    1.518536094999945,
    1.5925053139999363,
    1.5235348979999799
  ],
  "prusti-tests/tests/verify/pass/quick/routes.rs": [
    5.192320683000162,
    4.938940400999854,
    4.734152098000322,
    5.134716897000089,
    4.831254274999992,
    4.9047575690001395,
    4.91174468600002,
    4.691431680000278,
    4.766334208999979,
    4.799350315000083
  ],
  "prusti-tests/tests/verify/pass/quick/fibonacci.rs": [
    6.151841931000035,
    6.147459928999979,
    6.04931518300009,
    6.2723729620001905,
    6.075501257999804,
    6.084355112999674,
    6.009865138999885,
    6.277151503999903,
    5.831528624999919,
    6.188780335000047
  ],
  "prusti-tests/tests/verify/pass/pure-fn/len-lookup.rs": [
    3.425521953000043,
    3.370088988000134,
    3.413384617000247,
    3.33924408699977,
    3.353762525000093,
    3.4942912629999228,
    3.491411941000024,
    3.51928518800014,
    3.4633112880001136,
    3.4935459329999503
  ],
  "prusti-tests/tests/verify/pass/pure-fn/quantifiers.rs": [
    2.063823348999904,
    2.0693283890000203,
    2.0979095780003263,
    2.0854794279998714,
    1.9956397159999142,
    2.1766054409999924,
    2.137247021999883,
    2.0596028630002365,
    2.134954977000234,
    2.1487782560002415
  ],
  "prusti-tests/tests/verify/pass/pure-fn/recursive-pure-fn.rs": [
    1.8643573430003926,
    1.9220736030001717,
    1.947825119999834,
    1.90381077200027,
    1.8395258810000996,
    1.8591162739999163,
    1.9202020030002132,
    1.9737003240002196,
    2.0149415700002464,
    1.9280295200001092
  ],
  "prusti-tests/tests/verify/pass/pure-fn/ref-mut-arg.rs": [
    2.7884569469997587,
    2.819436004000181,
    2.8236394890000156,
    2.851348352000059,
    2.836541269999998,
    2.8452400449996276,
    2.7732171980001112,
    2.9917127109997637,
    2.9255004759997973,
    2.823151417999725
  ],
  "prusti-tests/tests/verify/pass/rosetta/Ackermann_function.rs": [
    1.9867223569999624,
    1.8076345459999175,
    1.8916833409998617,
    1.8487446789999922,
    1.8749658100000488,
    1.8681804729999385,
    1.8753348170002937,
    1.9903837399997428,
    1.924114106000161,
    1.8616690460003156
  ],
  "prusti-tests/tests/verify/pass/rosetta/Heapsort.rs": [
    9.325364702000115,
    9.986926966999818,
    9.23074792899979,
    9.825457381999968,
    9.278946784000254,
    9.266645530999995,
    9.641829146999953,
    9.250317442999858,
    9.479227048999746,
    9.636344645999998
  ]
}