{
  "prusti-tests/tests/verify/pass/rosetta/Knuth_shuffle.rs": [
    2.047711101999994,
    1.7873464860000468,
    1.7167315829999552,
    1.6636895099999265,
    1.6979080419999946,
    1.6429375520000349,
    1.627002272000027,
    1.6620209110000133,
    1.7649384210000107,
    1.6050346460000355
  ],
  "prusti-tests/tests/verify/pass/demos/account.rs": [
    0.7294732799999792,
    0.7304092989999162,
    0.730654512000001,
    0.7597580640000388,
    0.6835331320000932,
    0.7391543129999718,
    0.7178275410000197,
    0.7082249680000814,
    0.760430518000021,
    0.7381996430000299
  ]
}