{
  "prusti-tests/tests/verify/pass/rosetta/Knuth_shuffle.rs": [
    2.1934679179998966,
    1.864232950000087,
    1.8610947139998189,
    1.7701102829998945,
    1.7495733130001554,
    1.710930142000052,
    1.7834014590000606,
    1.7415526959998715,
    1.6881969720000143,
    1.6961075320000418
  ],
  "prusti-tests/tests/verify/pass/demos/account.rs": [
    0.7669266460000017,
    0.7774011310000333,
    0.7668063189998975,
    0.794701127000053,
    0.7632765250000375,
    0.8163101080001525,
    0.7341579339999953,
    0.7555921669998042,
    0.7611628900001506,
    0.797765758999958
  ]
}