{
  "prusti-tests/tests/verify/pass/rosetta/Knuth_shuffle.rs": [
    2.6281497269999363,
    2.390734737999992,
    2.3497336339999038,
    2.4179156480000756,
    2.41101193399993,
    2.3332328719999396,
    2.340775737000058,
    2.328220582999961,
    2.4207173790000525,
    2.338577968999971
  ],
  "prusti-tests/tests/verify/pass/demos/account.rs": [
    2.088154493999923,
    2.1415921929999513,
    2.130508520000035,
    2.104163007000011,
    2.181115789000046,
    2.185205910999912,
    2.1047160489999897,
    2.1462630940000054,
    2.1024485190000632,
    2.108230044999914
  ],
  "prusti-tests/tests/verify/pass/rosetta/Knights_tour.rs": [
    123.40761171100007,
    118.56718848000003,
    120.62849443899995,
    119.76605832700011,
    119.805939738,
    121.50286377499992,
    115.8937415360001,
    115.34639284700006,
    120.816000971,
    117.93490385700011
  ],
  "prusti-tests/tests/verify/pass/quick/fold-unfold.rs": [
    1.414777184000286,
    1.4204244560000916,
    1.425115617999836,
    1.434468735000337,
    1.4392108299998654,
    1.4148670029999266,
    1.4110956889999215,
    1.414234849999957,
    1.3945392450000327,
    1.418516402000023
  ],
  "prusti-tests/tests/verify/pass/quick/moves.rs": [
    1.722472652000306,
    1.7548401509998257,
    1.7060167800000272,
    1.7122003139998014,
    1.745175523999933,
    1.7468023589999575,
    1.7131109800002378,
    1.7246692730000177,
    1.7123818620002567,
    1.703943556000013
  ],
  "prusti-tests/tests/verify/pass/quick/mut-borrows.rs": [
    3.395417368999915,
    3.461088297999595,
    3.4713298779997785,
    3.461813997000263,
    3.370241895000163,
    3.343632089000039,
    3.4091670030002206,
    3.3949232179998035,
    3.4141892319998988,
    3.338222638999923
  ],
  "prusti-tests/tests/verify/pass/quick/shared-borrows.rs": [
    2.1738001030003034,
    2.168300376999923,
    2.1492507010002555,
    2.1368555519998154,
    2.1834187670001484,
    2.1988990679997187,
    2.162438720999944,
    2.1952454620000026,
    2.1821301989998574,
    2.175395293999827
  ],
  "prusti-tests/tests/verify/pass/quick/trait-contracts-refinement.rs": [
    1.9146502090002286,
    1.8615855929997451,
    1.834795794999991,
    1.8342065380002168,
    1.819685821999883,
    1.843210893000105,
    1.832706319999943,
    1.8438098290002927,
    1.810098175999883,
    1.827745369999775
  ],
  "prusti-tests/tests/verify/pass/quick/routes.rs": [
    5.851076394999836,
    5.837287533000108,
    5.627116128000125,
    5.828226582999832,
    5.695968524999898,
    5.792367479999939,
    5.637631184999918,
    5.700275991000126,
    5.4970296740002595,
    5.636136778000036
  ],
  "prusti-tests/tests/verify/pass/quick/fibonacci.rs": [
    7.208646310000404,
    7.162816650999957,
    7.20752751100008,
    7.117696788000103,
    7.138113976000113,
    7.115540857000269,
    7.055183271999795,
    7.019101628000044,
    7.259984491000068,
    7.042728003999855
  ],
  "prusti-tests/tests/verify/pass/pure-fn/len-lookup.rs": [
    4.0510761760001515,
    4.0614400330000535,
    4.085068844000034,
    4.0168861329998435,
    4.069077715000276,
    4.084819711000364,
    4.053409818000091,
    3.9918667410001945,
    4.121376042000065,
    3.9995777350000026
  ],
  "prusti-tests/tests/verify/pass/pure-fn/quantifiers.rs": [
    2.5052496240000437,
    2.5419530309995935,
    2.4868866970000454,
    2.4912680360002923,
    2.4869617939998534,
    2.503721967000274,
    2.472764645999632,
    2.4603859849999026,
    2.502986926000176,
    2.494429674999992
  ],
  "prusti-tests/tests/verify/pass/pure-fn/recursive-pure-fn.rs": [
    2.1808280499999455,
    2.2050575219996063,
    2.2602230380002766,
    2.2575064499997097,
    2.1992964229998506,
    2.195284471999912,
    2.2465142579999338,
    2.159199155999886,
    2.1655572549998396,
    2.131347461000132
  ],
  "prusti-tests/tests/verify/pass/pure-fn/ref-mut-arg.rs": [
    3.2517107949997808,
    3.3102595590003148,
    3.4117231479999646,
    3.3083211179996397,
    3.351408053999876,
    3.3633079159999397,
    3.405770016000133,
    3.4144841310003358,
    3.364854012000251,
    3.2841852480000853
  ],
  "prusti-tests/tests/verify/pass/rosetta/Ackermann_function.rs": [
    2.2236497869998857,
    2.17841892000024,
    2.1900358369998685,
    2.23412899799996,
    2.163013862000298,
    2.1873989680002524,
    2.164127131999976,
    2.173193631999766,
    2.213244978000148,
    2.2375265030000264
  ],
  "prusti-tests/tests/verify/pass/rosetta/Heapsort.rs": [
    11.249465796000095,
    11.326584892000028,
    11.032071534999886,
    11.328645395999956,
    11.195860842999991,
    11.465350799999669,
    11.360359377999885,
    11.55034879599998,
    11.523086965999937,
    11.5521582209999
  ]
}