{
  "prusti-tests/tests/verify/pass/rosetta/Knuth_shuffle.rs": [
    2.1229763339999863,
    1.8733851760000562,
    1.929132439,
    1.8120079859999123,
    1.8372780050000301,
    1.7069993850000174,
    1.8044448409999632,
    1.686099344000013,
    1.6743232690000696,
    1.6624981859999934
  ],
  "prusti-tests/tests/verify/pass/demos/account.rs": [
    0.9377661949999947,
    0.8874042639999971,
    0.880563541000015,
    0.8726703829998996,
    0.8457350060000408,
    0.9325253179999891,
    0.932868128999985,
    0.9383271059999743,
    0.8328814889999876,
    0.9163466940000262
  ],
  "prusti-tests/tests/verify/pass/rosetta/Knights_tour.rs": [
    106.09363543000006,
    102.33910486399986,
    106.54653318099986,
    107.37688215799994,
    109.75893881100001,
    110.87349158500001,
    102.95096640499992,
    107.95850283300001,
    107.1314400199999,
    109.99961847700001
  ],
  "prusti-tests/tests/verify/pass/quick/fold-unfold.rs": [
    0.5932141730002058,
    0.614489261000017,
    0.5510457099999257,
    0.5543837180000537,
    0.560493415999872,
    0.5576088220000202,
    0.5644409429999087,
    0.5516712299997835,
    0.5525431129999561,
    0.5368616900000234
  ],
  "prusti-tests/tests/verify/pass/quick/moves.rs": [
    0.660982064000109,
    0.6036795299999085,
    0.6228585430001203,
    0.6025567940000656,
    0.6607909580000069,
    0.620516268000074,
    0.6546309610000662,
    0.6155078080000749,
    0.6575307540001631,
    0.6426773779999166
  ],
  "prusti-tests/tests/verify/pass/quick/mut-borrows.rs": [
    0.9987463130000833,
    1.0131522209999275,
    1.0357248519999303,
    1.0131305209999937,
    1.0326525529999344,
    0.9112413200000447,
    0.9632868049998251,
    0.9170377069999631,
    0.9005493719998867,
    0.9657439720001548
  ],
  "prusti-tests/tests/verify/pass/quick/shared-borrows.rs": [
    0.5935082189998866,
    0.6138217759998952,
    0.6755083739999463,
    0.6342899400001443,
    0.6820733859999564,
    0.6348472580000362,
    0.6002510370001346,
    0.5802178879998792,
    0.6348322569999709,
    0.5932108090000838
  ],
  "prusti-tests/tests/verify/pass/quick/trait-contracts-refinement.rs": [
    0.9876309850001235,
    0.9587159570000949,
    0.9015411049999784,
    0.9373928669999714,
    0.9588283619998492,
    0.9172842150001088,
    0.9424466299999494,
    0.9094478619999791,
    0.9238175269999829,
    1.0484157260000302
  ],
  "prusti-tests/tests/verify/pass/quick/routes.rs": [
    3.6328116170000158,
    2.7075936879998608,
    2.5017149269999663,
    2.422758423999994,
    2.3719757839999147,
    2.480884678999928,
    2.4974022510000395,
    2.3571287100000973,
    2.328450081000028,
    2.4081937500000095
  ],
  "prusti-tests/tests/verify/pass/quick/fibonacci.rs": [
    2.253191232999825,
    2.344031972999801,
    2.2937603670000044,
    2.4069587470000897,
    2.3065133939999214,
    2.4137279650001346,
    2.2414853840000433,
    2.2305423289999453,
    2.444801567000013,
    2.3823170160001155
  ],
  "prusti-tests/tests/verify/pass/pure-fn/len-lookup.rs": [
    1.138900397000043,
    1.2025915560000158,
    1.111722919000158,
    1.100023641000007,
    1.1232394920000388,
    1.1470079050000095,
    1.1557412309998654,
    1.1458628109999154,
    1.3258094389998405,
    1.2203916250000475
  ],
  "prusti-tests/tests/verify/pass/pure-fn/quantifiers.rs": [
    1.0123835879999206,
    1.0670057569998335,
    1.0161633589998473,
    1.0430120769999576,
    1.06382954899982,
    1.0645931740000378,
    1.0705752679998568,
    0.9901087690000168,
    1.0853618450000795,
    1.028944722999995
  ],
  "prusti-tests/tests/verify/pass/pure-fn/recursive-pure-fn.rs": [
    0.8746770019999985,
    0.8405607089998739,
    0.8047027479999542,
    0.8527642039998682,
    0.76601799700029,
    0.7929444679998596,
    0.7678623560000233,
    0.861148976000095,
    0.8022794699995757,
    0.8421880619998774
  ],
  "prusti-tests/tests/verify/pass/pure-fn/ref-mut-arg.rs": [
    1.0259357120003187,
    0.9923328239997318,
    1.0386808240000391,
    1.0854807400000936,
    1.0033457810000073,
    0.9689168660001997,
    1.0211265560001266,
    0.9533979550001277,
    1.0006604310001421,
    0.9293273260000205
  ],
  "prusti-tests/tests/verify/pass/rosetta/Ackermann_function.rs": [
    1.0675947940003425,
    1.0081993750000038,
    1.0661037459999534,
    1.1115280130002247,
    1.0240841880004155,
    1.140285966999727,
    1.0600348039997698,
    1.0037606830001096,
    1.0924195520001376,
    0.976714807999997
  ],
  "prusti-tests/tests/verify/pass/rosetta/Heapsort.rs": [
    6.155403167000259,
    5.967102049000005,
    5.732861471999968,
    5.847402143000181,
    5.418251603000044,
    5.660534665999876,
    5.38150585800031,
    5.381824183999925,
    5.685308075000194,
    5.256805272999827
  ]
}