{
  "prusti-tests/tests/verify/pass/rosetta/Knuth_shuffle.rs": [
    1.9566764569999577,
    1.6655555029999505,
    1.6316139819999762,
    1.6052935589999606,
    1.6261989270000186,
    1.5075753639999903,
    1.566556574999936,
    1.6052948709999555,
    1.577671564999946,
    1.5377545540000028
  ],
  "prusti-tests/tests/verify/pass/demos/account.rs": [
    0.7527352219999557,
    0.7558066220000228,
    0.7861686079999117,
    0.739163240000039,
    0.8138759580000396,
    0.7864241579999316,
    0.7155235100000255,
    0.8246047620000354,
    0.7559391600000254,
    0.7893580500000326
  ],
  "prusti-tests/tests/verify/pass/rosetta/Knights_tour.rs": [
    94.00007864899999,
    91.4888982540001,
    95.11009134900019,
    91.1874168469999,
    98.06447597300007,
    100.55015308099996,
    97.06425744600006,
    99.09024099999988,
    99.17293775000007,
    96.93421642099997
  ],
  "prusti-tests/tests/verify/pass/quick/fold-unfold.rs": [
    0.5343487449999884,
    0.5332212700000127,
    0.6296055039999828,
    0.5062082259998988,
    0.5168295070000113,
    0.5175415530000009,
    0.5145709630000965,
    0.5404237180000564,
    0.5654829239999799,
    0.5300293519999286
  ],
  "prusti-tests/tests/verify/pass/quick/moves.rs": [
    0.5444509769999968,
    0.5459685729999819,
    0.5751564429999689,
    0.5141481350001413,
    0.5369778980000319,
    0.5131588720000764,
    0.5732705230000192,
    0.5453424929999073,
    0.5402493940000568,
    0.5151009269998212
  ],
  "prusti-tests/tests/verify/pass/quick/mut-borrows.rs": [
    0.8979293909999342,
    0.790514574000099,
    0.8197773130000314,
    0.8983128160000433,
    0.8476667610000277,
    0.8211389030000191,
    0.8236835719999362,
    0.798578550000002,
    0.8503406450001876,
    0.7488320899999508
  ],
  "prusti-tests/tests/verify/pass/quick/shared-borrows.rs": [
    0.54112307399987,
    0.5975749740000538,
    0.5807651729999179,
    0.6160961890000181,
    0.6307948529999976,
    0.534101512999996,
    0.5496654339999623,
    0.5672091839999212,
    0.5431574069998533,
    0.5527726369998618
  ],
  "prusti-tests/tests/verify/pass/quick/trait-contracts-refinement.rs": [
    0.8403894839998429,
    0.7336812790001659,
    0.7325272030000178,
    0.7931826789999832,
    0.7153807800000322,
    0.7656074710000667,
    0.8339378489999945,
    0.7244825759999003,
    0.7639331620000576,
    0.8133222980000028
  ],
  "prusti-tests/tests/verify/pass/quick/routes.rs": [
    2.4336557879998963,
    2.329288450999911,
    2.1098433689999183,
    1.9539267779998681,
    2.1531030789999477,
    2.090331152999852,
    2.1173744870000064,
    1.9960399789999883,
    2.0448405960000855,
    2.094729305000101
  ],
  "prusti-tests/tests/verify/pass/quick/fibonacci.rs": [
    2.217596552000032,
    2.0981996699999854,
    2.063394604999985,
    2.213962070999969,
    2.136404389000063,
    1.9979395419998127,
    1.9239677089999532,
    1.9668974230000913,
    1.978526084999885,
    1.9434429269999782
  ],
  "prusti-tests/tests/verify/pass/pure-fn/len-lookup.rs": [
    0.91463608700019,
    1.0512715479999315,
    0.9638251139999738,
    0.9547739199999796,
    0.953046206999943,
    0.9399139449999439,
    1.0082111239998994,
    0.9982588919999671,
    1.014133670999854,
    0.9183667219999734
  ],
  "prusti-tests/tests/verify/pass/pure-fn/quantifiers.rs": [
    0.8626471869999932,
    0.8551994009999362,
    0.8835386499999913,
    0.795241987999816,
    0.8246721090001756,
    0.7881873280000491,
    0.862910766999903,
    0.8217483629998696,
    0.852766499999916,
    0.9385380319999967
  ],
  "prusti-tests/tests/verify/pass/pure-fn/recursive-pure-fn.rs": [
    0.6510337519998757,
    0.7244079710001188,
    0.6733589189998384,
    0.6562528950000797,
    0.7063841869999123,
    0.6642205190000823,
    0.6309007299998939,
    0.6586370720001469,
    0.6242718110001988,
    0.6620132840000679
  ],
  "prusti-tests/tests/verify/pass/pure-fn/ref-mut-arg.rs": [
    0.8660263540000415,
    0.7760152559999369,
    0.8165411109998786,
    0.8286715060000915,
    0.8058821130000524,
    0.8498323930000424,
    0.8697306960000333,
    0.8459554359999402,
    0.837439176000089,
    0.7724848200000451
  ],
  "prusti-tests/tests/verify/pass/rosetta/Ackermann_function.rs": [
    0.9376451430000543,
    0.8429865400000836,
    0.8853429149999101,
    0.9792501699998866,
    0.9519375789998321,
    0.9071275429998877,
    0.9877276409999922,
    0.8790868280000268,
    0.9184898109999722,
    1.0444084660000499
  ],
  "prusti-tests/tests/verify/pass/rosetta/Heapsort.rs": [
    5.398514871999851,
    4.469719923999946,
    4.698811123000041,
    4.365235231000042,
    5.001844430000119,
    4.935284496999884,
    5.210722757999974,
    5.173169513000175,
    5.038821024999834,
    4.565927830999954
  ]
}