{
  "prusti-tests/tests/verify/pass/rosetta/Knuth_shuffle.rs": [
    2.8302385179999874,
    2.3260229669999717,
    2.3418238799999926,
    2.353333762000034,
    2.3381459570000516,
    2.247427678000008,
    2.2715812689999666,
    2.2306740269999636,
    2.2334274570000616,
    2.4221831910000446
  ],
  "prusti-tests/tests/verify/pass/demos/account.rs": [
    2.0585259509999787,
    2.0225772349999716,
    1.98154708200002,
    2.036730898999963,
    1.9306411680000792,
    1.9524445130000458,
    1.9818479679998973,
    2.069650227000011,
    1.9635722760000363,
    1.9356684279999854
  ],
  "prusti-tests/tests/verify/pass/rosetta/Knights_tour.rs": [
    123.203616302,
    114.63697885900001,
    112.93250585700002,
    115.54079221699999,
    114.51310477900006,
    112.20456407799998,
    114.96916145599994,
    112.9544000379999,
    117.51214526400008,
    113.88015402699989
  ],
  "prusti-tests/tests/verify/pass/quick/fold-unfold.rs": [
    1.2080642870000702,
    1.1409719289999884,
    1.1313188599999648,
    1.133383073999994,
    1.1271174280000196,
    1.1458278650000011,
    1.2387250439999207,
    1.180109031000029,
    1.2269246339999427,
    1.1154687490000015
  ],
  "prusti-tests/tests/verify/pass/quick/moves.rs": [
    1.3636874180001541,
    1.3647888279999734,
    1.372437188000049,
    1.4940766669999448,
    1.4268399329998829,
    1.4194662800000515,
    1.3695860229997834,
    1.3656866950000222,
    1.4057879830002094,
    1.4470274569998764
  ],
  "prusti-tests/tests/verify/pass/quick/mut-borrows.rs": [
    2.846318411000084,
    2.781046364000076,
    3.001004657000067,
    2.8958402759999444,
    2.762344541000175,
    2.8673628030001055,
    2.9089954730000045,
    2.9710930190001363,
    2.9357450659999813,
    2.8480073830000947
  ],
  "prusti-tests/tests/verify/pass/quick/shared-borrows.rs": [
    1.8611264049998226,
    1.9080913660000078,
    1.7685209920000489,
    1.7642217659999915,
    1.9029268120000324,
    1.809234841000034,
    1.7816104339999583,
    1.7522220509999897,
    1.7348812449999969,
    1.8770095700001548
  ],
  "prusti-tests/tests/verify/pass/quick/trait-contracts-refinement.rs": [
    1.659486795000248,
    1.5522001100002853,
    1.5249863359999836,
    1.5627906780000558,
    1.6726149639998766,
    1.6727463199999875,
    1.520737783000186,
    1.5607317340000009,
    1.5159519400003774,
    1.6881624350003221
  ],
  "prusti-tests/tests/verify/pass/quick/routes.rs": [
    5.773894132999885,
    5.672255904000394,
    5.577862140999969,
    5.452446413999951,
    5.45901602899994,
    5.538019848000204,
    5.125745196000025,
    5.229292804000124,
    5.32093514799999,
    5.2706470599996464
  ],
  "prusti-tests/tests/verify/pass/quick/fibonacci.rs": [
    6.64965849500004,
    6.4246411009999065,
    6.608987629999774,
    6.69205726600012,
    6.754773906000082,
    6.48838733599996,
    6.826311353000165,
    6.6363566750001155,
    6.448876560999906,
    6.536639754000134
  ],
  "prusti-tests/tests/verify/pass/pure-fn/len-lookup.rs": [
    3.7548582839999654,
    3.7239178730001186,
    3.6988870320001297,
    3.7595811159999357,
    3.8240685949999715,
    3.7006567299999915,
    3.955112057000406,
    3.811218168999858,
    3.814637699999821,
    3.918226228000094
  ],
  "prusti-tests/tests/verify/pass/pure-fn/quantifiers.rs": [
    2.255494351999914,
    2.3407281449999573,
    2.411580627999683,
    2.625395185000343,
    2.246551764999822,
    2.1754091779998816,
    2.241404228999727,
    2.3107842399999754,
    2.328370671999892,
    2.3034569039996313
  ],
  "prusti-tests/tests/verify/pass/pure-fn/recursive-pure-fn.rs": [
    2.299231276000228,
    2.173869511999783,
    2.0877810289998706,
    2.2209550289999243,
    2.085048486999767,
    2.2052614119997997,
    2.3830019069996524,
    2.343740542999967,
    2.202332526000191,
    2.114545980999992
  ],
  "prusti-tests/tests/verify/pass/pure-fn/ref-mut-arg.rs": [
    2.673061579000205,
    2.72045432799996,
    2.796063383999808,
    2.6401454199999534,
    2.5539029359997585,
    2.7760535590000472,
    3.0724952829996255,
    2.7165745699999206,
    2.6290651439999237,
    2.5807572109997636
  ],
  "prusti-tests/tests/verify/pass/rosetta/Ackermann_function.rs": [
    2.328840809000212,
    2.0869320699998752,
    2.1334293919999254,
    2.173767271000088,
    2.099308204999943,
    2.0918131949997587,
    2.0903507849998277,
    2.075433279999743,
    2.17835334900019,
    2.053951374999997
  ],
  "prusti-tests/tests/verify/pass/rosetta/Heapsort.rs": [
    12.13172558899987,
    11.88594010099996,
    11.94669940599988,
    11.783491814000172,
    11.759594048000054,
    11.861976891999802,
    12.5208208869999,
    12.179852002000189,
    11.575532108000061,
    12.07587267200006
  ]
}