{
  "prusti-tests/tests/verify/pass/rosetta/Knuth_shuffle.rs": [
    2.2633244059999242,
    2.0965025360000027,
    1.9378416250000328,
    2.0226054849999855,
    1.877412998000068,
    1.9226151619999428,
    1.981138122999937,
    1.8372081270000535,
    1.827608433000023,
    1.8413742980000052
  ],
  "prusti-tests/tests/verify/pass/demos/account.rs": [
    0.9195681530000002,
    0.9314125399999966,
    0.8559869870000512,
    0.8459497039999633,
    0.8045381000000589,
    0.8783732389999841,
    0.8237443909999911,
    0.8354157710000436,
    0.8615265460000501,
    0.8509856110000555
  ]
}