{
  "prusti-tests/tests/verify/pass/rosetta/Knuth_shuffle.rs": [
    2.5959844210000256,
    2.211393851999901,
    1.997014011000033,
    2.08560903099999,
    1.92269632,
    2.4215366690000337,
    1.9422558659999822,
    1.8978048529999114,
    1.9165501979999817,
    1.874085990000026
  ],
  "prusti-tests/tests/verify/pass/demos/account.rs": [
    0.9328990340000018,
    1.058945848999997,
    0.8959864410001046,
    0.9110903779999262,
    0.8849042120000377,
    0.9317092290000346,
    1.0191763479999736,
    0.9211709019999716,
    0.9006647500000327,
    0.8522302299999183
  ]
}