{
  "prusti-tests/tests/verify/pass/rosetta/Knuth_shuffle.rs": [
    1.9960873769999807,
    1.7728685589999031,
    1.611970911999947,
    1.6428800999999567,
    1.5803152880000653,
    1.6175127059999568,
    1.5804515900000524,
    1.5570870660000082,
    1.5398764429999119,
    1.5224655199999688
  ],
  "prusti-tests/tests/verify/pass/demos/account.rs": [
    0.750680363000015,
    0.7278347440000061,
    0.7364230639999505,
    0.7307221849999905,
    0.7165262869999651,
    0.740000613999996,
    0.7581190669999387,
    0.7088218779999806,
    0.7349962260000211,
    0.7696971089999352
  ],
  "prusti-tests/tests/verify/pass/rosetta/Knights_tour.rs": [
    86.21980901799998,
    86.13603815500005,
    83.02516188699997,
    82.30750357799991,
    82.60037701200008,
    85.76460973600001,
    85.95698526699994,
    83.77058723699997,
    83.657030115,
    85.21199745099989
  ],
  "prusti-tests/tests/verify/pass/quick/fold-unfold.rs": [
    0.42417987499993615,
    0.4130469209999319,
    0.4090002650000315,
    0.42061602600006154,
    0.4350384250001298,
    0.41618486500010476,
    0.4773654190000798,
    0.5019610689998899,
    0.4138077449999855,
    0.4331391139999141
  ],
  "prusti-tests/tests/verify/pass/quick/moves.rs": [
    0.4793834549998337,
    0.4585065660000964,
    0.4598865850000493,
    0.4912227199999961,
    0.47871364699994956,
    0.4996665369999391,
    0.4914582229998814,
    0.4850595349998912,
    0.47919245399998545,
    0.5105926890000774
  ],
  "prusti-tests/tests/verify/pass/quick/mut-borrows.rs": [
    0.9184636530001171,
    0.9351834819999567,
    0.8958052280001993,
    0.9612297359999502,
    0.874286930000153,
    0.9444105029999719,
    0.8892563379999956,
    0.9039113409999118,
    0.9491116680001142,
    0.9246575289998873
  ],
  "prusti-tests/tests/verify/pass/quick/shared-borrows.rs": [
    0.5180563880001046,
    0.5711096259999522,
    0.5399174930000754,
    0.5067441319999944,
    0.4982119139999668,
    0.551793256999872,
    0.5004593449998538,
    0.5161721630001921,
    0.5427402319999146,
    0.5217373399998451
  ],
  "prusti-tests/tests/verify/pass/quick/trait-contracts-refinement.rs": [
    1.037318895999988,
    0.9039016439999159,
    0.9245922310001333,
    0.8947011990001101,
    0.9176139080000212,
    0.9435505599999487,
    0.8931115780001164,
    0.9790035390001322,
    0.8636254780001309,
    0.934913343000062
  ],
  "prusti-tests/tests/verify/pass/quick/routes.rs": [
    3.1422305779999533,
    2.460724417999927,
    2.2450733370001217,
    2.617582957999957,
    2.5525030640001205,
    2.1883538469999166,
    2.543980245999819,
    2.2068558739999844,
    2.1773927760000333,
    2.221385785999928
  ],
  "prusti-tests/tests/verify/pass/quick/fibonacci.rs": [
    2.324485029000016,
    2.499337682999794,
    2.490249656999822,
    2.425001394999981,
    2.2943963559998792,
    2.412577722000151,
    2.438638788999924,
    2.349688283999967,
    2.5425607259999197,
    2.2777927150000323
  ],
  "prusti-tests/tests/verify/pass/pure-fn/len-lookup.rs": [
    0.9319276579999496,
    0.9485940199999732,
    0.9208125739999105,
    0.9457043259999409,
    0.9556879669999034,
    1.008286207999845,
    0.9359137870001177,
    0.9491478739998911,
    0.9334618529999261,
    0.9441722040000968
  ],
  "prusti-tests/tests/verify/pass/pure-fn/quantifiers.rs": [
    0.7893892419999702,
    0.8621733700001641,
    0.7888274350000302,
    0.7873705150000205,
    0.8438842119999208,
    0.7849832800000058,
    0.7748501369999303,
    0.8199530740000682,
    0.7889194360000147,
    0.8006846020000467
  ],
  "prusti-tests/tests/verify/pass/pure-fn/recursive-pure-fn.rs": [
    0.5999560720001682,
    0.6530287099999441,
    0.605646249000074,
    0.606368459000123,
    0.6004904769999939,
    0.6111782259999927,
    0.644755694999958,
    0.6050036409999393,
    0.6038830249999592,
    0.609901108999793
  ],
  "prusti-tests/tests/verify/pass/pure-fn/ref-mut-arg.rs": [
    0.7966020129999833,
    0.7733610889999909,
    0.767847791000122,
    0.8759156720000192,
    0.7742957370001022,
    0.8263113710002017,
    0.7644562979999137,
    0.7584002119999695,
    0.8108332529998279,
    0.767201335999971
  ],
  "prusti-tests/tests/verify/pass/rosetta/Ackermann_function.rs": [
    0.9210666100000253,
    0.9600558610000007,
    0.9632883750000474,
    0.9560865599999033,
    0.8882847120000861,
    0.9448227029999998,
    0.9560575600000902,
    0.9458453159998044,
    0.9592564039999161,
    0.9240067119999367
  ],
  "prusti-tests/tests/verify/pass/rosetta/Heapsort.rs": [
    6.262290774999883,
    5.914450742000099,
    6.052205085999958,
    5.537157047999926,
    5.835213162999935,
    5.848396868999998,
    5.797128983999983,
    6.166555689000006,
    5.7625025410000035,
    5.99462331299992
  ]
}