{
  "prusti-tests/tests/verify/pass/rosetta/Knuth_shuffle.rs": [
    2.4765036659998714,
    2.0304046740000103,
    2.07354925300001,
    2.0720778259999406,
    2.002603234000162,
    2.0745422099998905,
    1.9034639229998902,
    1.9686616550000053,
    1.8266000710000299,
    2.0062933829999565
  ],
  "prusti-tests/tests/verify/pass/demos/account.rs": [
    1.0012303219998557,
    1.0056295489998774,
    0.9670263830000749,
    1.1044261140000344,
    0.9442271200000505,
    0.9301466209999489,
    0.9281085039999653,
    1.0389057530001082,
    0.9511431539999649,
    0.9188558319999629
  ]
}