{
  "prusti-tests/tests/verify/pass/rosetta/Knuth_shuffle.rs": [
    2.9975372500000503,
    2.7373703650000607,
    2.619372314999964,
    2.5528276229999847,
    2.597897527999976,
    2.628264040999966,
    2.8022643459999017,
    2.506557884999893,
    2.5583314999998947,
    2.5729040319999967
  ],
  "prusti-tests/tests/verify/pass/demos/account.rs": [
    2.3050450270000056,
    2.2918614230000003,
    2.361462114999995,
    2.269375102999902,
    2.2723851040000227,
    2.2514878969998335,
    2.265403896999942,
    2.2349164380000275,
    2.2990788669999347,
    2.2602869130000727
  ],
  "prusti-tests/tests/verify/pass/rosetta/Knights_tour.rs": [
    132.32391946999996,
    130.57314334999978,
    134.41380621299982,
    131.49163469099994,
    130.52869392900038,
    131.74368417100004,
    131.9088616590002,
    131.14441786900034,
    130.3224498300001,
    129.92958836299977
  ],
  "prusti-tests/tests/verify/pass/quick/fold-unfold.rs": [
    1.4347021639996456,
    1.5089157729998988,
    1.5253658750002614,
    1.4276379640000414,
    1.4586073710001983,
    1.4822435750002114,
    1.4612422770001103,
    1.4693492759997753,
    1.5101504720000776,
    1.4681226310003694
  ],
  "prusti-tests/tests/verify/pass/quick/moves.rs": [
    1.754103806999865,
    1.8183594170000106,
    1.7812681079999493,
    1.7860399099999995,
    1.8145768609997504,
    1.7736304879999807,
    1.7714557869999226,
    1.7963770910000676,
    1.7884413900001164,
    1.7917279019998205
  ],
  "prusti-tests/tests/verify/pass/quick/mut-borrows.rs": [
    3.6439100249999683,
    3.5286737090000315,
    3.595178750999821,
    3.533557935999852,
    3.5699381620001986,
    3.5392181550000714,
    3.5519800490001217,
    3.525464908000231,
    3.6302082960000917,
    3.49427993900008
  ],
  "prusti-tests/tests/verify/pass/quick/shared-borrows.rs": [
    2.230470071000127,
    2.2126458110001295,
    2.243874028999926,
    2.2403409290000127,
    2.258550581000236,
    2.1746434490000865,
    2.275423372000205,
    2.242728697000075,
    2.320293541999945,
    2.224934955000208
  ],
  "prusti-tests/tests/verify/pass/quick/trait-contracts-refinement.rs": [
    2.0830812250001145,
    2.192302848000054,
    2.035485064000113,
    1.994792659000268,
    1.9736906490002184,
    1.9958022589999018,
    1.9677303589996882,
    1.9532614439999634,
    2.014236463999623,
    1.962495946999752
  ],
  "prusti-tests/tests/verify/pass/quick/routes.rs": [
    5.967003473999739,
    5.6703855109999495,
    5.618777465999756,
    5.57236203299999,
    5.674541282000064,
    5.550029760000143,
    5.636175904999618,
    5.729448897000111,
    5.592353213000024,
    5.620500515999993
  ],
  "prusti-tests/tests/verify/pass/quick/fibonacci.rs": [
    7.453528770000048,
    7.49677734099987,
    7.477438967000126,
    7.394680238000092,
    7.427015341000242,
    7.5033541759999025,
    7.624445115000071,
    7.4191493999996965,
    7.430142788000012,
    7.37188607600001
  ],
  "prusti-tests/tests/verify/pass/pure-fn/len-lookup.rs": [
    4.158235022000099,
    4.25348620900013,
    4.133594355999776,
    4.184775366999929,
    4.185261172000082,
    4.159355972999947,
    4.193846274000407,
    4.379682451000008,
    4.168301552999765,
    4.235689528999956
  ],
  "prusti-tests/tests/verify/pass/pure-fn/quantifiers.rs": [
    2.670342741999775,
    2.6028761930001565,
    2.5441724279999107,
    2.5946609640000133,
    2.5517527130000417,
    2.51542902600022,
    2.59428425599981,
    2.592450038000152,
    2.5191739729998517,
    2.5478502159999152
  ],
  "prusti-tests/tests/verify/pass/pure-fn/recursive-pure-fn.rs": [
    2.2062909070000387,
    2.2645640690002438,
    2.228404196000156,
    2.2745774889999666,
    2.251418814000317,
    2.322011135000139,
    2.2301147779999155,
    2.278914931000145,
    2.263614496000173,
    2.263515095999992
  ],
  "prusti-tests/tests/verify/pass/pure-fn/ref-mut-arg.rs": [
    3.4738531230000262,
    3.3611936249999417,
    3.281737837000037,
    3.32150330200011,
    3.409296648000236,
    3.292221017999964,
    3.325380132999726,
    3.306206091000149,
    3.3255074890003016,
    3.3781748979999975
  ],
  "prusti-tests/tests/verify/pass/rosetta/Ackermann_function.rs": [
    2.294404708000002,
    2.281059287000062,
    2.255343893000372,
    2.2470458880002298,
    2.238877990000219,
    2.2757147699999223,
    2.183245829000043,
    2.2528467890001593,
    2.2380606299998362,
    2.2859952980002163
  ],
  "prusti-tests/tests/verify/pass/rosetta/Heapsort.rs": [
    13.976795640000091,
    13.753686316999847,
    14.011526280999988,
    13.647346446000029,
    13.83823558899985,
    13.725491106999925,
    13.791740202000256,
    13.588913888000206,
    13.84276454000019,
    13.769920665999962
  ]
}