{
  "prusti-tests/tests/verify/pass/rosetta/Knuth_shuffle.rs": [
    2.7670274860000745,
    2.335010809000096,
    2.378175126999963,
    2.409120357000006,
    2.322766462000004,
    2.3497129500000256,
    2.3509987769999725,
    2.4680519959999856,
    2.457440042999906,
    2.3653494070000534
  ],
  "prusti-tests/tests/verify/pass/demos/account.rs": [
    0.978912992000005,
    0.9743221989999711,
    0.9247912049999059,
    0.994994715999951,
    1.0052427210000587,
    0.9335141340000064,
    0.9848536880000438,
    0.9392701540000417,
    0.9350489700000253,
    0.912947751000047
  ]
}