{
  "prusti-tests/tests/verify/pass/rosetta/Knuth_shuffle.rs": [
    2.651886625999964,
    0.3579574860000321,
    0.3559320499999785,
    0.35474843000008605,
    0.3537847129999818,
    0.3560379530000546,
    0.3597305170000027,
    0.3604227289999926,
    0.357523479000065,
    0.3570069700000431
  ],
  "prusti-tests/tests/verify/pass/demos/account.rs": [
    2.219816182000045,
    0.1316069110000626,
    0.13201521799999227,
    0.13308503700000074,
    0.13580660600007377,
    0.13586042800000087,
    0.13455580799995914,
    0.13528271899997435,
    0.1342075019999811,
    0.13516201699997055
  ],
  "prusti-tests/tests/verify/pass/rosetta/Knights_tour.rs": [
    99.0733870790001,
    2.574378997999929,
    2.5753275079999867,
    2.587410814000009,
    2.5888744339999903,
    2.5824413450000065,
    2.577737071999991,
    2.5734687589999794,
    2.582138595999936,
    2.5936346070000127
  ],
  "prusti-tests/tests/verify/pass/quick/fold-unfold.rs": [
    1.2814700750000156,
    0.1035930789998929,
    0.10354637900002217,
    0.10370088099989516,
    0.10333977499999492,
    0.10494429899995339,
    0.10495730000002368,
    0.10436249099996076,
    0.10480349800002386,
    0.10495419999995192
  ],
  "prusti-tests/tests/verify/pass/quick/moves.rs": [
    1.5277847890000658,
    0.10128704399994604,
    0.09925251300001037,
    0.09967461900009766,
    0.10050373199987916,
    0.10031372899993585,
    0.10034552899992377,
    0.10009872499995254,
    0.09995402300000933,
    0.0999917239998922
  ],
  "prusti-tests/tests/verify/pass/quick/mut-borrows.rs": [
    3.0953239160000976,
    0.1681106149999323,
    0.1675196030000734,
    0.16568706299995029,
    0.16799371199999769,
    0.166540982000015,
    0.1691792379999697,
    0.16636977699999989,
    0.16614767200007918,
    0.16687248799985355
  ],
  "prusti-tests/tests/verify/pass/quick/shared-borrows.rs": [
    1.9009330760000012,
    0.09890152700018007,
    0.10148288300001695,
    0.09762689899980614,
    0.09748119599998972,
    0.0978556039999603,
    0.098799525000004,
    0.09676967999985209,
    0.09803850800017244,
    0.09661627799982853
  ],
  "prusti-tests/tests/verify/pass/quick/trait-contracts-refinement.rs": [
    1.808594243000016,
    0.14648523599998953,
    0.1462909330000457,
    0.14743665400010286,
    0.1470722480000859,
    0.14671924100002798,
    0.14532881600007386,
    0.14758025700007238,
    0.14523281499987206,
    0.14454870199983816
  ],
  "prusti-tests/tests/verify/pass/quick/routes.rs": [
    5.662576924999939,
    0.3668655229998876,
    0.3662085880000632,
    0.3658489809999992,
    0.36383914399993955,
    0.36244111800010614,
    0.3660480850001022,
    0.363459937000016,
    0.36330663400008234,
    0.36336393500005215
  ],
  "prusti-tests/tests/verify/pass/quick/fibonacci.rs": [
    0.3927761800000553,
    0.40006621499992434,
    0.3929133830001774,
    0.38887660799991863,
    0.39338389199997437,
    0.3940032030000111,
    0.3913668540001254,
    0.3901602319999711,
    0.38850530200011235,
    0.39164026000003105
  ],
  "prusti-tests/tests/verify/pass/pure-fn/len-lookup.rs": [
    3.850333485000192,
    0.23231057699990743,
    0.22490314699984992,
    0.2244846389999111,
    0.22283051099998374,
    0.22578086199996505,
    0.2209842770000705,
    0.2222549999999046,
    0.22585716300000058,
    0.22352242300007674
  ],
  "prusti-tests/tests/verify/pass/pure-fn/quantifiers.rs": [
    2.2601188599999205,
    0.19522632600001089,
    0.19405780600004618,
    0.19449841300001935,
    0.1940864050000073,
    0.19216697199999544,
    0.19507295300013539,
    0.19441687400012597,
    0.19687401999999565,
    0.19587340099997164
  ],
  "prusti-tests/tests/verify/pass/pure-fn/recursive-pure-fn.rs": [
    1.9725485599999502,
    0.15547535800010337,
    0.1530528130001585,
    0.15273010700002487,
    0.15224659799991969,
    0.15297531200008052,
    0.15553315900001508,
    0.15188259199999266,
    0.15160188700019717,
    0.15378302699991764
  ],
  "prusti-tests/tests/verify/pass/pure-fn/ref-mut-arg.rs": [
    2.9136525609999353,
    0.2005523870000161,
    0.19719952599984936,
    0.1976254329999847,
    0.19643261099986375,
    0.19753733099992132,
    0.1963834109999425,
    0.1993708659999811,
    0.19846094900003663,
    0.1945226770001227
  ],
  "prusti-tests/tests/verify/pass/rosetta/Ackermann_function.rs": [
    1.9364209029999984,
    0.2356699330000538,
    0.23631324500001938,
    0.2365088479998576,
    0.23660894999989068,
    0.2371990609999557,
    0.23657074900006592,
    0.23680575399998816,
    0.23915159699981814,
    0.23554623099994387
  ],
  "prusti-tests/tests/verify/pass/rosetta/Heapsort.rs": [
    10.353827820000106,
    1.0851151049998862,
    1.0827258790000087,
    1.079410519000021,
    1.0812091519999285,
    1.0800643299999138,
    1.0829360830000496,
    1.0798693269998694,
    1.0859307379998882,
    1.0875869129999955
  ]
}