{
  "prusti-tests/tests/verify/pass/rosetta/Knuth_shuffle.rs": [
    2.3081201840000176,
    2.0220894359999875,
    1.9245766459999913,
    1.912607319000017,
    1.9347849559999304,
    1.8277175499999885,
    1.8622866110000587,
    1.829528044999961,
    1.8002689859999919,
    1.8539831829999684
  ],
  "prusti-tests/tests/verify/pass/demos/account.rs": [
    0.8206145410000545,
    0.7797877630000585,
    0.8553567039999734,
    0.7821370670000078,
    0.8359896660000459,
    0.7798210600000175,
    0.7484679020000158,
    0.7723675450000655,
    0.7951328869999088,
    0.7980241920000708
  ]
}