{
  "prusti-tests/tests/verify/pass/rosetta/Knuth_shuffle.rs": [
    2.2799488089999613,
    2.0774399860000585,
    2.0017355589999397,
    1.9288045629999715,
    1.9538598359999924,
    1.9536450329999298,
    1.9180794449999894,
    1.9395826789999546,
    1.9459550609999496,
    1.8924566840000807
  ],
  "prusti-tests/tests/verify/pass/demos/account.rs": [
    1.7348435620000373,
    1.7698239449999846,
    1.7235337370000252,
    1.7432860449999907,
    1.7280800800000407,
    1.744669159999944,
    1.7250116459999845,
    1.7567636040000707,
    1.859517836000009,
    1.7403956329999346
  ],
  "prusti-tests/tests/verify/pass/rosetta/Knights_tour.rs": [
    100.30748373200004,
    98.32846854000013,
    96.30818563399998,
    100.50409958199998,
    99.17217883800004,
    100.14897433400006,
    99.71285584499992,
    99.810059959,
    99.45339559100012,
    100.70275270599996
  ],
  "prusti-tests/tests/verify/pass/quick/fold-unfold.rs": [
    1.1532261209999888,
    1.1399931799999194,
    1.1627730600000632,
    1.1496419179998156,
    1.1966126250001707,
    1.1476443970000219,
    1.135892369999965,
    1.1483257039999444,
    1.1536007580000387,
    1.1578249790002246
  ],
  "prusti-tests/tests/verify/pass/quick/moves.rs": [
    1.4001135900000463,
    1.3859125369999674,
    1.3843299200000274,
    1.3893730749998667,
    1.406561358999852,
    1.4104969360000723,
    1.3907803309998599,
    1.385276074000103,
    1.3913967369999227,
    1.383704957999953
  ],
  "prusti-tests/tests/verify/pass/quick/mut-borrows.rs": [
    2.713903514000094,
    2.7251426909999736,
    2.7078763049998997,
    2.704555358000107,
    2.725894984999968,
    2.713110248000021,
    2.711441749999949,
    2.717077392999954,
    2.714810868000086,
    2.732207369999969
  ],
  "prusti-tests/tests/verify/pass/quick/shared-borrows.rs": [
    1.732737120000138,
    1.7291829829998733,
    1.749548298000036,
    1.7242428029999246,
    1.728421446000084,
    1.7343832059998476,
    1.7364485260000038,
    1.746810650000043,
    1.728637334000041,
    1.726086905999864
  ],
  "prusti-tests/tests/verify/pass/quick/trait-contracts-refinement.rs": [
    1.5695733819998168,
    1.5324370739999722,
    1.5569300330000715,
    1.5378260859999955,
    1.5281115800000862,
    1.5282297809999363,
    1.5289068879999377,
    1.5362920700001723,
    1.5308673279998857,
    1.5311213369998313
  ],
  "prusti-tests/tests/verify/pass/quick/routes.rs": [
    4.537885896000034,
    4.384469533000129,
    4.230788969000059,
    4.142729297999949,
    4.180445324999937,
    4.16314026200007,
    4.135764905000087,
    4.128003759999956,
    4.158645467000042,
    4.160724016000131
  ],
  "prusti-tests/tests/verify/pass/quick/fibonacci.rs": [
    5.278017351000017,
    5.284083333999661,
    5.23026743399987,
    5.235474859000078,
    5.241283393000231,
    5.242262069999924,
    5.214981206000175,
    5.237628225999742,
    5.227526615999977,
    5.191227067
  ],
  "prusti-tests/tests/verify/pass/pure-fn/len-lookup.rs": [
    3.0995384470002136,
    3.1099904600000627,
    3.0953652500002136,
    3.0643825100000868,
    3.084920231000069,
    3.087612356000136,
    3.078614559000016,
    3.0761383359999854,
    3.072033654000279,
    3.0607883379998384
  ],
  "prusti-tests/tests/verify/pass/pure-fn/quantifiers.rs": [
    1.8912349860001996,
    1.8979739589999554,
    1.8818461840000964,
    1.8766324279999935,
    1.8888282789998811,
    1.8741528220002692,
    1.8810994979999123,
    1.8932113279997793,
    1.890188450000096,
    1.898359315000107
  ],
  "prusti-tests/tests/verify/pass/pure-fn/recursive-pure-fn.rs": [
    1.7068135559998154,
    1.6725525869997,
    1.6722701869998673,
    1.6807151000002705,
    1.6722931100002825,
    1.6805536990000292,
    1.6798672909999368,
    1.6747164479997991,
    1.6811784410001565,
    1.7259838249997301
  ],
  "prusti-tests/tests/verify/pass/pure-fn/ref-mut-arg.rs": [
    2.474597602999893,
    2.525423356000374,
    2.4698684640002284,
    2.485137728999689,
    2.4613903730000857,
    2.4733581069999673,
    2.4884000700003526,
    2.4622342870002285,
    2.472251447999952,
    2.47194085000001
  ],
  "prusti-tests/tests/verify/pass/rosetta/Ackermann_function.rs": [
    1.740971040000204,
    1.7182776009999543,
    1.7129942169999595,
    1.707891864999965,
    1.7352696469997682,
    1.724621137000213,
    1.7255497110004399,
    1.7072460409999621,
    1.7260603439999613,
    1.7152516259998265
  ],
  "prusti-tests/tests/verify/pass/rosetta/Heapsort.rs": [
    9.620811932999914,
    9.910075442000107,
    9.665164731999994,
    9.628420196000206,
    9.596629219000079,
    9.638143195999874,
    9.736886063999918,
    9.714670957999715,
    9.558627029000036,
    9.583647910000309
  ]
}