{
  "prusti-tests/tests/verify/pass/rosetta/Knuth_shuffle.rs": [
    2.3496322400000054,
    2.0537805060000665,
    2.09032163400002,
    2.0274412479999455,
    1.979340169000011,
    1.9795953059999647,
    1.9323107989999926,
    2.022843507999937,
    2.0114724559999786,
    1.9570553869999685
  ],
  "prusti-tests/tests/verify/pass/demos/account.rs": [
    1.884001880000028,
    1.8822805580000477,
    1.8501999270000624,
    1.8393031460000202,
    1.8238712769999665,
    1.8164258749999362,
    1.844135753000046,
    1.8652359410000372,
    1.8597663519999514,
    1.836731020000002
  ],
  "prusti-tests/tests/verify/pass/rosetta/Knights_tour.rs": [
    105.63679424199995,
    101.6181776499999,
    102.79119281599992,
    102.85296731299991,
    103.05501225800003,
    104.91305070599992,
    102.64016832399989,
    101.35385398199992,
    100.26536842999985,
    101.63254208000012
  ],
  "prusti-tests/tests/verify/pass/quick/fold-unfold.rs": [
    1.2206230480001068,
    1.2114817260001018,
    1.2145536729999549,
    1.2123329529999864,
    1.218956143000014,
    1.205958168000052,
    1.208742304999987,
    1.207202185000142,
    1.213665871000103,
    1.2095608219999576
  ],
  "prusti-tests/tests/verify/pass/quick/moves.rs": [
    1.46146550200001,
    1.4799634510000033,
    1.4622159130001364,
    1.4741017719998126,
    1.4793420109999715,
    1.4654755880001176,
    1.4609715270000834,
    1.4642701720001696,
    1.4637921649998589,
    1.4594581070000459
  ],
  "prusti-tests/tests/verify/pass/quick/mut-borrows.rs": [
    2.8855228699999316,
    2.8914160649999303,
    2.9154184019998866,
    2.8812052089999725,
    2.8962657109998418,
    2.8720673939999415,
    2.874645244000021,
    2.887930822000044,
    2.889393939999991,
    2.8828357630000028
  ],
  "prusti-tests/tests/verify/pass/quick/shared-borrows.rs": [
    1.8193779739999627,
    1.8264599700000872,
    1.8438924500001121,
    1.8442206539998551,
    1.833493911000005,
    1.8427326339999581,
    1.8351983420000124,
    1.8372218730000895,
    1.8242468989999452,
    1.8370194700000866
  ],
  "prusti-tests/tests/verify/pass/quick/trait-contracts-refinement.rs": [
    1.5543858710000222,
    1.5532130450001205,
    1.5279294160000063,
    1.5326967780001723,
    1.5199076129999867,
    1.524139066999851,
    1.5462561679998998,
    1.5439486599998418,
    1.5269994330001282,
    1.5285778540001047
  ],
  "prusti-tests/tests/verify/pass/quick/routes.rs": [
    4.936071254999888,
    4.772740529999965,
    4.56709475200023,
    4.690220101999785,
    4.54872529999966,
    4.619095096999899,
    4.55738681899993,
    4.641604347999873,
    4.561562447000142,
    4.620437026000218
  ],
  "prusti-tests/tests/verify/pass/quick/fibonacci.rs": [
    5.820476356999734,
    5.912185716000295,
    5.990505070999916,
    5.8342234840001765,
    5.871664259999761,
    5.899624487999972,
    5.821423198000048,
    5.849547718999929,
    5.888219288999608,
    5.867072293000092
  ],
  "prusti-tests/tests/verify/pass/pure-fn/len-lookup.rs": [
    3.413034935000269,
    3.343455112999891,
    3.370803589999923,
    3.3429546080001273,
    3.333760472999984,
    3.384368271999847,
    3.351631043999987,
    3.3581605819999822,
    3.3776299629998903,
    3.357551204000174
  ],
  "prusti-tests/tests/verify/pass/pure-fn/quantifiers.rs": [
    2.1118499690001045,
    2.1502648870000485,
    2.1174690449997797,
    2.1097286070003065,
    2.059246530999644,
    2.046402878999743,
    2.067160629999762,
    2.066117065999606,
    2.089880598000036,
    2.074099603999912
  ],
  "prusti-tests/tests/verify/pass/pure-fn/recursive-pure-fn.rs": [
    1.8245773490002648,
    1.8407318509998731,
    1.837154142000145,
    1.8407484980002664,
    1.8279269899999235,
    1.8433929759999046,
    1.8303230090000397,
    1.8919803049998336,
    1.8756995690000622,
    1.8797192390002238
  ],
  "prusti-tests/tests/verify/pass/pure-fn/ref-mut-arg.rs": [
    2.7936318209999627,
    2.8418630959999973,
    2.7353497169997354,
    2.7685151579999,
    2.817889581000145,
    2.7518365269997958,
    2.808820598999773,
    2.7348740940001335,
    2.7232632700001886,
    2.8031144329997915
  ],
  "prusti-tests/tests/verify/pass/rosetta/Ackermann_function.rs": [
    1.8670495669998672,
    1.8379221079999297,
    1.8439536350001617,
    1.848272210000232,
    1.8572286309999981,
    1.828205035999872,
    1.8216186479999124,
    1.8403445050003029,
    1.84054230799984,
    1.8193145099999128
  ],
  "prusti-tests/tests/verify/pass/rosetta/Heapsort.rs": [
    9.42575320900005,
    9.350839519000147,
    9.23456231299997,
    9.346972433000246,
    9.41488718699975,
    9.532454209000207,
    9.147905370999979,
    9.252956427999834,
    9.309600710000268,
    9.35800842899971
  ]
}