{
  "prusti-tests/tests/verify/pass/rosetta/Knuth_shuffle.rs": [
    2.14800840099997,
    1.918985333000137,
    1.8332579440000245,
    1.8080920469999455,
    1.6038533749999715,
    1.7189847590000227,
    1.651162068000076,
    1.6965456610000729,
    1.6357096700000966,
    1.6166203709999536
  ],
  "prusti-tests/tests/verify/pass/demos/account.rs": [
    0.907254071999887,
    0.7722718909999458,
    0.807141485000102,
    0.8123568849998719,
    0.7967964870001651,
    1.3664452059999803,
    0.862024078000104,
    0.7875302879999708,
    0.7662227899998015,
    0.7874551879999672
  ]
}