{
  "prusti-tests/tests/verify/pass/rosetta/Knuth_shuffle.rs": [
    2.735847636000017,
    2.4922059829999625,
    2.346564779000005,
    2.301646462000008,
    2.3571276180000496,
    2.481952209000042,
    2.3917742090000047,
    2.369688936999978,
    2.314298787000098,
    2.27807231700001
  ],
  "prusti-tests/tests/verify/pass/demos/account.rs": [
    2.0190093530000013,
    1.9620193959999597,
    1.9360266389999197,
    1.9741172359999837,
    1.980100350999919,
    2.0286399950000487,
    1.8999541840000802,
    2.0519479570000385,
    1.9765236290002122,
    1.9582770990000427
  ],
  "prusti-tests/tests/verify/pass/rosetta/Knights_tour.rs": [
    121.58131781399993,
    120.04872524099983,
    117.06007008699999,
    121.16455206,
    124.42967965000003,
    126.80262640899991,
    122.86732791600002,
    122.35914484700015,
    120.56465510299972,
    123.97934981300023
  ],
  "prusti-tests/tests/verify/pass/quick/fold-unfold.rs": [
    1.3655934479997995,
    1.3524597509999694,
    1.3149364739997509,
    1.353284799999983,
    1.3294158379999317,
    1.3086971220000123,
    1.3376632160002373,
    1.3368364759999167,
    1.3152113350001855,
    1.3781629669997528
  ],
  "prusti-tests/tests/verify/pass/quick/moves.rs": [
    1.6310743569997612,
    1.598550780000096,
    1.600106248999964,
    1.6174952119999944,
    1.5888387229997534,
    1.6274251439999716,
    1.5981378089995815,
    1.6114296529999592,
    1.6016660539999066,
    1.602917712999897
  ],
  "prusti-tests/tests/verify/pass/quick/mut-borrows.rs": [
    3.2546398109998336,
    3.341613002000031,
    3.5215208820000043,
    3.3104182689999107,
    3.1918933100000686,
    3.143709692000357,
    3.16472286599992,
    3.1804776140002105,
    3.31941817500001,
    3.3742587010001444
  ],
  "prusti-tests/tests/verify/pass/quick/shared-borrows.rs": [
    2.1352594639997733,
    2.1118879959999504,
    2.120674003000204,
    2.244563792000008,
    2.143456375000369,
    2.098855575000016,
    2.1429476270000123,
    2.1191856769996775,
    2.199096524000197,
    2.1638115309997374
  ],
  "prusti-tests/tests/verify/pass/quick/trait-contracts-refinement.rs": [
    1.9328673490003894,
    1.8462400319999688,
    1.8837491439999212,
    1.9583948990002682,
    1.9634030960000928,
    1.9389866170004098,
    1.906139144000008,
    1.8368614810001418,
    1.8981028849998438,
    1.8253415320000386
  ],
  "prusti-tests/tests/verify/pass/quick/routes.rs": [
    5.569413764999808,
    5.39751650900007,
    5.255603629999769,
    5.181645860000117,
    5.156242077000115,
    5.277071528000306,
    5.205382114999793,
    5.175738894999995,
    4.941473737000251,
    5.0666806319995885
  ],
  "prusti-tests/tests/verify/pass/quick/fibonacci.rs": [
    6.370196066000062,
    6.243945979999808,
    6.2383351769999535,
    6.396530713999709,
    6.69474382899989,
    6.605150792000131,
    6.57005092899999,
    6.514164847999837,
    6.509564284000135,
    6.558894450000025
  ],
  "prusti-tests/tests/verify/pass/pure-fn/len-lookup.rs": [
    3.686139482999806,
    3.703752305999842,
    3.9010467789998984,
    3.7455757650000123,
    3.6282721560000937,
    3.726060153999697,
    3.770865149999736,
    3.8473371119998774,
    3.823022513000069,
    3.7579727489996912
  ],
  "prusti-tests/tests/verify/pass/pure-fn/quantifiers.rs": [
    2.4140855760001614,
    2.3336980819999553,
    2.295722145000127,
    2.347814959000061,
    2.441214205000051,
    2.3415973300002406,
    2.354220575999989,
    2.290780853999877,
    2.3097040679999736,
    2.299314367000079
  ],
  "prusti-tests/tests/verify/pass/pure-fn/recursive-pure-fn.rs": [
    1.9964758430000984,
    2.0432932109997637,
    1.984222814000077,
    2.0172445769999285,
    2.0172693780000372,
    1.9976632560001235,
    2.0317945599999803,
    2.103976545000023,
    2.0364769279999564,
    2.100065554000139
  ],
  "prusti-tests/tests/verify/pass/pure-fn/ref-mut-arg.rs": [
    2.9654929070002254,
    2.928894542999842,
    2.9997520310002983,
    2.960650722000082,
    2.965685854000185,
    3.032745643999988,
    3.163530637000349,
    3.215040983000108,
    3.289968735000002,
    3.1557501229999616
  ],
  "prusti-tests/tests/verify/pass/rosetta/Ackermann_function.rs": [
    2.2524573129999226,
    2.30002528399973,
    2.2438998799998444,
    2.2201881299997694,
    2.032314187999873,
    2.0599200379997455,
    2.0477453749999768,
    2.0490935040002114,
    2.0144287399998575,
    2.1315102660000775
  ],
  "prusti-tests/tests/verify/pass/rosetta/Heapsort.rs": [
    12.126770359000147,
    12.054847600999892,
    12.056777557999794,
    12.001462159000312,
    11.976748638999652,
    11.995931964000192,
    12.019291987000088,
    11.936215531000016,
    12.052900831999978,
    11.9792685729999
  ]
}