{
  "prusti-tests/tests/verify/pass/rosetta/Knuth_shuffle.rs": [
    2.215897120000136,
    1.927310443000124,
    1.9128742139998849,
    1.8657749359999798,
    1.8564309220000723,
    1.8526130440000088,
    1.892493426000101,
    1.8288694020000094,
    1.8677942740000617,
    1.8498454190000757
  ],
  "prusti-tests/tests/verify/pass/demos/account.rs": [
    1.665775005000114,
    1.6685348670000621,
    1.6594088619999638,
    1.665177391000043,
    1.642848888999879,
    1.6757449009999164,
    1.6389446589998897,
    1.6562444549999782,
    1.6462950270001784,
    1.6466320170000017
  ],
  "prusti-tests/tests/verify/pass/rosetta/Knights_tour.rs": [
    100.22995160100004,
    98.72695117600006,
    98.86009922499989,
    99.13277154700017,
    97.4251235879999,
    95.68813518899992,
    99.62224318400013,
    100.12287693799999,
    99.25237651800012,
    99.79300691799995
  ],
  "prusti-tests/tests/verify/pass/quick/fold-unfold.rs": [
    1.1072087640000063,
    1.1068799570002739,
    1.1240863699999863,
    1.1043334890000551,
    1.1183345119998194,
    1.0975343330001124,
    1.1119085629998153,
    1.10769426700017,
    1.111540354999761,
    1.1157074509997074
  ],
  "prusti-tests/tests/verify/pass/quick/moves.rs": [
    1.3394131280001602,
    1.346059981000053,
    1.3596461919996727,
    1.3552715920000082,
    1.3689893069999926,
    1.3606628500001534,
    1.3575828339999134,
    1.3635640729999068,
    1.4368420760001754,
    1.3424067820001255
  ],
  "prusti-tests/tests/verify/pass/quick/mut-borrows.rs": [
    2.653652598000008,
    2.652089573000012,
    2.665049671000361,
    2.670917778999865,
    2.6651850620000914,
    2.6494957019999674,
    2.6543504510000275,
    2.666070390999721,
    2.667424622999988,
    2.6708969819997037
  ],
  "prusti-tests/tests/verify/pass/quick/shared-borrows.rs": [
    1.674661168000057,
    1.6840238839999984,
    1.6905450350000137,
    1.6853358140001546,
    1.6702332189997833,
    1.6749073240002872,
    1.6582336379997287,
    1.6711439370001244,
    1.6507507649998843,
    1.6590704829995957
  ],
  "prusti-tests/tests/verify/pass/quick/trait-contracts-refinement.rs": [
    1.4878081059996475,
    1.478847801000029,
    1.4837147129996993,
    1.4630825399999594,
    1.4631850380001197,
    1.476436924999689,
    1.4655803760001618,
    1.467800828000236,
    1.4659587850001117,
    1.484523710999838
  ],
  "prusti-tests/tests/verify/pass/quick/routes.rs": [
    4.426304841000274,
    4.141770333000295,
    4.034698105000189,
    4.010421013999803,
    3.9708831620000637,
    3.9718264200000704,
    3.947443175999979,
    3.958831136000299,
    3.975193585999932,
    3.970538580000266
  ],
  "prusti-tests/tests/verify/pass/quick/fibonacci.rs": [
    5.063861110000289,
    5.070395387999724,
    5.073157887999969,
    5.012983021999844,
    5.028444649999983,
    5.016715424999802,
    5.070167339999898,
    5.051460900000166,
    5.041022858999895,
    5.080643354000131
  ],
  "prusti-tests/tests/verify/pass/pure-fn/len-lookup.rs": [
    2.953067465999993,
    2.958309845000258,
    2.9136253060000854,
    2.9299672820002343,
    2.9033743489999324,
    2.9229978660000597,
    2.9179999509997288,
    2.9388551259999076,
    2.92133611700001,
    2.9078503069999897
  ],
  "prusti-tests/tests/verify/pass/pure-fn/quantifiers.rs": [
    1.8003778409997722,
    1.8002986520000377,
    1.7990142219996414,
    1.7994407330002105,
    1.7994524880000426,
    1.7828487269998732,
    1.7904684019999877,
    1.7951352099998985,
    1.793947881999884,
    1.7981901100001778
  ],
  "prusti-tests/tests/verify/pass/pure-fn/recursive-pure-fn.rs": [
    1.5858921230001215,
    1.5947728279998046,
    1.602588809000281,
    1.584557391999624,
    1.587510095000198,
    1.6088592860000972,
    1.5966116030003832,
    1.6101104139997915,
    1.5841170150001744,
    1.6052657459999864
  ],
  "prusti-tests/tests/verify/pass/pure-fn/ref-mut-arg.rs": [
    2.3816048100002263,
    2.4098185590000867,
    2.3856232079997426,
    2.3944473239998842,
    2.4192875959997764,
    2.3556906320000053,
    2.3946788590001233,
    2.397889923999628,
    2.363140624999687,
    2.3510760910003228
  ],
  "prusti-tests/tests/verify/pass/rosetta/Ackermann_function.rs": [
    1.655238111000017,
    1.6484593560003304,
    1.6567716459999247,
    1.64198020799995,
    1.6457729070002642,
    1.6402547709999453,
    1.644803674999821,
    1.6542114879998735,
    1.6800307610001255,
    1.6722628060001625
  ],
  "prusti-tests/tests/verify/pass/rosetta/Heapsort.rs": [
    9.60193471599996,
    9.52667859200028,
    9.496186525000212,
    9.426231947999895,
    9.400868561000152,
    9.376252887000192,
    9.413200066000172,
    9.463072581000233,
    9.434791937000227,
    9.408208013000149
  ]
}