{
  "prusti-tests/tests/verify/pass/rosetta/Knuth_shuffle.rs": [
    3.2155936780000047,
    0.3858582339998975,
    0.39206511200006844,
    0.3748575959999698,
    0.36749190399996223,
    0.358353688999955,
    0.37048394200007806,
    0.36818221199996515,
    0.37327447600000596,
    0.38221388800002387
  ],
  "prusti-tests/tests/verify/pass/demos/account.rs": [
    2.584231874000011,
    0.15009047999990344,
    0.1505063849999715,
    0.15014132499993593,
    0.15022046700005376,
    0.15191358600009153,
    0.1546207180000465,
    0.1515194819999124,
    0.15018226600000162,
    0.15042356899994047
  ],
  "prusti-tests/tests/verify/pass/rosetta/Knights_tour.rs": [
    118.39454312300006,
    2.4884845269999687,
    2.5141008230000352,
    2.4800432879999335,
    2.463007317000006,
    2.541099180999936,
    2.4853464169999597,
    2.4486448059999475,
    2.480107258999965,
    2.4807386659999793
  ],
  "prusti-tests/tests/verify/pass/quick/fold-unfold.rs": [
    1.4209847230000605,
    0.10790770799997063,
    0.10478487000000314,
    0.10874261799995111,
    0.10916492299998026,
    0.11156005200007257,
    0.11129434899999069,
    0.11417408299996623,
    0.11233786200000395,
    0.1097473300000047
  ],
  "prusti-tests/tests/verify/pass/quick/moves.rs": [
    1.709368363000067,
    0.10321361999990586,
    0.10140950000004523,
    0.10242281199998615,
    0.10588234900001225,
    0.10523084199996902,
    0.1029219170000033,
    0.10286721600004967,
    0.10320432000003166,
    0.10079569399999855
  ],
  "prusti-tests/tests/verify/pass/quick/mut-borrows.rs": [
    3.384307121000006,
    0.16887223200001245,
    0.17331597999998394,
    0.1707825530000946,
    0.17034204800006592,
    0.17101385499995558,
    0.17200156600006267,
    0.1699994450000304,
    0.17407538899999508,
    0.17676981800002523
  ],
  "prusti-tests/tests/verify/pass/quick/shared-borrows.rs": [
    2.167327589000024,
    0.10432812199996988,
    0.09975926799995705,
    0.10244109899997511,
    0.1016830910000408,
    0.10167589100001351,
    0.10110328300004312,
    0.10104178400001729,
    0.09839715199996135,
    0.10341711099999884
  ],
  "prusti-tests/tests/verify/pass/quick/trait-contracts-refinement.rs": [
    1.8820868369999744,
    0.151593274999982,
    0.15726434200007589,
    0.1528381900000113,
    0.1498519540000416,
    0.1459694090000312,
    0.14839563800001088,
    0.1515916749999633,
    0.15302589199995964,
    0.15326849400003084
  ],
  "prusti-tests/tests/verify/pass/quick/routes.rs": [
    5.957586622999997,
    0.37398361999998997,
    0.367454238999926,
    0.3746014280000054,
    0.37724946000003,
    0.380364998999994,
    0.37539673799994944,
    0.37955408800007717,
    0.38282383000000664,
    0.3719190939999635
  ],
  "prusti-tests/tests/verify/pass/quick/fibonacci.rs": [
    0.39408696899999995,
    0.3938995659999591,
    0.402172660999895,
    0.39179493799997545,
    0.39212904299995444,
    0.38644376100000954,
    0.3843279300000404,
    0.3977642230000811,
    0.39353696199998467,
    0.39316305699992427
  ],
  "prusti-tests/tests/verify/pass/pure-fn/len-lookup.rs": [
    4.136019715000089,
    0.2318513369999664,
    0.22772467700008292,
    0.2296243040000263,
    0.2293078750000177,
    0.23173163499996008,
    0.22483994499998516,
    0.23160103299994717,
    0.23180583600003501,
    0.23184513600006085
  ],
  "prusti-tests/tests/verify/pass/pure-fn/quantifiers.rs": [
    2.506361323999954,
    0.20526898799994342,
    0.20445117799999935,
    0.20568849400001454,
    0.20593939700006558,
    0.20386756999994304,
    0.20491318399990632,
    0.20277925600009894,
    0.20209914700001264,
    0.2046482800000149
  ],
  "prusti-tests/tests/verify/pass/pure-fn/recursive-pure-fn.rs": [
    2.1629400269999906,
    0.16287263300000632,
    0.15895655899998928,
    0.15671622200000002,
    0.1545563959999754,
    0.1575316329999623,
    0.1596444580000025,
    0.15871644700007437,
    0.157352531000015,
    0.1559435129998974
  ],
  "prusti-tests/tests/verify/pass/pure-fn/ref-mut-arg.rs": [
    3.284002385000008,
    0.19414618200005407,
    0.1910242430000153,
    0.1915302499999143,
    0.19218205699996815,
    0.19823923199999172,
    0.20299528999998984,
    0.206009827999992,
    0.2021868799999993,
    0.20373759899996458
  ],
  "prusti-tests/tests/verify/pass/rosetta/Ackermann_function.rs": [
    2.1430877330000158,
    0.2369527289999951,
    0.23351628800003255,
    0.22688550500004112,
    0.23246747400003187,
    0.23638392299994848,
    0.23998686699997052,
    0.23316458299996157,
    0.2327156769999874,
    0.23498670499998298
  ],
  "prusti-tests/tests/verify/pass/rosetta/Heapsort.rs": [
    11.683571203999918,
    1.0727708649999386,
    1.0602510459999621,
    1.0777180670000917,
    1.0637165739999546,
    1.0748672279999028,
    1.0664044099999046,
    1.043005385000015,
    1.043922997999971,
    1.0410952579999275
  ]
}