{
  "prusti-tests/tests/verify/pass/rosetta/Knuth_shuffle.rs": [
    2.923598511000023,
    0.3741821890000665,
    0.3767266549999704,
    0.3770193620000555,
    0.37649814899998546,
    0.38188568900000064,
    0.3815276789999871,
    0.3948320239999248,
    0.3818802879999339,
    0.3877569409999069
  ],
  "prusti-tests/tests/verify/pass/demos/account.rs": [
    2.348875923000037,
    0.14002402599999186,
    0.14385442499997225,
    0.13748925999993844,
    0.14399732900005802,
    0.14570417400000224,
    0.1457985759999474,
    0.14694030500004374,
    0.14446564200000012,
    0.14482835100000102
  ],
  "prusti-tests/tests/verify/pass/rosetta/Knights_tour.rs": [
    107.76321727499999,
    2.6667460160000473,
    2.6517809619999753,
    2.657638130999999,
    2.6400231759999997,
    2.592574767999963,
    2.640468618,
    2.6392279859999235,
    2.665334626999993,
    2.655218938999951
  ],
  "prusti-tests/tests/verify/pass/quick/fold-unfold.rs": [
    1.3180015719999574,
    0.1140635489999795,
    0.11459856299995863,
    0.11617980400001215,
    0.11582559400005721,
    0.11424505299999055,
    0.11560998900006325,
    0.11720953000008194,
    0.11624880599993048,
    0.11503877399991325
  ],
  "prusti-tests/tests/verify/pass/quick/moves.rs": [
    1.5870920179999075,
    0.11353792700003851,
    0.1101902399999517,
    0.11086955799999032,
    0.10939181999992798,
    0.112148789999992,
    0.1106769529999383,
    0.10928891699995802,
    0.11101636099999723,
    0.10989463300006719
  ],
  "prusti-tests/tests/verify/pass/quick/mut-borrows.rs": [
    3.1378594770000063,
    0.1815335789999608,
    0.1778801850000491,
    0.17565602699994542,
    0.1752309170000217,
    0.17416968999998517,
    0.17593433499996536,
    0.17321186399999533,
    0.1742113899999822,
    0.18046295099998133
  ],
  "prusti-tests/tests/verify/pass/quick/shared-borrows.rs": [
    1.962091972000053,
    0.10955212400006076,
    0.11103476400001,
    0.10827130200004831,
    0.11577769699999862,
    0.10985874400000739,
    0.11054306099993028,
    0.10938103099999807,
    0.10931592899999032,
    0.10795539399998688
  ],
  "prusti-tests/tests/verify/pass/quick/trait-contracts-refinement.rs": [
    1.8793306439999924,
    0.15896831500003827,
    0.1556164279999166,
    0.15392758399991635,
    0.155048512999997,
    0.1565631519999897,
    0.15576773199995841,
    0.154734005000023,
    0.15463610300002983,
    0.14747621800006527
  ],
  "prusti-tests/tests/verify/pass/quick/routes.rs": [
    5.515957067999921,
    0.3681887289999395,
    0.3636613109999871,
    0.368626039999981,
    0.36364461100004064,
    0.365954970999951,
    0.36649038500002007,
    0.3695833650000395,
    0.3642423260000669,
    0.3636085110000522
  ],
  "prusti-tests/tests/verify/pass/quick/fibonacci.rs": [
    0.39572934199998144,
    0.3931511749999572,
    0.394421608000016,
    0.363402204999943,
    0.39564073899998675,
    0.3993917359999841,
    0.3966186650000054,
    0.39394929600007345,
    0.3971949809999842,
    0.3926440640000237
  ],
  "prusti-tests/tests/verify/pass/pure-fn/len-lookup.rs": [
    3.874030781999977,
    0.23617881400002716,
    0.23401355700002568,
    0.23025366000001668,
    0.22810420500002238,
    0.23047746600002483,
    0.231845202000045,
    0.230206059000011,
    0.22762279200003377,
    0.2308458759999894
  ],
  "prusti-tests/tests/verify/pass/pure-fn/quantifiers.rs": [
    2.336652660000027,
    0.210397341000089,
    0.20547081400002298,
    0.20364966700003606,
    0.20284844599996177,
    0.20755946799999947,
    0.20595142599995597,
    0.2036415659999875,
    0.20240723400002025,
    0.2038606720000189
  ],
  "prusti-tests/tests/verify/pass/pure-fn/recursive-pure-fn.rs": [
    1.9897173559999146,
    0.16420694700002514,
    0.1621774949999235,
    0.1626648069999419,
    0.16136707300006492,
    0.1626896069999475,
    0.16160927900000388,
    0.16968648800002484,
    0.1634900280000693,
    0.16530107500000213
  ],
  "prusti-tests/tests/verify/pass/pure-fn/ref-mut-arg.rs": [
    2.9777377219999153,
    0.20683405099998708,
    0.20584792599993307,
    0.19256778199996916,
    0.21006203399997503,
    0.20496030300000712,
    0.20611453300000449,
    0.20903350800006137,
    0.20722496199994112,
    0.20701075599993146
  ],
  "prusti-tests/tests/verify/pass/rosetta/Ackermann_function.rs": [
    2.005302981,
    0.24583066000013787,
    0.24292148500012445,
    0.2464652759999808,
    0.24395751099996232,
    0.24517084300009628,
    0.24547915100015416,
    0.24470533099997738,
    0.24545385000010356,
    0.24942675300007977
  ],
  "prusti-tests/tests/verify/pass/rosetta/Heapsort.rs": [
    11.820718620999969,
    1.1140111540000817,
    1.1102466559998447,
    1.1046249109999735,
    1.0998629870000514,
    1.104440312999941,
    1.0981834540000364,
    1.1010768290000215,
    1.105410041000141,
    1.1014291379999577
  ]
}