{
  "prusti-tests/tests/verify/pass/rosetta/Knuth_shuffle.rs": [
    2.3876730380000026,
    1.9319220019999648,
    1.926513827000008,
    1.8868031629999678,
    2.079278520999992,
    1.9889314650000642,
    2.0729002720000835,
    1.9390286009999045,
    2.0384473639999214,
    1.9006827210000665
  ],
  "prusti-tests/tests/verify/pass/demos/account.rs": [
    0.8670392559999982,
    0.7997905539999692,
    0.9073347870000816,
    0.8246401319998995,
    0.8069537540000056,
    0.845358309000062,
    0.7916676720000169,
    0.8752025260000664,
    0.8133232960000214,
    0.8054090959999485
  ]
}