{
  "prusti-tests/tests/verify/pass/rosetta/Knuth_shuffle.rs": [
    2.806389877999891,
    2.7000011510001514,
    2.516073283999958,
    2.55162797700018,
    2.438751938999985,
    2.445936988999847,
    2.425749110000197,
    2.4769769320000705,
    2.561724694000077,
    2.5431711310000082
  ],
  "prusti-tests/tests/verify/pass/demos/account.rs": [
    2.2385749300001407,
    2.1866353860000345,
    2.2007401200000913,
    2.160637573000031,
    2.184055957000055,
    2.229393041000094,
    2.1740123369997946,
    2.2138089810000565,
    2.1629500240001107,
    2.146988029999875
  ],
  "prusti-tests/tests/verify/pass/rosetta/Knights_tour.rs": [
    143.86311027300007,
    142.0725637820001,
    139.89285317000008,
    137.39839588999985,
    139.2604827739999,
    139.50810049400002,
    138.33804139899985,
    139.70093989900033,
    141.95429177999995,
    137.15961386299978
  ],
  "prusti-tests/tests/verify/pass/quick/fold-unfold.rs": [
    1.4106347599999935,
    1.4147427269999753,
    1.3948031330000958,
    1.4130333159996553,
    1.4106997650001176,
    1.4095354850001058,
    1.3784774870000547,
    1.3904073730000164,
    1.4357709569999315,
    1.405256449999797
  ],
  "prusti-tests/tests/verify/pass/quick/moves.rs": [
    1.7035096429999612,
    1.7394779310002377,
    1.7127150030000848,
    1.6888212699996075,
    1.7174090029998297,
    1.6845861090000653,
    1.7013421890001155,
    1.7410639159998027,
    1.719040681000024,
    1.6786973170001147
  ],
  "prusti-tests/tests/verify/pass/quick/mut-borrows.rs": [
    3.439286192000054,
    3.382045547999951,
    3.439431268000135,
    3.419557882999925,
    3.417106273999707,
    3.355101679999734,
    3.379546399999981,
    3.40589290600019,
    3.4053735120000965,
    3.3786886249999952
  ],
  "prusti-tests/tests/verify/pass/quick/shared-borrows.rs": [
    2.1537247860001116,
    2.2177712979996613,
    2.178514336000262,
    2.144795151999915,
    2.1517122459999882,
    2.172254411999802,
    2.1628042570000616,
    2.1850532639996345,
    2.1451357159999134,
    2.125660217999666
  ],
  "prusti-tests/tests/verify/pass/quick/trait-contracts-refinement.rs": [
    1.9459199709999666,
    1.8412411470003462,
    1.9896995590002007,
    1.849724593999781,
    1.8867092150003373,
    1.8624583000000712,
    1.8593416170001547,
    1.912303719999727,
    1.8625436199999967,
    1.817696235999847
  ],
  "prusti-tests/tests/verify/pass/quick/routes.rs": [
    6.674865945999954,
    6.1603393479999795,
    6.215239143999952,
    6.000908933000119,
    6.041626620999978,
    6.16243423800006,
    6.156388638000408,
    6.166766822000227,
    6.012724621999951,
    6.338324410000041
  ],
  "prusti-tests/tests/verify/pass/quick/fibonacci.rs": [
    7.674820841999917,
    7.668163515999822,
    7.691000860999793,
    7.869407527000021,
    7.580936049999764,
    7.503399198999887,
    7.5452696849997665,
    7.602026773000034,
    7.603508822999629,
    7.6618353839999145
  ],
  "prusti-tests/tests/verify/pass/pure-fn/len-lookup.rs": [
    4.325999793000392,
    4.500866878000124,
    4.283041110999875,
    4.354984723000143,
    4.381551107000178,
    4.322966598000221,
    4.395316950000051,
    4.423994685999787,
    4.453236441999707,
    4.3746164740000495
  ],
  "prusti-tests/tests/verify/pass/pure-fn/quantifiers.rs": [
    2.728537422000045,
    2.675281883000025,
    2.7368485010001677,
    2.736756970999977,
    2.6571980319999966,
    2.718343644000015,
    2.7005859750001946,
    2.656193071999951,
    2.806262982000135,
    2.7788158859998475
  ],
  "prusti-tests/tests/verify/pass/pure-fn/recursive-pure-fn.rs": [
    2.596039131999987,
    2.4460974270000406,
    2.540087703000154,
    2.518936563000352,
    2.5633135729999594,
    2.6509188859999995,
    2.61016986300001,
    2.587327705000007,
    2.5799320400001307,
    2.491707146999943
  ],
  "prusti-tests/tests/verify/pass/pure-fn/ref-mut-arg.rs": [
    3.2316143610000836,
    3.172462844000165,
    3.247117332000016,
    3.119564131000061,
    3.2912334160000682,
    3.260758524999801,
    3.098894943000232,
    3.096784820999801,
    3.0588971659999515,
    3.3474160650002887
  ],
  "prusti-tests/tests/verify/pass/rosetta/Ackermann_function.rs": [
    2.480911790999926,
    2.434639580000294,
    2.49691093499996,
    2.553289839000172,
    2.5250395090001803,
    2.4740243440000995,
    2.5184466480000083,
    2.4401956609999615,
    2.5498722920001455,
    2.470097013999748
  ],
  "prusti-tests/tests/verify/pass/rosetta/Heapsort.rs": [
    13.271164654000131,
    13.20614714400017,
    13.268540069999744,
    13.343551585999649,
    13.520467755000027,
    13.24853289900011,
    13.366671141000097,
    13.240375302999837,
    13.42145616200014,
    13.59191325699976
  ]
}