{
  "prusti-tests/tests/verify/pass/rosetta/Knuth_shuffle.rs": [
    3.5513359920000767,
    3.085044829000026,
    2.925305180999885,
    3.0237006830000155,
    3.020886646000008,
    3.0200819539998065,
    2.9827269600000363,
    3.139209128999937,
    2.997985586999903,
    2.9270641250000153
  ],
  "prusti-tests/tests/verify/pass/demos/account.rs": [
    2.8094190310000613,
    2.7856753569999455,
    2.8141305290000673,
    2.758526820000043,
    2.751911299999847,
    2.7289815639999233,
    2.6704233039999963,
    2.7568993740001133,
    2.7221425939999335,
    2.8311128959999223
  ],
  "prusti-tests/tests/verify/pass/rosetta/Knights_tour.rs": [
    167.753438061,
    167.8454037659999,
    167.90548517599973,
    166.7468130809998,
    166.5529877920003,
    170.85574273599968,
    167.54496997900014,
    171.31798373499987,
    165.2498924739998,
    171.88530768300006
  ],
  "prusti-tests/tests/verify/pass/quick/fold-unfold.rs": [
    1.7495869590002258,
    1.7176297500000146,
    1.717358048999813,
    1.7335092089997488,
    1.7096914720000314,
    1.7447279279999748,
    1.7200785740001265,
    1.7218684890003715,
    1.7563751839998076,
    1.7223338929998135
  ],
  "prusti-tests/tests/verify/pass/quick/moves.rs": [
    2.0835025789997417,
    2.0436872579998635,
    2.1066521249999823,
    2.061822235999898,
    2.051018304999616,
    2.0606688679999934,
    2.121936149999783,
    2.157632697000281,
    2.1621533050001744,
    2.1003433620003307
  ],
  "prusti-tests/tests/verify/pass/quick/mut-borrows.rs": [
    4.189626056999714,
    4.2225312740001755,
    4.186395814000207,
    4.246402469000259,
    4.138171645000057,
    4.064145194000048,
    4.053333509999902,
    4.048572960000001,
    4.223571601000003,
    3.9974150969997027
  ],
  "prusti-tests/tests/verify/pass/quick/shared-borrows.rs": [
    2.5503720340002474,
    2.5906120930003453,
    2.6242481330000373,
    2.643610138999975,
    2.6007335710000916,
    2.5774275300000227,
    2.584117331000016,
    2.610230612000123,
    2.6556202369997663,
    2.5721858239999165
  ],
  "prusti-tests/tests/verify/pass/quick/trait-contracts-refinement.rs": [
    2.4744239990000096,
    2.3811359599999378,
    2.3378621260003456,
    2.297036387999924,
    2.4087391999996726,
    2.450525394000124,
    2.4739915719997043,
    2.4809375730001193,
    2.368888526000319,
    2.4679674330000125
  ],
  "prusti-tests/tests/verify/pass/quick/routes.rs": [
    7.5284612489999745,
    7.17456987200012,
    6.870164132999889,
    7.129508207999606,
    6.8430205489999025,
    6.8490737889997035,
    6.584878341000149,
    6.91080917599993,
    6.83533565100015,
    6.888834157000019
  ],
  "prusti-tests/tests/verify/pass/quick/fibonacci.rs": [
    9.144463352999992,
    9.317892853999638,
    9.269806260999758,
    8.999048098999992,
    9.247834287999922,
    9.354193709000356,
    9.054918851000366,
    8.77171958200006,
    8.885995366000316,
    9.124936255000193
  ],
  "prusti-tests/tests/verify/pass/pure-fn/len-lookup.rs": [
    5.245950570000332,
    5.606057684999996,
    5.6476145289998385,
    5.554045673000019,
    5.501047152999945,
    5.661146404999727,
    5.300396924999859,
    4.963638132000142,
    5.026237103999847,
    4.81607848900012
  ],
  "prusti-tests/tests/verify/pass/pure-fn/quantifiers.rs": [
    3.1837918510000236,
    3.3646261980002237,
    3.3434851249999156,
    3.2546030819999032,
    3.337119964000067,
    3.278154000000086,
    3.30578924800011,
    3.315310784999838,
    3.4386992360000477,
    3.431054412999856
  ],
  "prusti-tests/tests/verify/pass/pure-fn/recursive-pure-fn.rs": [
    2.959831559000122,
    2.8555595329994503,
    2.8103337899992766,
    2.8105049969999527,
    2.727623491000486,
    2.8086777140006234,
    2.854182045000016,
    2.963570546000483,
    2.8267577990000063,
    2.620920481000212
  ],
  "prusti-tests/tests/verify/pass/pure-fn/ref-mut-arg.rs": [
    3.9834923979997257,
    4.061878198000159,
    3.8792953410002156,
    3.989509848000125,
    3.9930662109991317,
    4.023661854000238,
    4.508593753999776,
    4.288883607999196,
    4.135111965999386,
    3.992407078000724
  ],
  "prusti-tests/tests/verify/pass/rosetta/Ackermann_function.rs": [
    2.6877742630003922,
    2.734262199999648,
    2.770896415000607,
    2.8150637440003266,
    2.7031207279997034,
    2.7365101139994294,
    2.6149328710007467,
    2.6170549270000265,
    2.78719194399946,
    2.8188896299998305
  ],
  "prusti-tests/tests/verify/pass/rosetta/Heapsort.rs": [
    17.918876996999643,
    17.535325586,
    17.14814164800009,
    17.23291904799953,
    17.211750527999357,
    17.088032460999784,
    17.385589481999887,
    16.674968783000622,
    17.061341199999333,
    16.402135893999912
  ]
}