{
  "prusti-tests/tests/verify/pass/rosetta/Knuth_shuffle.rs": [
    2.6135350519999747,
    2.452771740000003,
    2.2929786790000435,
    2.155421495999917,
    2.0826459579999437,
    2.0886830389999886,
    2.2756525940000074,
    2.234456119000015,
    2.0792354309999155,
    2.0312714570000026
  ],
  "prusti-tests/tests/verify/pass/demos/account.rs": [
    1.9328146250001055,
    2.0592550789999677,
    2.072135524000032,
    2.1387010669999427,
    2.115018095000096,
    2.064472814999931,
    2.132634093999968,
    2.2229169250000496,
    2.00576283099997,
    2.1088658149999446
  ],
  "prusti-tests/tests/verify/pass/rosetta/Knights_tour.rs": [
    125.05257463800001,
    124.99097165799992,
    126.82046299900003,
    122.22317054999985,
    122.30106452399991,
    120.06870088299979,
    117.68155536899985,
    119.29651015100012,
    117.77868081199995,
    118.736511071
  ],
  "prusti-tests/tests/verify/pass/quick/fold-unfold.rs": [
    1.422621319999962,
    1.374323861999983,
    1.3540145630001916,
    1.3722419260000152,
    1.3578266220001751,
    1.3787797770000907,
    1.3503594650001105,
    1.3770392589999574,
    1.3663484360001803,
    1.3695873140000003
  ],
  "prusti-tests/tests/verify/pass/quick/moves.rs": [
    1.6666373040000053,
    1.6558199639998747,
    1.6065858930001014,
    1.6259528509999654,
    1.6349288970000089,
    1.6793418229999588,
    1.673969095999837,
    1.708886123999946,
    1.6700978320000104,
    1.681564139999864
  ],
  "prusti-tests/tests/verify/pass/quick/mut-borrows.rs": [
    3.294159927000237,
    3.3064989250001418,
    3.311525550999704,
    3.2784887420002633,
    3.272160523000366,
    3.282330507000097,
    3.3153489649998846,
    3.222531568999784,
    3.342682715999672,
    3.280110501999843
  ],
  "prusti-tests/tests/verify/pass/quick/shared-borrows.rs": [
    2.121293842000341,
    2.0947241819999363,
    2.0632879810000304,
    2.1080853159996877,
    2.09120671699975,
    2.08849385800022,
    2.088196646000142,
    2.070771276999949,
    2.090468754000085,
    2.0809471700003996
  ],
  "prusti-tests/tests/verify/pass/quick/trait-contracts-refinement.rs": [
    1.8005826450003042,
    1.7895931769999152,
    1.7832919379998202,
    1.806092080000326,
    1.7903657159999966,
    1.7341776729999765,
    1.726436509999985,
    1.7949766659999113,
    1.8199136579996775,
    1.7615732720000778
  ],
  "prusti-tests/tests/verify/pass/quick/routes.rs": [
    5.492561439999918,
    5.691945170000054,
    5.264262728000176,
    5.507482342999992,
    5.22258880399977,
    5.327166930999738,
    5.286282052999923,
    5.3245144790003,
    5.256063633999929,
    5.297879895999813
  ],
  "prusti-tests/tests/verify/pass/quick/fibonacci.rs": [
    6.946353421999902,
    6.789718014999835,
    6.664873999000065,
    6.732459966000079,
    6.868193617000088,
    6.769114913000067,
    6.930746978000116,
    7.00579267699959,
    6.753783904000102,
    6.888651191000008
  ],
  "prusti-tests/tests/verify/pass/pure-fn/len-lookup.rs": [
    3.9223715359999005,
    3.946614977999616,
    3.9790012849998675,
    3.8849255390000508,
    3.9683549679998578,
    3.9272530470002494,
    3.821802266999839,
    3.933742417999838,
    3.8661994819999563,
    3.8791594199997235
  ],
  "prusti-tests/tests/verify/pass/pure-fn/quantifiers.rs": [
    2.4177541199996995,
    2.3729049929997927,
    2.4267064119999304,
    2.4080932090000715,
    2.4595302799998535,
    2.429614668999875,
    2.4211358719999225,
    2.416787321999891,
    2.4003034779998416,
    2.3944799589999093
  ],
  "prusti-tests/tests/verify/pass/pure-fn/recursive-pure-fn.rs": [
    2.112330223000299,
    2.1589791219998915,
    2.1937794060004308,
    2.201705977000074,
    2.1711321419998058,
    2.1652254319997155,
    2.1418566060001467,
    2.1793927290000283,
    2.10063084300009,
    2.1218130750003183
  ],
  "prusti-tests/tests/verify/pass/pure-fn/ref-mut-arg.rs": [
    3.327012902000206,
    3.299504889000218,
    3.2805639220000558,
    3.3197643380003683,
    3.314383750000161,
    3.2416975930000262,
    3.1918924299998253,
    3.24340303200006,
    3.3610077289999936,
    3.354343782000342
  ],
  "prusti-tests/tests/verify/pass/rosetta/Ackermann_function.rs": [
    2.1401279689998773,
    2.10916482499988,
    2.0864065910000136,
    2.1660903480001252,
    2.1521209890001956,
    2.1753005519999533,
    2.1356395569996494,
    2.0650344319997203,
    2.1347397429999546,
    2.1171676379999553
  ],
  "prusti-tests/tests/verify/pass/rosetta/Heapsort.rs": [
    11.317766245999792,
    11.282945405999726,
    11.059023846999935,
    10.986124809000103,
    11.039125229000092,
    11.165419493999707,
    11.378369264999947,
    11.261841266999909,
    11.164104044999931,
    11.182769800999722
  ]
}