{
  "prusti-tests/tests/verify/pass/rosetta/Knuth_shuffle.rs": [
    2.337758397000016,
    2.0465113589999646,
    1.9933001899998999,
    1.9666989170000306,
    1.9136687459999848,
    1.9341682350000156,
    1.9130695459999743,
    1.9119513319999442,
    1.9267571230000158,
    1.9100653329999204
  ],
  "prusti-tests/tests/verify/pass/demos/account.rs": [
    1.712228643000003,
    1.7566352310000184,
    1.7094816659999879,
    1.7142784620000384,
    1.7338829519999308,
    1.711307765000015,
    1.734326847000034,
    1.7352634629999102,
    1.7168834589999733,
    1.7294923370000106
  ],
  "prusti-tests/tests/verify/pass/rosetta/Knights_tour.rs": [
    110.81060137500015,
    107.324196927,
    107.11529587099994,
    107.03078506199995,
    110.48389380000003,
    106.49837849200003,
    106.59864510399984,
    105.12381650499992,
    106.83485091300008,
    108.49716733599985
  ],
  "prusti-tests/tests/verify/pass/quick/fold-unfold.rs": [
    1.1698842710000008,
    1.160302073999901,
    1.156253475000085,
    1.1656735720000597,
    1.1659956720000082,
    1.1546486730001106,
    1.1606460700002117,
    1.1559654719999344,
    1.1667610680001417,
    1.1579919710000013
  ],
  "prusti-tests/tests/verify/pass/quick/moves.rs": [
    1.397320382000089,
    1.4063066779999644,
    1.3998980670000947,
    1.397553515000027,
    1.399915430999954,
    1.4122691259999556,
    1.396474632999798,
    1.4087966829999914,
    1.3930498700001408,
    1.3983163660000173
  ],
  "prusti-tests/tests/verify/pass/quick/mut-borrows.rs": [
    2.725951519999853,
    2.7380816929999128,
    2.718450402999906,
    2.730755399000145,
    2.7296370770000067,
    2.736524715000087,
    2.7313143159999527,
    2.7450896279999597,
    2.754806640999959,
    2.7323062500001924
  ],
  "prusti-tests/tests/verify/pass/quick/shared-borrows.rs": [
    1.7502543639998294,
    1.7631709570000567,
    1.7472063650002383,
    1.8272156299999551,
    1.7557038610002564,
    1.7603047590000642,
    1.7542184619996988,
    1.7523721630000182,
    1.7485753640003168,
    1.7589054600002783
  ],
  "prusti-tests/tests/verify/pass/quick/trait-contracts-refinement.rs": [
    1.580765333999807,
    1.5626051419999385,
    1.5421617510000942,
    1.5318567550002626,
    1.5350152539999726,
    1.5359378530001777,
    1.535875353999927,
    1.5425605509999514,
    1.5384603530001186,
    1.5403658519999226
  ],
  "prusti-tests/tests/verify/pass/quick/routes.rs": [
    4.532861592000245,
    4.2999871910001275,
    4.1413734570001,
    4.151710854000157,
    4.163188048999928,
    4.136275561000275,
    4.115886269999919,
    4.125138566999794,
    4.160598651999862,
    4.160079854000287
  ],
  "prusti-tests/tests/verify/pass/quick/fibonacci.rs": [
    5.260045392999928,
    5.237390604999746,
    5.225090311999793,
    5.2683175970000775,
    5.242383122999854,
    5.210777950999727,
    5.241667070000403,
    5.221079747999738,
    5.235870212999998,
    5.2190552689999095
  ],
  "prusti-tests/tests/verify/pass/pure-fn/len-lookup.rs": [
    3.0798152970000956,
    3.1219253279996337,
    3.091774740999881,
    3.070940075999715,
    3.0753674799998407,
    3.102396162000332,
    3.0805291490000855,
    3.0826806479999505,
    3.0600065769999674,
    3.0927917760000128
  ],
  "prusti-tests/tests/verify/pass/pure-fn/quantifiers.rs": [
    1.8958546880003269,
    1.8858433010000226,
    1.864228323000134,
    1.8668704229999094,
    1.8899845119999554,
    1.893719825000062,
    1.8865944280000804,
    1.8801941290003015,
    1.9062627210000755,
    1.891545325000152
  ],
  "prusti-tests/tests/verify/pass/pure-fn/recursive-pure-fn.rs": [
    1.660600739000074,
    1.665360358000271,
    1.6816934529997525,
    1.6716470559999834,
    1.6649973199996566,
    1.6653786930000933,
    1.6868835709997256,
    1.6680385340000612,
    1.676960230000077,
    1.6705149080003139
  ],
  "prusti-tests/tests/verify/pass/pure-fn/ref-mut-arg.rs": [
    2.4790819009999723,
    2.454972206000093,
    2.445221509000021,
    2.4385863439997593,
    2.4509848929997133,
    2.4707750950001355,
    2.4560211289999643,
    2.449714960000165,
    2.4556511579999096,
    2.455956237999999
  ],
  "prusti-tests/tests/verify/pass/rosetta/Ackermann_function.rs": [
    1.7259855140000582,
    1.70452411999986,
    1.7053771199998664,
    1.6951621230000455,
    1.6968736480002917,
    1.699575339999683,
    1.6981657400001495,
    1.7040838379998604,
    1.6971311379998042,
    1.7073112250000122
  ],
  "prusti-tests/tests/verify/pass/rosetta/Heapsort.rs": [
    9.643598294000185,
    9.550095016999876,
    9.5451988599998,
    9.466416017000029,
    9.501391880000028,
    9.57752835500014,
    9.506117963000179,
    9.599713776000044,
    9.627399437999884,
    9.492487440999867
  ]
}