{
  "prusti-tests/tests/verify/pass/rosetta/Knuth_shuffle.rs": [
    2.767740537999998,
    2.462619704999952,
    2.359861459000058,
    2.374798153000029,
    2.3324589850000166,
    2.4396041600000444,
    2.364511192000009,
    2.3449225379999916,
    2.373415377000015,
    2.282131777000018
  ],
  "prusti-tests/tests/verify/pass/demos/account.rs": [
    2.047338580000087,
    2.0941376329999457,
    2.057553432000077,
    2.067775353000002,
    2.069860151999933,
    1.9938232410000865,
    2.006611387000021,
    2.1154066850001527,
    2.06788700900006,
    2.0476805910000166
  ],
  "prusti-tests/tests/verify/pass/rosetta/Knights_tour.rs": [
    122.18615246600007,
    120.96023885299996,
    116.82028476100004,
    119.07984814899987,
    119.14697442700003,
    120.30221563600003,
    122.15913911299981,
    119.85106445399992,
    118.78160551500014,
    109.09280109500014
  ],
  "prusti-tests/tests/verify/pass/quick/fold-unfold.rs": [
    1.232222610000008,
    1.235756517000027,
    1.231701585999872,
    1.215767847999814,
    1.2377418879996185,
    1.237772488000246,
    1.2281294809999963,
    1.2401430899999468,
    1.2323157849996278,
    1.2218796199999815
  ],
  "prusti-tests/tests/verify/pass/quick/moves.rs": [
    1.4782179200001337,
    1.539131561999966,
    1.495468831999915,
    1.5004293359997973,
    1.4839326239998627,
    1.4999957330001052,
    1.5144951440001932,
    1.5623843759999545,
    1.4866044240002338,
    1.5102757399999973
  ],
  "prusti-tests/tests/verify/pass/quick/mut-borrows.rs": [
    2.964189559999795,
    2.943010299999969,
    2.967995663000238,
    2.9272922489999473,
    2.9190072450001026,
    2.9422183500000756,
    2.9449764589999177,
    2.9552657610001916,
    2.943411629000366,
    3.0061578659997394
  ],
  "prusti-tests/tests/verify/pass/quick/shared-borrows.rs": [
    1.8462986109998383,
    1.847790335999889,
    1.8421635700001389,
    1.8689308799998798,
    1.8923070879995976,
    1.9041441200001827,
    1.8487441810002565,
    1.844155283999953,
    1.8717981630002214,
    1.8914263779997782
  ],
  "prusti-tests/tests/verify/pass/quick/trait-contracts-refinement.rs": [
    2.038540844000181,
    1.8829255639998337,
    1.8469119559999854,
    1.7207903239996085,
    1.6857600089997504,
    1.7253214140000637,
    1.6915476049998688,
    1.7084118089996991,
    1.7479058189996977,
    1.695986830000038
  ],
  "prusti-tests/tests/verify/pass/quick/routes.rs": [
    5.321408111999972,
    5.15671273199996,
    5.010123200999715,
    4.744588125000064,
    4.747879869999906,
    4.791324663999603,
    4.997247430000243,
    4.770238024999799,
    4.756612398000016,
    4.8521401919997516
  ],
  "prusti-tests/tests/verify/pass/quick/fibonacci.rs": [
    6.050429543000064,
    5.99131662300033,
    5.969561384000372,
    6.067180192000251,
    6.0500598070002525,
    5.955013888999929,
    6.002257297000142,
    6.049456826000096,
    5.938343061000069,
    6.050482882000324
  ],
  "prusti-tests/tests/verify/pass/pure-fn/len-lookup.rs": [
    3.466882008000084,
    3.5192317490000278,
    3.4796330969998053,
    3.526841316000173,
    3.4653334169997834,
    3.4467771149998043,
    3.613536617000136,
    3.503671746999771,
    3.424831022000035,
    3.434995001999596
  ],
  "prusti-tests/tests/verify/pass/pure-fn/quantifiers.rs": [
    2.1072180229998594,
    2.158772520000184,
    2.0895180239999718,
    2.134959866999907,
    2.1746183730001576,
    2.138624673999857,
    2.130264352999802,
    2.08027173399978,
    2.1419930300003216,
    2.130526031000045
  ],
  "prusti-tests/tests/verify/pass/pure-fn/recursive-pure-fn.rs": [
    1.9104033349999554,
    1.8508044099999097,
    1.8706889089999095,
    1.8641520090000085,
    1.8675706069998341,
    1.8518456759998116,
    1.8691963730002499,
    1.8636242739999034,
    1.8748703720002595,
    1.8572452200000953
  ],
  "prusti-tests/tests/verify/pass/pure-fn/ref-mut-arg.rs": [
    2.921371365000141,
    2.8178187109997452,
    2.832776045999708,
    2.7873245280002266,
    2.8390342249999776,
    2.7717091089998576,
    2.961801162000029,
    3.0393341600001804,
    2.846140357999957,
    2.7671103640000183
  ],
  "prusti-tests/tests/verify/pass/rosetta/Ackermann_function.rs": [
    1.9516662330001964,
    1.8958821249998437,
    1.9022765009999603,
    1.8897829030001958,
    1.911739898000178,
    2.0367624069999692,
    1.971326369000053,
    1.955108970999845,
    1.9317459740000231,
    1.9913370560002477
  ],
  "prusti-tests/tests/verify/pass/rosetta/Heapsort.rs": [
    11.429611839000245,
    11.31851546400003,
    11.397992533999968,
    11.20918556000015,
    11.319324223999956,
    11.356476124999972,
    11.173743792000096,
    11.232130941999912,
    11.052376280999852,
    11.113861014000122
  ]
}