{
  "prusti-tests/tests/verify/pass/rosetta/Knuth_shuffle.rs": [
    2.033116941000003,
    1.8510816790000035,
    1.8110317269999996,
    1.804996736000021,
    1.7767273069999874,
    1.8299653770000077,
    1.8095154200000252,
    1.8203124380000872,
    1.7755523129999347,
    1.7650571679999985
  ],
  "prusti-tests/tests/verify/pass/demos/account.rs": [
    1.621242542999994,
    1.6475896540000576,
    1.6476388899999392,
    1.6319565090000197,
    1.6070869789999733,
    1.6102396820000422,
    1.635717361999923,
    1.6477624780000042,
    1.6134694429999854,
    1.6360356449999927
  ],
  "prusti-tests/tests/verify/pass/rosetta/Knights_tour.rs": [
    92.67682224600003,
    93.31191763300001,
    91.05998523899984,
    93.48541591900016,
    91.14427116700017,
    90.09536571900003,
    90.65524326100012,
    90.49769688200013,
    93.67094868000004,
    90.61067823000008
  ],
  "prusti-tests/tests/verify/pass/quick/fold-unfold.rs": [
    1.1155318880000777,
    1.1117230290001316,
    1.1085758630001692,
    1.0979104779999034,
    1.1015540389998932,
    1.1010910429999967,
    1.0978167789999134,
    1.0905871120000938,
    1.1196724899998571,
    1.0976881289998346
  ],
  "prusti-tests/tests/verify/pass/quick/moves.rs": [
    1.3272047460000067,
    1.3277649400001792,
    1.3466609360000348,
    1.3365066449998722,
    1.3397167109999373,
    1.3515288830001282,
    1.328347433999852,
    1.3285325320000538,
    1.3280403369999476,
    1.3237452189998749
  ],
  "prusti-tests/tests/verify/pass/quick/mut-borrows.rs": [
    2.593929198000069,
    2.5885103430000527,
    2.5828965559999233,
    2.582753973000081,
    2.599158394999904,
    2.5987893760000134,
    2.5934809270002006,
    2.595331705000035,
    2.6005375409999942,
    2.59984456899997
  ],
  "prusti-tests/tests/verify/pass/quick/shared-borrows.rs": [
    1.6589369719999922,
    1.6523487619999742,
    1.6539576390000548,
    1.6591538269999546,
    1.6421967680000762,
    1.644199743000172,
    1.6568266780000158,
    1.6583175579999079,
    1.650285722000035,
    1.6490040249998401
  ],
  "prusti-tests/tests/verify/pass/quick/trait-contracts-refinement.rs": [
    1.4904159430000163,
    1.4527909889998227,
    1.4505442450001738,
    1.4487601099999665,
    1.4414692039999863,
    1.4344359019999047,
    1.4539135309998983,
    1.4720021790001283,
    1.4399908249999953,
    1.4479865280000013
  ],
  "prusti-tests/tests/verify/pass/quick/routes.rs": [
    4.2559922129998995,
    4.108540947999927,
    3.961496003999855,
    3.941346000999829,
    3.946873726000149,
    3.9027344230000836,
    3.9150260419999086,
    3.9296200700000554,
    3.9227379109997855,
    3.8961218570000256
  ],
  "prusti-tests/tests/verify/pass/quick/fibonacci.rs": [
    5.013902925000139,
    4.994576993999999,
    4.983599121999987,
    4.97009449899997,
    4.980870530999937,
    4.971499911999899,
    4.994156033000081,
    5.003555668999979,
    4.991047496999954,
    4.997341291999874
  ],
  "prusti-tests/tests/verify/pass/pure-fn/len-lookup.rs": [
    2.949081035000063,
    2.9631652659998053,
    2.9529746050000085,
    2.9342425340000773,
    2.9116575130001365,
    2.926322437999943,
    2.9211392040001556,
    2.9221330180000678,
    2.9218758179999895,
    2.9323969619999843
  ],
  "prusti-tests/tests/verify/pass/pure-fn/quantifiers.rs": [
    1.7925845409999965,
    1.7904299679998985,
    1.79994294800008,
    1.7881121059999714,
    1.7791255239999373,
    1.8151413349999075,
    1.8204056659999424,
    1.8090925120000065,
    1.8010529829998632,
    1.8174275889998626
  ],
  "prusti-tests/tests/verify/pass/pure-fn/recursive-pure-fn.rs": [
    1.6011358089999703,
    1.5915095249999922,
    1.5926986109998325,
    1.6000857449998875,
    1.5802687689999857,
    1.5856917020000765,
    1.5855018040001596,
    1.5849340110000867,
    1.585666025999899,
    1.5959816390000015
  ],
  "prusti-tests/tests/verify/pass/pure-fn/ref-mut-arg.rs": [
    2.3501132070000494,
    2.3453945660000954,
    2.323999608000122,
    2.3497452239998893,
    2.3238574970000627,
    2.3144808440001725,
    2.3273706310001216,
    2.3267226390000815,
    2.333912074999944,
    2.340098169000157
  ],
  "prusti-tests/tests/verify/pass/rosetta/Ackermann_function.rs": [
    1.641409346999808,
    1.6328276480003296,
    1.6383080830000836,
    1.648683771999913,
    1.6369258899999295,
    1.622325069999988,
    1.6218825750001997,
    1.613032984000256,
    1.6329657310002403,
    1.6156232680000358
  ],
  "prusti-tests/tests/verify/pass/rosetta/Heapsort.rs": [
    9.073375214999942,
    8.961759643999812,
    8.95956833199989,
    8.989056657999754,
    8.979088754999793,
    8.979126070999882,
    8.987997833999998,
    8.896114889999808,
    8.947080301999904,
    9.013233420999768
  ]
}