{
  "prusti-tests/tests/verify/pass/rosetta/Knuth_shuffle.rs": [
    2.975466181999991,
    2.5191985229998863,
    2.511684943000091,
    2.399762593000105,
    2.410615615000097,
    2.381734010999935,
    2.4098650549999547,
    2.4305043960000603,
    2.3754390420001528,
    2.330890196999917
  ],
  "prusti-tests/tests/verify/pass/demos/account.rs": [
    2.1912877720001234,
    2.1217489870000463,
    2.1532501649999176,
    2.0949156660001336,
    2.104406379000011,
    2.161429465000083,
    2.1057806139999684,
    2.121098096999958,
    2.1709192939999866,
    2.111898710999867
  ],
  "prusti-tests/tests/verify/pass/rosetta/Knights_tour.rs": [
    135.0228002020001,
    134.93599603899997,
    135.04405437100013,
    132.72056464800016,
    135.80632876699997,
    136.6748385379999,
    135.36521286600032,
    135.66247191599996,
    137.89397221300032,
    137.72687752899992
  ],
  "prusti-tests/tests/verify/pass/quick/fold-unfold.rs": [
    1.427677974999824,
    1.4001978919995963,
    1.3835274250000111,
    1.4220918809996874,
    1.4388453579999805,
    1.3884662239997851,
    1.3726532559999214,
    1.3966225110002597,
    1.4505782090000139,
    1.4013011540000662
  ],
  "prusti-tests/tests/verify/pass/quick/moves.rs": [
    1.6707408790002773,
    1.7118985809997866,
    1.6912030790003882,
    1.66795008400004,
    1.7835407890001989,
    1.688997942000242,
    1.6851675019997856,
    1.7114722669998628,
    1.6837430340001447,
    1.6977970790003383
  ],
  "prusti-tests/tests/verify/pass/quick/mut-borrows.rs": [
    3.403598442999737,
    3.354482487000041,
    3.3643901350001215,
    3.3203363090001403,
    3.3613704150002377,
    3.326102441999865,
    3.3215310629998385,
    3.3508690349999597,
    3.4060367029996996,
    3.3824384920003467
  ],
  "prusti-tests/tests/verify/pass/quick/shared-borrows.rs": [
    2.113767267000185,
    2.121269192999989,
    2.14552717999959,
    2.1488203150001937,
    2.1483448099997986,
    2.108447309999974,
    2.0731139059998895,
    2.086740348999683,
    2.1232350310001493,
    2.087131760000375
  ],
  "prusti-tests/tests/verify/pass/quick/trait-contracts-refinement.rs": [
    1.9475112979998812,
    1.9728294629999255,
    1.9603456320000987,
    1.9098307179997391,
    1.93722082999966,
    1.8918389659997956,
    1.8844709909999438,
    1.9397522449999087,
    1.8884366110000883,
    1.8767031890001817
  ],
  "prusti-tests/tests/verify/pass/quick/routes.rs": [
    5.907964788999834,
    5.575834597999801,
    5.433464109999932,
    5.325247365999985,
    5.531541476000257,
    5.321277579999787,
    5.473881333999998,
    5.361056561000169,
    5.361981489999835,
    5.385556457999883
  ],
  "prusti-tests/tests/verify/pass/quick/fibonacci.rs": [
    6.715737961999821,
    6.720097804000034,
    6.701372357000309,
    6.708445252000274,
    6.7322295869998925,
    6.720888794000075,
    6.660913932999847,
    6.7404354059999605,
    6.693897147999905,
    6.689801107000221
  ],
  "prusti-tests/tests/verify/pass/pure-fn/len-lookup.rs": [
    3.901121401999717,
    3.8781649219999963,
    3.8487761749997844,
    3.918663287999607,
    3.885532577000049,
    3.850224618000084,
    3.936622795999938,
    3.88265037400015,
    3.858893959999932,
    3.824832900000274
  ],
  "prusti-tests/tests/verify/pass/pure-fn/quantifiers.rs": [
    2.324326157000087,
    2.377332045000003,
    2.3924583909997637,
    2.3625677899999573,
    2.3377649140002177,
    2.3361980720001156,
    2.3627480380000634,
    2.3747116409999762,
    2.3362372950000463,
    2.361489345999871
  ],
  "prusti-tests/tests/verify/pass/pure-fn/recursive-pure-fn.rs": [
    2.0819851590003964,
    2.101164567000069,
    2.0964692349998586,
    2.0509167800000796,
    2.2295883639999374,
    2.1512302370001635,
    2.0794186359999003,
    2.1047785900000235,
    2.082434465999995,
    2.135343902999921
  ],
  "prusti-tests/tests/verify/pass/pure-fn/ref-mut-arg.rs": [
    3.2100106760003655,
    3.134000313999877,
    3.1219092910000654,
    3.2345653869997477,
    3.1026752119996672,
    3.170252781000272,
    3.116343142000005,
    3.1242440709997936,
    3.0973789039999247,
    3.1819140880002124
  ],
  "prusti-tests/tests/verify/pass/rosetta/Ackermann_function.rs": [
    2.1238117839998267,
    2.1315400610001234,
    2.12772642300024,
    2.116453337999701,
    2.1201336180001817,
    2.1510230169997158,
    2.1438469490003627,
    2.123658849000094,
    2.1528274380002586,
    2.1691071000000193
  ],
  "prusti-tests/tests/verify/pass/rosetta/Heapsort.rs": [
    13.293227212000147,
    13.1792832000001,
    13.187714110000343,
    13.010078201999931,
    13.118538302999696,
    13.161206162000326,
    13.169180374000007,
    13.209663062000345,
    13.074320935000287,
    13.168842798999776
  ]
}