{
  "prusti-tests/tests/verify/pass/rosetta/Knuth_shuffle.rs": [
    2.321820529999968,
    2.082890065000015,
    1.9654431750000185,
    1.9545424240000102,
    1.8965725369999973,
    1.8721726070000386,
    1.8985669200000075,
    1.8882474909999019,
    1.8450291189999461,
    1.8669105359999776
  ],
  "prusti-tests/tests/verify/pass/demos/account.rs": [
    0.9291053169999941,
    0.8624343579999731,
    0.8610679669999399,
    0.8655027119999659,
    0.9205678920000082,
    0.8565154149999898,
    0.864136953999946,
    0.8752843099999836,
    0.9822186850000207,
    0.9532549379999864
  ]
}