{
  "prusti-tests/tests/verify/pass/rosetta/Knuth_shuffle.rs": [
    2.7581214040000077,
    2.4378530370000817,
    2.451966390999928,
    2.386059868000075,
    2.447197595000034,
    2.322411828999975,
    2.340193785999986,
    2.3796505549998983,
    2.440481102000035,
    2.2763397989998566
  ],
  "prusti-tests/tests/verify/pass/demos/account.rs": [
    2.12730254600001,
    2.1066206210000473,
    2.1203511510000226,
    2.1802400199999283,
    2.2000094279999303,
    2.1765790399999787,
    2.226177224000139,
    2.2161303580001004,
    2.1435535170001003,
    2.1632309080000596
  ],
  "prusti-tests/tests/verify/pass/rosetta/Knights_tour.rs": [
    119.73806123299983,
    117.77832232000014,
    121.30818251300002,
    118.93242891500017,
    117.35657717599997,
    115.13223205700001,
    118.24237769000001,
    119.95156830399992,
    118.05148806000011,
    116.21386637900014
  ],
  "prusti-tests/tests/verify/pass/quick/fold-unfold.rs": [
    1.3972976420000123,
    1.4224987669999791,
    1.3776693419999901,
    1.3856398519997128,
    1.3944624259997909,
    1.3801963580003758,
    1.3640116859996851,
    1.3784635900001376,
    1.4072364900002867,
    1.3936201490000713
  ],
  "prusti-tests/tests/verify/pass/quick/moves.rs": [
    1.686186816999907,
    1.6892142309998235,
    1.737154425999961,
    1.6907309739999619,
    1.6762134639998294,
    1.7277626070003862,
    1.700242003999847,
    1.671161179000137,
    1.7117136820002088,
    1.6913269220003713
  ],
  "prusti-tests/tests/verify/pass/quick/mut-borrows.rs": [
    3.395975156000077,
    3.3802906000000803,
    3.37550677299987,
    3.4219341620000705,
    3.406095151000045,
    3.375059389999933,
    3.388553697000134,
    3.3415122400001565,
    3.4192937510001684,
    3.4083803050002643
  ],
  "prusti-tests/tests/verify/pass/quick/shared-borrows.rs": [
    2.1381854149999526,
    2.174014457999874,
    2.1333759459998873,
    2.1611078399996586,
    2.170662251000067,
    2.1560384320000594,
    2.1637088190000213,
    2.1277680650000548,
    2.1526522690001,
    2.139398055000129
  ],
  "prusti-tests/tests/verify/pass/quick/trait-contracts-refinement.rs": [
    1.8533075539999118,
    1.8467704019999474,
    1.8169603210003515,
    1.838768089000041,
    1.8015782440002113,
    1.879863022000336,
    1.818396562000089,
    1.8589167639997868,
    1.8733590710003227,
    1.843411764999928
  ],
  "prusti-tests/tests/verify/pass/quick/routes.rs": [
    5.935361742999703,
    5.770989586999804,
    5.578839158999926,
    5.650796776000334,
    5.552480229000139,
    5.561366550999992,
    5.609715858000072,
    5.624737317999916,
    5.5676598270001705,
    5.663842427999953
  ],
  "prusti-tests/tests/verify/pass/quick/fibonacci.rs": [
    7.115227257999777,
    7.039064256999609,
    7.159680647000187,
    7.216212587999962,
    7.224335696999788,
    7.133212386000196,
    7.389286551999703,
    7.05653241500022,
    7.2233557549998295,
    7.083128277000014
  ],
  "prusti-tests/tests/verify/pass/pure-fn/len-lookup.rs": [
    4.112256560999867,
    4.134808297999825,
    4.198481929999616,
    4.119856883000011,
    4.119392401999903,
    4.178366077999726,
    4.2099755019999066,
    4.121470602000045,
    4.125293859000067,
    4.176052918000096
  ],
  "prusti-tests/tests/verify/pass/pure-fn/quantifiers.rs": [
    2.637780104000285,
    2.5628875750003317,
    2.618653914999868,
    2.5436578690000715,
    2.568978406000042,
    2.6395305260002715,
    2.5581540569996832,
    2.5700116630000593,
    2.497507456999756,
    2.86555123800008
  ],
  "prusti-tests/tests/verify/pass/pure-fn/recursive-pure-fn.rs": [
    2.4454192040002454,
    2.4036877020002976,
    2.3760924780003734,
    2.553691672000241,
    2.420830037000087,
    2.414089783000236,
    2.3897206149999874,
    2.5461476079999557,
    2.413042877999942,
    2.375412254999901
  ],
  "prusti-tests/tests/verify/pass/pure-fn/ref-mut-arg.rs": [
    3.584875049000402,
    3.800243833999957,
    3.7867972040003224,
    3.8511186030000317,
    3.794029844000306,
    3.7975156290003724,
    3.79227800200033,
    3.747426061999704,
    3.7777080269997896,
    3.737546552999902
  ],
  "prusti-tests/tests/verify/pass/rosetta/Ackermann_function.rs": [
    2.4669949670001188,
    2.469642770000064,
    2.6183226370003467,
    2.4528044459998455,
    2.527068933999999,
    2.4632397719997243,
    2.5318546240000614,
    2.3910094640000352,
    2.5614531749997695,
    2.468057119999685
  ],
  "prusti-tests/tests/verify/pass/rosetta/Heapsort.rs": [
    12.5004305450002,
    12.5592287569998,
    13.435470416000044,
    12.495251622000069,
    12.609943808000025,
    12.57887497799993,
    12.406230923999829,
    12.345963372999904,
    12.41161356800012,
    12.566618896000364
  ]
}