{
  "prusti-tests/tests/verify/pass/rosetta/Knuth_shuffle.rs": [
    2.2830119510000486,
    2.1440622730000314,
    1.9819915589999937,
    2.035363226999948,
    1.9922409189999826,
    2.001462812999989,
    1.9227828159999945,
    1.9245592250000527,
    1.8629615140000624,
    1.7813797700000578
  ],
  "prusti-tests/tests/verify/pass/demos/account.rs": [
    1.678438351000068,
    1.6933785270000499,
    1.6515839160000496,
    1.642221462000066,
    1.741005538999957,
    1.7066523670000606,
    1.6785600260000137,
    1.7594486320000442,
    1.6780334569999695,
    1.669067565999967
  ],
  "prusti-tests/tests/verify/pass/rosetta/Knights_tour.rs": [
    109.05223306599999,
    107.16765073499994,
    106.69620213099995,
    104.30577811600006,
    107.17267935899986,
    104.69518944099991,
    107.69709574700005,
    104.04725399999984,
    105.61716609099994,
    107.53905070399992
  ],
  "prusti-tests/tests/verify/pass/quick/fold-unfold.rs": [
    1.0899411400000645,
    1.079171261999818,
    1.1013093169999593,
    1.07523786999991,
    1.1246305709998978,
    1.0897364329998709,
    1.0622480720001022,
    1.0428370800000266,
    1.0758291769998323,
    1.0839172750002035
  ],
  "prusti-tests/tests/verify/pass/quick/moves.rs": [
    1.3542746450000323,
    1.2808349529998395,
    1.3174810390000857,
    1.319572848000007,
    1.269367556999896,
    1.2965054520000194,
    1.352150341999959,
    1.3358407450000414,
    1.3068173499998466,
    1.3042032430000745
  ],
  "prusti-tests/tests/verify/pass/quick/mut-borrows.rs": [
    2.640399358000195,
    2.6264149870000892,
    2.698317766000173,
    2.614295734999814,
    2.689311611999983,
    2.620166179999842,
    2.6538746360001824,
    2.7117423759998474,
    2.6531103120000807,
    2.7592893369999274
  ],
  "prusti-tests/tests/verify/pass/quick/shared-borrows.rs": [
    1.8250284620000912,
    1.6994780709999304,
    1.6819181010000648,
    1.7593806550000863,
    1.6638290260000304,
    1.6532309440001427,
    1.6940551400000459,
    1.69161301500003,
    1.7159028099999887,
    1.6645036209999944
  ],
  "prusti-tests/tests/verify/pass/quick/trait-contracts-refinement.rs": [
    1.5848469390000446,
    1.4558631689999402,
    1.4759129760000178,
    1.4597798709999097,
    1.4845831810000618,
    1.413329554000029,
    1.4588514720001058,
    1.4969943830001284,
    1.4902398700000958,
    1.4778918639999574
  ],
  "prusti-tests/tests/verify/pass/quick/routes.rs": [
    5.070260053999846,
    4.746138579999979,
    4.70997433499997,
    4.688214550000112,
    4.844012712999984,
    4.6889783050000915,
    4.731850177000069,
    4.6897184070001,
    4.564553930000102,
    4.697734977000209
  ],
  "prusti-tests/tests/verify/pass/quick/fibonacci.rs": [
    5.929599728999847,
    6.04745108200018,
    6.029088767000076,
    6.077599847000101,
    5.923316391000071,
    6.128628523999851,
    6.002382571999988,
    5.905349521000062,
    5.909638774000086,
    5.939274907000026
  ],
  "prusti-tests/tests/verify/pass/pure-fn/len-lookup.rs": [
    3.397384498999827,
    3.3682961370000157,
    3.405697114000077,
    3.4310025629999927,
    3.576629374000049,
    3.3048332590001337,
    3.399646664999864,
    3.346006987999999,
    3.4197209390001717,
    3.427663781999854
  ],
  "prusti-tests/tests/verify/pass/pure-fn/quantifiers.rs": [
    2.398108708000109,
    2.086628955999913,
    2.1452756650000993,
    2.2533730349996404,
    2.0878330870000354,
    2.2049550980000276,
    2.129210809000142,
    2.0418429240003206,
    2.0453649239998413,
    2.208944251000048
  ],
  "prusti-tests/tests/verify/pass/pure-fn/recursive-pure-fn.rs": [
    1.9444561020000037,
    2.0842019040001105,
    1.9920133910000004,
    1.9525065839998206,
    1.980579261999992,
    1.9791155799998705,
    2.058946587000264,
    2.2417045039996992,
    2.09768949599993,
    1.9976543930001753
  ],
  "prusti-tests/tests/verify/pass/pure-fn/ref-mut-arg.rs": [
    3.1786526070000036,
    3.015205843000331,
    3.015273353000339,
    3.138199959999838,
    2.9102846460000364,
    3.458133574000385,
    3.0900519530000565,
    3.063361442999849,
    3.290236853999886,
    3.0620461429998613
  ],
  "prusti-tests/tests/verify/pass/rosetta/Ackermann_function.rs": [
    1.9984430930003327,
    2.0017752930002644,
    2.1210594899998796,
    2.045907969000382,
    2.1245537689997036,
    1.9112785709999116,
    1.9569355779999569,
    2.0268960510002216,
    1.9267000479999297,
    2.0609376520001206
  ],
  "prusti-tests/tests/verify/pass/rosetta/Heapsort.rs": [
    10.746158156000092,
    10.515434454000115,
    10.750280724999811,
    10.429681483999957,
    10.743963825000264,
    10.708703008999692,
    10.666553119999662,
    10.549732290000065,
    10.936504943999807,
    10.935014205000243
  ]
}