{
  "prusti-tests/tests/verify/pass/rosetta/Knuth_shuffle.rs": [
    2.089722166999991,
    1.9003477979999843,
    1.9400954029999866,
    1.8972097550000626,
    1.8421135280000271,
    1.8465293290000773,
    1.8497278620000088,
    1.813811816999987,
    1.8323886289999791,
    1.8670613499999718
  ],
  "prusti-tests/tests/verify/pass/demos/account.rs": [
    1.6495639160000337,
    1.664549367999939,
    1.6797394850000273,
    1.656196586999954,
    1.6590119889999642,
    1.6651893929999915,
    1.663735867000014,
    1.6794313719999536,
    1.6388487450000184,
    1.6551223550000032
  ],
  "prusti-tests/tests/verify/pass/rosetta/Knights_tour.rs": [
    97.21891134600003,
    96.09129804500003,
    95.11438897900007,
    97.25972969100008,
    96.37309647000006,
    94.65497082500019,
    94.84915613399994,
    94.54416039399985,
    94.93238172299993,
    95.66199378900001
  ],
  "prusti-tests/tests/verify/pass/quick/fold-unfold.rs": [
    1.1150450259999616,
    1.117412528000159,
    1.108007318999853,
    1.1164353270000902,
    1.1102624210000158,
    1.1134880160000193,
    1.0999575349999304,
    1.1073639410001306,
    1.1116678450000563,
    1.1081321409999418
  ],
  "prusti-tests/tests/verify/pass/quick/moves.rs": [
    1.3395149379998657,
    1.333965932999945,
    1.3449201500000072,
    1.358723795999822,
    1.3458459880000646,
    1.3605291970000053,
    1.3350564820000272,
    1.3513643159999447,
    1.3470686989999194,
    1.3408623809998517
  ],
  "prusti-tests/tests/verify/pass/quick/mut-borrows.rs": [
    2.6098718110001755,
    2.61668941500011,
    2.627000381000016,
    2.6409640489998765,
    2.6346146790001512,
    2.622278933999951,
    2.609351150000066,
    2.6119043520000105,
    2.6440076380001756,
    2.6084911099999317
  ],
  "prusti-tests/tests/verify/pass/quick/shared-borrows.rs": [
    1.665786442000126,
    1.685377668000001,
    1.6650224140000773,
    1.664283912999963,
    1.6603255109998827,
    1.6649480140001742,
    1.6558384499999192,
    1.659960964999982,
    1.663774267000008,
    1.6607542649999232
  ],
  "prusti-tests/tests/verify/pass/quick/trait-contracts-refinement.rs": [
    1.4883446549999917,
    1.4525769880001462,
    1.4557502070001647,
    1.4717989210000724,
    1.4476890009998442,
    1.4453347000001031,
    1.4535801060001177,
    1.456420069999922,
    1.4550800530000743,
    1.4564752539999972
  ],
  "prusti-tests/tests/verify/pass/quick/routes.rs": [
    4.279168770000069,
    4.141820696999957,
    3.9775227740001355,
    3.9944572979998156,
    3.9747949730001437,
    3.9627134049999313,
    3.9922645189999457,
    3.954862219000006,
    3.9445939090001048,
    3.9267493939998985
  ],
  "prusti-tests/tests/verify/pass/quick/fibonacci.rs": [
    5.003231298000173,
    5.002755001999958,
    5.0362944309999875,
    5.009147231000043,
    5.015899482999885,
    4.9772295950001535,
    4.98722795499998,
    4.9928908189999675,
    5.009588251999958,
    5.027714195000044
  ],
  "prusti-tests/tests/verify/pass/pure-fn/len-lookup.rs": [
    2.9880880040000193,
    3.008614200000011,
    2.9957477160000963,
    2.986677152000084,
    2.9946646120001787,
    2.9667200789999697,
    2.969786125000155,
    2.9542292159999306,
    2.968122800999936,
    2.951447288000054
  ],
  "prusti-tests/tests/verify/pass/pure-fn/quantifiers.rs": [
    1.8228621960001874,
    1.808173289000024,
    1.8039392079999743,
    1.799777714999891,
    1.8168052229998466,
    1.8076701189997948,
    1.8110259220002263,
    1.8395477330000176,
    1.8134631269999772,
    1.8108260260000861
  ],
  "prusti-tests/tests/verify/pass/pure-fn/recursive-pure-fn.rs": [
    1.6232444819997909,
    1.5965510809996886,
    1.6054248469999948,
    1.6039217379998263,
    1.6181170059999204,
    1.6085011010000017,
    1.609774348999963,
    1.6151954699998896,
    1.6127290679996804,
    1.6136513689998537
  ],
  "prusti-tests/tests/verify/pass/pure-fn/ref-mut-arg.rs": [
    2.360263433,
    2.3586308799999642,
    2.3632954820000123,
    2.3416721710000274,
    2.3788084900002104,
    2.3510599200003526,
    2.351066703000015,
    2.3562267799998153,
    2.3688668000004327,
    2.348399186000279
  ],
  "prusti-tests/tests/verify/pass/rosetta/Ackermann_function.rs": [
    1.643975109999701,
    1.6512422450000486,
    1.635562576999746,
    1.635803277999912,
    1.6484663829996862,
    1.6421943810000812,
    1.6428336049998506,
    1.6433273190000364,
    1.6500193219999346,
    1.65330532400003
  ],
  "prusti-tests/tests/verify/pass/rosetta/Heapsort.rs": [
    9.212794144999862,
    9.090728578999915,
    9.155105473000276,
    9.11096980000002,
    9.077519037000002,
    9.140428323999913,
    9.054195429999709,
    9.095539583000118,
    9.15972623100015,
    9.068440432999978
  ]
}