{
  "prusti-tests/tests/verify/pass/rosetta/Knuth_shuffle.rs": [
    2.395689460000085,
    2.277424687000007,
    2.1343126190000703,
    2.0776215349999347,
    2.0793308349999506,
    2.1301781230000643,
    2.0997360620000336,
    2.025868962000004,
    2.0054444510000167,
    2.0062338520000367
  ],
  "prusti-tests/tests/verify/pass/demos/account.rs": [
    0.9035362739999755,
    0.922502666000014,
    0.9032345210000585,
    0.9185653170000023,
    0.885867572000052,
    0.8914615179999146,
    0.8618926540000302,
    0.8689737369999193,
    0.8542349720000857,
    0.8865173269999786
  ]
}