{
  "prusti-tests/tests/verify/pass/rosetta/Knuth_shuffle.rs": [
    3.2657714929999884,
    0.41708945099992434,
    0.4050460970000813,
    0.40554801100006443,
    0.4061994200000072,
    0.4122330970000121,
    0.41783836900003735,
    0.4344843829999263,
    0.42360444300004474,
    0.4285890080000172
  ],
  "prusti-tests/tests/verify/pass/demos/account.rs": [
    2.6826010699999188,
    0.14180442200006382,
    0.1393248900000117,
    0.14057760599996527,
    0.14081180899995616,
    0.14287153600002966,
    0.14727839299996504,
    0.14325064100000873,
    0.14440575499997976,
    0.1415661190000037
  ],
  "prusti-tests/tests/verify/pass/rosetta/Knights_tour.rs": [
    124.11730382200005,
    2.896067427999924,
    2.962034115999927,
    3.2154136860000335,
    2.950671987000078,
    2.882520013999965,
    3.0871830519998866,
    2.9511248040000737,
    3.0223587519999455,
    3.200254159999986
  ],
  "prusti-tests/tests/verify/pass/quick/fold-unfold.rs": [
    1.5522339029998875,
    0.11393478500008314,
    0.1193780850001076,
    0.12602260599987858,
    0.11279626199984705,
    0.11759304699990025,
    0.1177367499999491,
    0.11217714800000067,
    0.11421698499998456,
    0.11664753000013661
  ],
  "prusti-tests/tests/verify/pass/quick/moves.rs": [
    1.8444207790000746,
    0.10635644199987837,
    0.1123945530000583,
    0.10685225099996387,
    0.11006380899993928,
    0.10812327400003596,
    0.11822915900006592,
    0.10818917599999622,
    0.11801805499999318,
    0.11686693399997239
  ],
  "prusti-tests/tests/verify/pass/quick/mut-borrows.rs": [
    3.8172925039998518,
    0.18993736800007355,
    0.192619618000208,
    0.18695121399991876,
    0.1893866519999392,
    0.18967384500001572,
    0.19897611300007156,
    0.19296550400008528,
    0.19099876900008894,
    0.19215978900001573
  ],
  "prusti-tests/tests/verify/pass/quick/shared-borrows.rs": [
    2.285963909999964,
    0.1084454699998787,
    0.1120308350000414,
    0.1126385449999816,
    0.10764015500012647,
    0.10602952500016727,
    0.101629844999934,
    0.10724824799990529,
    0.10995219699998415,
    0.1047519020000891
  ],
  "prusti-tests/tests/verify/pass/quick/trait-contracts-refinement.rs": [
    2.196767789999967,
    0.15598733199999515,
    0.1612037270001565,
    0.1571340540001529,
    0.15743965899991963,
    0.16619661699996868,
    0.15930059300012545,
    0.16789094899991142,
    0.17270523599995613,
    0.1729681410001831
  ],
  "prusti-tests/tests/verify/pass/quick/routes.rs": [
    6.236274821000052,
    0.404495130999976,
    0.4115923589999966,
    0.39302322300000014,
    0.41220157100019605,
    0.40589195300003666,
    0.3807315930000641,
    0.37443367900004887,
    0.37190003399996385,
    0.3896623560001444
  ],
  "prusti-tests/tests/verify/pass/quick/fibonacci.rs": [
    0.43488187399998424,
    0.42885336499989535,
    0.40636625799993453,
    0.4065234600000167,
    0.40666066299991144,
    0.39924582899993766,
    0.42118062599979567,
    0.40727037499982544,
    0.4102527279999322,
    0.4260049130000425
  ],
  "prusti-tests/tests/verify/pass/pure-fn/len-lookup.rs": [
    4.382051704999867,
    0.24195787700000437,
    0.24070015500001318,
    0.23794250399987504,
    0.23979923800015968,
    0.24457152499985568,
    0.24395171300011498,
    0.25041542999997546,
    0.24515313500000957,
    0.2389941239998734
  ],
  "prusti-tests/tests/verify/pass/pure-fn/quantifiers.rs": [
    2.5703909979999935,
    0.22636399500015614,
    0.21475568500000008,
    0.21615261000010833,
    0.20857007299991892,
    0.2118713319998733,
    0.20675603800009412,
    0.20878417499989155,
    0.2211040970000795,
    0.20499040599997898
  ],
  "prusti-tests/tests/verify/pass/pure-fn/recursive-pure-fn.rs": [
    2.255616580000151,
    0.17441095300000597,
    0.16806163800015383,
    0.175120465999953,
    0.17458665699996345,
    0.16839274499989187,
    0.16776713299987023,
    0.17937224299998888,
    0.1699257719999423,
    0.16806033800003206
  ],
  "prusti-tests/tests/verify/pass/pure-fn/ref-mut-arg.rs": [
    3.5781085880000774,
    0.23331921800013333,
    0.22122499900001458,
    0.2317577890000848,
    0.22571248000008381,
    0.2499863190000724,
    0.25338238000017554,
    0.22613888699993367,
    0.22433715500005746,
    0.24025724199987053
  ],
  "prusti-tests/tests/verify/pass/rosetta/Ackermann_function.rs": [
    2.33793255899991,
    0.27301733500007686,
    0.27683590399988134,
    0.2732606399999895,
    0.2749884709999151,
    0.2766560009999921,
    0.2754986800000552,
    0.29128426499983107,
    0.274943070000063,
    0.27558438100004423
  ],
  "prusti-tests/tests/verify/pass/rosetta/Heapsort.rs": [
    14.447403737000059,
    1.3415040170000339,
    1.2891364639999665,
    1.2798996610001723,
    1.3173021360000803,
    1.330013863999966,
    1.2577283630000693,
    1.2718088159999752,
    1.3801206540001658,
    1.3047495610001079
  ]
}