{
  "prusti-tests/tests/verify/pass/rosetta/Knuth_shuffle.rs": [
    2.6954503629999635,
    0.3258948730000384,
    0.3254393680000476,
    0.3305547300000171,
    0.32715318900000057,
    0.3266465829999561,
    0.32463175800000954,
    0.32334712700003365,
    0.32403383200005464,
    0.32350262599993584
  ],
  "prusti-tests/tests/verify/pass/demos/account.rs": [
    2.221139954000023,
    0.13223440499996286,
    0.132763811000018,
    0.12901156499992794,
    0.12883026400004383,
    0.1289205639999409,
    0.12757574800002658,
    0.12832825800001046,
    0.12981797499992354,
    0.12830325699997047
  ],
  "prusti-tests/tests/verify/pass/rosetta/Knights_tour.rs": [
    101.12384225400001,
    2.2012330469999597,
    2.20196725400001,
    2.1985876049999433,
    2.20672346799995,
    2.199698785999999,
    2.206424484000081,
    2.2041676909999524,
    2.202254330999949,
    2.1999971550000055
  ],
  "prusti-tests/tests/verify/pass/quick/fold-unfold.rs": [
    1.2856526439999243,
    0.10096520499996586,
    0.10015529600002537,
    0.10075860200004172,
    0.10280862699994486,
    0.10073390200000176,
    0.10054810000008274,
    0.09875857899999119,
    0.10063650099993993,
    0.09926678499994068
  ],
  "prusti-tests/tests/verify/pass/quick/moves.rs": [
    1.5449748089999957,
    0.09703585199997633,
    0.09653755400006503,
    0.09757645000001958,
    0.09632075499996517,
    0.09631335399990348,
    0.09425276199999644,
    0.09485336000000189,
    0.09648425400007454,
    0.09405436300005476
  ],
  "prusti-tests/tests/verify/pass/quick/mut-borrows.rs": [
    3.0092295990000366,
    0.15513917999999194,
    0.15330635899999834,
    0.15511997900000551,
    0.1539954669999588,
    0.15382736500009742,
    0.15277235200005634,
    0.1532465579998643,
    0.1558543879998524,
    0.15300635600010537
  ],
  "prusti-tests/tests/verify/pass/quick/shared-borrows.rs": [
    1.9004564030001347,
    0.09390969900005075,
    0.09241307499996765,
    0.0949839659999725,
    0.09438916799990693,
    0.09508436500004791,
    0.09747195599993574,
    0.09411366799986354,
    0.09271987300007822,
    0.0951403650001339
  ],
  "prusti-tests/tests/verify/pass/quick/trait-contracts-refinement.rs": [
    1.6144771099998252,
    0.13594902099998762,
    0.1361172209999495,
    0.1381240139999136,
    0.1363779200000863,
    0.13781651500016778,
    0.1363555200000519,
    0.1367020190000403,
    0.13618739399998958,
    0.1361539150000226
  ],
  "prusti-tests/tests/verify/pass/quick/routes.rs": [
    5.324749354000005,
    0.332275693000156,
    0.33083218699994177,
    0.33017648400004873,
    0.32972198199991,
    0.33417520099987996,
    0.3309290869999586,
    0.331243989000086,
    0.332164991999889,
    0.3394433220000792
  ],
  "prusti-tests/tests/verify/pass/quick/fibonacci.rs": [
    0.35239667699988786,
    0.3541110840001238,
    0.3510014710000178,
    0.34425874299995485,
    0.34456184500004383,
    0.34695125400003235,
    0.3526706009999998,
    0.3459954260001723,
    0.3426897029999054,
    0.3476930379999885
  ],
  "prusti-tests/tests/verify/pass/pure-fn/len-lookup.rs": [
    3.6781494069998644,
    0.20890608599984262,
    0.208375081999975,
    0.20999679299984564,
    0.2087426850000611,
    0.2097324920000574,
    0.20927278800013482,
    0.21189100599985977,
    0.21100159999991774,
    0.20834318199990776
  ],
  "prusti-tests/tests/verify/pass/pure-fn/quantifiers.rs": [
    2.261024799999859,
    0.18732654299992646,
    0.18402532100003555,
    0.18594133400006285,
    0.1858990220000578,
    0.18484557499982657,
    0.18334696600004463,
    0.18453287299985277,
    0.18556087900014973,
    0.1844290720000572
  ],
  "prusti-tests/tests/verify/pass/pure-fn/recursive-pure-fn.rs": [
    1.9199918689998867,
    0.14300483200008784,
    0.14488864300005844,
    0.14612805000001572,
    0.14426293899987286,
    0.14574154799993266,
    0.14370553600019775,
    0.1459384490001412,
    0.14404163799986236,
    0.14382493700009036
  ],
  "prusti-tests/tests/verify/pass/pure-fn/ref-mut-arg.rs": [
    2.9246111130000827,
    0.17768833400009498,
    0.18062585099983153,
    0.17881813999997576,
    0.18030474800002594,
    0.1757784219998939,
    0.17894024900010663,
    0.1775924619998932,
    0.17730035999989013,
    0.17751506200011136
  ],
  "prusti-tests/tests/verify/pass/rosetta/Ackermann_function.rs": [
    1.9161037369999576,
    0.21190548599997783,
    0.21341659599988816,
    0.21423580200007564,
    0.21078927899998234,
    0.21187258600002679,
    0.21367519799991896,
    0.2138807999999699,
    0.21308409500011294,
    0.21306569400007902
  ],
  "prusti-tests/tests/verify/pass/rosetta/Heapsort.rs": [
    9.89387025699989,
    0.9398055550000208,
    0.9388933629998064,
    0.9400798509998367,
    0.9369578330001787,
    0.9415039580001121,
    0.9508609110000634,
    0.9433889699998872,
    0.9393104460000359,
    0.9368338329998096
  ]
}