{
  "prusti-tests/tests/verify/pass/rosetta/Knuth_shuffle.rs": [
    2.103614225000001,
    1.8697056649998558,
    1.887466682999957,
    1.837035331999914,
    1.83072452600004,
    1.838344680000091,
    1.835863788000097,
    1.8115781619999325,
    1.8045820549998552,
    1.7865073640000446
  ],
  "prusti-tests/tests/verify/pass/demos/account.rs": [
    1.634353381999972,
    1.681057217999978,
    1.664338904999795,
    1.6249483750000309,
    1.647430803000134,
    1.6424205470000288,
    1.6262353320000784,
    1.672837574000141,
    1.6272515339999245,
    1.6362968490000185
  ],
  "prusti-tests/tests/verify/pass/rosetta/Knights_tour.rs": [
    94.608270146,
    90.94870966999997,
    92.71449262300007,
    89.85546343300007,
    92.52681951799991,
    91.56607156699988,
    91.93615641399992,
    90.18818230900001,
    91.26864378200003,
    89.87913639800013
  ],
  "prusti-tests/tests/verify/pass/quick/fold-unfold.rs": [
    1.1183426049999525,
    1.103160995999815,
    1.1045991969999704,
    1.0998876449998534,
    1.1072485400000005,
    1.10013055599984,
    1.1017913270002282,
    1.0957710090001456,
    1.101326015000268,
    1.1182898339998246
  ],
  "prusti-tests/tests/verify/pass/quick/moves.rs": [
    1.3314384239997707,
    1.33116533600014,
    1.3616773959997772,
    1.3311532000002444,
    1.3352855529997214,
    1.346063065999715,
    1.3262589930000104,
    1.3237814960002652,
    1.3293334919999324,
    1.3610196509998786
  ],
  "prusti-tests/tests/verify/pass/quick/mut-borrows.rs": [
    2.633500966000156,
    2.621863272000155,
    2.6150371530002303,
    2.6227400560001115,
    2.603843604999838,
    2.610104907999812,
    2.5898726959999294,
    2.613281632000053,
    2.619865692000076,
    2.599847082999986
  ],
  "prusti-tests/tests/verify/pass/quick/shared-borrows.rs": [
    1.6448594480002612,
    1.6538919200002056,
    1.655434312000125,
    1.6562054129999524,
    1.6577818129999287,
    1.6582782760001464,
    1.6440669500002514,
    1.6495130529997368,
    1.649773752999863,
    1.6439665499997318
  ],
  "prusti-tests/tests/verify/pass/quick/trait-contracts-refinement.rs": [
    1.4947293079999326,
    1.4490230129999873,
    1.450344813999891,
    1.4371967060001225,
    1.4451323099997353,
    1.4366677049997634,
    1.4411174709998704,
    1.4468427560000237,
    1.4508516579999196,
    1.434612148999804
  ],
  "prusti-tests/tests/verify/pass/quick/routes.rs": [
    4.248650842999723,
    4.0560193809997145,
    4.006135884000287,
    4.033913852999831,
    3.956208607999997,
    3.9137984369999685,
    3.905259028999808,
    3.9256518530000903,
    3.89039762900029,
    3.885910850000073
  ],
  "prusti-tests/tests/verify/pass/quick/fibonacci.rs": [
    4.973401765999824,
    5.006137310999748,
    4.967402547999882,
    4.965341339000133,
    4.961224363999918,
    4.938810311999987,
    4.977065641000081,
    4.974608008999894,
    4.928510017000008,
    4.918047356999978
  ],
  "prusti-tests/tests/verify/pass/pure-fn/len-lookup.rs": [
    2.903468546000113,
    2.913015439999981,
    2.890683249000176,
    2.906355900000108,
    2.898502004999955,
    2.9060088109999924,
    2.9007466719999684,
    2.898482370000238,
    2.9175905209999655,
    2.883059900999797
  ],
  "prusti-tests/tests/verify/pass/pure-fn/quantifiers.rs": [
    1.780997135999769,
    1.7845819379999739,
    1.7788389020001887,
    1.7653132519999417,
    1.7736150589998942,
    1.7810012639997694,
    1.7816079770000215,
    1.7609868110002935,
    1.7703545220001615,
    1.7760183279997364
  ],
  "prusti-tests/tests/verify/pass/pure-fn/recursive-pure-fn.rs": [
    1.5924475189999612,
    1.571536408999691,
    1.589291495999987,
    1.5852256909997777,
    1.574044877000233,
    1.5850558030001594,
    1.5915383309998106,
    1.590148992000195,
    1.5703417780000564,
    1.5861335879999388
  ],
  "prusti-tests/tests/verify/pass/pure-fn/ref-mut-arg.rs": [
    2.323670194999977,
    2.325845448000109,
    2.312800337999761,
    2.309150735000003,
    2.313363954000124,
    2.307539318000181,
    2.320764433000022,
    2.3213637339999877,
    2.303335249000156,
    2.342186407999634
  ],
  "prusti-tests/tests/verify/pass/rosetta/Ackermann_function.rs": [
    1.6560848610001813,
    1.6346977410003092,
    1.6375384640000448,
    1.6305393630000253,
    1.6399580719998994,
    1.6292226619998473,
    1.6418952750000244,
    1.632853262000026,
    1.6424717709996912,
    1.625798654999926
  ],
  "prusti-tests/tests/verify/pass/rosetta/Heapsort.rs": [
    9.068541565000032,
    9.056500145999962,
    9.030140755000048,
    8.935345937999955,
    8.966466126999876,
    8.947783978999723,
    9.019225437000387,
    8.969752933000109,
    8.905744757999855,
    8.959502908000104
  ]
}