{
  "prusti-tests/tests/verify/pass/rosetta/Knuth_shuffle.rs": [
    2.901739054000018,
    2.495147868999993,
    2.503027731999964,
    2.4121641750000435,
    2.3971599530000276,
    2.306778056999974,
    2.3248541269999805,
    2.374899995000078,
    2.254185123999946,
    2.300668500000029
  ],
  "prusti-tests/tests/verify/pass/demos/account.rs": [
    2.0460954689999653,
    1.9811827809999158,
    2.034497549999969,
    2.0659465149999505,
    2.0236428350000324,
    2.0297415210000054,
    2.1044165529999646,
    2.109530778000021,
    2.1504077569999254,
    2.099202928000068
  ],
  "prusti-tests/tests/verify/pass/rosetta/Knights_tour.rs": [
    130.5073136320001,
    129.43494874299995,
    127.22161266599983,
    129.68450695800016,
    126.50266607699996,
    130.80297052699984,
    125.79721216000007,
    127.68569858599994,
    128.74661213900026,
    126.75660182399997
  ],
  "prusti-tests/tests/verify/pass/quick/fold-unfold.rs": [
    1.37719486900005,
    1.4216495440000472,
    1.3668243469996924,
    1.355648285999905,
    1.42871538899999,
    1.441491860000042,
    1.3547571530002642,
    1.377071056999739,
    1.317679340000268,
    1.3308218100000886
  ],
  "prusti-tests/tests/verify/pass/quick/moves.rs": [
    1.5699507869999252,
    1.5284739649996482,
    1.5838581869998052,
    1.6178543200003332,
    1.6138122960001056,
    1.6004520129999946,
    1.612787290000142,
    1.580170414999884,
    1.5862432769999941,
    1.662344098000176
  ],
  "prusti-tests/tests/verify/pass/quick/mut-borrows.rs": [
    3.2630048539999734,
    3.319070983000074,
    3.349229130999902,
    3.3281723909999528,
    3.340069491000122,
    3.3399918939999225,
    3.29706650099979,
    3.3200725219999185,
    3.3687710369999877,
    3.4560199499996997
  ],
  "prusti-tests/tests/verify/pass/quick/shared-borrows.rs": [
    2.0627380340001764,
    2.060969976999786,
    2.0285187429999496,
    2.0306591540002046,
    2.0871460590001334,
    2.0441762289997314,
    2.0278922409997904,
    2.043576927000231,
    2.0101325460000226,
    2.043939495000359
  ],
  "prusti-tests/tests/verify/pass/quick/trait-contracts-refinement.rs": [
    1.81474586000013,
    1.8195805859995744,
    1.8941155859997707,
    1.793987245000153,
    1.855260072999954,
    1.8306972399996084,
    1.8293906330000027,
    1.7947526530001596,
    1.833943680000175,
    1.826986044000023
  ],
  "prusti-tests/tests/verify/pass/quick/routes.rs": [
    6.409308755999973,
    6.206708501000321,
    5.980109998999978,
    5.837824225000077,
    5.74912002200017,
    5.473105574999863,
    5.651207178999812,
    5.76969608499985,
    5.941557811999701,
    5.988418945999911
  ],
  "prusti-tests/tests/verify/pass/quick/fibonacci.rs": [
    7.664818651000132,
    7.546511422000094,
    7.526741134000076,
    7.736288756000249,
    7.1792263550000825,
    7.053158412999892,
    7.370944205999876,
    7.525931955000033,
    7.447449604000212,
    7.483661960000063
  ],
  "prusti-tests/tests/verify/pass/pure-fn/len-lookup.rs": [
    4.160289194000143,
    4.287388227000065,
    4.033553754999957,
    4.1761335549999785,
    4.000892769000075,
    4.0758473089999825,
    4.122994382999877,
    4.089648413999839,
    4.230630479999945,
    4.17788168800007
  ],
  "prusti-tests/tests/verify/pass/pure-fn/quantifiers.rs": [
    2.933450379999613,
    2.8221621349998713,
    2.606034365999676,
    2.6278167759996904,
    2.6067997410000316,
    2.554452432999824,
    2.6777656760000355,
    2.5846821370000725,
    2.5337289109997982,
    2.9473328660001243
  ],
  "prusti-tests/tests/verify/pass/pure-fn/recursive-pure-fn.rs": [
    2.3799131920000036,
    2.469722824999735,
    2.413875909000126,
    2.3358639389998643,
    2.5758878699998604,
    2.3200211319999653,
    2.4795385729998998,
    2.4198946949995843,
    2.4052512499997647,
    2.585649824000029
  ],
  "prusti-tests/tests/verify/pass/pure-fn/ref-mut-arg.rs": [
    3.9931593280002744,
    3.7498659610000686,
    3.7729442960003325,
    3.9095250410000517,
    3.7603869620002115,
    3.9756553710003573,
    3.892413836000287,
    3.7002280440001414,
    3.9647614199998316,
    3.6982188510000924
  ],
  "prusti-tests/tests/verify/pass/rosetta/Ackermann_function.rs": [
    2.337728970000171,
    2.4287530639999204,
    2.7237211819997356,
    2.377357050000228,
    2.4485078130001057,
    2.466333179999765,
    2.4647960709999097,
    2.4099855509998633,
    2.517830111999956,
    2.52901087500004
  ],
  "prusti-tests/tests/verify/pass/rosetta/Heapsort.rs": [
    13.74774189200025,
    13.50019379000014,
    13.112677513999643,
    12.657247602000098,
    13.208075608999934,
    13.369385433999923,
    13.586792767000134,
    12.804353399999854,
    12.828120356999989,
    13.525710797000102
  ]
}