{
  "prusti-tests/tests/verify/pass/rosetta/Knuth_shuffle.rs": [
    2.291838018999897,
    2.0959560950000196,
    1.9543195319999995,
    1.9292271599999822,
    1.9422179489999962,
    1.9220158850000644,
    1.9127767449999737,
    1.9324964709999222,
    1.874112754999942,
    1.8648747669999466
  ],
  "prusti-tests/tests/verify/pass/demos/account.rs": [
    1.767917142999977,
    1.7627728069999193,
    1.7275293650000094,
    1.7381571389998953,
    1.7334956380000222,
    1.733119661000046,
    1.7177613559999827,
    1.7221083849999559,
    1.7181012579999333,
    1.7224206119999508
  ],
  "prusti-tests/tests/verify/pass/rosetta/Knights_tour.rs": [
    104.36898114099995,
    103.18111730600003,
    103.07872061900002,
    102.61208148800006,
    104.31704795999985,
    102.03003385399984,
    101.50187136400018,
    102.24155771799997,
    102.61618772299971,
    105.69402829599994
  ],
  "prusti-tests/tests/verify/pass/quick/fold-unfold.rs": [
    1.1724919489997774,
    1.1557015990001673,
    1.1692537879998781,
    1.16803968000022,
    1.15825811600007,
    1.1550478939998357,
    1.1679749129998527,
    1.168922527000177,
    1.1689981269996679,
    1.1732834580002418
  ],
  "prusti-tests/tests/verify/pass/quick/moves.rs": [
    1.408529912999711,
    1.4168315720003193,
    1.4142843539998466,
    1.4073575319998781,
    1.415826412000115,
    1.4135317959999156,
    1.4130377920000683,
    1.4081977579999148,
    1.4165985900003761,
    1.4071669159998237
  ],
  "prusti-tests/tests/verify/pass/quick/mut-borrows.rs": [
    2.7639274759999353,
    2.7642166790001284,
    2.7689502809998885,
    2.7671118550001665,
    2.761006013000042,
    2.7820238999997855,
    2.775463376999596,
    2.76830013100016,
    2.7679187059998185,
    2.7583960550000484
  ],
  "prusti-tests/tests/verify/pass/quick/shared-borrows.rs": [
    1.7527364259999558,
    1.7552828259999842,
    1.7602576510003018,
    1.7489142699996592,
    1.7578055339999992,
    1.7620394649998161,
    1.7478750299997046,
    1.7551460599997881,
    1.7589800869995997,
    1.7482990120001887
  ],
  "prusti-tests/tests/verify/pass/quick/trait-contracts-refinement.rs": [
    1.5788906180000595,
    1.565431522000381,
    1.5582132709996586,
    1.5320533869999053,
    1.5580419699999766,
    1.5323929999999564,
    1.5348855020001793,
    1.523102617999939,
    1.5387550289997307,
    1.5151442619999216
  ],
  "prusti-tests/tests/verify/pass/quick/routes.rs": [
    4.525348666000355,
    4.3295540969998,
    4.218108676000156,
    4.202838259000146,
    4.1785726600001,
    4.1836586340000395,
    4.189841884000089,
    4.166613331999997,
    4.143244105999656,
    4.163747668999804
  ],
  "prusti-tests/tests/verify/pass/quick/fibonacci.rs": [
    5.335695912000119,
    5.302077378999911,
    5.274566270999912,
    5.283323084000131,
    5.347699659000227,
    5.305128182999852,
    5.317173701999764,
    5.303149030999975,
    5.316691223000362,
    5.309092451999732
  ],
  "prusti-tests/tests/verify/pass/pure-fn/len-lookup.rs": [
    3.119664149000073,
    3.141701434999959,
    3.1191750779998983,
    3.1069367299996884,
    3.1145830519999436,
    3.1314198739996755,
    3.099694905999968,
    3.092129053000008,
    3.0815017659997466,
    3.0997328799999195
  ],
  "prusti-tests/tests/verify/pass/pure-fn/quantifiers.rs": [
    1.9080650450000576,
    1.9190837259998261,
    1.8860748060001242,
    1.8833650869996745,
    1.877661646999968,
    1.8819985780000934,
    1.914223425000273,
    1.895652494999922,
    1.8977577089999613,
    1.901336635000007
  ],
  "prusti-tests/tests/verify/pass/pure-fn/recursive-pure-fn.rs": [
    1.700722030000179,
    1.7146036279996224,
    1.710886501999994,
    1.7009142309998424,
    1.6906795569998394,
    1.6913220290002755,
    1.6845805819998532,
    1.694792951999716,
    1.6956583589999354,
    1.6880389150001065
  ],
  "prusti-tests/tests/verify/pass/pure-fn/ref-mut-arg.rs": [
    2.4964830049998454,
    2.4898108580000553,
    2.478975782999896,
    2.4671915040003114,
    2.4797873919997073,
    2.4817880069999774,
    2.4854413780003597,
    2.4761033270001462,
    2.477246335000018,
    2.461640643999999
  ],
  "prusti-tests/tests/verify/pass/rosetta/Ackermann_function.rs": [
    1.7568752900001527,
    1.743496194999807,
    1.731290710000394,
    1.7525810699999056,
    1.7323713830000997,
    1.7207330010000987,
    1.7239642240001558,
    1.7241912250001405,
    1.7292829839998376,
    1.7233961639999507
  ],
  "prusti-tests/tests/verify/pass/rosetta/Heapsort.rs": [
    10.24029243799987,
    10.127809693000017,
    10.09911455099973,
    10.119079333000172,
    10.131698120000237,
    10.132518450000134,
    10.121036771000036,
    10.125702400000137,
    10.141594597000221,
    10.073296924999795
  ]
}