{
  "prusti-tests/tests/verify/pass/rosetta/Knuth_shuffle.rs": [
    2.3265842380000095,
    2.0818796840000005,
    2.0696481119999817,
    1.9907032979999713,
    1.9268714979999686,
    2.004669806000038,
    1.9113925890000019,
    1.9425949299999274,
    2.008678863,
    1.9037304859999722
  ],
  "prusti-tests/tests/verify/pass/demos/account.rs": [
    1.7390975609999941,
    1.7363791220000167,
    1.6621248740000283,
    1.727833507000014,
    1.7310699549999526,
    1.7496117179999828,
    1.6697309889999588,
    1.751694847000067,
    1.6980024869999397,
    1.6685118699999748
  ],
  "prusti-tests/tests/verify/pass/rosetta/Knights_tour.rs": [
    103.43880823500001,
    99.42424512700006,
    97.28496739499997,
    98.46298628400018,
    96.33916497399991,
    98.17987947199981,
    95.79397929399988,
    99.7863272510001,
    97.45484417900002,
    97.92783301100008
  ],
  "prusti-tests/tests/verify/pass/quick/fold-unfold.rs": [
    1.1489303910000217,
    1.1538543619999473,
    1.1341801809999197,
    1.14170148900007,
    1.1447751330001665,
    1.161193406999928,
    1.1001484370001435,
    1.0988152170000376,
    1.144502771000134,
    1.0884554690001096
  ],
  "prusti-tests/tests/verify/pass/quick/moves.rs": [
    1.3620389820000582,
    1.318865570999833,
    1.283700600999964,
    1.341234226000097,
    1.3262049099998876,
    1.3354731429999447,
    1.3345407290000821,
    1.35552339700007,
    1.2944976239998596,
    1.301178026000116
  ],
  "prusti-tests/tests/verify/pass/quick/mut-borrows.rs": [
    2.6599246339999354,
    2.616777340999988,
    2.592501668000068,
    2.702318946999867,
    2.7262478919999467,
    2.638138574999857,
    2.7320090260000143,
    2.6566097259999424,
    2.693235149999964,
    2.711148104000131
  ],
  "prusti-tests/tests/verify/pass/quick/shared-borrows.rs": [
    1.6908918520000498,
    1.6608967599997868,
    1.6644851789999393,
    1.6780389519999517,
    1.7297771099999864,
    1.6528601309998976,
    1.7624617240001044,
    1.748680947999901,
    1.6585035989999142,
    1.7184890749999795
  ],
  "prusti-tests/tests/verify/pass/quick/trait-contracts-refinement.rs": [
    1.4722166470000957,
    1.4346544969998831,
    1.4391576180000811,
    1.4329308339999898,
    1.4520612950000213,
    1.4324960280000596,
    1.5520750690000114,
    1.4781239589999586,
    1.4726894850000463,
    1.4400551379999342
  ],
  "prusti-tests/tests/verify/pass/quick/routes.rs": [
    4.856434578000062,
    4.737224992999927,
    4.8449547740001435,
    4.907125468999993,
    4.658785154000043,
    4.674951276999991,
    4.817036185000006,
    4.799038009000014,
    4.859560365999869,
    4.704904302000159
  ],
  "prusti-tests/tests/verify/pass/quick/fibonacci.rs": [
    5.77460399000006,
    5.926620736999894,
    5.913642887000151,
    6.087348044999999,
    6.273145945999886,
    5.826954777999845,
    5.751375605000021,
    5.729763129000048,
    5.833401816999867,
    5.958900070000027
  ],
  "prusti-tests/tests/verify/pass/pure-fn/len-lookup.rs": [
    3.3709019920001992,
    3.3279178919999595,
    3.4604541329999847,
    3.3524342769999294,
    3.357003878000114,
    3.384260078999887,
    3.3551947700000255,
    3.4232220480000706,
    3.453776560000051,
    3.460583761999942
  ],
  "prusti-tests/tests/verify/pass/pure-fn/quantifiers.rs": [
    2.1517991629998505,
    2.169692914000052,
    2.0667015630001515,
    2.1358268740000312,
    2.17761825999969,
    2.1503854789998513,
    2.189614148000146,
    2.123364482999932,
    2.1903425069999685,
    2.2688609890001317
  ],
  "prusti-tests/tests/verify/pass/pure-fn/recursive-pure-fn.rs": [
    1.9959306410000863,
    2.0916822879999017,
    2.007154208000429,
    1.9378136409995932,
    1.9763540789999752,
    1.9771583890001239,
    2.066538307999963,
    2.055359254999985,
    1.9583658950000427,
    2.0703479620001417
  ],
  "prusti-tests/tests/verify/pass/pure-fn/ref-mut-arg.rs": [
    2.4130251560000033,
    2.423844310000277,
    2.3256748589997187,
    2.5509957130002476,
    2.452588436000042,
    2.3750984630000858,
    2.4889387140001418,
    2.5345675569997184,
    2.3576372379998247,
    2.375757096000143
  ],
  "prusti-tests/tests/verify/pass/rosetta/Ackermann_function.rs": [
    2.23800086700021,
    1.939502082999752,
    1.9357176590001473,
    2.08041696600003,
    1.9847682979998353,
    2.028342520000024,
    2.0649933300001067,
    1.939647738000076,
    2.0888102570002047,
    1.9498381839998729
  ],
  "prusti-tests/tests/verify/pass/rosetta/Heapsort.rs": [
    10.224255942000127,
    10.172448510999857,
    10.078921867999725,
    10.228527120000308,
    10.428670552000312,
    10.347014166999998,
    10.695097702000112,
    10.536325192999811,
    10.380288124000344,
    10.307221463000133
  ]
}