{
  "prusti-tests/tests/verify/pass/rosetta/Knuth_shuffle.rs": [
    2.690326353000046,
    2.4596331070000588,
    2.463219499000047,
    2.296057800000085,
    2.3687941670000328,
    2.202236622999976,
    2.3231903930000044,
    2.4065670960000034,
    2.227759750999894,
    2.2710340370000495
  ],
  "prusti-tests/tests/verify/pass/demos/account.rs": [
    2.0325730399999884,
    2.0782073999999966,
    2.3371111899999732,
    2.219940244999975,
    2.0053267159998995,
    2.086838069999999,
    2.1234726480000745,
    2.058869780000009,
    2.046049577999952,
    2.104455944000051
  ],
  "prusti-tests/tests/verify/pass/rosetta/Knights_tour.rs": [
    110.22577625299994,
    108.04372266099995,
    120.11436712,
    119.37120346400002,
    114.24535792400002,
    111.09573363899995,
    112.73840315300004,
    109.49705164700003,
    109.20653786799994,
    116.5434975149999
  ],
  "prusti-tests/tests/verify/pass/quick/fold-unfold.rs": [
    1.2909208570001738,
    1.3206400940000549,
    1.3489691229999607,
    1.2925038810001297,
    1.3106794110001374,
    1.3864099649999844,
    1.3391648330000407,
    1.409024127000066,
    1.398901232000071,
    1.4282759419998001
  ],
  "prusti-tests/tests/verify/pass/quick/moves.rs": [
    1.6938852339999357,
    1.6894169910001438,
    1.6701480220001486,
    1.7291692699998293,
    1.6943144240001402,
    1.7524013050001486,
    1.6966822550000416,
    1.7409142709998378,
    1.7722813630000473,
    1.7665349070000502
  ],
  "prusti-tests/tests/verify/pass/quick/mut-borrows.rs": [
    3.478395164000176,
    3.418988274999947,
    3.338016727999957,
    3.315076187000159,
    3.362358062999874,
    3.437133086000131,
    3.375480307000089,
    3.3653386349999437,
    3.360076777000131,
    3.3736696430000848
  ],
  "prusti-tests/tests/verify/pass/quick/shared-borrows.rs": [
    2.1620338610000545,
    2.1677088209999056,
    2.21531833500012,
    2.165186715000118,
    2.119772229000091,
    2.1498059769999145,
    2.1290342909999254,
    2.1466358860000128,
    2.1362106649999077,
    2.1248883559999285
  ],
  "prusti-tests/tests/verify/pass/quick/trait-contracts-refinement.rs": [
    1.7893405559998428,
    1.7107957860000624,
    1.7786739539999417,
    1.7933880890000182,
    1.7437621019998915,
    1.720232415000055,
    1.7318814599998404,
    1.7559841719998985,
    1.7708583280000312,
    1.74659220500007
  ],
  "prusti-tests/tests/verify/pass/quick/routes.rs": [
    5.88371155699997,
    5.541190490999725,
    5.4672782220000045,
    5.511421241999869,
    5.371466531999886,
    5.4044230170002265,
    5.527744540000185,
    5.46112746999961,
    5.326916200999676,
    5.298750380000001
  ],
  "prusti-tests/tests/verify/pass/quick/fibonacci.rs": [
    7.00179498999978,
    6.9199648660001,
    6.784453049999684,
    6.76008109400027,
    6.909012308999991,
    6.559375202999945,
    6.328549800000019,
    6.456145635000212,
    6.669622794000134,
    6.421220081000229
  ],
  "prusti-tests/tests/verify/pass/pure-fn/len-lookup.rs": [
    3.618037111000376,
    3.707889461999912,
    3.8642680880002445,
    3.8525438520000534,
    3.8775084439998864,
    3.958658297999591,
    3.9510751049997452,
    3.9755938580001384,
    3.6597308620002877,
    4.10278295199987
  ],
  "prusti-tests/tests/verify/pass/pure-fn/quantifiers.rs": [
    2.5068662329999825,
    2.319928991999859,
    2.4502610059998915,
    2.4428772520000166,
    2.425929774999986,
    2.4972295380002834,
    2.4818094560000645,
    2.216401667000355,
    2.3686208180001813,
    2.2155028950000997
  ],
  "prusti-tests/tests/verify/pass/pure-fn/recursive-pure-fn.rs": [
    1.936042321000059,
    2.0362620109999625,
    1.8996967729999596,
    1.925393774999975,
    1.9837983140000688,
    1.964208728000358,
    1.966004468000392,
    2.0080514460000813,
    1.978025253999931,
    2.0671269389999907
  ],
  "prusti-tests/tests/verify/pass/pure-fn/ref-mut-arg.rs": [
    2.894980232999842,
    2.9751412159998836,
    2.899997376000101,
    2.9091166869998233,
    2.9513298490001034,
    2.9167541370002255,
    2.9866033440002866,
    2.9354794869996113,
    3.0966532200000074,
    3.153448859999571
  ],
  "prusti-tests/tests/verify/pass/rosetta/Ackermann_function.rs": [
    1.9060711809997883,
    1.9000324100002217,
    1.9510647910001353,
    1.8973928750001505,
    1.987874980000015,
    1.9543240550001428,
    1.9592597410000963,
    2.002329357000235,
    2.037575593999918,
    2.0309831790000317
  ],
  "prusti-tests/tests/verify/pass/rosetta/Heapsort.rs": [
    10.653251068999907,
    10.548756179000065,
    10.74016814100014,
    10.750444051000159,
    10.35854741500043,
    10.231971481000073,
    10.234089649999987,
    10.602086409000094,
    10.799026342999696,
    10.52735345300016
  ]
}