{
  "prusti-tests/tests/verify/pass/rosetta/Knuth_shuffle.rs": [
    2.3999063589999423,
    2.0439287419999346,
    1.9484909739999239,
    1.919391103999942,
    1.9390209860000596,
    1.9165153760000067,
    1.9274470670000028,
    1.8733195610000166,
    1.9044767509999474,
    1.8750433769998835
  ],
  "prusti-tests/tests/verify/pass/demos/account.rs": [
    1.7362313950000043,
    1.714391298999999,
    1.7235258850000719,
    1.7085166449999178,
    1.7319091629999548,
    1.7247713090000616,
    1.746238553000012,
    1.7346903420000217,
    1.6918235279999863,
    1.6992668870000216
  ],
  "prusti-tests/tests/verify/pass/rosetta/Knights_tour.rs": [
    100.64551614899983,
    101.97794001600005,
    104.685498865,
    101.04634987500003,
    103.96121385000015,
    99.380467705,
    99.50862318899999,
    103.13545480800008,
    102.01412042900006,
    102.71876279100024
  ],
  "prusti-tests/tests/verify/pass/quick/fold-unfold.rs": [
    1.15769371999977,
    1.152868892999777,
    1.1894852169998558,
    1.1632235810002385,
    1.1715631010001744,
    1.1647172019997925,
    1.145241568000074,
    1.1517489799998657,
    1.1655843439998534,
    1.1768639860001713
  ],
  "prusti-tests/tests/verify/pass/quick/moves.rs": [
    1.4203446729998177,
    1.4369105170003422,
    1.4154289910002262,
    1.4018018410001787,
    1.3938421620000554,
    1.405611023000347,
    1.3950380189999123,
    1.3883001419999346,
    1.4172165659997518,
    1.4001555429999826
  ],
  "prusti-tests/tests/verify/pass/quick/mut-borrows.rs": [
    2.766689561000021,
    2.7964146589997654,
    2.790081780000037,
    2.7741536290000113,
    2.780895075999979,
    2.8051584849999927,
    2.7871922869999253,
    2.754870801999914,
    2.747651625000344,
    2.762870729000042
  ],
  "prusti-tests/tests/verify/pass/quick/shared-borrows.rs": [
    1.7488254210002196,
    1.7471266909997212,
    1.7528867350001747,
    1.7586125769998944,
    1.75500304399975,
    1.7604916340001182,
    1.7569053729998814,
    1.752573479000148,
    1.7468388219999724,
    1.7611122769999383
  ],
  "prusti-tests/tests/verify/pass/quick/trait-contracts-refinement.rs": [
    1.5871600789996592,
    1.5681607749997966,
    1.5642823980001594,
    1.5373421720000806,
    1.5459644669999761,
    1.6091892770000413,
    1.5482706630000393,
    1.5367177000002812,
    1.5428904699997474,
    1.5384977950002394
  ],
  "prusti-tests/tests/verify/pass/quick/routes.rs": [
    4.556698380999933,
    4.329893430000084,
    4.2224102989998755,
    4.2108957479999845,
    4.195322215000033,
    4.255619762000151,
    4.154801468000187,
    4.156053293999776,
    4.139498592000109,
    4.154886126999827
  ],
  "prusti-tests/tests/verify/pass/quick/fibonacci.rs": [
    5.340711146000103,
    5.321721983999851,
    5.373391944000105,
    5.290325240000129,
    5.38231316700012,
    5.283159307000005,
    5.320390639999914,
    5.435903459999736,
    5.346990490999815,
    5.308218312999998
  ],
  "prusti-tests/tests/verify/pass/pure-fn/len-lookup.rs": [
    3.1039126129999204,
    3.0957250880001084,
    3.079552498999874,
    3.0250920880002923,
    3.1562828149999405,
    3.0617493640002067,
    3.0654638640003213,
    3.1079082039996138,
    3.0605694450000556,
    3.0920297309999114
  ],
  "prusti-tests/tests/verify/pass/pure-fn/quantifiers.rs": [
    1.911110047999955,
    1.9079756040000575,
    1.8729833180000242,
    1.8618990439999834,
    1.879446544000075,
    1.912061906999952,
    1.9016704890000256,
    1.8949362230000588,
    1.8937139300001036,
    1.9073439850003524
  ],
  "prusti-tests/tests/verify/pass/pure-fn/recursive-pure-fn.rs": [
    1.7017658810000285,
    1.6861822930000017,
    1.7303183570002147,
    1.6725984489999064,
    1.6891977810000753,
    1.6638514279998162,
    1.6737587839998014,
    1.6790551200001573,
    1.6825658930001737,
    1.6965882869999405
  ],
  "prusti-tests/tests/verify/pass/pure-fn/ref-mut-arg.rs": [
    2.5000339019998137,
    2.465743590999864,
    2.533216690000245,
    2.5317401239999526,
    2.4784437569996953,
    2.4762042789998304,
    2.5353532919998543,
    2.5075888500000474,
    2.4616699620000873,
    2.517233328999737
  ],
  "prusti-tests/tests/verify/pass/rosetta/Ackermann_function.rs": [
    1.753609994999806,
    1.7998667629999545,
    1.7295396360000268,
    1.7379063119997227,
    1.7437361530000999,
    1.7531137779997152,
    1.7373054939998838,
    1.7230432400001519,
    1.734572006000235,
    1.7515392970003631
  ],
  "prusti-tests/tests/verify/pass/rosetta/Heapsort.rs": [
    9.866285098999924,
    9.805544713000018,
    9.703937810999832,
    9.687576413999977,
    9.649052783000116,
    9.67332788099975,
    9.747875807000128,
    9.687339092000002,
    9.694269146999886,
    9.739574457999879
  ]
}