{
  "prusti-tests/tests/verify/pass/rosetta/Knuth_shuffle.rs": [
    2.2038007419999985,
    1.9712344069999972,
    1.9986129540000093,
    1.8850730550000208,
    1.7864411629999495,
    1.8252627770000345,
    1.8573956010000074,
    1.7581487329999845,
    1.7784467969999014,
    1.701944557000047
  ],
  "prusti-tests/tests/verify/pass/demos/account.rs": [
    0.7336216659999764,
    0.7750305749999598,
    0.722297119000018,
    0.7073492929999929,
    0.761379295000097,
    0.7228702390000308,
    0.7421659189999446,
    0.7093140619999758,
    0.6818961970000146,
    0.7051370149999912
  ],
  "prusti-tests/tests/verify/pass/rosetta/Knights_tour.rs": [
    107.30716224199989,
    106.86657553200007,
    107.97874565400002,
    107.41765708000003,
    106.26819238400003,
    110.1092392810001,
    104.44664176900005,
    107.72505688900014,
    107.29117703999987,
    106.8826595070002
  ],
  "prusti-tests/tests/verify/pass/quick/fold-unfold.rs": [
    0.5590294989997346,
    0.49563935600008335,
    0.478676182000072,
    0.4909126960001231,
    0.5435807320000094,
    0.4994008210001084,
    0.47627994799995577,
    0.5035184590001336,
    0.5197956040001372,
    0.5208126389998142
  ],
  "prusti-tests/tests/verify/pass/quick/moves.rs": [
    0.48787763499967696,
    0.4865477909997935,
    0.4875610249996498,
    0.4838947019998159,
    0.5353964270002507,
    0.4998832380001659,
    0.49678193399995507,
    0.4862817820003329,
    0.5071584809998058,
    0.5283518910000566
  ],
  "prusti-tests/tests/verify/pass/quick/mut-borrows.rs": [
    0.8227395289995911,
    0.8436013919999823,
    0.7899096859996462,
    0.8086889179999162,
    0.7226645219998318,
    0.8193230749998293,
    0.7847799129999657,
    0.8962898660001883,
    0.79520966400014,
    0.7847937129999991
  ],
  "prusti-tests/tests/verify/pass/quick/shared-borrows.rs": [
    0.633602516999872,
    0.5786659609998424,
    0.5566094189998694,
    0.5293200020000768,
    0.6618502580004133,
    0.5178566159997899,
    0.5248719520000122,
    0.5780493399997795,
    0.5246794460003912,
    0.550409209999998
  ],
  "prusti-tests/tests/verify/pass/quick/trait-contracts-refinement.rs": [
    0.806633027999851,
    0.8732557689995701,
    0.770152901000074,
    0.7366209620004156,
    0.8403178880002997,
    0.7495664540001599,
    0.7235235839998495,
    0.7852319459998398,
    0.7682025770000109,
    0.8179043390000516
  ],
  "prusti-tests/tests/verify/pass/quick/routes.rs": [
    2.4291714949999914,
    2.180339444999845,
    2.160702155999843,
    2.1110809880001398,
    2.029441132000102,
    2.0049260309997408,
    2.2350072459998955,
    2.036048574999768,
    2.2415418830000817,
    2.005930122999871
  ],
  "prusti-tests/tests/verify/pass/quick/fibonacci.rs": [
    2.141811983000025,
    2.1833707780001532,
    2.1146184859999266,
    1.878757799000141,
    1.9811953899998116,
    1.8291672559998915,
    1.811900575999971,
    1.878603273000408,
    2.045953952000218,
    2.075920387000224
  ],
  "prusti-tests/tests/verify/pass/pure-fn/len-lookup.rs": [
    0.8504758690000926,
    0.8644794369997726,
    0.9915613220000523,
    0.8745053759998882,
    0.9446818420001364,
    0.8734845420003694,
    0.8754849100000683,
    0.8956821899996612,
    0.8646016420002525,
    0.9267322369996691
  ],
  "prusti-tests/tests/verify/pass/pure-fn/quantifiers.rs": [
    0.7819936060000146,
    0.788718536000033,
    0.8189006480001808,
    0.7684758579998743,
    0.7650655439997536,
    0.8285790729996734,
    0.7840877809999256,
    0.783874373999879,
    0.8602580340002532,
    0.746520222000072
  ],
  "prusti-tests/tests/verify/pass/pure-fn/recursive-pure-fn.rs": [
    0.6014241640000364,
    0.5812078429999019,
    0.65496853500008,
    0.6027959719999672,
    0.6024933619996773,
    0.5776404220000586,
    0.6448882949998733,
    0.5876591609999195,
    0.5833337140002186,
    0.5859932050002499
  ],
  "prusti-tests/tests/verify/pass/pure-fn/ref-mut-arg.rs": [
    0.8208500409996304,
    0.7929463989999022,
    0.7621913590000986,
    0.7779802079999172,
    0.8534756199996991,
    0.7591129459997319,
    0.7942919289998827,
    0.8132514670001001,
    0.7866420719997222,
    0.7946542409999893
  ],
  "prusti-tests/tests/verify/pass/rosetta/Ackermann_function.rs": [
    0.9989820170003441,
    0.907316131999778,
    0.8477566490000754,
    0.9772077390002778,
    0.8632675870003368,
    0.8169351199999255,
    1.002252684999803,
    0.9156059560000358,
    0.8249057890002405,
    0.968401440999969
  ],
  "prusti-tests/tests/verify/pass/rosetta/Heapsort.rs": [
    6.3189622889999555,
    6.381658893000349,
    6.15429740899981,
    6.2519921640000575,
    6.070655322999755,
    6.294942904999971,
    6.088233841000147,
    5.880801146999602,
    5.9697577990000354,
    6.370456586000273
  ]
}