{
  "prusti-tests/tests/verify/pass/rosetta/Knuth_shuffle.rs": [
    2.116060731999937,
    1.9449845450000112,
    1.9320942830000831,
    1.871321985999998,
    1.8307925430000296,
    1.8202388089999886,
    1.794947011999966,
    1.7979774030000044,
    1.8893511990000889,
    1.8351202579999608
  ],
  "prusti-tests/tests/verify/pass/demos/account.rs": [
    1.6798826849999386,
    1.6959603330000164,
    1.673228242999926,
    1.6863500609999846,
    1.673475241999995,
    1.6859774370000196,
    1.7072744560000501,
    1.6995615069999985,
    1.686021596000046,
    1.6510092270000314
  ],
  "prusti-tests/tests/verify/pass/rosetta/Knights_tour.rs": [
    101.59916122799996,
    100.865159919,
    97.76801032900005,
    97.74591555400002,
    97.64600567899993,
    98.84836319700003,
    98.79194877600003,
    97.16462737000006,
    98.01727710599994,
    97.822851679
  ],
  "prusti-tests/tests/verify/pass/quick/fold-unfold.rs": [
    1.11858233199996,
    1.1069955059999756,
    1.1155190520000815,
    1.1092827919999309,
    1.1227626050001618,
    1.1186824320000142,
    1.1210638190000282,
    1.1184631809999246,
    1.1214074619999792,
    1.1094277439999587
  ],
  "prusti-tests/tests/verify/pass/quick/moves.rs": [
    1.3445856419998563,
    1.3442874439999741,
    1.353640180999946,
    1.3469318019999719,
    1.3444499199999882,
    1.3577862350000487,
    1.3415026380000654,
    1.3479587970000466,
    1.3386786720000146,
    1.3441987749999953
  ],
  "prusti-tests/tests/verify/pass/quick/mut-borrows.rs": [
    2.6660239909999746,
    2.6733796439998514,
    2.6610123920002025,
    2.6670141770000555,
    2.6701066569999057,
    2.6588531269999294,
    2.685799420999956,
    2.7044219980000435,
    2.714086549000058,
    2.6715317220000543
  ],
  "prusti-tests/tests/verify/pass/quick/shared-borrows.rs": [
    1.6880650030000197,
    1.6957353519999288,
    1.6912178280001626,
    1.7054828660000112,
    1.6829384110001229,
    1.6875136809999276,
    1.7058806640000057,
    1.6890450640000836,
    1.6885071340000195,
    1.6809954820000712
  ],
  "prusti-tests/tests/verify/pass/quick/trait-contracts-refinement.rs": [
    1.4441680779998478,
    1.4283263779998379,
    1.4148154679999152,
    1.4436798320000435,
    1.410441351999907,
    1.410635749999983,
    1.43112221399997,
    1.4201294870001675,
    1.4193117190000066,
    1.4101255860000492
  ],
  "prusti-tests/tests/verify/pass/quick/routes.rs": [
    4.6261092749998625,
    4.372959804999937,
    4.387283125999829,
    4.291655965000018,
    4.441085791999967,
    4.293046198999946,
    4.319692414999963,
    4.272223602000167,
    4.30648903600013,
    4.274888855999961
  ],
  "prusti-tests/tests/verify/pass/quick/fibonacci.rs": [
    5.51054833000012,
    5.5156584660001045,
    5.4623770619998595,
    5.5700966039999,
    5.507549532999974,
    5.516791993999959,
    5.541004362999956,
    5.563462880000088,
    5.480500197000083,
    5.544162398000026
  ],
  "prusti-tests/tests/verify/pass/pure-fn/len-lookup.rs": [
    3.12737532999995,
    3.1225468059999457,
    3.137789109999858,
    3.12162539499991,
    3.0955948900000294,
    3.1318930580000597,
    3.121734237000055,
    3.118790061000027,
    3.1005654959999447,
    3.134545026999831
  ],
  "prusti-tests/tests/verify/pass/pure-fn/quantifiers.rs": [
    1.939408579999963,
    1.9709020850000343,
    1.9658400480000182,
    1.9677020359999915,
    1.9457736760000444,
    1.9492611679997935,
    1.9497926399999415,
    1.9233673060000456,
    1.921910015000094,
    1.9302057620000141
  ],
  "prusti-tests/tests/verify/pass/pure-fn/recursive-pure-fn.rs": [
    1.6963982909999231,
    1.6902570180000112,
    1.7107804869999654,
    1.6988882630000717,
    1.6919689620001463,
    1.7089804760000789,
    1.6968759510000382,
    1.724384181000005,
    1.7125092549999863,
    1.7306290189999345
  ],
  "prusti-tests/tests/verify/pass/pure-fn/ref-mut-arg.rs": [
    2.5647767089999434,
    2.5991412910000236,
    2.541214052999976,
    2.58923202699998,
    2.5475812919999044,
    2.5391392629999245,
    2.6150661369999852,
    2.5475097630001073,
    2.599550334000014,
    2.5517011240001466
  ],
  "prusti-tests/tests/verify/pass/rosetta/Ackermann_function.rs": [
    1.698506332999841,
    1.7020758099997693,
    1.6931452670000908,
    1.7142457850000028,
    1.7291130559997328,
    1.7308427449997907,
    1.722588395999992,
    1.7196086670001023,
    1.7019986180002888,
    1.7112035600002855
  ],
  "prusti-tests/tests/verify/pass/rosetta/Heapsort.rs": [
    9.016229278000083,
    8.931471531999705,
    8.797010123999826,
    8.826215302000037,
    8.904980274000081,
    9.003058540999973,
    8.940352936000181,
    8.993218806999721,
    9.153234637999958,
    8.79124150000007
  ]
}