{
  "prusti-tests/tests/verify/pass/rosetta/Knuth_shuffle.rs": [
    3.3720006209999838,
    0.4073263579999775,
    0.42575913799998943,
    0.3977858190000916,
    0.39340394800001377,
    0.3843349070000386,
    0.3901220689999718,
    0.3892551750000166,
    0.39635792899991884,
    0.4103427389999297
  ],
  "prusti-tests/tests/verify/pass/demos/account.rs": [
    2.6798863159999655,
    0.14134418300000107,
    0.14257167599998866,
    0.14048278899997513,
    0.13995439199993598,
    0.1384801009999137,
    0.13606661699998313,
    0.13993339299997842,
    0.13799520700001722,
    0.1435028710000097
  ],
  "prusti-tests/tests/verify/pass/rosetta/Knights_tour.rs": [
    124.95984049799995,
    2.9179215990000102,
    2.8633514489999925,
    2.8606731490001494,
    2.845065059000035,
    2.840743812000028,
    2.8611489950001214,
    2.8476911179998297,
    2.8499476970000615,
    2.8966564410000046
  ],
  "prusti-tests/tests/verify/pass/quick/fold-unfold.rs": [
    1.4459531659999811,
    0.10727423200000885,
    0.11227493000001232,
    0.11192212999981166,
    0.1163436259998889,
    0.11068003100012902,
    0.10993843100004597,
    0.11567682700001569,
    0.10963203100004648,
    0.11324312900001132
  ],
  "prusti-tests/tests/verify/pass/quick/moves.rs": [
    1.6384103720001804,
    0.1053796329999841,
    0.10886293200019281,
    0.1030677349999678,
    0.10709503299995049,
    0.10060973700001341,
    0.10356323500013787,
    0.10296223499994994,
    0.10230823599999894,
    0.11063603000002331
  ],
  "prusti-tests/tests/verify/pass/quick/mut-borrows.rs": [
    3.2905028350000975,
    0.17307729200001631,
    0.1678145939999922,
    0.180543286999864,
    0.17313859099999718,
    0.16929833700010022,
    0.17313520600009724,
    0.17171530499990695,
    0.17390700599980846,
    0.16790710600002967
  ],
  "prusti-tests/tests/verify/pass/quick/shared-borrows.rs": [
    2.046232766000003,
    0.10354850299995633,
    0.09994840299987118,
    0.09812500399993951,
    0.10063660299988442,
    0.09504450299982636,
    0.09749550300011833,
    0.09979970299991692,
    0.10481240399985836,
    0.10200690300007409
  ],
  "prusti-tests/tests/verify/pass/quick/trait-contracts-refinement.rs": [
    1.9964538650001487,
    0.15311360500004412,
    0.15259070399997654,
    0.1480171050000081,
    0.15247280500011584,
    0.15254550499980724,
    0.15283070500004214,
    0.15085560500006068,
    0.1483919050001532,
    0.1525972049998927
  ],
  "prusti-tests/tests/verify/pass/quick/routes.rs": [
    6.239044067000123,
    0.37180970200006414,
    0.38297240299993973,
    0.3842645029999403,
    0.3998626019999847,
    0.3716439029999492,
    0.3759399019998,
    0.3833183030001237,
    0.37844656800007215,
    0.38346966299991436
  ],
  "prusti-tests/tests/verify/pass/quick/fibonacci.rs": [
    0.41982875999997304,
    0.40334286000006614,
    0.40573916099992857,
    0.39900866099992527,
    0.41690295999978844,
    0.41268545999992057,
    0.4168726590000915,
    0.4184673600000224,
    0.4106129599999804,
    0.41257616000007147
  ],
  "prusti-tests/tests/verify/pass/pure-fn/len-lookup.rs": [
    4.187483603000146,
    0.23866516900011447,
    0.2368657740000799,
    0.23283548600011272,
    0.25512801800005036,
    0.23753457199995864,
    0.22802050199993573,
    0.24841093899999578,
    0.27728434999994533,
    0.23621277600000212
  ],
  "prusti-tests/tests/verify/pass/pure-fn/quantifiers.rs": [
    2.539636153000174,
    0.20693279700003586,
    0.20870149699999274,
    0.2083137969998461,
    0.20602029800011223,
    0.20334229900004175,
    0.21913519200006704,
    0.2094158959998822,
    0.20713779800007615,
    0.20881489700013844
  ],
  "prusti-tests/tests/verify/pass/pure-fn/recursive-pure-fn.rs": [
    2.1913026830000035,
    0.1584915280000132,
    0.16258172499988177,
    0.15581602900010694,
    0.15700082800003656,
    0.1637571249998473,
    0.16767262400003347,
    0.1685473230002117,
    0.15831842700004017,
    0.1705529219998425
  ],
  "prusti-tests/tests/verify/pass/pure-fn/ref-mut-arg.rs": [
    3.398652846999994,
    0.20512540600020657,
    0.20126530800007458,
    0.19736461000002237,
    0.21173920299997917,
    0.21762760000001435,
    0.21602180199988652,
    0.20909253300010278,
    0.20977096399997208,
    0.20741276300009304
  ],
  "prusti-tests/tests/verify/pass/rosetta/Ackermann_function.rs": [
    2.1838076189999356,
    0.25982745400006024,
    0.25379445599992323,
    0.2490260560000479,
    0.2465375569997832,
    0.26783515299985083,
    0.2624596539999402,
    0.25283175599997776,
    0.2507070560000102,
    0.25913235500001974
  ],
  "prusti-tests/tests/verify/pass/rosetta/Heapsort.rs": [
    14.095931904999816,
    1.1895816409999043,
    1.1818418420000398,
    1.1939504410001973,
    1.162364744999877,
    1.2140561910000542,
    1.1721217890001299,
    1.1955200849999983,
    1.1657134899999164,
    1.1914521850001165
  ]
}