{
  "prusti-tests/tests/verify/pass/rosetta/Knuth_shuffle.rs": [
    2.4737262720000217,
    2.193895796999982,
    2.1842736260000493,
    2.0910318809999353,
    2.0436182869999584,
    1.9493694709999545,
    2.06719255400003,
    1.9103713880000441,
    2.010708761999922,
    2.1099261809999916
  ],
  "prusti-tests/tests/verify/pass/demos/account.rs": [
    0.8423715720000473,
    1.0297629400000687,
    0.807028038999988,
    0.8968149249999442,
    0.8010556140000062,
    0.9275836860000481,
    0.8553120940000554,
    0.8072699219999322,
    0.7984732879999683,
    0.9123790229999713
  ],
  "prusti-tests/tests/verify/pass/rosetta/Knights_tour.rs": [
    162.47272864800004,
    127.75064577500007,
    118.36673595799994,
    122.26115900499985,
    111.69576044099995,
    105.35157200799995,
    108.30628889400009,
    118.31407354899989,
    114.24518366000007,
    113.74856187099999
  ],
  "prusti-tests/tests/verify/pass/quick/fold-unfold.rs": [
    0.6685211280000658,
    0.6028560479999214,
    0.6135338349999984,
    0.5975094549999085,
    0.5842984760001855,
    0.6086024100000031,
    0.6029091529999278,
    0.6016395760002524,
    0.5945829060001415,
    0.5853299529999276
  ],
  "prusti-tests/tests/verify/pass/quick/moves.rs": [
    0.574051421999684,
    0.5881370600000082,
    0.6336797990002196,
    0.6111153370002285,
    0.5931523519998336,
    0.5591196520003905,
    0.5754188740002064,
    0.5563607469998715,
    0.6025592109999707,
    0.5514174569998431
  ],
  "prusti-tests/tests/verify/pass/quick/mut-borrows.rs": [
    1.0039658279997639,
    0.9481408929996178,
    0.8600023280000642,
    0.8525873460002913,
    0.897191747999841,
    0.9316060619999007,
    0.8255078119996142,
    0.8912038190001113,
    0.8664071730004252,
    0.8627246129999548
  ],
  "prusti-tests/tests/verify/pass/quick/shared-borrows.rs": [
    0.5957539240002916,
    0.6680519810001897,
    0.7507175350001489,
    0.6218609190000279,
    0.6873988199999985,
    0.6114424219999819,
    0.6179218689999288,
    0.6275441369998589,
    0.70862722999982,
    0.6447143909999795
  ],
  "prusti-tests/tests/verify/pass/quick/trait-contracts-refinement.rs": [
    0.9465289099998699,
    1.0558618149998438,
    0.9876768119997905,
    0.9046795429999293,
    0.8608968710000227,
    0.910852879000231,
    0.9640487100000428,
    0.9116085069999826,
    0.873951568999928,
    0.8981427290000283
  ],
  "prusti-tests/tests/verify/pass/quick/routes.rs": [
    2.728873849000138,
    2.5958626880001248,
    2.5288261129999228,
    2.519140519999837,
    2.2919254240000555,
    2.3383280990001367,
    2.343572537,
    2.346639537000101,
    2.333061916999668,
    2.211194181999872
  ],
  "prusti-tests/tests/verify/pass/quick/fibonacci.rs": [
    2.2731457220002085,
    2.3404176069998357,
    2.4608688329999495,
    2.396226367000054,
    1.9846274199999243,
    2.3435784769999373,
    2.216155259000061,
    2.3823494039997968,
    2.4983035489999565,
    2.5225948789998256
  ],
  "prusti-tests/tests/verify/pass/pure-fn/len-lookup.rs": [
    0.9889681210001982,
    1.006052997000097,
    1.143660440000076,
    0.9994937380001829,
    1.032128628999999,
    1.0983308479999323,
    1.0064998150000974,
    1.022702042000219,
    1.0754497699999774,
    1.0172253410000849
  ],
  "prusti-tests/tests/verify/pass/pure-fn/quantifiers.rs": [
    0.850205348000145,
    0.867664715999581,
    0.94133343600015,
    0.8501934470000378,
    0.8530818569997791,
    0.9337156440001309,
    0.8316898469997795,
    0.8747777020003014,
    0.8490945170001396,
    0.9277712309999515
  ],
  "prusti-tests/tests/verify/pass/pure-fn/recursive-pure-fn.rs": [
    0.6572433699998328,
    0.6685833040000944,
    0.6880981519998386,
    0.6309877650000999,
    0.7105153100001189,
    0.6616300380001121,
    0.6465459609999016,
    0.6631275079998886,
    0.6477503200003412,
    0.6550329999995483
  ],
  "prusti-tests/tests/verify/pass/pure-fn/ref-mut-arg.rs": [
    0.9314429910000399,
    0.8712768860000324,
    0.8625640519999251,
    0.852319659999921,
    0.9681981990001987,
    0.8870833910000329,
    0.8383601150003415,
    0.960527096000078,
    0.8386017380003068,
    0.8663401969997722
  ],
  "prusti-tests/tests/verify/pass/rosetta/Ackermann_function.rs": [
    0.956141228999968,
    1.0782753939997747,
    0.9461795480001456,
    0.9271564210002907,
    0.9193764239998927,
    1.0965115349999905,
    0.9877416989997982,
    0.9782940349996352,
    0.9294961529999455,
    1.0298802239999532
  ],
  "prusti-tests/tests/verify/pass/rosetta/Heapsort.rs": [
    7.387526074999641,
    7.049590831999922,
    6.647438070000135,
    7.18615349699985,
    6.805828704000305,
    6.564635086999715,
    7.0352626769999915,
    6.4679570470002545,
    6.580367665000267,
    6.949024094999913
  ]
}