{
  "prusti-tests/tests/verify/pass/rosetta/Knuth_shuffle.rs": [
    2.3072977150000042,
    2.0182572510000227,
    2.0163702139999486,
    1.9749729059999481,
    1.9574801649999927,
    1.9653985129999683,
    1.98871786899997,
    1.9004288469999437,
    1.961426232000008,
    1.9317841569999246
  ],
  "prusti-tests/tests/verify/pass/demos/account.rs": [
    1.7956938099999888,
    1.8104441980000274,
    1.8023982409999917,
    1.8057982130000028,
    1.7891319180000664,
    1.8078580729999203,
    1.7674845080000523,
    1.8053099180000345,
    1.7623429490000717,
    1.7730653969999821
  ],
  "prusti-tests/tests/verify/pass/rosetta/Knights_tour.rs": [
    104.48114682800008,
    104.19635048800001,
    103.51804046899997,
    105.16803302499989,
    104.63849667299996,
    106.30741745200021,
    104.92868847,
    106.00141064900004,
    102.94209751899984,
    101.76186776600002
  ],
  "prusti-tests/tests/verify/pass/quick/fold-unfold.rs": [
    1.1954282249998869,
    1.1763785369998914,
    1.1815515630000846,
    1.1898428230001628,
    1.177991595000094,
    1.1743781249997483,
    1.166370870999799,
    1.175715751000098,
    1.1884218350000992,
    1.1942250369997964
  ],
  "prusti-tests/tests/verify/pass/quick/moves.rs": [
    1.430801061999773,
    1.429961146000096,
    1.4354756520001501,
    1.4420828829997845,
    1.451113001000067,
    1.4284394650003378,
    1.4582409380000172,
    1.435270796000168,
    1.431973033000304,
    1.457624786999986
  ],
  "prusti-tests/tests/verify/pass/quick/mut-borrows.rs": [
    2.8096505630001047,
    2.8304774630000793,
    2.8039245879999726,
    2.7941230510000423,
    2.7962489920000735,
    2.8129335640001045,
    2.7971228209999026,
    2.793590652000148,
    2.8087938590001613,
    2.797954102999938
  ],
  "prusti-tests/tests/verify/pass/quick/shared-borrows.rs": [
    1.7834512949998498,
    1.7786088050002036,
    1.7873477920002188,
    1.7737203300002875,
    1.7776234049997583,
    1.7812220740001976,
    1.7745165520000228,
    1.7744889549999243,
    1.780488971000068,
    1.7867604920002123
  ],
  "prusti-tests/tests/verify/pass/quick/trait-contracts-refinement.rs": [
    1.6043390800000452,
    1.5633446850001746,
    1.5641143010002452,
    1.5472640760003742,
    1.5550514259998636,
    1.5522840739999992,
    1.5484682290002638,
    1.559493054000086,
    1.5703103629998623,
    1.5508322870000484
  ],
  "prusti-tests/tests/verify/pass/quick/routes.rs": [
    4.717856829999619,
    4.4452280040000005,
    4.290950436999992,
    4.264493587000288,
    4.24871155899973,
    4.231897049000054,
    4.208847870000227,
    4.1887724940002045,
    4.198010791999877,
    4.165497824999875
  ],
  "prusti-tests/tests/verify/pass/quick/fibonacci.rs": [
    5.6487697389998175,
    5.613457950999873,
    5.597003982999922,
    5.6214077059999,
    5.658679694000057,
    5.57288724,
    5.616316738000023,
    5.581781811999917,
    5.590920541000287,
    5.569061877999957
  ],
  "prusti-tests/tests/verify/pass/pure-fn/len-lookup.rs": [
    3.1846011359998556,
    3.215192126999682,
    3.1904127640000297,
    3.191856194999673,
    3.198205476000112,
    3.2095289330000014,
    3.199628040999869,
    3.193903257999864,
    3.197446307000064,
    3.1883875120001903
  ],
  "prusti-tests/tests/verify/pass/pure-fn/quantifiers.rs": [
    1.9419464949996836,
    1.9420343969995884,
    1.9385397299997749,
    1.9467782700003227,
    1.9326060609996603,
    1.932323955999891,
    1.9403613099998438,
    1.9268197470000814,
    1.9377501489998394,
    1.9679748319999817
  ],
  "prusti-tests/tests/verify/pass/pure-fn/recursive-pure-fn.rs": [
    1.7118910959998175,
    1.7428579930001433,
    1.738156318000165,
    1.722823223999967,
    1.7214204970000537,
    1.715086975000304,
    1.7142816660002609,
    1.7235477670001274,
    1.734115770000244,
    1.7207477119995929
  ],
  "prusti-tests/tests/verify/pass/pure-fn/ref-mut-arg.rs": [
    2.553047176000291,
    2.529053013000066,
    2.5474662689998695,
    2.532540481000069,
    2.5505833299998812,
    2.5370223810000425,
    2.5373465880002186,
    2.528019315000165,
    2.53843568100001,
    2.5515275329998985
  ],
  "prusti-tests/tests/verify/pass/rosetta/Ackermann_function.rs": [
    1.764741237999715,
    1.745615146000091,
    1.7475120829999469,
    1.755320933999883,
    1.7308503609997388,
    1.7470117839998238,
    1.7343914429998222,
    1.7801776260002953,
    1.7388877299999876,
    1.7463694729999588
  ],
  "prusti-tests/tests/verify/pass/rosetta/Heapsort.rs": [
    10.393504606000079,
    10.366649083000084,
    10.300790834000054,
    10.322373950999918,
    10.286661525,
    10.35272385099961,
    10.288534340999831,
    10.308003247000215,
    10.305458989999806,
    10.28722116200015
  ]
}