{
  "prusti-tests/tests/verify/pass/rosetta/Knuth_shuffle.rs": [
    2.1514684639998904,
    1.949881737999931,
    1.8766969809998955,
    1.8672519750000447,
    1.9822984339998584,
    1.879630071000065,
    1.8371332940000684,
    1.8223505390001264,
    1.8461803060001785,
    1.8159612619999734
  ],
  "prusti-tests/tests/verify/pass/demos/account.rs": [
    1.6776727399999345,
    1.7023839940000016,
    1.6597497200000362,
    1.6675172420000308,
    1.6695113050000145,
    1.6734193299998879,
    1.665325909999865,
    1.6841469229998438,
    1.6591440709999006,
    1.6640972650000094
  ],
  "prusti-tests/tests/verify/pass/rosetta/Knights_tour.rs": [
    98.99134962300013,
    97.30535096599988,
    100.42166680800005,
    98.52316200399991,
    97.77714404700009,
    98.75108982300003,
    98.57756408299997,
    98.86001912799998,
    97.4626305820002,
    97.27725052100004
  ],
  "prusti-tests/tests/verify/pass/quick/fold-unfold.rs": [
    1.1352646790001018,
    1.1198830319999615,
    1.1271562599999925,
    1.1276629549997779,
    1.1340570920001483,
    1.1310597209999287,
    1.1193348369997693,
    1.1204428980004195,
    1.154682560999845,
    1.1258508440000696
  ],
  "prusti-tests/tests/verify/pass/quick/moves.rs": [
    1.376501183000073,
    1.3802406469999369,
    1.3576839679999466,
    1.364037880000069,
    1.362323682999886,
    1.3560552449998795,
    1.3559857449999981,
    1.3663083429996732,
    1.3702618040001653,
    1.3658191489998899
  ],
  "prusti-tests/tests/verify/pass/quick/mut-borrows.rs": [
    2.6932536770000297,
    2.677158036000037,
    2.675020762999793,
    2.681271211999956,
    2.6781356430001324,
    2.6793492550000337,
    2.6717467019998367,
    2.6794559240001945,
    2.6852247229999193,
    2.6737625230002777
  ],
  "prusti-tests/tests/verify/pass/quick/shared-borrows.rs": [
    1.6914319130000877,
    1.7036099930001,
    1.7009308289998444,
    1.6951333960000738,
    1.6979707669997879,
    1.6914912310003274,
    1.6978164689999176,
    1.711850830000003,
    1.702145924999968,
    1.69694177700012
  ],
  "prusti-tests/tests/verify/pass/quick/trait-contracts-refinement.rs": [
    1.545199872000012,
    1.4923727930004134,
    1.4980755710002995,
    1.5048888950000219,
    1.4978659640000842,
    1.5018769240000438,
    1.4879719619998468,
    1.5033512059999339,
    1.495522381000228,
    1.4997202399999878
  ],
  "prusti-tests/tests/verify/pass/quick/routes.rs": [
    4.434611358999973,
    4.174991118999969,
    4.074062821000098,
    4.057997394000267,
    4.022697752000113,
    4.024388390999775,
    4.015586685000017,
    3.9986810960003822,
    4.016988715000025,
    4.02752621100035
  ],
  "prusti-tests/tests/verify/pass/quick/fibonacci.rs": [
    5.10583008399999,
    5.126740226000038,
    5.085144729000149,
    5.093928698000127,
    5.12995392699986,
    5.115906686000017,
    5.092055119000179,
    5.1069611120001355,
    5.103143612999702,
    5.093665674000022
  ],
  "prusti-tests/tests/verify/pass/pure-fn/len-lookup.rs": [
    2.9536599099997147,
    2.975870053000108,
    2.984951504000037,
    2.982019331000174,
    2.9673588739997285,
    2.9644618620000074,
    2.9576579049999054,
    2.978257106000001,
    2.9579601109999203,
    2.961341423000249
  ],
  "prusti-tests/tests/verify/pass/pure-fn/quantifiers.rs": [
    1.8238463140000931,
    1.8208595240002978,
    1.807254562000253,
    1.8047861320001175,
    1.8060623589999523,
    1.8130089360001875,
    1.8182050400000662,
    1.815529367000181,
    1.8203109179999046,
    1.8147426760001508
  ],
  "prusti-tests/tests/verify/pass/pure-fn/recursive-pure-fn.rs": [
    1.6290732150000622,
    1.6322647110000617,
    1.6264085689999774,
    1.6311230229998728,
    1.6287105459996383,
    1.6151326979997975,
    1.626455094999983,
    1.6195808620000207,
    1.6407140559999789,
    1.6333242270002302
  ],
  "prusti-tests/tests/verify/pass/pure-fn/ref-mut-arg.rs": [
    2.403096596999603,
    2.3846319189997303,
    2.3945560000001933,
    2.392112282999733,
    2.4036830589998317,
    2.3883983979999357,
    2.4058117810000113,
    2.4017293429997153,
    2.391443330999664,
    2.3958244929999637
  ],
  "prusti-tests/tests/verify/pass/rosetta/Ackermann_function.rs": [
    1.6875590479999119,
    1.6718257539996557,
    1.6676478879999195,
    1.6724535490002381,
    1.679183693000141,
    1.6794924649998393,
    1.675474891000249,
    1.676618981000047,
    1.687719986999582,
    1.6741764390003482
  ],
  "prusti-tests/tests/verify/pass/rosetta/Heapsort.rs": [
    9.598862654000186,
    9.53694844499978,
    9.494787911999993,
    9.485344914000052,
    9.462864440999965,
    9.465752348000024,
    9.463979004000066,
    9.445087207000142,
    9.49157644900015,
    9.398274534999928
  ]
}