{
  "prusti-tests/tests/verify/pass/rosetta/Knuth_shuffle.rs": [
    1.8767278909999732,
    1.680741119000004,
    1.5765591450001466,
    1.7240772059999472,
    1.64578749899988,
    1.6705945609999162,
    1.5314423589998114,
    1.5890778350001256,
    1.5442719459999807,
    1.590868048999937
  ],
  "prusti-tests/tests/verify/pass/demos/account.rs": [
    0.7780725630000234,
    0.7687289020000208,
    0.7644344750001437,
    0.7560258200001044,
    0.8786318180000308,
    0.7790211710000676,
    0.7325208689999272,
    0.7489999760000501,
    0.747272164999913,
    0.7426150349999716
  ]
}