{
  "prusti-tests/tests/verify/pass/rosetta/Knuth_shuffle.rs": [
    2.361489800999834,
    2.197489062999921,
    2.1227172139999766,
    2.130082254999934,
    2.1435404769999877,
    2.1410736370000905,
    2.1162011709998296,
    2.102348025000083,
    2.0632419159999245,
    2.095190412999955
  ],
  "prusti-tests/tests/verify/pass/demos/account.rs": [
    1.8406334129999777,
    1.8301527500000248,
    1.8200136899999961,
    1.8238337500001762,
    1.8114117109998915,
    1.8210487779999767,
    1.8655109830001493,
    1.8564788390001468,
    1.8062554430000546,
    1.8026582620000227
  ],
  "prusti-tests/tests/verify/pass/rosetta/Knights_tour.rs": [
    106.44492654700002,
    105.35196564699982,
    101.95680247400014,
    102.15861134299985,
    104.83084824100001,
    102.93209824299993,
    100.87421851199997,
    100.52346175699995,
    100.85610421000001,
    101.75337615600029
  ],
  "prusti-tests/tests/verify/pass/quick/fold-unfold.rs": [
    1.1938849630000732,
    1.1966113070002393,
    1.19339505500011,
    1.19001914699993,
    1.1913678529999743,
    1.1910743480002566,
    1.1910955489997832,
    1.1947702059997027,
    1.198096957999951,
    1.197678951999933
  ],
  "prusti-tests/tests/verify/pass/quick/moves.rs": [
    1.4439856939998208,
    1.4574375059996783,
    1.4444110019999243,
    1.4428031759998703,
    1.4437513910002053,
    1.456664001000263,
    1.4574652189999142,
    1.453685354999834,
    1.4508124080002744,
    1.449142380000012
  ],
  "prusti-tests/tests/verify/pass/quick/mut-borrows.rs": [
    2.8612157299999126,
    2.8720256950000476,
    2.8587008889999197,
    2.876197762999709,
    2.8552108149997366,
    2.8598318819999804,
    2.8535378840001613,
    2.8573729179997827,
    2.8834930210000493,
    2.8548517829999582
  ],
  "prusti-tests/tests/verify/pass/quick/shared-borrows.rs": [
    1.812916530000166,
    1.8074036449997948,
    1.8131113639997238,
    1.8070515170002182,
    1.8188437979997616,
    1.7981220810002014,
    1.8014162310000756,
    1.819727208999666,
    1.8128392170001462,
    1.8236407829999735
  ],
  "prusti-tests/tests/verify/pass/quick/trait-contracts-refinement.rs": [
    1.7018293130004167,
    1.5940999860004013,
    1.6151731639997706,
    1.589149464000002,
    1.5819232520002515,
    1.584646494000026,
    1.5803600369999913,
    1.5976171269999213,
    1.587334768999881,
    1.5878484770000796
  ],
  "prusti-tests/tests/verify/pass/quick/routes.rs": [
    4.936520821000158,
    4.668885524999951,
    4.577903032999984,
    4.59691369400025,
    4.566295271999934,
    4.484562568000001,
    4.514317115000267,
    4.500986732000001,
    4.4976393639999515,
    4.485342840999692
  ],
  "prusti-tests/tests/verify/pass/quick/fibonacci.rs": [
    6.137083344000075,
    5.982441551000193,
    5.90825869199989,
    5.923205774000053,
    5.919919676000063,
    5.9143653430000995,
    5.927384428000096,
    5.896275666000292,
    5.887749607999922,
    5.9082106989999374
  ],
  "prusti-tests/tests/verify/pass/pure-fn/len-lookup.rs": [
    3.3612708480000038,
    3.3492934500000047,
    3.352504623999721,
    3.3327319269997133,
    3.347337452999909,
    3.354793596000036,
    3.335025493000103,
    3.3394658459997117,
    3.3506392740000592,
    3.343045955999969
  ],
  "prusti-tests/tests/verify/pass/pure-fn/quantifiers.rs": [
    2.042239215000336,
    2.0466597710001224,
    2.0380031249997046,
    2.0274845499998264,
    2.0564215650001643,
    2.020031306999954,
    2.0299805409999863,
    2.0278301909997936,
    2.0379298289999497,
    2.0381405519997315
  ],
  "prusti-tests/tests/verify/pass/pure-fn/recursive-pure-fn.rs": [
    1.7924312479999571,
    1.7869004529998165,
    1.7988701090002905,
    1.7859928410002794,
    1.781884264999917,
    1.7802824360001068,
    1.7893856710002183,
    1.7878177809998306,
    1.7795220289999634,
    1.7864858560001267
  ],
  "prusti-tests/tests/verify/pass/pure-fn/ref-mut-arg.rs": [
    2.661877280000226,
    2.653847829999904,
    2.6420106999999007,
    2.636875076999786,
    2.6222647380000126,
    2.6532059740002296,
    2.6429048790000707,
    2.652704913999969,
    2.6445120600001246,
    2.6531558159999804
  ],
  "prusti-tests/tests/verify/pass/rosetta/Ackermann_function.rs": [
    1.7800850019998506,
    1.7783072740003263,
    1.748032392999903,
    1.7722437769998578,
    1.7613329430000704,
    1.7654210050000074,
    1.7659176140000454,
    1.7625610459999734,
    1.7757697550000557,
    1.7605968910002048
  ],
  "prusti-tests/tests/verify/pass/rosetta/Heapsort.rs": [
    11.2746483359997,
    11.14972628500027,
    11.153393993000009,
    11.101084713000091,
    11.181680887999846,
    11.171509807999882,
    11.178935905999879,
    11.161287208999966,
    11.114475114000015,
    11.095698312999957
  ]
}