{
  "prusti-tests/tests/verify/pass/rosetta/Knuth_shuffle.rs": [
    2.2858382809999966,
    1.9314394699999866,
    1.8847282650000352,
    1.8116836489999741,
    2.1825597060000064,
    1.790830546000052,
    1.7564088940000602,
    1.7957332540000834,
    1.7414827200000218,
    1.8430029389999163
  ],
  "prusti-tests/tests/verify/pass/demos/account.rs": [
    0.8617430159999913,
    0.8361750080000547,
    0.8464800499999683,
    0.8359570039999653,
    0.8259115600000086,
    0.955753202999972,
    0.8499789580000652,
    0.82409614900007,
    0.835093393999955,
    0.8264429560000508
  ]
}