{
  "prusti-tests/tests/verify/pass/rosetta/Knuth_shuffle.rs": [
    2.3297709739999846,
    2.241598497000041,
    2.2077703039999506,
    2.3038306759999614,
    2.101512947999936,
    2.056133650999982,
    2.075634148000063,
    2.1811530690001746,
    2.045476785000119,
    2.0641788240000096
  ],
  "prusti-tests/tests/verify/pass/demos/account.rs": [
    1.7967295599999034,
    1.8822966390000602,
    1.8261055220000344,
    1.861987997000142,
    1.79193744600002,
    1.8384321429998636,
    1.9835551460000715,
    1.9286440309999762,
    1.8092809110000871,
    1.7679510820000814
  ],
  "prusti-tests/tests/verify/pass/rosetta/Knights_tour.rs": [
    113.88969288399994,
    117.34310392499992,
    120.54111870400016,
    110.659368825,
    110.2403904329999,
    109.53502713199987,
    113.89901257099996,
    109.50441327600015,
    112.06723650699996,
    107.96320200800028
  ],
  "prusti-tests/tests/verify/pass/quick/fold-unfold.rs": [
    1.318002104000243,
    1.274284912999974,
    1.2750375140003598,
    1.3306670320002922,
    1.357381988999805,
    1.2280248140000367,
    1.332343235999815,
    1.2680833989998064,
    1.28975934600021,
    1.2199294970000665
  ],
  "prusti-tests/tests/verify/pass/quick/moves.rs": [
    1.5306331580000005,
    1.5292054550000103,
    1.5139545229999385,
    1.582318168999791,
    1.61666384199998,
    1.6057012189999114,
    1.5950270959997397,
    1.5855314770001314,
    1.5903092869998545,
    1.5660035349997088
  ],
  "prusti-tests/tests/verify/pass/quick/mut-borrows.rs": [
    3.1067808159996275,
    3.1129466299998967,
    3.0345137630001773,
    3.069306036999933,
    3.1246363559998827,
    3.099942603999807,
    3.115370236999752,
    3.1218003499998304,
    3.0789619590000257,
    3.2323304839997036
  ],
  "prusti-tests/tests/verify/pass/quick/shared-borrows.rs": [
    1.9246089990001565,
    1.9171934830001192,
    1.9699754949997441,
    1.9537781590001941,
    1.931935611999961,
    1.9752158040000722,
    1.9325013130001025,
    2.035878629999843,
    1.923821192000105,
    1.922963989999971
  ],
  "prusti-tests/tests/verify/pass/quick/trait-contracts-refinement.rs": [
    1.7608740450000369,
    1.7719312620001801,
    1.7595835360002638,
    1.853314235000198,
    1.7653537480000523,
    1.799146816999837,
    1.7637427390000084,
    1.8370771949998925,
    1.7625348359997588,
    1.7505074109999441
  ],
  "prusti-tests/tests/verify/pass/quick/routes.rs": [
    5.307451293999748,
    4.9541582189999644,
    4.524117835000197,
    4.581103991999953,
    5.1865861560004305,
    4.985561290000078,
    4.709239829000126,
    4.577558536999732,
    4.512031082999783,
    4.678607929999998
  ],
  "prusti-tests/tests/verify/pass/quick/fibonacci.rs": [
    5.7443610790001,
    5.831773928000075,
    5.90295998099964,
    5.8363361460001215,
    5.980474666999726,
    5.835757427999852,
    5.6286567770002875,
    5.695916021000357,
    5.720873530000063,
    5.633319776999997
  ],
  "prusti-tests/tests/verify/pass/pure-fn/len-lookup.rs": [
    3.2354002669999318,
    3.2459151440002643,
    3.2615434240001377,
    3.2167467379999835,
    3.276811576,
    3.210999163999986,
    3.249320741000247,
    3.211811984999713,
    3.2142659890000687,
    3.339847385000212
  ],
  "prusti-tests/tests/verify/pass/pure-fn/quantifiers.rs": [
    2.0307836580000185,
    2.12314829800016,
    2.023400127000059,
    2.0253429139997934,
    1.994513162000203,
    1.9959022640000512,
    1.9802276639998126,
    2.0151540389997535,
    2.001075240999853,
    2.0026190349999524
  ],
  "prusti-tests/tests/verify/pass/pure-fn/recursive-pure-fn.rs": [
    1.7496163379996688,
    1.757446582999819,
    1.7663513489997058,
    1.730484418999822,
    1.740192826999646,
    1.731960505999723,
    1.743958742000359,
    1.7672735870000906,
    1.7555652639998698,
    1.7566187669999636
  ],
  "prusti-tests/tests/verify/pass/pure-fn/ref-mut-arg.rs": [
    2.617583527000079,
    2.5931315619995985,
    2.758822779000184,
    2.7907453279999572,
    2.5977343910003583,
    2.55688404600005,
    2.582350738000059,
    2.6097375600002124,
    2.592104328000005,
    2.76467822099994
  ],
  "prusti-tests/tests/verify/pass/rosetta/Ackermann_function.rs": [
    1.836358890000156,
    1.8048672160002752,
    1.8143506379997234,
    1.8086445060002916,
    1.812725779000175,
    1.8391985379998914,
    1.8404212410000582,
    1.7792844460000197,
    1.8123423809997803,
    1.775232318000235
  ],
  "prusti-tests/tests/verify/pass/rosetta/Heapsort.rs": [
    10.713064295000095,
    10.737105855999744,
    11.994711989999814,
    11.033337135999773,
    10.906424170000264,
    11.03536588299994,
    10.761646556999949,
    11.41642161100026,
    10.85774764000007,
    11.052213915000266
  ]
}