{
  "prusti-tests/tests/verify/pass/rosetta/Knuth_shuffle.rs": [
    2.3738865340000075,
    2.06009403500002,
    2.0316059259999975,
    2.006782629999975,
    2.012105140000017,
    1.9731304959999534,
    1.9351104569999507,
    1.8870515840000053,
    1.894202699999937,
    1.841393311000047
  ],
  "prusti-tests/tests/verify/pass/demos/account.rs": [
    0.8798570129999916,
    0.8714110820000087,
    0.8283704340000213,
    0.8399457719999646,
    0.8675684650000903,
    0.8558853240000417,
    0.8436557800000628,
    0.839119463999964,
    0.8144133770000508,
    0.8846380159999399
  ]
}