{
  "prusti-tests/tests/verify/pass/rosetta/Knuth_shuffle.rs": [
    2.1585245750000013,
    1.91047802900016,
    1.877894404000017,
    1.8333776439999383,
    1.8567473719999725,
    1.8263708609999867,
    1.805220669999926,
    1.8216621859999123,
    1.8145409219998783,
    1.819355215999849
  ],
  "prusti-tests/tests/verify/pass/demos/account.rs": [
    1.6375325940000494,
    1.662348159999965,
    1.6185822949998965,
    1.6352953299999626,
    1.6304996789999677,
    1.638619134999999,
    1.6248200089999045,
    1.661701912000126,
    1.6301854969999567,
    1.6243410380000114
  ],
  "prusti-tests/tests/verify/pass/rosetta/Knights_tour.rs": [
    99.05395199899999,
    98.74446929600003,
    97.23894122799993,
    99.05166190799991,
    98.03517407999993,
    100.08506848100001,
    101.53340359100002,
    104.79618837199996,
    107.32185659300012,
    103.7346039680001
  ],
  "prusti-tests/tests/verify/pass/quick/fold-unfold.rs": [
    1.1176388349999797,
    1.1147757499998079,
    1.114056754000103,
    1.1147373869998773,
    1.1087407579998398,
    1.109014321000359,
    1.1017102549999436,
    1.1054485370000293,
    1.123174453000047,
    1.1202758670001458
  ],
  "prusti-tests/tests/verify/pass/quick/moves.rs": [
    1.345330395000019,
    1.3472341659999074,
    1.3497423969997726,
    1.3448990209999465,
    1.350040196000009,
    1.3639729279998392,
    1.3413311379999868,
    1.3476259069998378,
    1.351652187000127,
    1.3415125370001988
  ],
  "prusti-tests/tests/verify/pass/quick/mut-borrows.rs": [
    2.614953506999882,
    2.6303164219998507,
    2.6260841240000445,
    2.63353258799998,
    2.616653671000222,
    2.636971872000231,
    2.644212836999941,
    2.614178088999779,
    2.6457281480002166,
    2.6256140460000097
  ],
  "prusti-tests/tests/verify/pass/quick/shared-borrows.rs": [
    1.6602087730002495,
    1.6856339270002536,
    1.6575690589997976,
    1.6579455569999482,
    1.6649013229998673,
    1.6505069940003523,
    1.6550938739997036,
    1.6586470580000423,
    1.654725476999829,
    1.6559658710002623
  ],
  "prusti-tests/tests/verify/pass/quick/trait-contracts-refinement.rs": [
    1.5168235579999418,
    1.4773797600000762,
    1.4607148399995822,
    1.46100203900005,
    1.4557893639998838,
    1.4471248059999198,
    1.43853451699988,
    1.4448099599999296,
    1.4523315239998738,
    1.450564132999716
  ],
  "prusti-tests/tests/verify/pass/quick/routes.rs": [
    4.292170346000148,
    4.117641107000054,
    3.92869305000022,
    3.9510814210002536,
    3.9392885030001707,
    3.9659723210002085,
    3.9505793679995804,
    3.922868441999981,
    3.9226606410002205,
    3.9435294340000837
  ],
  "prusti-tests/tests/verify/pass/quick/fibonacci.rs": [
    4.995913997000116,
    5.036337906999961,
    4.973672331999751,
    5.012264119000065,
    5.008928591999847,
    4.961212626000361,
    4.988220218000151,
    4.99512869299997,
    4.9961525369999435,
    4.975860358000318
  ],
  "prusti-tests/tests/verify/pass/pure-fn/len-lookup.rs": [
    2.927048225999897,
    2.8993705859998045,
    2.9234567379999135,
    2.895240543,
    2.889064382000015,
    2.890344093999829,
    2.9059468870000273,
    2.9102982659996997,
    2.879685024999617,
    2.872197631999825
  ],
  "prusti-tests/tests/verify/pass/pure-fn/quantifiers.rs": [
    1.7983841430000211,
    1.764118363000307,
    1.7574479790000623,
    1.762978596999801,
    1.780640621999737,
    1.7709050190001108,
    1.7642366349996337,
    1.790313734999927,
    1.7715965279999182,
    1.771132430000307
  ],
  "prusti-tests/tests/verify/pass/pure-fn/recursive-pure-fn.rs": [
    1.5939893069999016,
    1.5929733830002988,
    1.5770240400001967,
    1.5752897479997046,
    1.585029102000135,
    1.6122060729999248,
    1.5710049829999662,
    1.5865454959998715,
    1.5994140330003574,
    1.579981928000052
  ],
  "prusti-tests/tests/verify/pass/pure-fn/ref-mut-arg.rs": [
    2.340218336000362,
    2.3538747679999688,
    2.3458082269999068,
    2.328606108999793,
    2.338684944999841,
    2.3427631150002526,
    2.3524128690000907,
    2.3247124780000377,
    2.3401328919999287,
    2.3448282700001073
  ],
  "prusti-tests/tests/verify/pass/rosetta/Ackermann_function.rs": [
    1.6465455429997746,
    1.6411641770000642,
    1.634837800999776,
    1.6444302550003158,
    1.638232285000413,
    1.646921243000179,
    1.643408165999972,
    1.6395437090000087,
    1.6363613250000526,
    1.635172030999911
  ],
  "prusti-tests/tests/verify/pass/rosetta/Heapsort.rs": [
    9.280586884000058,
    9.137866387000031,
    9.172348944000078,
    9.137569213999996,
    9.122308264999901,
    9.14601483899969,
    9.082062804000088,
    9.098418431000027,
    9.102874906000125,
    9.145142349999787
  ]
}