{
  "prusti-tests/tests/verify/pass/rosetta/Knuth_shuffle.rs": [
    1.950698397999986,
    1.6554542540000057,
    1.7116053519999923,
    1.67814057399994,
    1.6624453500000982,
    1.5896790099999407,
    1.5589792580000221,
    1.551660953999999,
    1.5259387859999833,
    1.5628450130000147
  ],
  "prusti-tests/tests/verify/pass/demos/account.rs": [
    0.6964921440001035,
    0.6987411759999986,
    0.6969849669999348,
    0.656511106000039,
    0.6682028740000305,
    0.6150406119999161,
    0.6519441409999445,
    0.6728991410000162,
    0.6132335869999679,
    0.6153947180000614
  ],
  "prusti-tests/tests/verify/pass/rosetta/Knights_tour.rs": [
    98.52450990600005,
    92.42328959499991,
    96.53933634500004,
    94.36578053599987,
    95.90977026600012,
    95.26786126799993,
    98.98568310099995,
    94.366757344,
    96.11444389300004,
    95.20217698300007
  ],
  "prusti-tests/tests/verify/pass/quick/fold-unfold.rs": [
    0.5434001349999562,
    0.46957810300000347,
    0.47977105999984815,
    0.48749527800009673,
    0.46864498900004037,
    0.4648105310000119,
    0.48549444800005404,
    0.4758792000000085,
    0.4827675049998561,
    0.5062245650001387
  ],
  "prusti-tests/tests/verify/pass/quick/moves.rs": [
    0.47151923300020826,
    0.46692126300013115,
    0.4792375510000966,
    0.4731760879999456,
    0.47026891900009105,
    0.4762301070002195,
    0.47247545100003663,
    0.4567070190000777,
    0.5157042880000517,
    0.46425163100002464
  ],
  "prusti-tests/tests/verify/pass/quick/mut-borrows.rs": [
    0.7452489649999734,
    0.7115886690000934,
    0.7295541339999545,
    0.6878878210000039,
    0.7274970040000426,
    0.6879717219999293,
    0.6912582699999348,
    0.716828987000099,
    0.69617550199996,
    0.7623640100000557
  ],
  "prusti-tests/tests/verify/pass/quick/shared-borrows.rs": [
    0.5111001840000426,
    0.5326672119999785,
    0.5323076060001313,
    0.4942820280000433,
    0.5247488920001615,
    0.5662950239998281,
    0.4994593059998351,
    0.49093337699991935,
    0.5189193030000752,
    0.5228833629998917
  ],
  "prusti-tests/tests/verify/pass/quick/trait-contracts-refinement.rs": [
    0.7439909600000192,
    0.7239173559999017,
    0.77009919000011,
    0.6806669610000426,
    0.6746477780000077,
    0.6885701700000482,
    0.6817503750000924,
    0.7694486819998474,
    0.6775245179999274,
    0.6844909129999905
  ],
  "prusti-tests/tests/verify/pass/quick/routes.rs": [
    2.254545166999833,
    1.8651318820000142,
    1.9472065689999454,
    1.8040342970000438,
    1.8147240620000957,
    1.8491334940001707,
    1.9428761619999477,
    1.7549793199998476,
    1.7685156170000482,
    1.8286123200000475
  ],
  "prusti-tests/tests/verify/pass/quick/fibonacci.rs": [
    1.7713455489999888,
    1.8799155279998558,
    1.8567958920000365,
    1.7262243949999174,
    1.761931531999835,
    1.6559761670000626,
    1.6985942950000208,
    1.8952875019999738,
    1.9586052729998755,
    1.6329952339999636
  ],
  "prusti-tests/tests/verify/pass/pure-fn/len-lookup.rs": [
    0.780128434000062,
    0.9188229669998691,
    0.868350626999927,
    0.7876803450001262,
    0.8169125730000815,
    0.8603665050000018,
    0.7719890329999544,
    0.7688224869998521,
    0.7804748569999447,
    0.848666749000131
  ],
  "prusti-tests/tests/verify/pass/pure-fn/quantifiers.rs": [
    0.7247853460000897,
    0.7281208950000746,
    0.7030286289998458,
    0.7807964619998984,
    0.7040315450001344,
    0.6967028379999647,
    0.6993622090001281,
    0.6958307160000459,
    0.7709651179998218,
    0.6918590570001015
  ],
  "prusti-tests/tests/verify/pass/pure-fn/recursive-pure-fn.rs": [
    0.5456051099999968,
    0.5514787959998557,
    0.5512367929998163,
    0.5319486089999828,
    0.6126603950001481,
    0.5342603439999039,
    0.5406187369999316,
    0.5364272760000404,
    0.5387335099999291,
    0.5397535249999237
  ],
  "prusti-tests/tests/verify/pass/pure-fn/ref-mut-arg.rs": [
    0.7143037060000097,
    0.7933400399999755,
    0.7148780990000887,
    0.7064831770001092,
    0.7189360580000539,
    0.698982967999882,
    0.7828684880000765,
    0.6978123499998219,
    0.7020374119999815,
    0.7005369899998186
  ],
  "prusti-tests/tests/verify/pass/rosetta/Ackermann_function.rs": [
    0.885767185000077,
    0.7966302080001242,
    0.7612742989999788,
    0.807647162999956,
    0.7691841119999481,
    0.850601977999986,
    0.8125032329999158,
    0.7735000739999123,
    0.7725131600000168,
    0.7730386680000265
  ],
  "prusti-tests/tests/verify/pass/rosetta/Heapsort.rs": [
    5.890151154000023,
    5.757069935000118,
    5.707369862000178,
    5.730788545999985,
    5.727186988000085,
    5.594058336999979,
    5.5634344130000954,
    5.5900216,
    5.659073423999871,
    5.632540451000068
  ]
}