{
  "prusti-tests/tests/verify/pass/rosetta/Knuth_shuffle.rs": [
    1.824354091000032,
    1.7854331969999748,
    1.7167944820000685,
    1.6755311719999781,
    1.6445831400000088,
    1.6322583480000503,
    1.651104184000019,
    1.6213916609999615,
    1.571012984000049,
    1.572237092000023
  ],
  "prusti-tests/tests/verify/pass/demos/account.rs": [
    0.7149972619999971,
    0.683369025999923,
    0.6694624220000378,
    0.7074838080000063,
    0.6618343659999937,
    0.6566508260000319,
    0.7041976829999612,
    0.6457397450000144,
    0.6346222610000041,
    0.7164044749999903
  ],
  "prusti-tests/tests/verify/pass/rosetta/Knights_tour.rs": [
    94.40890230100001,
    94.81910060300004,
    96.59327283199991,
    96.67980186000023,
    92.98345546500013,
    94.95288580800002,
    93.80327347000002,
    98.09044640499997,
    94.47070517500015,
    94.21925166699998
  ],
  "prusti-tests/tests/verify/pass/quick/fold-unfold.rs": [
    0.48912905199995294,
    0.46499936800000796,
    0.49645050899994203,
    0.4617854430000534,
    0.4633646550000776,
    0.45914132199982305,
    0.47682045800002015,
    0.49052556399988134,
    0.47620445300003666,
    0.4597927279999112
  ],
  "prusti-tests/tests/verify/pass/quick/moves.rs": [
    0.4575300219999008,
    0.46210806199997023,
    0.4984852410000258,
    0.4808974060001674,
    0.4812463090001984,
    0.47768128099983187,
    0.47008622299995295,
    0.4958661210000628,
    0.477127376999988,
    0.456903420999879
  ],
  "prusti-tests/tests/verify/pass/quick/mut-borrows.rs": [
    0.7756177779999689,
    0.7440689340000972,
    0.8024343839999801,
    0.751789092999843,
    0.697472924999829,
    0.6994333730001472,
    0.7882579679999253,
    0.7904008849998263,
    0.6901020999998764,
    0.7532901950000905
  ],
  "prusti-tests/tests/verify/pass/quick/shared-borrows.rs": [
    0.512295709,
    0.5461672740000267,
    0.5496150999999827,
    0.4994167079998988,
    0.5533410300001833,
    0.5104587949999768,
    0.5454852679999931,
    0.506173699999863,
    0.5315266669999801,
    0.5166721780001353
  ],
  "prusti-tests/tests/verify/pass/quick/trait-contracts-refinement.rs": [
    0.8307848489998833,
    0.7476865549999729,
    0.6995654679999461,
    0.7564883070001542,
    0.6874389960000826,
    0.682892068000001,
    0.7399760089999745,
    0.6986442620000162,
    0.7374907089999851,
    0.7295787990001372
  ],
  "prusti-tests/tests/verify/pass/quick/routes.rs": [
    2.553218169000047,
    2.234427674000017,
    2.2519007110001894,
    2.0324002249999467,
    1.9935126989998935,
    1.9580468260000998,
    1.9953522129999328,
    2.0638555410000663,
    1.9660173629999917,
    2.0239322029999585
  ],
  "prusti-tests/tests/verify/pass/quick/fibonacci.rs": [
    1.6746757450000587,
    1.7835002740000618,
    1.8423931789998278,
    1.7899760679999872,
    1.6912236910000047,
    1.8590042010000616,
    1.8952619489998597,
    1.8893186029999924,
    1.928022406000082,
    1.8394343119998666
  ],
  "prusti-tests/tests/verify/pass/pure-fn/len-lookup.rs": [
    0.7974617190000117,
    0.8146515630000977,
    0.9342140109999946,
    0.8218782210001336,
    0.8652441639999324,
    0.8307513899999321,
    0.9014412520000405,
    0.8157483709999269,
    0.824521440999888,
    0.8841029289999369
  ],
  "prusti-tests/tests/verify/pass/pure-fn/quantifiers.rs": [
    0.7375105970002096,
    0.7612436800000069,
    0.8023024980000173,
    0.720852867999838,
    0.7158155289998831,
    0.769768145999933,
    0.7210144700000001,
    0.7230334850000872,
    0.7801031260000855,
    0.7168720380000195
  ],
  "prusti-tests/tests/verify/pass/pure-fn/recursive-pure-fn.rs": [
    0.5490328529999715,
    0.5527967870000339,
    0.6112947419999273,
    0.5720654360000026,
    0.5530976899999587,
    0.5504456689998278,
    0.6127753529999609,
    0.5524585840000782,
    0.5512674760000209,
    0.5586669330000404
  ],
  "prusti-tests/tests/verify/pass/pure-fn/ref-mut-arg.rs": [
    0.7877890099998694,
    0.7437009679999846,
    0.7222474010000042,
    0.7796912189999148,
    0.7393774960000883,
    0.7333546489999208,
    0.7270344009998553,
    0.785670151999966,
    0.7230188690000432,
    0.7330367469999146
  ],
  "prusti-tests/tests/verify/pass/rosetta/Ackermann_function.rs": [
    0.8573131040000135,
    0.782084124999983,
    0.7912065950001761,
    0.8404100520001521,
    0.781030150000106,
    0.7866270909999002,
    0.8553663160000724,
    0.7724772840001606,
    0.7918048310000358,
    0.8650753889999123
  ],
  "prusti-tests/tests/verify/pass/rosetta/Heapsort.rs": [
    7.943144962999895,
    7.980287819000068,
    7.938976774000139,
    8.00915867499998,
    7.973384486999976,
    8.010442642000044,
    8.050351836000118,
    8.03098141999999,
    8.004759125000191,
    7.817277838999871
  ]
}