{
  "prusti-tests/tests/verify/pass/rosetta/Knuth_shuffle.rs": [
    2.343327457999976,
    2.2020767830000523,
    2.195199716999923,
    2.1011207110000214,
    2.068122692999964,
    2.007881829999974,
    2.061993574999974,
    1.9998784949999617,
    2.011599644000057,
    1.992638000999932
  ],
  "prusti-tests/tests/verify/pass/demos/account.rs": [
    1.8196208429999388,
    1.7958462479999753,
    1.8079571099999612,
    1.8213138879999633,
    1.7808852470000147,
    1.7965222049999738,
    1.7948332600000185,
    1.8730003599999918,
    1.7825211030000219,
    1.7885543229999712
  ],
  "prusti-tests/tests/verify/pass/rosetta/Knights_tour.rs": [
    103.50314298900003,
    102.97940941000002,
    98.87525160899986,
    99.87661247100004,
    100.78599757699999,
    97.90271991999998,
    100.17700421400014,
    99.01036272500005,
    99.89262132199997,
    98.05865074799999
  ],
  "prusti-tests/tests/verify/pass/quick/fold-unfold.rs": [
    1.183463225999958,
    1.1775987539999733,
    1.171593479999956,
    1.1547232710001936,
    1.1754434270001184,
    1.179837882000129,
    1.1686137970000345,
    1.1690614780000033,
    1.184839577000048,
    1.1771320800000922
  ],
  "prusti-tests/tests/verify/pass/quick/moves.rs": [
    1.4511405429998376,
    1.4098483220000162,
    1.4061663180000323,
    1.444410342999845,
    1.41603168000006,
    1.4162303820000943,
    1.4379963599999428,
    1.4134161469999071,
    1.4160990280001897,
    1.4305875430000015
  ],
  "prusti-tests/tests/verify/pass/quick/mut-borrows.rs": [
    2.8594511650001095,
    2.8696935970001505,
    2.869334507999838,
    2.838750914000002,
    2.8820117150000897,
    2.861990877999915,
    2.8192772100001093,
    2.8697178279999207,
    2.8800776799998857,
    2.868290126000147
  ],
  "prusti-tests/tests/verify/pass/quick/shared-borrows.rs": [
    1.7874897780000083,
    1.8108470699999089,
    1.825028255999996,
    1.8047009899999011,
    1.8134404040001755,
    1.8194113940000989,
    1.7914675259999058,
    1.8144044240000312,
    1.838959043999921,
    1.8167957519999618
  ],
  "prusti-tests/tests/verify/pass/quick/trait-contracts-refinement.rs": [
    1.6066196510000736,
    1.6055128370001057,
    1.5618028730000333,
    1.5820132329999979,
    1.5568646839999474,
    1.6038106510000034,
    1.5658268570000473,
    1.6136920799999643,
    1.6058553779998874,
    1.6078032739999344
  ],
  "prusti-tests/tests/verify/pass/quick/routes.rs": [
    5.522887720000199,
    5.30372743199996,
    4.909586964000027,
    5.065641315999983,
    4.91891195900007,
    4.959763829000167,
    4.97936563899998,
    5.007449314000041,
    4.9680519050000385,
    4.960457275000181
  ],
  "prusti-tests/tests/verify/pass/quick/fibonacci.rs": [
    6.319957443000021,
    6.270278093000115,
    6.246094106999863,
    6.368984345999934,
    6.305024483000125,
    6.162566798999933,
    6.323000764999961,
    6.303901649999716,
    6.280129759999909,
    6.330765434000114
  ],
  "prusti-tests/tests/verify/pass/pure-fn/len-lookup.rs": [
    3.5675620750002963,
    3.6015070120001837,
    3.5665425440001854,
    3.6280527509998137,
    3.5630238519997874,
    3.561306421000154,
    3.6038184720000572,
    3.6273252139999386,
    3.6626133239997216,
    3.5511943229998906
  ],
  "prusti-tests/tests/verify/pass/pure-fn/quantifiers.rs": [
    2.3848352760001035,
    2.290785220000089,
    2.2518584019999253,
    2.1810932979997233,
    2.2173624850001943,
    2.2361097630000586,
    2.2039574860000357,
    2.355772121999962,
    2.4619503089998034,
    2.345606715000031
  ],
  "prusti-tests/tests/verify/pass/pure-fn/recursive-pure-fn.rs": [
    2.1451215070001126,
    2.1121185850001893,
    2.2842184600003748,
    2.159044811000058,
    2.096633588000259,
    2.1522650349998003,
    2.0976883959997394,
    2.3729931119996763,
    2.1459879479998563,
    2.161111100999733
  ],
  "prusti-tests/tests/verify/pass/pure-fn/ref-mut-arg.rs": [
    2.604803043999709,
    2.53970929299976,
    2.534655138999824,
    2.682304120000026,
    2.674708186999851,
    2.5936243149999427,
    2.5540942749998976,
    2.5365497620000497,
    2.8130151980003575,
    2.537830189000033
  ],
  "prusti-tests/tests/verify/pass/rosetta/Ackermann_function.rs": [
    2.076339452999946,
    2.1755026580003687,
    2.037781945000006,
    2.0807301459999508,
    2.159651841000141,
    2.0534911350000584,
    2.149898781000047,
    2.044848445000298,
    2.1682181369997124,
    2.0821021309998287
  ],
  "prusti-tests/tests/verify/pass/rosetta/Heapsort.rs": [
    10.66000527899996,
    10.486440218000098,
    10.606509908000135,
    10.501553804000196,
    10.638671101,
    10.679878133999864,
    10.49308295300034,
    10.657054452000011,
    10.616300063999915,
    10.675584051999977
  ]
}