{
  "prusti-tests/tests/verify/pass/rosetta/Knuth_shuffle.rs": [
    2.221974953999961,
    1.8677292280001438,
    1.8612057400000594,
    1.796862352000062,
    1.8009317519999968,
    1.812887948000025,
    1.816399543999978,
    1.7879441479999514,
    1.802241044999846,
    1.7577098539998133
  ],
  "prusti-tests/tests/verify/pass/demos/account.rs": [
    1.6706709699999465,
    1.675340166000069,
    1.6274660750000294,
    1.6597698690000016,
    1.6746571650000988,
    1.6471290719998706,
    1.6383516729999883,
    1.6501360699999168,
    1.6491469709999365,
    1.623826175999966
  ],
  "prusti-tests/tests/verify/pass/rosetta/Knights_tour.rs": [
    98.28411215300002,
    97.47583874299994,
    96.57852765400003,
    97.16958621599997,
    95.33539590600003,
    96.11186203400007,
    97.33633850899992,
    96.40649237899993,
    95.41706303399997,
    94.12257704099966
  ],
  "prusti-tests/tests/verify/pass/quick/fold-unfold.rs": [
    1.1190250469999228,
    1.1094045509998978,
    1.1286523409999063,
    1.1085952520002138,
    1.1066321510002126,
    1.1167039939996357,
    1.1143474949999472,
    1.1157447939999656,
    1.1295225859998936,
    1.1288320859998748
  ],
  "prusti-tests/tests/verify/pass/quick/moves.rs": [
    1.3593738399999893,
    1.3584805599998617,
    1.3583275129999492,
    1.3476608179998948,
    1.3541844149999633,
    1.3615476100003434,
    1.3411328219999632,
    1.3586819100000866,
    1.3488781129999552,
    1.3444557150000946
  ],
  "prusti-tests/tests/verify/pass/quick/mut-borrows.rs": [
    2.648469555000247,
    2.630790181000066,
    2.6509069600001567,
    2.6391235640003288,
    2.650426404999962,
    2.635025969000253,
    2.6272618740003963,
    2.6305926640002326,
    2.6414107770001465,
    2.647844972999792
  ],
  "prusti-tests/tests/verify/pass/quick/shared-borrows.rs": [
    1.6718924360002347,
    1.6814064430000144,
    1.6863602519997585,
    1.6736860589999196,
    1.6683753620000061,
    1.6748111590000008,
    1.672057329999916,
    1.6722294199998942,
    1.6699050209999768,
    1.674038519000078
  ],
  "prusti-tests/tests/verify/pass/quick/trait-contracts-refinement.rs": [
    1.508391316000143,
    1.4643505650001316,
    1.4895656539997617,
    1.462229170000228,
    1.456559673999891,
    1.4558608729998923,
    1.45529347899992,
    1.446674590999919,
    1.443146192000313,
    1.4487821900002018
  ],
  "prusti-tests/tests/verify/pass/quick/routes.rs": [
    4.316708572000152,
    4.0787713700001405,
    3.9848757599997953,
    3.94796482799984,
    3.9317772370000057,
    3.927978777000135,
    3.9263441709999825,
    3.916891296999893,
    3.8969406649998746,
    3.931758187000014
  ],
  "prusti-tests/tests/verify/pass/quick/fibonacci.rs": [
    4.963076828999874,
    4.966173860000254,
    4.968304061999788,
    4.956805111999984,
    4.963112708999688,
    4.955292733999613,
    4.95182375100012,
    4.972289657000147,
    4.935806076000063,
    4.978369071000088
  ],
  "prusti-tests/tests/verify/pass/pure-fn/len-lookup.rs": [
    2.929158548000032,
    2.913931007999963,
    2.927515403000143,
    2.9061047190002682,
    2.9006551710003805,
    2.8994937719999143,
    2.898192133000066,
    2.890486676999899,
    2.8919331669999337,
    2.9131127969999397
  ],
  "prusti-tests/tests/verify/pass/pure-fn/quantifiers.rs": [
    1.789802100000088,
    1.7825110030003088,
    1.781533001000298,
    1.7691026040001816,
    1.7738435020000907,
    1.7676559050000833,
    1.785662997000145,
    1.767648007000389,
    1.765842308000174,
    1.7655757080001422
  ],
  "prusti-tests/tests/verify/pass/pure-fn/recursive-pure-fn.rs": [
    1.5900881869997647,
    1.5915489879998859,
    1.5946504979997371,
    1.5807346039996446,
    1.5854794030001358,
    1.582269602999986,
    1.5916117020001366,
    1.5859070280002925,
    1.6057440189997578,
    1.5831196290000662
  ],
  "prusti-tests/tests/verify/pass/pure-fn/ref-mut-arg.rs": [
    2.315421719000369,
    2.308687358000043,
    2.3118236749996868,
    2.329167067999606,
    2.322660502999952,
    2.3238945260000037,
    2.331104623000101,
    2.318594127000324,
    2.309639020999839,
    2.3220647210000607
  ],
  "prusti-tests/tests/verify/pass/rosetta/Ackermann_function.rs": [
    1.6297490689998995,
    1.6251953709997906,
    1.6478280609999274,
    1.6281546670002172,
    1.6284276670003237,
    1.6333890649998466,
    1.6312533659997825,
    1.6248459919997913,
    1.6422984549999455,
    1.6480275550002261
  ],
  "prusti-tests/tests/verify/pass/rosetta/Heapsort.rs": [
    9.470400259999678,
    9.42664945200022,
    9.434840533999704,
    9.340027235999969,
    9.421099855000193,
    9.386452726000243,
    9.353059323000252,
    9.39397589300006,
    9.419411001999833,
    9.397219288000088
  ]
}