{
  "prusti-tests/tests/verify/pass/rosetta/Knuth_shuffle.rs": [
    2.9077928900001098,
    0.36850682099998266,
    0.3701976329999752,
    0.3679932170000484,
    0.35641383200004384,
    0.3598893579999185,
    0.3582664450000266,
    0.35848014700002295,
    0.3615504699999974,
    0.3601725600000236
  ],
  "prusti-tests/tests/verify/pass/demos/account.rs": [
    2.3460644240000192,
    0.13848702200004936,
    0.1375366159999203,
    0.14062063900007615,
    0.13448529300001155,
    0.1341833910000787,
    0.13410679000003256,
    0.13724451300004148,
    0.13561420099995303,
    0.13500749699994685
  ],
  "prusti-tests/tests/verify/pass/rosetta/Knights_tour.rs": [
    98.19876053399992,
    2.586175608000076,
    2.5764751369999885,
    2.5790688470000305,
    2.5782177290000163,
    2.576770218999968,
    2.570076083999993,
    2.5868885449999652,
    2.5809347440000465,
    2.5989639470000157
  ],
  "prusti-tests/tests/verify/pass/quick/fold-unfold.rs": [
    1.3432737309999538,
    0.10537162499997521,
    0.10818284399999811,
    0.1094155519999731,
    0.10707003599998188,
    0.10642323199999737,
    0.1112224649999689,
    0.10925755099992784,
    0.10673643299992364,
    0.10911284999997406
  ],
  "prusti-tests/tests/verify/pass/quick/moves.rs": [
    1.5310947219999207,
    0.09954808400004822,
    0.10115749500005222,
    0.1011216950000744,
    0.09979398600000877,
    0.09922678099997029,
    0.10487242099998184,
    0.10030588999995871,
    0.09914988200000607,
    0.10085969299996123
  ],
  "prusti-tests/tests/verify/pass/quick/mut-borrows.rs": [
    3.1795336110000108,
    0.17006147000006422,
    0.16976646699993125,
    0.16875705799998286,
    0.169967869000061,
    0.17058157400003893,
    0.16369771100005437,
    0.16589903099998082,
    0.16962176499998805,
    0.16789144900008068
  ],
  "prusti-tests/tests/verify/pass/quick/shared-borrows.rs": [
    1.9378477849999172,
    0.09980222100000447,
    0.09979602099997464,
    0.10080832999994982,
    0.10151843699998153,
    0.10112683299996661,
    0.10123013400004766,
    0.09890961300004619,
    0.09983442099996864,
    0.10288124999999582
  ],
  "prusti-tests/tests/verify/pass/quick/trait-contracts-refinement.rs": [
    1.7958835750000617,
    0.14514343999996981,
    0.144828136000001,
    0.14332862300000215,
    0.14455823400010104,
    0.14294371900007263,
    0.14561664400002883,
    0.145038437999915,
    0.14413062999994963,
    0.1451626949999536
  ],
  "prusti-tests/tests/verify/pass/quick/routes.rs": [
    5.557282263000047,
    0.3624450309999929,
    0.3588356029999886,
    0.3607146169999851,
    0.3596680099999503,
    0.36177392499996586,
    0.3657910560000346,
    0.36007899499998075,
    0.3610374379999257,
    0.3620937509999749
  ],
  "prusti-tests/tests/verify/pass/quick/fibonacci.rs": [
    0.38447814500000277,
    0.38683707600000616,
    0.39686260700000275,
    0.3881927930000302,
    0.38678887499997927,
    0.38750838399994336,
    0.38670757399995637,
    0.3898312149999583,
    0.3892038069999444,
    0.3893446079999876
  ],
  "prusti-tests/tests/verify/pass/pure-fn/len-lookup.rs": [
    3.8285459510000237,
    0.2272225099999332,
    0.2541647240000202,
    0.2306410369999412,
    0.22895102399991174,
    0.2278402139999116,
    0.23416076500006966,
    0.23243765200004418,
    0.22807541700001366,
    0.24065411699996275
  ],
  "prusti-tests/tests/verify/pass/pure-fn/quantifiers.rs": [
    2.3311596690000442,
    0.21097167999994326,
    0.19923578700002054,
    0.20022989400001734,
    0.19978219200004332,
    0.19943378900006792,
    0.1983482800000047,
    0.19964259000005313,
    0.20002729299994826,
    0.20098130099995615
  ],
  "prusti-tests/tests/verify/pass/pure-fn/recursive-pure-fn.rs": [
    1.9902596709999898,
    0.15943529499998021,
    0.15755107999996198,
    0.15795878300002641,
    0.1568705739999814,
    0.15943169499996657,
    0.1621617170000036,
    0.22847555600003489,
    0.18235298100000819,
    0.17535902499992062
  ],
  "prusti-tests/tests/verify/pass/pure-fn/ref-mut-arg.rs": [
    3.035120551000091,
    0.20266684599994278,
    0.20045182800004113,
    0.19925611799999388,
    0.20367425400002048,
    0.201253033999933,
    0.20134353499997815,
    0.20397775699996146,
    0.20119843500003753,
    0.20144223600004807
  ],
  "prusti-tests/tests/verify/pass/rosetta/Ackermann_function.rs": [
    2.018528325000034,
    0.24354974599998513,
    0.24126324199994542,
    0.24286584500009667,
    0.24050993999992443,
    0.24210424299997158,
    0.23993913899994368,
    0.24157004199992116,
    0.2425036800000271,
    0.24028167999995276
  ],
  "prusti-tests/tests/verify/pass/rosetta/Heapsort.rs": [
    10.255512788000033,
    1.07814486999996,
    1.084461817000033,
    1.0826603780000141,
    1.0965293709999742,
    1.0867959989999463,
    1.0917544359999738,
    1.081656661000011,
    1.0836399759999722,
    1.0839613790000158
  ]
}