{
  "prusti-tests/tests/verify/pass/rosetta/Knuth_shuffle.rs": [
    2.521976125999913,
    2.2844556569999668,
    2.125006958999961,
    2.1385718129999987,
    2.003087991999905,
    2.108940039999993,
    2.0330479960000503,
    1.9251009959999692,
    1.9701330020000114,
    2.0153396690000136
  ],
  "prusti-tests/tests/verify/pass/demos/account.rs": [
    1.8269666160000497,
    1.7450742229999605,
    1.8498441839999487,
    1.8823627819999729,
    1.8350770480000165,
    1.910005295000019,
    1.9500349290000258,
    2.0055376640000304,
    1.832261573999972,
    1.7984244439999202
  ],
  "prusti-tests/tests/verify/pass/rosetta/Knights_tour.rs": [
    110.5534404839999,
    107.70481957899995,
    109.973065314,
    113.58171169399998,
    108.53127100500001,
    106.40896179099991,
    104.69629413500002,
    109.62475641000015,
    109.77472423600011,
    114.93087208199995
  ],
  "prusti-tests/tests/verify/pass/quick/fold-unfold.rs": [
    1.2220411549999426,
    1.2998773060000985,
    1.194462951999867,
    1.2705007800000203,
    2.3493320669999775,
    2.0719375360001777,
    1.2477530319999914,
    1.2228325789999417,
    1.2285800550000658,
    1.2173724320000474
  ],
  "prusti-tests/tests/verify/pass/quick/moves.rs": [
    1.492209541999955,
    1.4399658699999236,
    1.4616770080001515,
    1.4593423669998629,
    1.4694796719998067,
    1.3882966849998866,
    1.3916999220000434,
    1.48453253699995,
    1.4424688779999997,
    1.4327992749999794
  ],
  "prusti-tests/tests/verify/pass/quick/mut-borrows.rs": [
    2.941689380999833,
    2.9511836839999432,
    2.9252874969999993,
    2.830910163999988,
    2.8604130859998804,
    2.8854639389999193,
    2.8260931889999483,
    2.8738497100000586,
    2.903861832999837,
    2.9494037309998475
  ],
  "prusti-tests/tests/verify/pass/quick/shared-borrows.rs": [
    2.002140954999959,
    2.0090838680000616,
    1.8108751100000973,
    1.8586826299999757,
    2.0397890079998433,
    2.3600361430001158,
    1.8095428379999703,
    1.870409901999892,
    1.8538532229999873,
    2.2404614499998843
  ],
  "prusti-tests/tests/verify/pass/quick/trait-contracts-refinement.rs": [
    1.9011526470001172,
    1.570199134999939,
    1.5054757289999543,
    1.6064480339998681,
    1.5533458560000781,
    1.600467770000023,
    1.64487185400003,
    1.6329143240000121,
    1.5722003630000927,
    1.6652080799999567
  ],
  "prusti-tests/tests/verify/pass/quick/routes.rs": [
    5.0615736599997945,
    4.989982483000176,
    4.950382352000133,
    4.851571976000059,
    4.868063257999893,
    4.77515574500012,
    4.9514505720001125,
    4.894629652000049,
    4.916988098999809,
    4.848251348999838
  ],
  "prusti-tests/tests/verify/pass/quick/fibonacci.rs": [
    5.937500445000069,
    6.179415889999973,
    6.169135880000113,
    6.236549417999868,
    6.831496919000074,
    6.549847146000047,
    6.2595466759999,
    6.189947518999816,
    6.249484672000108,
    6.715939673999856
  ],
  "prusti-tests/tests/verify/pass/pure-fn/len-lookup.rs": [
    3.676012966000144,
    5.10443493799994,
    3.5756890330003444,
    3.679448668999612,
    3.507493087000057,
    3.5243592659999194,
    3.5328039350001745,
    3.664387571000134,
    3.595627092000086,
    3.644808215000012
  ],
  "prusti-tests/tests/verify/pass/pure-fn/quantifiers.rs": [
    2.2732040539999616,
    2.237185259999933,
    2.400352044000101,
    2.5311565010001686,
    2.4754429849999724,
    2.0995597730002373,
    2.053015088000393,
    2.221847342000274,
    2.300720303000162,
    2.321298229000149
  ],
  "prusti-tests/tests/verify/pass/pure-fn/recursive-pure-fn.rs": [
    2.2214641959999426,
    2.032092107000153,
    2.0946164289998705,
    2.2728634720001537,
    2.086554682000042,
    2.1636117200000626,
    2.1930638179997004,
    2.173818212000242,
    2.2168415659998573,
    2.1376613339998585
  ],
  "prusti-tests/tests/verify/pass/pure-fn/ref-mut-arg.rs": [
    3.167429435000031,
    3.240034517999902,
    3.097539536000113,
    3.3498216880002474,
    3.288358035999863,
    3.196008937999977,
    3.278236847000244,
    3.2166626629996244,
    3.548616164000123,
    3.615021866999996
  ],
  "prusti-tests/tests/verify/pass/rosetta/Ackermann_function.rs": [
    2.2383546019996174,
    2.2812914149999415,
    2.589750426000137,
    2.252243516999897,
    2.21008698300011,
    2.1675523519998023,
    2.0879146730003413,
    2.1626094200000807,
    2.0995223979998627,
    2.8891840080000293
  ],
  "prusti-tests/tests/verify/pass/rosetta/Heapsort.rs": [
    10.680250438999792,
    10.488258584999585,
    10.52091187699989,
    10.568225286000143,
    10.70400417699966,
    10.082344100000228,
    11.188464818000284,
    11.049271522999788,
    10.637378700999761,
    10.357412647000274
  ]
}