{
  "prusti-tests/tests/verify/pass/rosetta/Knuth_shuffle.rs": [
    2.223327774999916,
    2.0678416970000626,
    1.9511506879999843,
    1.8467303689999426,
    1.8571714749999728,
    1.745659213999943,
    1.7847288850000496,
    1.6654390379999313,
    1.68328550800004,
    1.855562379999924
  ],
  "prusti-tests/tests/verify/pass/demos/account.rs": [
    0.8837261249999528,
    0.9196496040000284,
    0.9051674339999636,
    0.8926368480000519,
    1.517735192000032,
    0.8154947420000553,
    0.825289716000043,
    0.8145332189999408,
    0.896183914000062,
    1.0323869029999742
  ]
}