{
  "prusti-tests/tests/verify/pass/rosetta/Knuth_shuffle.rs": [
    2.3537360029999945,
    2.0432551110000077,
    1.9806637540000338,
    1.9607557129999122,
    1.9626193269999703,
    1.9743995719999248,
    1.951493991999996,
    2.010935451000023,
    2.0250260609999486,
    2.010390355000027
  ],
  "prusti-tests/tests/verify/pass/demos/account.rs": [
    1.8302202579999403,
    1.8211115930000688,
    1.8567282490000707,
    1.8703986540000415,
    1.8392245900000717,
    1.848728858999948,
    1.8720370269999194,
    1.8984270180000067,
    1.852052092000008,
    1.8552449710000474
  ],
  "prusti-tests/tests/verify/pass/rosetta/Knights_tour.rs": [
    108.085818711,
    111.36453290899999,
    105.90743826200014,
    105.09720314900005,
    119.03972493700007,
    123.80631458999983,
    122.21119834899991,
    111.30567213800009,
    119.57146142399984,
    116.95214667699997
  ],
  "prusti-tests/tests/verify/pass/quick/fold-unfold.rs": [
    1.2672579340000993,
    1.2037834069999462,
    1.2230699669999012,
    1.2422950269999546,
    1.20886724900015,
    1.205051592000018,
    1.2038014960000964,
    1.2101711519999299,
    1.201985680000007,
    1.1920881930000178
  ],
  "prusti-tests/tests/verify/pass/quick/moves.rs": [
    1.4627132750001692,
    1.4746881840001151,
    1.4556490649997613,
    1.4518283360002897,
    1.481752859000153,
    1.4575185779999629,
    1.4408733540003595,
    1.468316209999557,
    1.4516349669997908,
    1.4434006060000684
  ],
  "prusti-tests/tests/verify/pass/quick/mut-borrows.rs": [
    2.881212069999947,
    2.901802787000179,
    2.9173319139999876,
    3.2337483920000523,
    2.906832361999932,
    2.8844434879997607,
    2.899010835000354,
    2.8755002259999856,
    2.9103218639997976,
    2.896472810999967
  ],
  "prusti-tests/tests/verify/pass/quick/shared-borrows.rs": [
    1.832518612000058,
    1.8367150420003782,
    1.8351929310001651,
    1.8060166790000949,
    1.8393414390002363,
    1.8347653040000296,
    1.8225123120000717,
    1.8234025189999556,
    1.8230091740001626,
    1.824052943999959
  ],
  "prusti-tests/tests/verify/pass/quick/trait-contracts-refinement.rs": [
    1.5860544029997072,
    1.6133014030001505,
    1.5707991969998147,
    1.591927370999656,
    1.544812444999934,
    1.59289767700011,
    1.5536671069999102,
    1.5739976559998468,
    1.5376131779999014,
    1.5631058560002202
  ],
  "prusti-tests/tests/verify/pass/quick/routes.rs": [
    5.067995241000062,
    4.948688886000127,
    4.9172117029997935,
    4.789347306999844,
    4.797630511000079,
    4.895113545000186,
    4.705358874000012,
    4.827371005999794,
    4.797133976000168,
    4.829945058999783
  ],
  "prusti-tests/tests/verify/pass/quick/fibonacci.rs": [
    6.1596598240003,
    6.112522538999656,
    6.050677243000337,
    6.0730850350000765,
    6.090609509999922,
    6.21138153999982,
    6.545362869999735,
    6.610041460000048,
    6.093438257000344,
    6.152873465000084
  ],
  "prusti-tests/tests/verify/pass/pure-fn/len-lookup.rs": [
    3.5288227309997637,
    3.546171871000297,
    3.5734616459999415,
    3.531181449000087,
    3.538066356999934,
    3.605945283999972,
    3.5020310660001996,
    3.6335011420001138,
    3.5629704849998234,
    3.6368155770001067
  ],
  "prusti-tests/tests/verify/pass/pure-fn/quantifiers.rs": [
    2.223757889999888,
    2.3470465030000014,
    2.504619494999588,
    2.1524167210000087,
    2.197436944999936,
    2.210930548000306,
    2.141953226000169,
    2.2134960680000404,
    2.1863160230000176,
    2.2827646179998737
  ],
  "prusti-tests/tests/verify/pass/pure-fn/recursive-pure-fn.rs": [
    2.213769116000094,
    2.0533784539998123,
    2.118743923999773,
    2.077779417000329,
    2.053361632999895,
    2.209860039000432,
    2.0535653330002788,
    2.090635006999946,
    2.0320463749999362,
    2.191367067000101
  ],
  "prusti-tests/tests/verify/pass/pure-fn/ref-mut-arg.rs": [
    3.160353001000203,
    3.039006033000078,
    3.213353352000013,
    3.2234730999998646,
    3.136643078999896,
    3.155725547000202,
    3.173154373000216,
    3.218627946000197,
    3.131172434000291,
    3.1856173770001988
  ],
  "prusti-tests/tests/verify/pass/rosetta/Ackermann_function.rs": [
    2.1083923219998724,
    2.1345246099999713,
    2.0435205540002244,
    2.1703867739997804,
    2.1668348540001716,
    2.132496104999973,
    2.0607699869997305,
    2.2601427180002247,
    2.145678531000158,
    2.141610901999684
  ],
  "prusti-tests/tests/verify/pass/rosetta/Heapsort.rs": [
    10.748302513999988,
    10.425278613000046,
    10.272561321000012,
    10.91462493500012,
    10.692265104999933,
    10.443443947000105,
    10.388130235000062,
    10.541447789999893,
    10.553684772999986,
    10.541842154999813
  ]
}