{
  "prusti-tests/tests/verify/pass/rosetta/Knuth_shuffle.rs": [
    2.36444511600007,
    2.0828975580000133,
    2.0919582420000324,
    2.0099539739999273,
    2.054814841000052,
    1.956743690000053,
    2.0427367350000623,
    2.053116844999863,
    1.9748305870000422,
    1.977980787999968
  ],
  "prusti-tests/tests/verify/pass/demos/account.rs": [
    1.8387589589999607,
    1.864913789999946,
    1.863175448999982,
    1.835774071999822,
    1.8306766680000237,
    1.8504494700000578,
    1.8533180290000928,
    1.8916920149999896,
    1.8191128500000104,
    1.8316117049998866
  ],
  "prusti-tests/tests/verify/pass/rosetta/Knights_tour.rs": [
    106.47662644999991,
    101.4760818499999,
    109.63876836300005,
    109.90628933899984,
    110.34875661899991,
    107.09693001099981,
    109.22982100500008,
    112.23521269099979,
    108.87217792399997,
    110.78505668100001
  ],
  "prusti-tests/tests/verify/pass/quick/fold-unfold.rs": [
    1.2573889260002034,
    1.2572477230000914,
    1.264489069999854,
    1.2373008200002005,
    1.2437515629999325,
    1.233131787000275,
    1.2260403440000118,
    1.2327979799997593,
    1.2612393569997948,
    1.2460302489998867
  ],
  "prusti-tests/tests/verify/pass/quick/moves.rs": [
    1.5158752170000298,
    1.4915183630000683,
    1.4640653090000342,
    1.4700060280001708,
    1.4679844880001838,
    1.4840323120001813,
    1.4718569659999048,
    1.4682943930001784,
    1.4747886249997464,
    1.4671693710001819
  ],
  "prusti-tests/tests/verify/pass/quick/mut-borrows.rs": [
    2.911342400000194,
    2.911058002000118,
    2.8914915040004416,
    2.9027003319997675,
    2.900035379000201,
    2.895051776999935,
    2.9195540989999245,
    2.8923420920000353,
    2.9315024850002374,
    2.903297466999902
  ],
  "prusti-tests/tests/verify/pass/quick/shared-borrows.rs": [
    1.8429019949999201,
    1.8560135610000543,
    1.8454398459998629,
    1.8434288970001944,
    1.8484371210001882,
    1.8421527929999684,
    1.8404750589998002,
    1.8482046240001182,
    1.8361468449998029,
    1.847489977999885
  ],
  "prusti-tests/tests/verify/pass/quick/trait-contracts-refinement.rs": [
    1.5970670299998346,
    1.5550969669998267,
    1.5444805370002541,
    1.5486197860000175,
    1.5506317280000985,
    1.5464352419999159,
    1.554578808000315,
    1.5856538940001883,
    1.5487055939997845,
    1.5843755239998245
  ],
  "prusti-tests/tests/verify/pass/quick/routes.rs": [
    5.140073102000315,
    4.788767234999796,
    4.747648955999921,
    4.597254037999846,
    4.714880006000385,
    4.577438817999791,
    4.6739689900000485,
    4.611313182000231,
    4.656383476999963,
    4.60250268999971
  ],
  "prusti-tests/tests/verify/pass/quick/fibonacci.rs": [
    5.924616189000062,
    5.925631788999908,
    5.959241177999957,
    5.949597635999908,
    5.943125880000025,
    5.86837205799975,
    5.916739270000107,
    5.987178176999805,
    5.86766294500012,
    5.953947785999844
  ],
  "prusti-tests/tests/verify/pass/pure-fn/len-lookup.rs": [
    3.4309466129998327,
    3.4086920449999525,
    3.426196222999806,
    3.4250451480002084,
    3.4164007080003103,
    3.4062459320002745,
    3.3810564099999283,
    3.415321406000203,
    3.3741322779997063,
    3.4192975800001477
  ],
  "prusti-tests/tests/verify/pass/pure-fn/quantifiers.rs": [
    2.1457925909999176,
    2.1710824480001065,
    2.1743527180001365,
    2.156191648999993,
    2.157155999999759,
    2.0736684379999133,
    2.1038024700001188,
    2.0781364409999696,
    2.098875112999849,
    2.094355118000294
  ],
  "prusti-tests/tests/verify/pass/pure-fn/recursive-pure-fn.rs": [
    1.8662786130003042,
    1.886411081999995,
    1.861603875000128,
    1.878467826999895,
    1.8555818089998866,
    1.843003224000313,
    1.8745063700002902,
    1.9057255669999904,
    1.8810978870001236,
    1.8505377110000154
  ],
  "prusti-tests/tests/verify/pass/pure-fn/ref-mut-arg.rs": [
    2.767110349000177,
    2.754955783999776,
    2.8290939530002106,
    2.758304283999678,
    2.7744147039998097,
    2.7806075700000292,
    2.7827853400003733,
    2.8790681959999347,
    2.7622649390000333,
    2.7683585790000507
  ],
  "prusti-tests/tests/verify/pass/rosetta/Ackermann_function.rs": [
    1.8512779650000084,
    1.8420362169999862,
    1.840843810000024,
    1.8433639580002819,
    1.8537618569998813,
    1.8335890200000904,
    1.8625435570002082,
    1.8416067999996812,
    1.869948481999927,
    1.8808548060001158
  ],
  "prusti-tests/tests/verify/pass/rosetta/Heapsort.rs": [
    9.36893636700006,
    9.45721589599998,
    9.507369332000053,
    9.485204021999834,
    9.41264182299983,
    9.496837596000205,
    9.602202335000129,
    9.269470750999972,
    9.457635839999966,
    9.605246076000185
  ]
}