{
  "prusti-tests/tests/verify/pass/rosetta/Knuth_shuffle.rs": [
    2.6498758999999836,
    0.3213023699998985,
    0.3213454699999829,
    0.3215210710000065,
    0.3218676729999288,
    0.32438998700001775,
    0.3202276649999476,
    0.32188987400002134,
    0.32046136600001773,
    0.3217210730000488
  ],
  "prusti-tests/tests/verify/pass/demos/account.rs": [
    2.18324432899999,
    0.12551829200003795,
    0.12569209299999784,
    0.12592599399999926,
    0.12432768500002567,
    0.12382748300001367,
    0.12522099000000253,
    0.12515888999996605,
    0.1265917980000495,
    0.1263987969999789
  ],
  "prusti-tests/tests/verify/pass/rosetta/Knights_tour.rs": [
    100.23808894399997,
    2.20474741299995,
    2.199611496999978,
    2.202221817999998,
    2.201196311999979,
    2.1963706850000335,
    2.194769588999975,
    2.190569865000043,
    2.1961949970000205,
    2.197255829000028
  ],
  "prusti-tests/tests/verify/pass/quick/fold-unfold.rs": [
    1.3242038779999348,
    0.09825754099995265,
    0.09703123299993877,
    0.09707833300001312,
    0.0978903379999565,
    0.09839574099999027,
    0.09841944100003275,
    0.09937764599999355,
    0.0987992430000304,
    0.09851614100000461
  ],
  "prusti-tests/tests/verify/pass/quick/moves.rs": [
    1.5239498759999606,
    0.09445802000004733,
    0.09464162000006127,
    0.09552952499996081,
    0.09583532699991792,
    0.09328181300008964,
    0.09355141499997899,
    0.09441921899997396,
    0.09412771800009523,
    0.09428461800007426
  ],
  "prusti-tests/tests/verify/pass/quick/mut-borrows.rs": [
    2.987552024000024,
    0.1555453559999478,
    0.15412914800003819,
    0.15313164299993787,
    0.15363134500000797,
    0.15176853499997378,
    0.1525755399999298,
    0.15093423099995107,
    0.15310154299993428,
    0.15330574400002206
  ],
  "prusti-tests/tests/verify/pass/quick/shared-borrows.rs": [
    1.891620512999907,
    0.09642693099999633,
    0.09198020600001655,
    0.09100090100002944,
    0.09172280500001762,
    0.0917761050000081,
    0.09177780499999244,
    0.09153550400003496,
    0.09180340499995054,
    0.09149140299996361
  ],
  "prusti-tests/tests/verify/pass/quick/trait-contracts-refinement.rs": [
    1.618068806999986,
    0.13487714299992604,
    0.1345459410000558,
    0.13467394099996,
    0.13465384100004485,
    0.13542404500003613,
    0.13539914600005432,
    0.13577374800001962,
    0.13452534099997138,
    0.1337325359999113
  ],
  "prusti-tests/tests/verify/pass/quick/routes.rs": [
    5.34854183799996,
    0.3350933450000184,
    0.3297437149999496,
    0.32922831200005476,
    0.3333689350000668,
    0.3313653239999894,
    0.33295443299994076,
    0.33225932899995314,
    0.3320920280000337,
    0.3320431270000199
  ],
  "prusti-tests/tests/verify/pass/quick/fibonacci.rs": [
    0.3504533290000609,
    0.34928635099993244,
    0.3506660519999514,
    0.34969464799996786,
    0.3482638439999164,
    0.34772464200000286,
    0.35339276000001973,
    0.3477417419999256,
    0.3462830370000347,
    0.34577693599999293
  ],
  "prusti-tests/tests/verify/pass/pure-fn/len-lookup.rs": [
    3.6419958650000126,
    0.20872614899997188,
    0.20847014699995725,
    0.2083980470000597,
    0.20566513200003556,
    0.2090847509999776,
    0.20740714199996546,
    0.20733856799995465,
    0.20911528200008433,
    0.21053448999998636
  ],
  "prusti-tests/tests/verify/pass/pure-fn/quantifiers.rs": [
    2.1902194759999247,
    0.18587824999997338,
    0.18196702800003095,
    0.18246183099995505,
    0.1834097359999305,
    0.18528424700002688,
    0.1828664329999583,
    0.1826235319999796,
    0.18205792899993867,
    0.18247223100001975
  ],
  "prusti-tests/tests/verify/pass/pure-fn/recursive-pure-fn.rs": [
    1.952769934999992,
    0.14615872599995328,
    0.14487231900000097,
    0.14453601700006402,
    0.1427478069999779,
    0.141439599000023,
    0.14144209900007354,
    0.14086199600001237,
    0.1460599249999177,
    0.1449671190000572
  ],
  "prusti-tests/tests/verify/pass/pure-fn/ref-mut-arg.rs": [
    3.397613261999936,
    0.1758737459999793,
    0.17731545399999504,
    0.17751835500007473,
    0.1789952629999334,
    0.17711095299989665,
    0.17714435300001696,
    0.1760041470000715,
    0.1790624630000366,
    0.17748205399993822
  ],
  "prusti-tests/tests/verify/pass/rosetta/Ackermann_function.rs": [
    1.88409323399992,
    0.21341854700006024,
    0.2121823410000161,
    0.2128643439999678,
    0.2128224449999152,
    0.21256824299996424,
    0.214170951999904,
    0.21304385499990985,
    0.2125356929999498,
    0.2126596939999672
  ],
  "prusti-tests/tests/verify/pass/rosetta/Heapsort.rs": [
    9.832656541000006,
    0.9415574160000233,
    0.9388305999999602,
    0.947723150999991,
    0.9386447990000306,
    0.9390613010000379,
    0.9398316059999843,
    0.9410589149999851,
    0.9390138390000402,
    0.9384019350000017
  ]
}