{
  "prusti-tests/tests/verify/pass/rosetta/Knuth_shuffle.rs": [
    2.1264598100000285,
    1.7430246330000045,
    1.7035357350000595,
    1.6785530710000103,
    1.6971695039999304,
    1.6490831890000663,
    1.6286392360000264,
    1.6438703620000297,
    1.6660719039999776,
    1.6153500849999318
  ],
  "prusti-tests/tests/verify/pass/demos/account.rs": [
    0.7752011169999378,
    0.7130256789999976,
    0.7509449609999592,
    0.7518788620000123,
    0.7402153340000268,
    0.7712630009999657,
    0.7615612790000341,
    0.753535659000022,
    0.7383100240000431,
    0.7445343370000046
  ]
}