{
  "prusti-tests/tests/verify/pass/rosetta/Knuth_shuffle.rs": [
    3.0214644430000135,
    2.684178091999911,
    2.730991731000131,
    2.6417675319999034,
    2.633512041000131,
    2.640145789999906,
    2.4873663710000073,
    2.651886741999988,
    2.6856375820000267,
    2.683631299999888
  ],
  "prusti-tests/tests/verify/pass/demos/account.rs": [
    2.3187405139999555,
    2.348337087000118,
    2.32533806299989,
    2.3774560790000123,
    2.422358241999973,
    2.35936892299992,
    2.3536311400000614,
    2.394835974999978,
    2.2802492559999337,
    2.314612291000003
  ],
  "prusti-tests/tests/verify/pass/rosetta/Knights_tour.rs": [
    139.3259305460001,
    141.58818930300004,
    132.39307083900007,
    130.26905075399964,
    138.6746549559998,
    146.66808385700006,
    143.41837688700025,
    141.40049857500026,
    136.39126489199998,
    127.67755092299967
  ],
  "prusti-tests/tests/verify/pass/quick/fold-unfold.rs": [
    1.6095163589998265,
    1.5575718869999946,
    1.4646281039999849,
    1.4848892469999555,
    1.4449234559997421,
    1.3587377150001885,
    1.3297331600001598,
    1.3656329899999946,
    1.405821386000298,
    1.3472510290002901
  ],
  "prusti-tests/tests/verify/pass/quick/moves.rs": [
    1.6836851879997994,
    1.7018015430003288,
    1.6352635599996574,
    1.7250261879999016,
    1.7112677909999547,
    1.62779982200027,
    1.7338466250002966,
    1.7481344180000633,
    1.625570427999719,
    1.6287570039999082
  ],
  "prusti-tests/tests/verify/pass/quick/mut-borrows.rs": [
    3.396191809999891,
    3.2921862960001818,
    3.3378661670003567,
    3.4238049610003145,
    3.395760569000231,
    3.3675507210000433,
    3.267866061999939,
    3.5086516010001105,
    3.2961468599996806,
    3.286952172999918
  ],
  "prusti-tests/tests/verify/pass/quick/shared-borrows.rs": [
    2.0883146569999553,
    2.0353926560001128,
    2.01247352900009,
    2.1080402270004015,
    2.0448258030000943,
    2.0244531660000575,
    2.130213917999754,
    2.129503019999902,
    2.1276294670001334,
    2.1307908439998755
  ],
  "prusti-tests/tests/verify/pass/quick/trait-contracts-refinement.rs": [
    2.0626860600000327,
    1.9336932299997898,
    1.8287695789999816,
    1.8910515120001037,
    1.8806383899996035,
    1.8388210150001214,
    1.9040704050003114,
    1.8904168030003348,
    1.8462814179997622,
    1.922838124000009
  ],
  "prusti-tests/tests/verify/pass/quick/routes.rs": [
    5.767435672999909,
    5.4909943469997415,
    5.383641828000236,
    5.425373481999941,
    5.332766811000056,
    5.2293449669996335,
    5.493734331000269,
    5.433113434000006,
    5.216833230999782,
    5.323716045999845
  ],
  "prusti-tests/tests/verify/pass/quick/fibonacci.rs": [
    7.01583031600012,
    7.3122567430000345,
    7.713863409000169,
    7.759723852999741,
    7.818632139999863,
    7.678611076999914,
    7.4765498940000725,
    7.606269930000053,
    7.937694612000087,
    7.876128825000251
  ],
  "prusti-tests/tests/verify/pass/pure-fn/len-lookup.rs": [
    4.3307735889998185,
    4.292586096999912,
    4.346402145999946,
    4.499976376000177,
    4.262011705000077,
    4.414321455999925,
    4.339298737999798,
    4.195173488999899,
    4.210295374999987,
    4.306003733000125
  ],
  "prusti-tests/tests/verify/pass/pure-fn/quantifiers.rs": [
    2.6792482400001063,
    2.715535182000167,
    2.636821919999875,
    2.6385137170000235,
    2.6606768619999457,
    2.722955972999898,
    2.735790122000253,
    2.5887934929996845,
    2.778207645999828,
    2.6838437030000932
  ],
  "prusti-tests/tests/verify/pass/pure-fn/recursive-pure-fn.rs": [
    2.367802019999999,
    2.3579235739998694,
    2.3160391019996496,
    2.2870394130000022,
    2.2938209080002707,
    2.3551400020000983,
    2.412082121000367,
    2.297135403000084,
    2.372777561000021,
    2.444672867999998
  ],
  "prusti-tests/tests/verify/pass/pure-fn/ref-mut-arg.rs": [
    3.556543912000052,
    3.3286512290001156,
    3.4913796289997663,
    3.3701888349996807,
    3.5346402830000443,
    3.6331090170001517,
    3.4821102440000686,
    3.5727978889999576,
    3.4827401929996995,
    3.5559683270003006
  ],
  "prusti-tests/tests/verify/pass/rosetta/Ackermann_function.rs": [
    2.352837249000004,
    2.488205460000245,
    2.296688831999745,
    2.331551019000017,
    2.322010475999832,
    2.289571849999902,
    2.2934191290000854,
    2.3654651560000275,
    2.329164044999743,
    3.1693352199999936
  ],
  "prusti-tests/tests/verify/pass/rosetta/Heapsort.rs": [
    14.960390664999977,
    14.982199678999677,
    14.609658192000097,
    14.380928217000019,
    13.875239092999891,
    14.311683509999966,
    13.593870358000004,
    13.59457367899995,
    14.601569196000128,
    14.236725535000005
  ]
}