{
  "prusti-tests/tests/verify/pass/rosetta/Knuth_shuffle.rs": [
    2.4631198929999982,
    2.0460808310000402,
    2.018102413999941,
    1.9201198550000527,
    1.894799710999905,
    1.9315626779998638,
    1.8969257549999838,
    1.9031958590001068,
    1.838159730000143,
    1.792627720999917
  ],
  "prusti-tests/tests/verify/pass/demos/account.rs": [
    1.6251944069999809,
    1.6792087439998795,
    1.6755945410000095,
    1.6423464479998984,
    1.6277808499999082,
    1.617598641999848,
    1.630951153000069,
    1.68616919100009,
    1.6401378420000583,
    1.6200705440001002
  ],
  "prusti-tests/tests/verify/pass/rosetta/Knights_tour.rs": [
    98.16728292700009,
    104.49024132799991,
    96.53257192900014,
    95.09912124899984,
    93.08849979699994,
    95.83698172999993,
    94.63615347400014,
    100.57040897299999,
    108.03307302200005,
    101.16122931399991
  ],
  "prusti-tests/tests/verify/pass/quick/fold-unfold.rs": [
    1.1577925960000357,
    1.1649084009998205,
    1.1675689109999894,
    1.1960432369999126,
    1.137069585000063,
    1.1568765019999319,
    1.1622060069998952,
    1.1266374769998038,
    1.245407578999675,
    1.1291283949999524
  ],
  "prusti-tests/tests/verify/pass/quick/moves.rs": [
    1.36942308100015,
    1.401264906999586,
    1.3795131900001252,
    1.3733236839998426,
    1.400153906000014,
    1.3846434800002498,
    1.3888308840000718,
    1.4038187969999854,
    1.389270384000156,
    1.3574404569999388
  ],
  "prusti-tests/tests/verify/pass/quick/mut-borrows.rs": [
    2.7149805359999846,
    2.6479421040003217,
    2.682275226999991,
    2.660546277999856,
    2.68855104100021,
    2.6484566119997908,
    2.6136098070001026,
    2.6123072200002753,
    2.6525737489996573,
    2.595990792000066
  ],
  "prusti-tests/tests/verify/pass/quick/shared-borrows.rs": [
    1.689472601000034,
    1.6746140909999667,
    1.6630796839999675,
    1.6688156969999,
    1.65369525899996,
    1.6431484509998882,
    1.695722590999594,
    1.6951161910001247,
    1.653251358000034,
    1.6512983560000976
  ],
  "prusti-tests/tests/verify/pass/quick/trait-contracts-refinement.rs": [
    1.474159021000105,
    1.4648725140000352,
    1.4445654979999745,
    1.4403316960001575,
    1.440849794999849,
    1.4487870009998005,
    1.4541583049999645,
    1.4705384180001602,
    1.4642923129999872,
    1.4459693990002052
  ],
  "prusti-tests/tests/verify/pass/quick/routes.rs": [
    4.3940440400001535,
    4.1875862609999785,
    3.96580826599984,
    3.9502177129998017,
    4.0647854100002405,
    3.9881311640001513,
    3.932052648000081,
    3.919102140999712,
    4.009447812999952,
    4.1326847010000165
  ],
  "prusti-tests/tests/verify/pass/quick/fibonacci.rs": [
    4.9581937980001385,
    4.994556514000124,
    4.9929973050002445,
    4.953802816000007,
    4.961638918000062,
    4.9163266810001005,
    4.953259409000111,
    4.972271721999732,
    4.974596822999956,
    4.95589580800015
  ],
  "prusti-tests/tests/verify/pass/pure-fn/len-lookup.rs": [
    2.921243725000295,
    2.93427153499988,
    2.934667934999652,
    2.9178011230001175,
    2.9012273089997507,
    2.9467684400001417,
    2.9062214099999437,
    2.9089572990001216,
    2.8957182850003846,
    2.93005870900015
  ],
  "prusti-tests/tests/verify/pass/pure-fn/quantifiers.rs": [
    1.8123195859998305,
    1.8151916870001514,
    1.7891359680002097,
    1.7809517619998587,
    1.7867842519999613,
    1.7772010300000147,
    1.7768487299999833,
    1.7731923269998333,
    1.7977850449997277,
    1.78214724999998
  ],
  "prusti-tests/tests/verify/pass/pure-fn/recursive-pure-fn.rs": [
    1.5926733180003794,
    1.5846050119998836,
    1.5791022090002116,
    1.5806283069996425,
    1.566667308000433,
    1.5759533149998788,
    1.5783901160002642,
    1.5846940209999048,
    1.575335313999858,
    1.580525544000011
  ],
  "prusti-tests/tests/verify/pass/pure-fn/ref-mut-arg.rs": [
    2.3510235550002108,
    2.334955044999788,
    2.326146761000018,
    2.332103121000273,
    2.3071933129999707,
    2.3208205720002297,
    2.3202719999999317,
    2.3140425380001943,
    2.3121534359997895,
    2.3081714969998757
  ],
  "prusti-tests/tests/verify/pass/rosetta/Ackermann_function.rs": [
    1.6203523009999117,
    1.6445138189997124,
    1.618540399000267,
    1.6185681990000376,
    1.6285380829999667,
    1.6224749549996886,
    1.6220743539997784,
    1.6173406519997116,
    1.6160420500000328,
    1.6205234389999532
  ],
  "prusti-tests/tests/verify/pass/rosetta/Heapsort.rs": [
    9.062533925000025,
    9.072661584999878,
    9.034362967999641,
    9.048215120999885,
    9.031945165999787,
    9.039651989000049,
    9.006364277999637,
    9.028491574000327,
    9.018098484000348,
    8.972958496000047
  ]
}