{
  "prusti-tests/tests/verify/pass/rosetta/Knuth_shuffle.rs": [
    2.4641610670000773,
    2.106482849000031,
    1.9811462850000225,
    2.005585052000015,
    2.124050462000014,
    1.9916289180000604,
    2.0797634589999916,
    1.9181116680000514,
    1.9657346169999528,
    2.067246618000013
  ],
  "prusti-tests/tests/verify/pass/demos/account.rs": [
    0.7478008429999363,
    0.7855599949999714,
    0.7667014620000145,
    0.8446639000000005,
    0.7956825039999558,
    0.7584356510000134,
    0.7442099749999898,
    0.824454037999999,
    0.7531746749999684,
    0.7872680820000824
  ]
}