{
  "prusti-tests/tests/verify/pass/rosetta/Knuth_shuffle.rs": [
    2.990619085000162,
    2.6089735099999416,
    2.7480280130000665,
    2.6857633869999518,
    2.7269013220000033,
    2.691277712999863,
    2.4989272699999674,
    2.687258196999892,
    2.618509839999888,
    2.669978730000139
  ],
  "prusti-tests/tests/verify/pass/demos/account.rs": [
    2.2170111779998933,
    2.205370953000056,
    2.1876010529999803,
    2.328764762999981,
    2.3124512459999096,
    2.1442125910000414,
    2.3468536529999255,
    2.3391732380000576,
    2.3648926639998535,
    2.505729704999794
  ],
  "prusti-tests/tests/verify/pass/rosetta/Knights_tour.rs": [
    146.5948133070001,
    144.87083544999973,
    145.21277331300007,
    146.42321134099984,
    143.80407327400007,
    147.05110005899996,
    146.32531242000005,
    143.08566694399997,
    147.1975612209999,
    142.52020432900008
  ],
  "prusti-tests/tests/verify/pass/quick/fold-unfold.rs": [
    1.601626914999997,
    1.6148753209999995,
    1.586343434000355,
    1.4992575509995731,
    1.4424752089998947,
    1.4747417650000898,
    1.520828815999721,
    1.5239875520001078,
    1.473412074999942,
    1.4797283969996897
  ],
  "prusti-tests/tests/verify/pass/quick/moves.rs": [
    1.8104178580001644,
    1.7723027609999917,
    1.9010118470000634,
    1.897808941999756,
    1.8035254659998827,
    1.8509142549996795,
    1.8261309730000903,
    1.725814666000133,
    1.7811154800001532,
    1.68379857500031
  ],
  "prusti-tests/tests/verify/pass/quick/mut-borrows.rs": [
    3.562136114000168,
    3.9356011439999747,
    3.5540964329998133,
    3.6488225020002574,
    3.574373199999627,
    3.6108935470001597,
    3.6283139870001833,
    3.5771114879999004,
    3.661172349000026,
    3.760589414000151
  ],
  "prusti-tests/tests/verify/pass/quick/shared-borrows.rs": [
    2.3650725940001394,
    2.344588537999698,
    2.375931758999741,
    2.2281989620000786,
    2.382599061000292,
    2.266417337000348,
    2.2545086219997756,
    2.2943686739999976,
    2.2478816550001284,
    2.288929656000164
  ],
  "prusti-tests/tests/verify/pass/quick/trait-contracts-refinement.rs": [
    2.188813432000188,
    2.0469010540000454,
    2.0706133799999407,
    2.011521593999987,
    2.0059462879999046,
    2.3050666440003624,
    2.2656361910003397,
    2.310937445000036,
    2.2067680219997783,
    2.2047228400001586
  ],
  "prusti-tests/tests/verify/pass/quick/routes.rs": [
    6.438285972999893,
    6.028199273000155,
    5.823616152999875,
    5.763993239000229,
    5.8773004510003375,
    5.896998644000178,
    5.9150777320001,
    6.033536617999744,
    5.97057986200025,
    5.988196598999821
  ],
  "prusti-tests/tests/verify/pass/quick/fibonacci.rs": [
    7.823845237000114,
    8.242370103999747,
    8.510777363000216,
    7.737326830999791,
    7.7035608340002,
    7.97386225199989,
    7.931084752000061,
    7.563152311000067,
    7.0792944550003085,
    7.572161446999871
  ],
  "prusti-tests/tests/verify/pass/pure-fn/len-lookup.rs": [
    4.074955762999707,
    4.476828239000042,
    4.421339979000095,
    4.3213431969998055,
    4.222793780000302,
    4.060648253000181,
    4.375353557999915,
    4.152296831000058,
    4.270560162000038,
    4.1382547729999715
  ],
  "prusti-tests/tests/verify/pass/pure-fn/quantifiers.rs": [
    2.721436738999728,
    2.6224599140000464,
    2.6457387710001967,
    2.682600191000347,
    2.566908882000007,
    2.554932277000262,
    2.512781539000116,
    2.665705364999667,
    2.653804865999973,
    2.6544546650002303
  ],
  "prusti-tests/tests/verify/pass/pure-fn/recursive-pure-fn.rs": [
    2.4076178550003533,
    2.3014563809997526,
    2.2345075869998254,
    2.2361993609997626,
    2.278045405999819,
    2.279789809000249,
    2.191474368999934,
    2.196555748999799,
    2.269734537000204,
    2.3119852659997377
  ],
  "prusti-tests/tests/verify/pass/pure-fn/ref-mut-arg.rs": [
    3.7099236610001753,
    4.1345696829998815,
    4.036634071000208,
    3.6642710149999402,
    3.5240860220001196,
    3.7503546309999365,
    3.6104018949999954,
    3.745152182000311,
    3.9155780820001382,
    3.8345198910001272
  ],
  "prusti-tests/tests/verify/pass/rosetta/Ackermann_function.rs": [
    2.7705488000001424,
    2.5722726220001277,
    2.4654558490001364,
    2.3457133929996417,
    2.4034560380000585,
    2.316082870000173,
    2.3176054720001957,
    2.3513479939997524,
    2.3410846809997565,
    2.279564864000349
  ],
  "prusti-tests/tests/verify/pass/rosetta/Heapsort.rs": [
    14.85688504699965,
    14.467882865999854,
    14.622122693000165,
    14.619988520999868,
    15.204070281999975,
    14.70413104499994,
    15.251155389999894,
    15.681599961000302,
    15.344368877000306,
    15.376332128000286
  ]
}