{
  "prusti-tests/tests/verify/pass/rosetta/Knuth_shuffle.rs": [
    2.1019394170000396,
    1.7972749909999948,
    1.769514187000027,
    1.7086040599999706,
    1.7085330599999224,
    1.6477068330000293,
    1.6986816539999836,
    1.6727007410000851,
    1.5885189040000114,
    1.6327039230000082
  ],
  "prusti-tests/tests/verify/pass/demos/account.rs": [
    0.952699622999944,
    0.8990347989999918,
    0.8053318659999604,
    0.8668903939999382,
    0.8149471710000853,
    0.870119195000143,
    0.8389442820000568,
    0.7836225559999548,
    0.8043412659999376,
    0.7866276580000431
  ],
  "prusti-tests/tests/verify/pass/rosetta/Knights_tour.rs": [
    101.61508739800001,
    100.54918673399993,
    98.95328588699999,
    101.14573559399992,
    99.68045394,
    100.73334211999986,
    97.27215432699995,
    102.28726244200016,
    99.09090934899996,
    100.12267451799994
  ],
  "prusti-tests/tests/verify/pass/quick/fold-unfold.rs": [
    0.5574061419999907,
    0.5002290269999321,
    0.5397427979999065,
    0.5671070429998508,
    0.5341246450000199,
    0.5346200460001,
    0.5280025460001525,
    0.5142869479998353,
    0.5230595470000026,
    0.5470065439999416
  ],
  "prusti-tests/tests/verify/pass/quick/moves.rs": [
    0.5307777470000019,
    0.5214804469999308,
    0.5173269470001287,
    0.5299809460000233,
    0.5706568420000622,
    0.5244539469999836,
    0.5140086479998445,
    0.5025372479999533,
    0.5245565990001069,
    0.5595217059999413
  ],
  "prusti-tests/tests/verify/pass/quick/mut-borrows.rs": [
    0.8960225690000243,
    0.8672608639999453,
    0.9514335789999677,
    0.8022303519999241,
    0.8219488550000733,
    0.8298243569997794,
    0.8141035529999954,
    0.8850996639998812,
    0.8065541409998787,
    0.8008872399996108
  ],
  "prusti-tests/tests/verify/pass/quick/shared-borrows.rs": [
    0.6186514080000052,
    0.6410515120001037,
    0.6106170069997461,
    0.5801703010001802,
    0.7121576249996906,
    0.5884803029998693,
    0.5687981989999571,
    0.6494773129998066,
    0.6147106080002231,
    0.5896078369996758
  ],
  "prusti-tests/tests/verify/pass/quick/trait-contracts-refinement.rs": [
    0.9501897089999147,
    0.7884951880000699,
    0.8200488120000955,
    0.8388200259996665,
    0.7744351780002035,
    0.8241940150001028,
    0.8897312640001473,
    0.7890274879996468,
    0.8168503100000635,
    0.8451363169997421
  ],
  "prusti-tests/tests/verify/pass/quick/routes.rs": [
    2.608500954000192,
    2.3329149579999466,
    2.35852987699991,
    2.3221569019997332,
    2.327831968999817,
    2.239505782999913,
    2.309608338000089,
    2.3782918649999374,
    2.1735047219999615,
    2.2581365809996896
  ],
  "prusti-tests/tests/verify/pass/quick/fibonacci.rs": [
    2.257893912000327,
    2.2032911780001996,
    2.1246810220000043,
    2.049836715999845,
    2.1168493380000655,
    2.060527008000008,
    2.1009432300002118,
    2.1152933750004195,
    2.2419769299999643,
    2.2410255300001154
  ],
  "prusti-tests/tests/verify/pass/pure-fn/len-lookup.rs": [
    1.036053914999684,
    1.0021134939997864,
    1.0911934299997483,
    1.1430728059999637,
    1.0763423710000097,
    1.1658022179999534,
    1.0754476699999032,
    1.0908151789999465,
    1.1107929889999468,
    1.0444999540000026
  ],
  "prusti-tests/tests/verify/pass/pure-fn/quantifiers.rs": [
    0.9425424529999873,
    1.0095017839998945,
    0.8824119230002907,
    0.8975664309996318,
    0.9377595500000098,
    0.8922126279999247,
    0.9399351510000997,
    0.9281192459998238,
    0.9448923489999288,
    0.879373158999897
  ],
  "prusti-tests/tests/verify/pass/pure-fn/recursive-pure-fn.rs": [
    0.7837997409997115,
    0.7533382350002285,
    0.6837706239998624,
    0.6923117239998646,
    0.893539760999829,
    0.7365731330000926,
    0.7277583310001319,
    0.7588094369998544,
    0.7196181290000823,
    0.7033723469999131
  ],
  "prusti-tests/tests/verify/pass/pure-fn/ref-mut-arg.rs": [
    0.9440075380002781,
    0.8798031159999482,
    0.8766758140000093,
    0.9311712339999758,
    0.8739366130002963,
    0.8786099149997426,
    0.8654253099998641,
    0.8184766929998659,
    0.9181639460002771,
    0.8319791909998457
  ],
  "prusti-tests/tests/verify/pass/rosetta/Ackermann_function.rs": [
    0.9473979180002061,
    1.0102870320001784,
    0.9498298180001257,
    0.8780271010000433,
    0.9268796129999828,
    0.9884882269998343,
    0.9294199089999893,
    0.9524328110001079,
    0.8765615449997313,
    0.8686648599996261
  ],
  "prusti-tests/tests/verify/pass/rosetta/Heapsort.rs": [
    5.826666232999742,
    5.431136094000067,
    5.792138793000049,
    5.35185521800031,
    5.169190367999818,
    5.017555981999976,
    5.254576897999868,
    5.445760663000328,
    5.574340355000004,
    5.131866017999982
  ]
}