{
  "prusti-tests/tests/verify/pass/rosetta/Knuth_shuffle.rs": [
    1.8119309439999824,
    1.453026604999991,
    1.4339758340000799,
    1.425513365000029,
    1.3866005529999939,
    1.3820435929999348,
    1.3502868839999564,
    1.4289363190000586,
    1.3651731449999716,
    1.3288359250000212
  ],
  "prusti-tests/tests/verify/pass/demos/account.rs": [
    0.7614468010000337,
    0.6837938900000609,
    0.7478293069999609,
    0.7002603260000342,
    0.7658015639999576,
    0.6748310609999635,
    0.7337200040000198,
    0.708312732999957,
    0.7463805759999786,
    0.6653440159999491
  ],
  "prusti-tests/tests/verify/pass/rosetta/Knights_tour.rs": [
    85.35749108599998,
    83.21713021699998,
    81.44364665600006,
    82.45271594299993,
    84.30953730099986,
    81.06476914399991,
    82.58336790900012,
    83.3963778389998,
    82.99832216999994,
    84.12052007199986
  ],
  "prusti-tests/tests/verify/pass/quick/fold-unfold.rs": [
    0.4696309870000732,
    0.49889127199980976,
    0.46480068799996843,
    0.47318810799993116,
    0.48159472700012884,
    0.476322552000056,
    0.49688774299988836,
    0.4655817999998817,
    0.46945785399998385,
    0.4693110529999558
  ],
  "prusti-tests/tests/verify/pass/quick/moves.rs": [
    0.475681343000133,
    0.49503991799997493,
    0.4804464110000026,
    0.48497407399986514,
    0.4750498339999467,
    0.4906844549998368,
    0.47259561900000335,
    0.49522404300000744,
    0.47658497100019304,
    0.4857439049999357
  ],
  "prusti-tests/tests/verify/pass/quick/mut-borrows.rs": [
    0.755429248999917,
    0.8016226239999469,
    0.7439977809999618,
    0.6914496130000316,
    0.7541549300001407,
    0.6958865779999996,
    0.7244560960000399,
    0.7593466060000083,
    0.7079455739999503,
    0.7417931909999425
  ],
  "prusti-tests/tests/verify/pass/quick/shared-borrows.rs": [
    0.523416030999897,
    0.533417972000052,
    0.5299852230000397,
    0.5698518819999663,
    0.5579659149998406,
    0.5088898279998375,
    0.5230137260000447,
    0.5548294719999376,
    0.5361419099999694,
    0.5208870959997967
  ],
  "prusti-tests/tests/verify/pass/quick/trait-contracts-refinement.rs": [
    0.8120813749999343,
    0.7518906319999132,
    0.7092895430000681,
    0.7199011860000155,
    0.732294765000006,
    0.6891532419999749,
    0.6891465429998789,
    0.7637029180000354,
    0.6821908429999439,
    0.7160297310001624
  ],
  "prusti-tests/tests/verify/pass/quick/routes.rs": [
    2.4073322309998275,
    2.122592258000168,
    1.9728396279999743,
    2.5353392770000482,
    1.910616710000113,
    1.8610483109998768,
    2.500363254999911,
    2.0120882950000123,
    1.9940334320001512,
    1.912126545000092
  ],
  "prusti-tests/tests/verify/pass/quick/fibonacci.rs": [
    2.034422114000108,
    1.9889221549999547,
    1.889680252999824,
    1.847023591999914,
    1.880900777999841,
    1.7379875279998487,
    1.94879035200006,
    1.9225839020000421,
    1.8676848140000857,
    1.7818950820001191
  ],
  "prusti-tests/tests/verify/pass/pure-fn/len-lookup.rs": [
    0.8871107359998405,
    0.9267799059998652,
    0.854343751999977,
    0.9139046669999971,
    0.8640937540001232,
    0.9056234489999042,
    0.83903529600002,
    0.9115694330000679,
    0.8413274289998753,
    0.9247292210000069
  ],
  "prusti-tests/tests/verify/pass/pure-fn/quantifiers.rs": [
    0.7654814449999776,
    0.8272009290001279,
    0.7752495830000043,
    0.8093904759998622,
    0.7624502989999655,
    0.7685110859999895,
    0.814377248000028,
    0.7512129369999911,
    0.7988296240000636,
    0.7504935269998896
  ],
  "prusti-tests/tests/verify/pass/pure-fn/recursive-pure-fn.rs": [
    0.5917880370000148,
    0.6488661600001251,
    0.597554012000046,
    0.5909623320001174,
    0.5880029969998759,
    0.6515711419999661,
    0.6106134609999572,
    0.6108327639999516,
    0.637679179000088,
    0.5954216840000299
  ],
  "prusti-tests/tests/verify/pass/pure-fn/ref-mut-arg.rs": [
    0.7238810930000454,
    0.774651712999912,
    0.7338721290000194,
    0.7365993670000535,
    0.7697386580000511,
    0.7153303759998835,
    0.7585238029998891,
    0.723159090000081,
    0.7155905800000255,
    0.7727378089998638
  ],
  "prusti-tests/tests/verify/pass/rosetta/Ackermann_function.rs": [
    0.7885451390000071,
    0.8042384660000153,
    0.8146886170000016,
    0.8227948360001847,
    0.796288850999872,
    0.9132944209998186,
    0.871781589999955,
    0.8085852849999355,
    0.8060739489999378,
    0.9219309079999221
  ],
  "prusti-tests/tests/verify/pass/rosetta/Heapsort.rs": [
    4.847734008000089,
    4.493406905000029,
    4.5313521709999804,
    4.392045466999889,
    4.6148361830000795,
    4.568986131999964,
    4.467754603000003,
    4.66963415400005,
    4.566730090999954,
    4.643546162999883
  ]
}