{
  "prusti-tests/tests/verify/pass/rosetta/Knuth_shuffle.rs": [
    2.3373181810000005,
    2.028926575000014,
    1.9866994079998221,
    2.0008834679999836,
    1.9550747349999256,
    1.977506842999901,
    1.9555804440001339,
    1.9067870540000058,
    1.9311429970000518,
    1.926758417000201
  ],
  "prusti-tests/tests/verify/pass/demos/account.rs": [
    1.7486237800001163,
    1.7837229310000566,
    1.7796260580000762,
    1.7418570710001404,
    1.7579849639998884,
    1.7618704630001503,
    1.755851501000052,
    1.7803684479999902,
    1.7341174050000063,
    1.722317989999965
  ],
  "prusti-tests/tests/verify/pass/rosetta/Knights_tour.rs": [
    108.52808597600006,
    106.18224383400002,
    109.45725062299994,
    106.08672453200006,
    107.44546779099983,
    105.932836361,
    107.2242269620001,
    107.1618210290003,
    108.74061092900001,
    107.26240221099988
  ],
  "prusti-tests/tests/verify/pass/quick/fold-unfold.rs": [
    1.1818776839995735,
    1.1679619299998194,
    1.1637841530000514,
    1.1606306949997816,
    1.1656706869998743,
    1.1578676449998966,
    1.1622046160000536,
    1.1626124109998273,
    1.1830252839999957,
    1.1741906219999692
  ],
  "prusti-tests/tests/verify/pass/quick/moves.rs": [
    1.4175464620002458,
    1.430362395999964,
    1.4266983380002785,
    1.425198946999899,
    1.4078678299997591,
    1.4028660379999565,
    1.3994730770000388,
    1.4146362540000155,
    1.408188280000104,
    1.4086478020003597
  ],
  "prusti-tests/tests/verify/pass/quick/mut-borrows.rs": [
    2.798428334000164,
    2.796604928999841,
    2.8176046369999312,
    2.805544460999954,
    2.7881899450003402,
    2.804071208000096,
    2.785489161999976,
    2.7809982050002873,
    2.7952266160000363,
    2.779695332999836
  ],
  "prusti-tests/tests/verify/pass/quick/shared-borrows.rs": [
    1.7579537220003658,
    1.7622117359996992,
    1.76925066900003,
    1.7646169839999857,
    1.7702878870004497,
    1.7542013349998342,
    1.7607845319998887,
    1.7590249009999752,
    1.7569640629999412,
    1.7656523220002782
  ],
  "prusti-tests/tests/verify/pass/quick/trait-contracts-refinement.rs": [
    1.6051598740000372,
    1.5826972340000793,
    1.5937348349998501,
    1.575407300000279,
    1.5755254030000287,
    1.556074059000366,
    1.5629438490000211,
    1.569138460999966,
    1.5724106210000173,
    1.5512384369999381
  ],
  "prusti-tests/tests/verify/pass/quick/routes.rs": [
    4.807479360999878,
    4.485565640999994,
    4.359709185000156,
    4.327277987999878,
    4.283717778999744,
    4.303310767999847,
    4.336213798000244,
    4.2663254490003055,
    4.296732811999846,
    4.2569468950000555
  ],
  "prusti-tests/tests/verify/pass/quick/fibonacci.rs": [
    5.422465011999975,
    5.466259608999735,
    5.395749414999955,
    5.428660143999878,
    5.468655644000137,
    5.421026785999857,
    5.394565691000025,
    5.421509912000147,
    5.394974837000063,
    5.399123516000145
  ],
  "prusti-tests/tests/verify/pass/pure-fn/len-lookup.rs": [
    3.1481337489999532,
    3.1532954159997644,
    3.1496239400003105,
    3.140155539999796,
    3.143078353999954,
    3.1428774840001097,
    3.140626654999778,
    3.1944694799999525,
    3.119652039000357,
    3.167834888000016
  ],
  "prusti-tests/tests/verify/pass/pure-fn/quantifiers.rs": [
    1.9393336350003665,
    1.9162768420001157,
    1.9267833750000136,
    1.9234685730002639,
    1.9165324620003048,
    1.9275215019997631,
    1.931815657000243,
    1.9061664139999266,
    1.923474750999958,
    1.9420352789998105
  ],
  "prusti-tests/tests/verify/pass/pure-fn/recursive-pure-fn.rs": [
    1.7154835930000445,
    1.7165352060001169,
    1.7254503110002588,
    1.7099993000001632,
    1.717147291999936,
    1.7133200429998396,
    1.7169677900001261,
    1.6992560429998775,
    1.714895935000186,
    1.708072648000325
  ],
  "prusti-tests/tests/verify/pass/pure-fn/ref-mut-arg.rs": [
    2.5545546739999736,
    2.5415084400001433,
    2.5302618030000303,
    2.5616472050000993,
    2.5572215510001115,
    2.5416437539997787,
    2.547541829000238,
    2.531722283000363,
    2.5665384310000263,
    2.5743816290000723
  ],
  "prusti-tests/tests/verify/pass/rosetta/Ackermann_function.rs": [
    1.7825089670000125,
    1.7782252910001262,
    1.786099792999721,
    1.7946012030001839,
    1.7745438440001635,
    1.7784051469998303,
    1.7796053869997195,
    1.781182008000087,
    1.786762679000276,
    1.7769728190000933
  ],
  "prusti-tests/tests/verify/pass/rosetta/Heapsort.rs": [
    10.205098943999928,
    10.171238521000305,
    10.1119905380001,
    10.115960850999727,
    10.197995748000267,
    10.11693844399997,
    10.091487336000228,
    10.068571370999962,
    10.090126062999843,
    10.144789327000126
  ]
}