{
  "prusti-tests/tests/verify/pass/rosetta/Knuth_shuffle.rs": [
    3.2346684079999477,
    0.3944865649999656,
    0.39145483000004333,
    0.37741077099997256,
    0.38170121899997866,
    0.3788860879999447,
    0.37750057200003084,
    0.3836028409999699,
    0.3784808839999414,
    0.39105242499999804
  ],
  "prusti-tests/tests/verify/pass/demos/account.rs": [
    2.8373660099999825,
    0.15578556000002663,
    0.15576315700002397,
    0.15219471600005363,
    0.15330922900000132,
    0.15089540199994644,
    0.15355473200008873,
    0.15259922099994583,
    0.15840388599997368,
    0.14825207199999113
  ],
  "prusti-tests/tests/verify/pass/rosetta/Knights_tour.rs": [
    120.383316294,
    2.6491255089999868,
    2.592330157000106,
    2.6092341510000097,
    2.6112401730001693,
    2.595327790999818,
    2.593791678999878,
    2.6034864980001657,
    2.6287897869999597,
    2.598728440000059
  ],
  "prusti-tests/tests/verify/pass/quick/fold-unfold.rs": [
    1.6360908829999516,
    0.12009817900002417,
    0.11809945599998173,
    0.11781875199994829,
    0.11709154499999386,
    0.11513342100010959,
    0.11629553500006296,
    0.11470051700007389,
    0.11406091000003471,
    0.11758445000009488
  ],
  "prusti-tests/tests/verify/pass/quick/moves.rs": [
    1.8541252859999986,
    0.11373900600005982,
    0.11453071500000078,
    0.1151045219999105,
    0.11712264400011918,
    0.11152028100013922,
    0.11049996800011286,
    0.11349930300002598,
    0.11616093399993588,
    0.11429011200016248
  ],
  "prusti-tests/tests/verify/pass/quick/mut-borrows.rs": [
    3.6889758419999907,
    0.1799211649999961,
    0.18412301300008949,
    0.18327300300006755,
    0.18803375799984678,
    0.18007576699983474,
    0.18077437499982807,
    0.18161258400004954,
    0.18071107400010078,
    0.18509942399987267
  ],
  "prusti-tests/tests/verify/pass/quick/shared-borrows.rs": [
    2.245895373999929,
    0.10894375099996978,
    0.10718653000003542,
    0.10793723799997679,
    0.10812293999993017,
    0.10729263200005335,
    0.10797593899997082,
    0.1088111479998588,
    0.10772763700015275,
    0.10800283899993701
  ],
  "prusti-tests/tests/verify/pass/quick/trait-contracts-refinement.rs": [
    1.9441426099999717,
    0.15856861899987962,
    0.1575654079999822,
    0.15759480900010203,
    0.15677229899984013,
    0.1588985230000617,
    0.15733990500007167,
    0.15739440599986665,
    0.15755080799999632,
    0.158261616000118
  ],
  "prusti-tests/tests/verify/pass/quick/routes.rs": [
    6.546762425999987,
    0.3884834590000992,
    0.41604117600013524,
    0.39382612100007464,
    0.42469787499999256,
    0.39045428200006427,
    0.3885178599998653,
    0.39386072100001,
    0.3970239580000907,
    0.3945944289998806
  ],
  "prusti-tests/tests/verify/pass/quick/fibonacci.rs": [
    0.44100986200010084,
    0.4070453730000736,
    0.41082381599994733,
    0.40883889299993825,
    0.40601495999999315,
    0.4278537109998979,
    0.4096506020000561,
    0.40838638800005356,
    0.41003920000002836,
    0.4404879459998483
  ],
  "prusti-tests/tests/verify/pass/pure-fn/len-lookup.rs": [
    4.561949059999961,
    0.2567549410000538,
    0.2518421849999868,
    0.2426325800001905,
    0.254300313000158,
    0.2563162359999751,
    0.24053705599999375,
    0.24115186299991365,
    0.24357029099996907,
    0.24588111699995352
  ],
  "prusti-tests/tests/verify/pass/pure-fn/quantifiers.rs": [
    2.78174578800008,
    0.21755769500009592,
    0.21561507199999141,
    0.21721779000017705,
    0.21865550699999403,
    0.21477806300003977,
    0.2221897470001295,
    0.21641038100005972,
    0.2152629679999336,
    0.22448027399991588
  ],
  "prusti-tests/tests/verify/pass/pure-fn/recursive-pure-fn.rs": [
    2.4673801889998686,
    0.17050675499990575,
    0.17987636199995904,
    0.16953674399996999,
    0.18108267599995997,
    0.17692882799997278,
    0.17091535999998086,
    0.17235047600001963,
    0.1734105880000243,
    0.17060125699981654
  ],
  "prusti-tests/tests/verify/pass/pure-fn/ref-mut-arg.rs": [
    3.683265040000151,
    0.21681068699990647,
    0.2179435000000467,
    0.20622546499998862,
    0.21791359899998497,
    0.2215948410000692,
    0.2115501260000201,
    0.22021832600012203,
    0.20455774499987456,
    0.20707517400001052
  ],
  "prusti-tests/tests/verify/pass/rosetta/Ackermann_function.rs": [
    2.3369105969998145,
    0.24828564399990682,
    0.2487418499999876,
    0.2534346039999491,
    0.2548560190000444,
    0.25444001500000013,
    0.24912995499994395,
    0.24847634599996127,
    0.2503484680000838,
    0.248400945999947
  ],
  "prusti-tests/tests/verify/pass/rosetta/Heapsort.rs": [
    11.684827662000089,
    1.1076972890000434,
    1.1113106299999345,
    1.1082822959999703,
    1.1711048149998078,
    1.118671815000198,
    1.1890685209998537,
    1.1046395550001762,
    1.0981681800001297,
    1.1118116370000735
  ]
}