{
  "prusti-tests/tests/verify/pass/rosetta/Knuth_shuffle.rs": [
    2.2580396419999715,
    1.9976523540000244,
    1.9583861890000662,
    1.8167167270000846,
    1.9167072750000216,
    1.8314729940000234,
    1.6810255759999109,
    1.7163760159999129,
    1.729987704999985,
    1.783749766000028
  ],
  "prusti-tests/tests/verify/pass/demos/account.rs": [
    0.9749884949999341,
    0.992089309999983,
    0.948915718999956,
    0.9286684819999209,
    0.9731001819999392,
    0.9394132459999582,
    0.8787347090000139,
    0.952933006999956,
    0.9057524900000544,
    0.8609114879999424
  ],
  "prusti-tests/tests/verify/pass/rosetta/Knights_tour.rs": [
    108.23494948799998,
    109.83808498400003,
    103.34266694799999,
    110.37882114900003,
    111.46445421500016,
    103.00041795700008,
    111.95311438700014,
    106.35637598499989,
    105.80612436599995,
    111.53802062799991
  ],
  "prusti-tests/tests/verify/pass/quick/fold-unfold.rs": [
    0.5686213349999889,
    0.6183951620000698,
    0.583523932999924,
    0.6305927420000899,
    0.6074320899999748,
    0.573695669000017,
    0.6079486339999676,
    0.5657508659999166,
    0.6172100080000291,
    0.6064742360001674
  ],
  "prusti-tests/tests/verify/pass/quick/moves.rs": [
    0.6248065579998183,
    0.647935211999993,
    0.6429095789999337,
    0.6350937260001501,
    0.6402981619999082,
    0.6615328019997833,
    0.6459461990000364,
    0.6482178140001906,
    0.6421605699999873,
    0.6204601770000409
  ],
  "prusti-tests/tests/verify/pass/quick/mut-borrows.rs": [
    1.0081657240000368,
    1.066510707000134,
    1.000302672000089,
    0.9301926109999386,
    0.9407010810000429,
    1.0117427469999711,
    0.9256107809999321,
    0.9383622569998806,
    0.9671915390001686,
    0.9707006640001055
  ],
  "prusti-tests/tests/verify/pass/quick/shared-borrows.rs": [
    0.6278487450001649,
    0.6579001489999428,
    0.663752987999942,
    0.6484888850000061,
    0.6806093019999935,
    0.6309484660000635,
    0.6325573770000119,
    0.6244642229999045,
    0.6454563229999621,
    0.7272194109998509
  ],
  "prusti-tests/tests/verify/pass/quick/trait-contracts-refinement.rs": [
    1.1927141839998967,
    1.1172553530000187,
    1.263507681000192,
    1.1617867659999774,
    1.0865308370000548,
    1.1005147349999334,
    1.1899688000000879,
    1.1423420680000618,
    1.1377597359999072,
    1.207932031000155
  ],
  "prusti-tests/tests/verify/pass/quick/routes.rs": [
    3.5364994560000014,
    3.2275868340000216,
    2.9181892500000686,
    2.398914232999914,
    2.9098567940000066,
    2.881659505000016,
    2.938316476000182,
    2.538091586000064,
    3.0979418320000605,
    3.102066852000007
  ],
  "prusti-tests/tests/verify/pass/quick/fibonacci.rs": [
    2.4376607030001196,
    2.3647127150002234,
    2.6448896840001908,
    2.4213044860000537,
    2.355227444999855,
    2.4004212459999508,
    2.3892714700000397,
    2.515325512000345,
    2.281512948999989,
    2.483092395999847
  ],
  "prusti-tests/tests/verify/pass/pure-fn/len-lookup.rs": [
    1.1507959370001117,
    1.2421938390002651,
    1.159772005999912,
    1.246689773000071,
    1.117273669000042,
    1.1296038249997764,
    1.1677639790000285,
    1.1254718969998976,
    1.1608801319998747,
    1.1236394850002398
  ],
  "prusti-tests/tests/verify/pass/pure-fn/quantifiers.rs": [
    1.1296266240001387,
    1.0568024409999452,
    1.0808909219999805,
    1.1053553849997115,
    1.0415107590001753,
    1.0640383089998977,
    1.0865790600000764,
    1.013284069999827,
    1.0204918180002096,
    1.0894328770000357
  ],
  "prusti-tests/tests/verify/pass/pure-fn/recursive-pure-fn.rs": [
    0.7944475039998906,
    0.815844947000187,
    0.7855676459998904,
    0.8421264230000816,
    0.781235917000231,
    0.7892810699995607,
    0.8711313159997189,
    0.8308861479999905,
    0.7901059760001772,
    0.844069693000165
  ],
  "prusti-tests/tests/verify/pass/pure-fn/ref-mut-arg.rs": [
    1.083213858000363,
    0.9514634150000347,
    0.965134677000151,
    1.0526630480003405,
    0.9749532499999987,
    0.9693111139999928,
    1.024901669999963,
    0.9895712339998681,
    1.017251182000109,
    0.9759379350002746
  ],
  "prusti-tests/tests/verify/pass/rosetta/Ackermann_function.rs": [
    1.1180145839998659,
    1.0838452799998777,
    1.0523036919998958,
    1.1458175510001638,
    1.0534227629996167,
    1.104489244999968,
    1.0989561940000385,
    1.1716614619999746,
    1.162699986000007,
    1.0690217930000472
  ],
  "prusti-tests/tests/verify/pass/rosetta/Heapsort.rs": [
    6.5546376140000575,
    6.177862430000005,
    6.364884675999747,
    6.249946990000353,
    6.45539722400008,
    6.06546915700028,
    5.842229997000231,
    5.914983740000025,
    5.972425679000025,
    6.018830280999737
  ]
}