{
  "prusti-tests/tests/verify/pass/rosetta/Knuth_shuffle.rs": [
    2.514793167999983,
    0.3272184479999396,
    0.31210673200007477,
    0.3138354000000163,
    0.3148499810000658,
    0.3121653299999707,
    0.3199133850000635,
    0.3162988530000348,
    0.3129431159999285,
    0.3112541479999891
  ],
  "prusti-tests/tests/verify/pass/demos/account.rs": [
    2.1208643250000705,
    0.12197790700008682,
    0.1188033659999519,
    0.11859076999996887,
    0.11870236800007206,
    0.11914506000005076,
    0.11797588100000667,
    0.11898086300004707,
    0.11966325000003053,
    0.12088432699999885
  ],
  "prusti-tests/tests/verify/pass/rosetta/Knights_tour.rs": [
    94.60067758800005,
    2.1507831249999754,
    2.1547831629999337,
    2.1544435150000254,
    2.161693679999985,
    2.1577806530000316,
    2.1504449390000673,
    2.1483885740000233,
    2.1503304380000827,
    2.1498685459999933
  ],
  "prusti-tests/tests/verify/pass/quick/fold-unfold.rs": [
    1.237692114999959,
    0.09263770000006843,
    0.0899690549999832,
    0.08975295900006586,
    0.08949656400000094,
    0.0904703439999821,
    0.09077713799990761,
    0.08982135799999469,
    0.08972885999992286,
    0.08909267199999249
  ],
  "prusti-tests/tests/verify/pass/quick/moves.rs": [
    1.4481217989999777,
    0.08591833800005588,
    0.08586693899997044,
    0.0859517369999594,
    0.08705931399993005,
    0.08587903800003005,
    0.08506805499996517,
    0.0840875750000123,
    0.0849906569999348,
    0.08589713900005336
  ],
  "prusti-tests/tests/verify/pass/quick/mut-borrows.rs": [
    2.857972626999981,
    0.14343130200018095,
    0.14363759799994114,
    0.14151823800011698,
    0.14265491399987695,
    0.14225282200004585,
    0.14412988599997334,
    0.1433826009999848,
    0.14348439899981713,
    0.14473407499986024
  ],
  "prusti-tests/tests/verify/pass/quick/shared-borrows.rs": [
    1.757564205000108,
    0.08432451199996649,
    0.0834524289998626,
    0.0840537179999501,
    0.08348092899996118,
    0.08427001399991241,
    0.0849162009999418,
    0.08401631800006726,
    0.08358752599997388,
    0.08391701999994439
  ],
  "prusti-tests/tests/verify/pass/quick/trait-contracts-refinement.rs": [
    1.5575805720000062,
    0.12850737999997364,
    0.12763259700000162,
    0.12854057899994586,
    0.1279131910000615,
    0.12768059600011838,
    0.12590562900004443,
    0.12707970699989346,
    0.12717490500017448,
    0.1270748070000991
  ],
  "prusti-tests/tests/verify/pass/quick/routes.rs": [
    5.066953277000039,
    0.32133981899983155,
    0.32120362199998453,
    0.3202615390000574,
    0.31986574699999437,
    0.3259925319998729,
    0.32083572900000945,
    0.32012094199990315,
    0.3195333529999971,
    0.3190990610000881
  ],
  "prusti-tests/tests/verify/pass/quick/fibonacci.rs": [
    0.33940848299994286,
    0.33566495299987764,
    0.3365876360001039,
    0.33721072399998775,
    0.3415121440000348,
    0.3369796200001929,
    0.33560220300000765,
    0.3339869330000056,
    0.33654938500012577,
    0.33505811300005917
  ],
  "prusti-tests/tests/verify/pass/pure-fn/len-lookup.rs": [
    3.4225639810001667,
    0.2005718360001083,
    0.20039654000015616,
    0.2020414090000031,
    0.20105762699995466,
    0.2016439160001937,
    0.2026973970000654,
    0.20041963999983636,
    0.20196400999998332,
    0.2045718609999767
  ],
  "prusti-tests/tests/verify/pass/pure-fn/quantifiers.rs": [
    2.1150041959999726,
    0.17832144999988486,
    0.17495931300004486,
    0.1761431900001753,
    0.1773582680000345,
    0.17402633100005005,
    0.17460381999990204,
    0.17465681799990307,
    0.17610449099993275,
    0.17567669899995053
  ],
  "prusti-tests/tests/verify/pass/pure-fn/recursive-pure-fn.rs": [
    1.8551633429999583,
    0.13486166600000615,
    0.13487986600011936,
    0.13240221299997756,
    0.13507956199987348,
    0.1358355479999318,
    0.13244071099984467,
    0.1356138519997785,
    0.13335139399987384,
    0.13236531300003662
  ],
  "prusti-tests/tests/verify/pass/pure-fn/ref-mut-arg.rs": [
    2.756966200000079,
    0.16792704499994215,
    0.16675096600010875,
    0.1672353579999708,
    0.16557728800012228,
    0.16519179600004463,
    0.16470020499991733,
    0.16515899699993497,
    0.16633747499986384,
    0.16403161799985355
  ],
  "prusti-tests/tests/verify/pass/rosetta/Ackermann_function.rs": [
    1.8029400240000086,
    0.2066068180001821,
    0.20427456199990957,
    0.2028964870000891,
    0.20312368299983063,
    0.20172320999995463,
    0.20214790099998936,
    0.20298768600014228,
    0.20228089900001578,
    0.2032085809998989
  ],
  "prusti-tests/tests/verify/pass/rosetta/Heapsort.rs": [
    9.32858235699996,
    0.917984056000023,
    0.9164772080000603,
    0.9146545710000282,
    0.9167098329999135,
    0.9228303190000133,
    0.9172260240000014,
    0.9222118300001512,
    0.9179822090000016,
    0.9196345780001138
  ]
}