{
  "prusti-tests/tests/verify/pass/rosetta/Knuth_shuffle.rs": [
    3.492656160000024,
    0.43833416000006764,
    0.43929202300000725,
    0.44936812200000986,
    0.45362561499996445,
    0.4537195210000391,
    0.42995336000001316,
    0.43309946600004423,
    0.4277280129999781,
    0.4373893480000106
  ],
  "prusti-tests/tests/verify/pass/demos/account.rs": [
    2.864302561000045,
    0.1599430129999746,
    0.16226186500000495,
    0.15780787200003488,
    0.165735093999956,
    0.152043492999951,
    0.1583254060000172,
    0.16255138399992575,
    0.16152491699995153,
    0.16158101999997143
  ],
  "prusti-tests/tests/verify/pass/rosetta/Knights_tour.rs": [
    114.43192945599992,
    2.9114490199999636,
    2.8697321810000176,
    2.9571675030001643,
    2.835011680999969,
    2.8000576859999455,
    2.5969680250000238,
    2.851962758999889,
    2.7392151540000214,
    2.6832544099997904
  ],
  "prusti-tests/tests/verify/pass/quick/fold-unfold.rs": [
    1.4617221280000194,
    0.12355479999996533,
    0.11375885799998287,
    0.11697276800009604,
    0.11304141100004017,
    0.11176792800006297,
    0.11242506999997204,
    0.12020798000003197,
    0.11059045000001788,
    0.12135595599988847
  ],
  "prusti-tests/tests/verify/pass/quick/moves.rs": [
    1.7980446770000071,
    0.13748731399982717,
    0.1311640989999887,
    0.13465112800008683,
    0.1264557900001364,
    0.1327206999999362,
    0.13513145899992196,
    0.13205595799990988,
    0.13095448199987914,
    0.13298381399999926
  ],
  "prusti-tests/tests/verify/pass/quick/mut-borrows.rs": [
    4.036628113000006,
    0.2205159499999354,
    0.2145707610000045,
    0.21239321799998834,
    0.22461901899987424,
    0.21276024100006907,
    0.21077531100013402,
    0.21082021500001247,
    0.20967524000002413,
    0.21444115200006308
  ],
  "prusti-tests/tests/verify/pass/quick/shared-borrows.rs": [
    2.4739532870000858,
    0.12905317100012326,
    0.12641729699998905,
    0.128424528999858,
    0.1329377250001471,
    0.13359046799996577,
    0.12914367600001242,
    0.1256574480000836,
    0.1256746489998477,
    0.12760787499996695
  ],
  "prusti-tests/tests/verify/pass/quick/trait-contracts-refinement.rs": [
    2.2546116819999042,
    0.18385626799999955,
    0.17889004099993144,
    0.1747996729998249,
    0.1759774509998806,
    0.18099327899994933,
    0.17668889699984902,
    0.17669579700009308,
    0.17838270800007194,
    0.17313866400013467
  ],
  "prusti-tests/tests/verify/pass/quick/routes.rs": [
    6.394515047999903,
    0.4427349420000155,
    0.44582254500005547,
    0.44044769199990697,
    0.45817065500000353,
    0.44992311300006804,
    0.4446614690000388,
    0.4508323739999014,
    0.44475407499999164,
    0.446070465000048
  ],
  "prusti-tests/tests/verify/pass/quick/fibonacci.rs": [
    0.4913085499999852,
    0.49726864199988086,
    0.49549032499999157,
    0.501444316000061,
    0.48753620299999056,
    0.48343013300018356,
    0.4932186759999695,
    0.4815561110001454,
    0.5139962400000968,
    0.497549059999983
  ],
  "prusti-tests/tests/verify/pass/pure-fn/len-lookup.rs": [
    4.704921700000114,
    0.2666485970000849,
    0.2737692639998386,
    0.26428754199992,
    0.2712713000000804,
    0.27278499899989583,
    0.2674877520000791,
    0.26154516200017497,
    0.26923696700009714,
    0.2682144990001234
  ],
  "prusti-tests/tests/verify/pass/pure-fn/quantifiers.rs": [
    2.714801139999963,
    0.22163714399994205,
    0.22100080099994557,
    0.22631535000004988,
    0.22006123999994998,
    0.21711374699998487,
    0.21839433500008454,
    0.2328484860001936,
    0.2490865519998806,
    0.24948897800004488
  ],
  "prusti-tests/tests/verify/pass/pure-fn/recursive-pure-fn.rs": [
    2.5977252319999025,
    0.19794559399997524,
    0.2062342379999791,
    0.1981941110000207,
    0.20240608699987206,
    0.2033706509998865,
    0.20772703600005116,
    0.1997860149999724,
    0.1999401250000119,
    0.20177514599981805
  ],
  "prusti-tests/tests/verify/pass/pure-fn/ref-mut-arg.rs": [
    3.850286073999996,
    0.2583040600000004,
    0.2553751680000005,
    0.25602111000011973,
    0.2547018230000049,
    0.25630212900000515,
    0.25174953000009737,
    0.25209205200008,
    0.25225726299981943,
    0.2562685269999747
  ],
  "prusti-tests/tests/verify/pass/rosetta/Ackermann_function.rs": [
    2.5235708969998996,
    0.30084815300006085,
    0.30270167499998024,
    0.30157110099980855,
    0.3017883150000671,
    0.294707150000022,
    0.29020505500011495,
    0.28557845099999213,
    0.282707063999851,
    0.27828417299997454
  ],
  "prusti-tests/tests/verify/pass/rosetta/Heapsort.rs": [
    14.438619880000033,
    1.351403714000071,
    1.3551112590000685,
    1.3468110129999786,
    1.3103957199998604,
    1.2860339190001469,
    1.3015054360000704,
    1.310171303000061,
    1.2228838930000165,
    1.1589125670000158
  ]
}