{
  "prusti-tests/tests/verify/pass/rosetta/Knuth_shuffle.rs": [
    1.7968579449999424,
    1.7200633490000428,
    1.5017203539999855,
    1.4934623799999827,
    1.3935594969999556,
    1.4433446830000776,
    1.4662614599999415,
    1.3465754329999982,
    1.3588551279999592,
    1.3420098049999751
  ],
  "prusti-tests/tests/verify/pass/demos/account.rs": [
    0.696287798999947,
    0.7819756640000151,
    0.688442139000017,
    0.68610352099995,
    0.6559707870000011,
    0.7363635100000465,
    0.7247982210000146,
    0.7002521299999671,
    0.689817650000009,
    0.726647330999981
  ],
  "prusti-tests/tests/verify/pass/rosetta/Knights_tour.rs": [
    89.06762669600005,
    85.05786157199998,
    85.87887827799989,
    89.14289804600003,
    84.507118472,
    88.617372445,
    89.25187835300017,
    86.66648637100002,
    86.52097012500008,
    88.63570492899998
  ],
  "prusti-tests/tests/verify/pass/quick/fold-unfold.rs": [
    0.5439212579999548,
    0.49971881199985546,
    0.49871890399981567,
    0.5340291800000614,
    0.5109519000000091,
    0.5034790409999914,
    0.5068566679999549,
    0.5005512180000551,
    0.546128175000149,
    0.48354608499994356
  ],
  "prusti-tests/tests/verify/pass/quick/moves.rs": [
    0.4775067380001019,
    0.5105204970000159,
    0.5234368970000105,
    0.5101502939999136,
    0.5171015470000384,
    0.49072503499996856,
    0.5373947999999018,
    0.5341983749999599,
    0.5082905720000781,
    0.5130672109999068
  ],
  "prusti-tests/tests/verify/pass/quick/mut-borrows.rs": [
    0.8361358350000501,
    0.7769386729999042,
    0.7409753909998926,
    0.7288809960000435,
    0.7352239459999055,
    0.7598542390001057,
    0.7283123920001344,
    0.8301851100000022,
    0.7463837529999182,
    0.7226231669999379
  ],
  "prusti-tests/tests/verify/pass/quick/shared-borrows.rs": [
    0.6168116369999552,
    0.5640078239998729,
    0.562386510000124,
    0.5502393159999883,
    0.5866504999999052,
    0.5289575480001076,
    0.5249078169999848,
    0.5199729779999416,
    0.5894428220001373,
    0.5082106849999946
  ],
  "prusti-tests/tests/verify/pass/quick/trait-contracts-refinement.rs": [
    0.8508184869999695,
    0.7283802280001055,
    0.7568025519999537,
    0.7982916779999414,
    0.7400901200001044,
    0.7415108309999141,
    0.7566305509999438,
    0.7264946129998862,
    0.7805494389999694,
    0.7253485039998395
  ],
  "prusti-tests/tests/verify/pass/quick/routes.rs": [
    2.405826066999907,
    2.594555729000149,
    2.0075808300000517,
    2.0564785309998115,
    1.9498226509999768,
    2.0029724700000315,
    2.010799031000033,
    1.9830312019998928,
    1.9265726189998986,
    1.9703571620000275
  ],
  "prusti-tests/tests/verify/pass/quick/fibonacci.rs": [
    1.784065400000145,
    1.9528950179999356,
    1.9450263250000717,
    1.928767599999901,
    1.7652357449999272,
    1.869105442000091,
    1.9320029970001542,
    1.879808543999843,
    1.880513849999943,
    1.935952380999879
  ],
  "prusti-tests/tests/verify/pass/pure-fn/len-lookup.rs": [
    0.8614820109999073,
    0.868243768000184,
    0.9637509130000126,
    0.9032864410000911,
    0.9889184080000177,
    0.8674054610000894,
    0.8278523530000257,
    1.1712684300000547,
    0.9432189530000414,
    0.8431987809999555
  ],
  "prusti-tests/tests/verify/pass/pure-fn/quantifiers.rs": [
    0.9445194820000324,
    0.8098169289999078,
    0.8224092279999695,
    0.8922391739999966,
    0.8256840530000318,
    0.8558407890000126,
    0.8543808779998017,
    0.900705040000048,
    0.7845407320000959,
    0.7810749020000003
  ],
  "prusti-tests/tests/verify/pass/pure-fn/recursive-pure-fn.rs": [
    0.700998176999974,
    0.6436419280000791,
    0.6862373619999289,
    0.6594154510000863,
    0.6402209010000206,
    0.677125389999901,
    0.5981662729998334,
    0.6291321149999476,
    0.6499030769998626,
    0.7142543799998293
  ],
  "prusti-tests/tests/verify/pass/pure-fn/ref-mut-arg.rs": [
    0.7919447599999785,
    0.8282001019999825,
    0.7887128490001487,
    0.8515307909999592,
    0.7992198900001313,
    0.827111197999784,
    0.8134547450001719,
    0.8128948429998673,
    0.7953014749998601,
    0.8277581199999986
  ],
  "prusti-tests/tests/verify/pass/rosetta/Ackermann_function.rs": [
    0.868345841000064,
    0.853146279999919,
    0.7788297069998862,
    0.8238416540000344,
    1.0987934750000932,
    0.7912838030001694,
    0.8612493430000541,
    0.8828530099999625,
    0.8393942749999042,
    0.8920148300001074
  ],
  "prusti-tests/tests/verify/pass/rosetta/Heapsort.rs": [
    5.120222407000028,
    4.437505134000048,
    4.721991674000037,
    4.896113256000035,
    4.837001819000079,
    4.941757786999915,
    4.742711129000099,
    4.753150331000143,
    4.586296618000006,
    4.865479193000056
  ]
}