{
  "prusti-tests/tests/verify/pass/rosetta/Knuth_shuffle.rs": [
    2.6222228279999626,
    0.3371085899999571,
    0.32415154800003165,
    0.3297346520000701,
    0.319473161000019,
    0.2967943370000512,
    0.2978239569999914,
    0.29783385700000053,
    0.29560761599998386,
    0.29374689300004775
  ],
  "prusti-tests/tests/verify/pass/demos/account.rs": [
    2.098690083000065,
    0.1252273499999319,
    0.12266570200006299,
    0.12594606300001487,
    0.12203398999997717,
    0.12803120299997772,
    0.12265180099996087,
    0.12387052400003995,
    0.12272010300000602,
    0.12133447700000488
  ],
  "prusti-tests/tests/verify/pass/rosetta/Knights_tour.rs": [
    96.71716482400006,
    2.208912833999989,
    2.2113902060000328,
    2.2166035559999955,
    2.2134982999999693,
    2.011995432000049,
    2.2140670539999974,
    1.961614098000041,
    1.9649125600000161,
    2.1985043660000656
  ],
  "prusti-tests/tests/verify/pass/quick/fold-unfold.rs": [
    1.2705393369999456,
    0.09894626600009815,
    0.10219123100000616,
    0.10041529499994795,
    0.10125971200000095,
    0.09904476799999884,
    0.09733403400002771,
    0.10192942599996968,
    0.10236743500001921,
    0.10127511199993933
  ],
  "prusti-tests/tests/verify/pass/quick/moves.rs": [
    1.4474821670000892,
    0.09077720400000544,
    0.09273674300004586,
    0.09561210000003939,
    0.08974088399997981,
    0.09237393600005817,
    0.09137871600000835,
    0.08994958799996766,
    0.09131571399996119,
    0.0900301890000037
  ],
  "prusti-tests/tests/verify/pass/quick/mut-borrows.rs": [
    2.852543190000006,
    0.15853125000001,
    0.16132590600000185,
    0.14911366299998008,
    0.14809994300003382,
    0.1484787500000948,
    0.15865525300000627,
    0.15558359199997085,
    0.14658011300002727,
    0.1462094060000254
  ],
  "prusti-tests/tests/verify/pass/quick/shared-borrows.rs": [
    1.7255038910000167,
    0.08757866999997077,
    0.08870749300001535,
    0.08784947599997395,
    0.08610404000000926,
    0.08916310200004318,
    0.08954090899999301,
    0.10180715799992868,
    0.10014612400004808,
    0.09223716399992554
  ],
  "prusti-tests/tests/verify/pass/quick/trait-contracts-refinement.rs": [
    1.6438697199999979,
    0.12822159100005592,
    0.12818518999995376,
    0.13491022699997757,
    0.13943021699992642,
    0.13728587400009928,
    0.12870570100005807,
    0.13274938199992903,
    0.1277531819999922,
    0.12526033099993583
  ],
  "prusti-tests/tests/verify/pass/quick/routes.rs": [
    5.007329047999974,
    0.32963257799997336,
    0.30523110499996164,
    0.3063685270000178,
    0.3028254589999051,
    0.3034662710000475,
    0.3028908590000583,
    0.2999470029999429,
    0.30293726100001095,
    0.30201474299997244
  ],
  "prusti-tests/tests/verify/pass/quick/fibonacci.rs": [
    0.34856214399997043,
    0.3164471219999996,
    0.34158580900009383,
    0.3455748860000085,
    0.34054018899996663,
    0.31978798699992694,
    0.3157361089999995,
    0.3130935579999914,
    0.3405375880000747,
    0.32058070799996585
  ],
  "prusti-tests/tests/verify/pass/pure-fn/len-lookup.rs": [
    3.613373614000011,
    0.19623530199999095,
    0.1931775429999334,
    0.19120940499999506,
    0.18878745800009256,
    0.19296843900008298,
    0.192221024000105,
    0.19121520500004863,
    0.20270892799999274,
    0.1963217039999563
  ],
  "prusti-tests/tests/verify/pass/pure-fn/quantifiers.rs": [
    2.1499051570000347,
    0.17263164499991035,
    0.17970565100006297,
    0.16795111700002963,
    0.17410873200003607,
    0.1711735779999799,
    0.1930249830001003,
    0.18981942400000662,
    0.18910800999992716,
    0.19003832700002476
  ],
  "prusti-tests/tests/verify/pass/pure-fn/recursive-pure-fn.rs": [
    1.8382400240000152,
    0.135696519000021,
    0.13422639200007325,
    0.1348528040000474,
    0.13462869900001806,
    0.13690914100004647,
    0.15236172799995984,
    0.1513759099999561,
    0.14648341999998138,
    0.14720203299998502
  ],
  "prusti-tests/tests/verify/pass/pure-fn/ref-mut-arg.rs": [
    2.7318964130000722,
    0.18358640799999648,
    0.17294031000005816,
    0.18317979999994805,
    0.16607548299998598,
    0.16632410700003675,
    0.1799595090000139,
    0.1620460600000797,
    0.1634042859999454,
    0.16539132400009748
  ],
  "prusti-tests/tests/verify/pass/rosetta/Ackermann_function.rs": [
    1.8875295000000278,
    0.21376056799999787,
    0.2135991650000051,
    0.2134652619999997,
    0.19723344599992743,
    0.19486659999995481,
    0.1941070849999278,
    0.19199404400001185,
    0.19286576000001787,
    0.21896586899993054
  ],
  "prusti-tests/tests/verify/pass/rosetta/Heapsort.rs": [
    9.436125053999945,
    0.8423207429999593,
    0.8364360319999378,
    0.8433861839999963,
    0.8466194330000008,
    0.8431788679999954,
    0.841517936999935,
    0.8515680259999954,
    0.8456506149999541,
    0.8451399049999964
  ]
}