{
  "prusti-tests/tests/verify/pass/rosetta/Knuth_shuffle.rs": [
    2.1400257199998123,
    1.8666686560000016,
    1.8008053929997914,
    1.7883092990000478,
    1.785296704000075,
    1.8053924879998249,
    1.7914505329999884,
    1.771208450000131,
    1.7597868590000871,
    1.7766718059999675
  ],
  "prusti-tests/tests/verify/pass/demos/account.rs": [
    1.6003534559999935,
    1.613103042000148,
    1.5929055599999629,
    1.644092623000006,
    1.583640173000049,
    1.633800134000012,
    1.6076098549999642,
    1.6257420400002047,
    1.612163498999962,
    1.620730968999851
  ],
  "prusti-tests/tests/verify/pass/rosetta/Knights_tour.rs": [
    97.70041189100016,
    97.94373112900007,
    99.037360821,
    101.81263623799987,
    97.76718534600013,
    97.47783111499984,
    97.90568754100013,
    96.41697359399996,
    96.43226025600006,
    98.07574584500026
  ],
  "prusti-tests/tests/verify/pass/quick/fold-unfold.rs": [
    1.0877148260001377,
    1.0886440250001215,
    1.08592130299985,
    1.0832691740001792,
    1.1018723590000263,
    1.0842355730001145,
    1.0846232730000338,
    1.08217197499971,
    1.0947124649997022,
    1.0866269620000821
  ],
  "prusti-tests/tests/verify/pass/quick/moves.rs": [
    1.3245670169999357,
    1.316869423999833,
    1.3118573299998388,
    1.309269532000144,
    1.3191475220000939,
    1.3211662700000488,
    1.3108096409996506,
    1.3182185350001419,
    1.319006533999982,
    1.3090757420000045
  ],
  "prusti-tests/tests/verify/pass/quick/mut-borrows.rs": [
    2.5726165210003273,
    2.5748523449997265,
    2.57684974599988,
    2.5687596509997093,
    2.5653031520000695,
    2.587779234000209,
    2.578945441000087,
    2.5768948420000015,
    2.57617004299982,
    2.5750284430000647
  ],
  "prusti-tests/tests/verify/pass/quick/shared-borrows.rs": [
    1.6342370950001168,
    1.6483265840001877,
    1.6349389940000947,
    1.626464701000259,
    1.637387192999995,
    1.6314551970003777,
    1.628349999999955,
    1.6370661930000097,
    1.6364781929996752,
    1.6306838979999156
  ],
  "prusti-tests/tests/verify/pass/quick/trait-contracts-refinement.rs": [
    1.4466593449997163,
    1.4718487249997452,
    1.4571808370001236,
    1.4268062609999106,
    1.4336031559996627,
    1.4144262710001385,
    1.423676267999781,
    1.431461661999947,
    1.4134804760001316,
    1.4280560649999643
  ],
  "prusti-tests/tests/verify/pass/quick/routes.rs": [
    4.244934134999767,
    4.003112838000106,
    3.8564611520000653,
    3.857519248999779,
    3.8398373579998406,
    3.8605935330001557,
    3.831622656000036,
    3.8564253360000293,
    3.813363761999881,
    3.8288721150001948
  ],
  "prusti-tests/tests/verify/pass/quick/fibonacci.rs": [
    4.874745378000171,
    4.884582781000063,
    4.904946870999993,
    4.88461918899975,
    4.879705101999662,
    4.871760511000048,
    4.869790915000067,
    4.88528431099985,
    4.88438301899987,
    4.884341259999928
  ],
  "prusti-tests/tests/verify/pass/pure-fn/len-lookup.rs": [
    2.8315257770000244,
    2.821545323999999,
    2.8373902129997077,
    2.8336441249998643,
    2.83168195799999,
    2.8277551609999136,
    2.801950383000076,
    2.837892959999863,
    2.8145913769999424,
    2.818740331999834
  ],
  "prusti-tests/tests/verify/pass/pure-fn/quantifiers.rs": [
    1.732642845999635,
    1.7433758379997926,
    1.73440394499994,
    1.728256348999821,
    1.7356785410001976,
    1.72042045399985,
    1.740776337999705,
    1.7307182449999345,
    1.7278905530001794,
    1.7365879490002953
  ],
  "prusti-tests/tests/verify/pass/pure-fn/recursive-pure-fn.rs": [
    1.5540837919998012,
    1.5533197929999005,
    1.5598104870000498,
    1.5663683859997946,
    1.5490273010000237,
    1.5560250950002228,
    1.5623355900002025,
    1.5663974870003585,
    1.5447825930000363,
    1.5431014870000581
  ],
  "prusti-tests/tests/verify/pass/pure-fn/ref-mut-arg.rs": [
    2.317809276999924,
    2.285538803000236,
    2.29494088499996,
    2.2804159150000487,
    2.271536023000408,
    2.267703128999983,
    2.285311255999659,
    2.2943741480003155,
    2.290655250999862,
    2.321165744999689
  ],
  "prusti-tests/tests/verify/pass/rosetta/Ackermann_function.rs": [
    1.611433752999801,
    1.6050774589998582,
    1.6013782610002636,
    1.597255965000386,
    1.6049177810000401,
    1.6088561820001814,
    1.612840079000307,
    1.61649857600014,
    1.6094639820003067,
    1.6445025590001023
  ],
  "prusti-tests/tests/verify/pass/rosetta/Heapsort.rs": [
    9.066529310000078,
    9.010246141000152,
    8.939797637000083,
    8.981280652999885,
    8.945702880000226,
    8.928529132000222,
    8.941104777999954,
    8.953944245999992,
    8.984483188000013,
    8.981704983999862
  ]
}