{
  "prusti-tests/tests/verify/pass/rosetta/Knuth_shuffle.rs": [
    2.683441476999974,
    0.34161402400002316,
    0.33628462599995146,
    0.337507348000031,
    0.32588123299990457,
    0.3261407379999355,
    0.3276020649999509,
    0.32660494699996434,
    0.3402242989999422,
    0.32892418999995243
  ],
  "prusti-tests/tests/verify/pass/demos/account.rs": [
    2.156279920999964,
    0.1299115049999955,
    0.13106672599997182,
    0.13117252899996856,
    0.12782286700007717,
    0.12852768000004744,
    0.12796776999994108,
    0.1279907699999967,
    0.12879348499996013,
    0.1273945589999812
  ],
  "prusti-tests/tests/verify/pass/rosetta/Knights_tour.rs": [
    103.37432001800005,
    2.223269499999901,
    2.216767478999941,
    2.2339402970000037,
    2.2314506879999954,
    2.218085230999918,
    2.238014497999984,
    2.2136449500000026,
    2.2195736350000743,
    2.2162760699999353
  ],
  "prusti-tests/tests/verify/pass/quick/fold-unfold.rs": [
    1.280392495000001,
    0.10185116900004232,
    0.10757927500003461,
    0.10552883699995164,
    0.10755467400008456,
    0.10959691200002908,
    0.0997558310000386,
    0.10124505800001771,
    0.10214157400002932,
    0.10104915500005518
  ],
  "prusti-tests/tests/verify/pass/quick/moves.rs": [
    1.558699901999944,
    0.09637626800008547,
    0.09874171599994952,
    0.09631908099993325,
    0.09696509299999434,
    0.09680189000005157,
    0.09682569099993543,
    0.09670208799991542,
    0.09576507099995979,
    0.09785280899995996
  ],
  "prusti-tests/tests/verify/pass/quick/mut-borrows.rs": [
    3.0648104819999844,
    0.15334563600004003,
    0.15538637300005576,
    0.15403884900001685,
    0.15300623000007363,
    0.15474346200005584,
    0.15485476399999243,
    0.15514176900001075,
    0.15690350199997738,
    0.15456765899989477
  ],
  "prusti-tests/tests/verify/pass/quick/shared-borrows.rs": [
    1.9065845600000557,
    0.10291890300004525,
    0.09565876900001058,
    0.09611427700008335,
    0.09457754899995052,
    0.09512035900002047,
    0.09842382099998304,
    0.09538646399994377,
    0.09340652699995644,
    0.09306982099997185
  ],
  "prusti-tests/tests/verify/pass/quick/trait-contracts-refinement.rs": [
    1.6520455940000147,
    0.13829516099997363,
    0.1401472960000092,
    0.13768455000001723,
    0.13965998599996965,
    0.14698862199998075,
    0.14591070199992373,
    0.13832886099999087,
    0.13821366000001944,
    0.13627392399996552
  ],
  "prusti-tests/tests/verify/pass/quick/routes.rs": [
    5.294628257999989,
    0.33706384499998876,
    0.33253446099990924,
    0.3338458850000734,
    0.33716194600003746,
    0.3326649629999565,
    0.3366242360000342,
    0.3356491179999921,
    0.3341082900000174,
    0.3349170049999657
  ],
  "prusti-tests/tests/verify/pass/quick/fibonacci.rs": [
    0.35239882899998065,
    0.34440417999996953,
    0.3464689190000172,
    0.34830405299999256,
    0.34571600499998567,
    0.3461806139999908,
    0.34917407000000367,
    0.34414237600003617,
    0.34648131899996315,
    0.3465486210000108
  ],
  "prusti-tests/tests/verify/pass/pure-fn/len-lookup.rs": [
    3.6821369409999534,
    0.21567400699996142,
    0.21068031499999051,
    0.20980639800006884,
    0.20962889500003712,
    0.20913638499996523,
    0.21155343099997026,
    0.2113479270000198,
    0.21160593199999767,
    0.21177393499999653
  ],
  "prusti-tests/tests/verify/pass/pure-fn/quantifiers.rs": [
    2.3521786039999597,
    0.1971467629999779,
    0.1860237570000436,
    0.1859070550000297,
    0.1905952410000964,
    0.18681177100006607,
    0.18927991700002167,
    0.18601705599996876,
    0.1874347810000927,
    0.18607004800003324
  ],
  "prusti-tests/tests/verify/pass/pure-fn/recursive-pure-fn.rs": [
    1.9797010949999958,
    0.1443379749999849,
    0.14494518599997264,
    0.14741573300000255,
    0.14459698000007393,
    0.15545538100002432,
    0.14508088900004168,
    0.14633821200004604,
    0.14527869199991983,
    0.14498258699995858
  ],
  "prusti-tests/tests/verify/pass/pure-fn/ref-mut-arg.rs": [
    2.930300715000044,
    0.17896191699992414,
    0.1778982979999455,
    0.17837370699999155,
    0.1780715009999767,
    0.17843710700003612,
    0.17847130799998467,
    0.18336369899998317,
    0.1799040350000496,
    0.1800362369999675
  ],
  "prusti-tests/tests/verify/pass/rosetta/Ackermann_function.rs": [
    1.9587118089999649,
    0.2162430089999816,
    0.21514048799997454,
    0.23274151399994025,
    0.23406293900006858,
    0.21784743799992157,
    0.21417727000005016,
    0.21704742299993995,
    0.2185761509999793,
    0.22629589499990743
  ],
  "prusti-tests/tests/verify/pass/rosetta/Heapsort.rs": [
    10.026101446999974,
    0.9461924849999832,
    0.9456592750000254,
    0.9479959630000394,
    0.9444821920000095,
    0.9494795849999491,
    0.9472611429999915,
    0.9457650159999957,
    0.9554668959999617,
    0.9563940130000219
  ]
}