{
  "prusti-tests/tests/verify/pass/rosetta/Knuth_shuffle.rs": [
    3.920036186000061,
    0.4644407200000842,
    0.45255771999995886,
    0.46269938000000366,
    0.47956168999985493,
    0.44890546000010545,
    0.4399263929999506,
    0.4738853470000777,
    0.44384602199988876,
    0.4837483209998936
  ],
  "prusti-tests/tests/verify/pass/demos/account.rs": [
    3.213459952999983,
    0.15975219599999946,
    0.18251376600005642,
    0.1776046300001326,
    0.1674380540000584,
    0.15860798700009582,
    0.16525663700008408,
    0.16814795900017998,
    0.23073742699989452,
    0.18667439700016075
  ],
  "prusti-tests/tests/verify/pass/rosetta/Knights_tour.rs": [
    131.56130989300004,
    3.3974251580000328,
    3.4356443640001544,
    3.4497180360001494,
    3.5537015320001046,
    3.5828862460000437,
    3.409132753999984,
    3.4541191079999862,
    3.4434757340000033,
    3.44525099700013
  ],
  "prusti-tests/tests/verify/pass/quick/fold-unfold.rs": [
    1.7111545110001316,
    0.12448404899987509,
    0.12605176200008827,
    0.13284461900002498,
    0.1343453319998389,
    0.1282583799998065,
    0.12443634800001746,
    0.13443493199997647,
    0.11828289599998243,
    0.12596396099979756
  ],
  "prusti-tests/tests/verify/pass/quick/moves.rs": [
    1.9154009320000114,
    0.11506036900004801,
    0.11712208600010854,
    0.1301446960001158,
    0.12045891499997197,
    0.11978940900007728,
    0.12139332200013087,
    0.11872990000006212,
    0.12339184000006753,
    0.12306719100001828
  ],
  "prusti-tests/tests/verify/pass/quick/mut-borrows.rs": [
    3.999252295999895,
    0.1973732100000234,
    0.21676279799999065,
    0.20578149200014195,
    0.1919016560000273,
    0.19747941099990385,
    0.1896154349999506,
    0.2028882639999665,
    0.20402827499992782,
    0.2002324369998405
  ],
  "prusti-tests/tests/verify/pass/quick/shared-borrows.rs": [
    2.450255352999875,
    0.12339452600008372,
    0.13416883299987603,
    0.12072979900017344,
    0.12410523199991985,
    0.133060020999892,
    0.11281381999992846,
    0.11298812199993336,
    0.1184466759998486,
    0.12226001400017594
  ],
  "prusti-tests/tests/verify/pass/quick/trait-contracts-refinement.rs": [
    2.3403975370001717,
    0.16966908399990643,
    0.17929837999986376,
    0.18076109499997983,
    0.2205339899999217,
    0.19820986800004903,
    0.1706881949999115,
    0.17943698099998073,
    0.17315781899992544,
    0.1799430860000939
  ],
  "prusti-tests/tests/verify/pass/quick/routes.rs": [
    7.0414335279999705,
    0.44205794200001947,
    0.4308725409998715,
    0.4556894629999988,
    0.44607657699998526,
    0.4777507599999353,
    0.45254673500016906,
    0.47012079099999937,
    0.44107980800004043,
    0.4491167300000143
  ],
  "prusti-tests/tests/verify/pass/quick/fibonacci.rs": [
    0.4837420019998717,
    0.4829496960001052,
    0.4559532840000884,
    0.46763787600002615,
    0.4722747129999334,
    0.46051162000003387,
    0.48635882300004596,
    0.5052793719999045,
    0.49679990499998894,
    0.49587839699984215
  ],
  "prusti-tests/tests/verify/pass/pure-fn/len-lookup.rs": [
    4.938610301000153,
    0.2831157330001588,
    0.27933970499998395,
    0.2732885589998659,
    0.31480667200003154,
    0.27962230699995416,
    0.2756674769998426,
    0.2617885730001035,
    0.31598578100010855,
    0.2709506420001162
  ],
  "prusti-tests/tests/verify/pass/pure-fn/quantifiers.rs": [
    3.075429374000123,
    0.24154773600002954,
    0.2609163229999467,
    0.24860792699996637,
    0.22942797900009282,
    0.2363439319999543,
    0.24550240299981851,
    0.24860382800011394,
    0.2428259830001025,
    0.22411143800013633
  ],
  "prusti-tests/tests/verify/pass/pure-fn/recursive-pure-fn.rs": [
    2.6975663160001204,
    0.21806129100014005,
    0.19392690299991955,
    0.23028748599995197,
    0.20573569500015765,
    0.20615869800008113,
    0.18091700199988736,
    0.1957421179999983,
    0.2156945720000749,
    0.19205348900004537
  ],
  "prusti-tests/tests/verify/pass/pure-fn/ref-mut-arg.rs": [
    3.9793982329999835,
    0.23448177000000214,
    0.25406791599993994,
    0.3049277150000762,
    0.25698083500014945,
    0.25844884599996476,
    0.2577036410000346,
    0.2550874199998816,
    0.2670341149998876,
    0.2544764159999886
  ],
  "prusti-tests/tests/verify/pass/rosetta/Ackermann_function.rs": [
    2.709004554999865,
    0.2823517360000096,
    0.2844412760000523,
    0.30982890900008897,
    0.2972355659999266,
    0.2747852119998697,
    0.28990438300002097,
    0.29710376399998495,
    0.28146238699991954,
    0.28562803499994516
  ],
  "prusti-tests/tests/verify/pass/rosetta/Heapsort.rs": [
    14.583126136999908,
    1.3534316919999583,
    1.3548288049998973,
    1.3432243949998792,
    1.3701795509998647,
    1.3762027069999476,
    1.3893123789998754,
    1.425134369999796,
    1.459204937000095,
    1.5889092540001002
  ]
}