{
  "prusti-tests/tests/verify/pass/rosetta/Knuth_shuffle.rs": [
    2.4528013300000566,
    2.0291853430001083,
    2.007775319000075,
    1.949355063999974,
    1.9415713140001571,
    1.9354721969998536,
    1.9248715860001084,
    1.9545286739999028,
    1.9059683069999664,
    1.9311064009998518
  ],
  "prusti-tests/tests/verify/pass/demos/account.rs": [
    1.7703834209999059,
    1.7890677909999795,
    1.7293435139999929,
    1.7493131389999235,
    1.7573062970000137,
    1.7575845030000892,
    1.7581234130000212,
    1.767848216999937,
    1.747266616999923,
    1.7513775990000795
  ],
  "prusti-tests/tests/verify/pass/rosetta/Knights_tour.rs": [
    107.0983880440001,
    105.5226785970001,
    101.9194385180001,
    102.59118939000018,
    105.9469302120001,
    105.79114449600002,
    105.295719083,
    105.99984230200016,
    105.48863484499998,
    103.77156997899988
  ],
  "prusti-tests/tests/verify/pass/quick/fold-unfold.rs": [
    1.19606874100009,
    1.1772991689999799,
    1.1700855210001464,
    1.177237593999962,
    1.1701178120001714,
    1.17555135099974,
    1.1653874919998088,
    1.1961674760000278,
    1.1819187119999697,
    1.1775895159998981
  ],
  "prusti-tests/tests/verify/pass/quick/moves.rs": [
    1.4317270559999997,
    1.4164337880001767,
    1.4209514260001015,
    1.4058502660000158,
    1.431857207000121,
    1.4223610129997724,
    1.4144395480002458,
    1.4142879430000903,
    1.4143814459998794,
    1.4174625339996965
  ],
  "prusti-tests/tests/verify/pass/quick/mut-borrows.rs": [
    2.7504040010003337,
    2.7630342870002096,
    2.784692826999617,
    2.767988526999943,
    2.7586091809998834,
    2.7660594619997028,
    2.7500808660001894,
    2.7601011770002515,
    2.781060704000083,
    2.753702227999838
  ],
  "prusti-tests/tests/verify/pass/quick/shared-borrows.rs": [
    1.7558140820001427,
    1.7480178840000917,
    1.753891104000104,
    1.7554254960000435,
    1.7518932719999611,
    1.7583690040000874,
    1.769700135000221,
    1.7576489230000334,
    1.7889436049999858,
    1.76371369699973
  ],
  "prusti-tests/tests/verify/pass/quick/trait-contracts-refinement.rs": [
    1.6112055280000277,
    1.5579433560001235,
    1.5488840889997846,
    1.538292834999993,
    1.542316011999901,
    1.551144980999652,
    1.5384167369998067,
    1.5535672860000886,
    1.5356662259996483,
    1.5556545149997874
  ],
  "prusti-tests/tests/verify/pass/quick/routes.rs": [
    4.660033909999584,
    4.394027118999929,
    4.259886051000194,
    4.207221448999917,
    4.233031500999914,
    4.191737240000293,
    4.1864594110002145,
    4.1579901979998795,
    4.191954924000129,
    4.180779696999707
  ],
  "prusti-tests/tests/verify/pass/quick/fibonacci.rs": [
    5.326136811999731,
    5.3173107709999385,
    5.25675529099999,
    5.278457811999942,
    5.285564433000218,
    5.274164257999928,
    5.2537859949998165,
    5.292413056999976,
    5.278343979000056,
    5.2465682050001305
  ],
  "prusti-tests/tests/verify/pass/pure-fn/len-lookup.rs": [
    3.10216858900003,
    3.1143207979998806,
    3.0994733750003434,
    3.1026816389999112,
    3.092123245000039,
    3.0908555949999936,
    3.0956673769996996,
    3.0976061940000363,
    3.077924103999976,
    3.079597052999816
  ],
  "prusti-tests/tests/verify/pass/pure-fn/quantifiers.rs": [
    1.9215922680000403,
    1.8950670409999475,
    1.889320527000109,
    1.8880393989998083,
    1.888942500000212,
    1.8739155079997545,
    1.878579598000215,
    1.8827994450002734,
    1.904274145999807,
    1.911295285000051
  ],
  "prusti-tests/tests/verify/pass/pure-fn/recursive-pure-fn.rs": [
    1.7086188679995757,
    1.6817384350001703,
    1.6809696129998883,
    1.6875757429997975,
    1.6833572600003208,
    1.691269716000079,
    1.6958420409996506,
    1.6793169640000087,
    1.6834023459996388,
    1.7084461449999253
  ],
  "prusti-tests/tests/verify/pass/pure-fn/ref-mut-arg.rs": [
    2.483385187999829,
    2.499356135999733,
    2.469811737999862,
    2.468225405999874,
    2.45931143100006,
    2.460920361999797,
    2.473066402999848,
    2.46762895799975,
    2.4687945370001216,
    2.4616147950000595
  ],
  "prusti-tests/tests/verify/pass/rosetta/Ackermann_function.rs": [
    1.7442458749997058,
    1.7347666739997294,
    1.7279068370003188,
    1.7459438949999821,
    1.740621289000046,
    1.737837220000074,
    1.7220327680001901,
    1.73767677800015,
    1.7445987139999488,
    1.751829858000292
  ],
  "prusti-tests/tests/verify/pass/rosetta/Heapsort.rs": [
    10.11588609599994,
    9.883207083999878,
    10.02666176799994,
    10.040440530000069,
    10.018091902999913,
    9.980315529000109,
    9.94524045099979,
    10.11293224100018,
    10.090386366000075,
    10.071369184000105
  ]
}