{
  "prusti-tests/tests/verify/pass/rosetta/Knuth_shuffle.rs": [
    2.2748804390000714,
    2.006109616999993,
    2.0026891090000163,
    2.05904499199994,
    1.9623806390000027,
    2.022970729000008,
    1.9279621790000192,
    1.9151231560000497,
    1.9119574479999528,
    1.9844762260000834
  ],
  "prusti-tests/tests/verify/pass/demos/account.rs": [
    0.8553828320000321,
    0.9085310789999994,
    0.8188535389999743,
    0.7908073959999911,
    0.9036299289999761,
    0.7923134870000013,
    0.7817019300000538,
    0.8909071430000495,
    0.7958587829999715,
    0.8155045670000618
  ]
}