{
  "prusti-tests/tests/verify/pass/rosetta/Knuth_shuffle.rs": [
    2.1810164810000288,
    1.9079660450000802,
    1.8422591429999784,
    1.8424025419999452,
    1.7950454179999724,
    1.8194103600000062,
    1.8461003969999865,
    1.8097504190000109,
    1.8057021990000521,
    1.7619395990000157
  ],
  "prusti-tests/tests/verify/pass/demos/account.rs": [
    1.646332867999945,
    1.6751810010000554,
    1.6257998859999816,
    1.6303046799999947,
    1.6249041309999939,
    1.6160248250000677,
    1.625377636000053,
    1.646507497000016,
    1.6120090160000018,
    1.6407222530000354
  ],
  "prusti-tests/tests/verify/pass/rosetta/Knights_tour.rs": [
    96.59450639600004,
    93.20285371799991,
    93.67874773800008,
    96.95007460900001,
    93.8981355819999,
    94.37280767700008,
    93.04500358900009,
    95.22819601600008,
    93.83000864199994,
    95.24528883900007
  ],
  "prusti-tests/tests/verify/pass/quick/fold-unfold.rs": [
    1.1164329119999366,
    1.1025097970000388,
    1.111911240000154,
    1.1093627550001202,
    1.1073166989999663,
    1.1053657700001622,
    1.0987634030000208,
    1.101363289999881,
    1.1129649300000892,
    1.114609529000063
  ],
  "prusti-tests/tests/verify/pass/quick/moves.rs": [
    1.3418168979999336,
    1.3504200760000913,
    1.3301776960001916,
    1.33533006499988,
    1.3459219030000895,
    1.3505231760000243,
    1.3713586540000051,
    1.3319899250000162,
    1.3479810399999224,
    1.3386858940000366
  ],
  "prusti-tests/tests/verify/pass/quick/mut-borrows.rs": [
    2.607113598000069,
    2.6038628100000096,
    2.626795495000124,
    2.615483461999929,
    2.6056974239998,
    2.6571732229999725,
    2.5981745740000406,
    2.663310410999884,
    2.6656407580001087,
    2.597509360999993
  ],
  "prusti-tests/tests/verify/pass/quick/shared-borrows.rs": [
    1.6572668129999784,
    1.6602157660001922,
    1.6625718999998753,
    1.6690046619999066,
    1.6564180350001152,
    1.6546139459999267,
    1.6515266420001353,
    1.6602964500000326,
    1.654378080000015,
    1.6666255180000462
  ],
  "prusti-tests/tests/verify/pass/quick/trait-contracts-refinement.rs": [
    1.4740421100000276,
    1.4751777149999725,
    1.4496370239999123,
    1.434407548000081,
    1.448541865000152,
    1.4368865330000062,
    1.438049496999838,
    1.4393972790001044,
    1.4474263390000033,
    1.4501437249998617
  ],
  "prusti-tests/tests/verify/pass/quick/routes.rs": [
    4.273650038999904,
    4.049070210000082,
    3.9646764420001546,
    3.9137156229999164,
    4.011195654999938,
    3.8948104700000385,
    3.8895207939999636,
    3.9254135779999615,
    3.9575422030000027,
    3.8865576399998645
  ],
  "prusti-tests/tests/verify/pass/quick/fibonacci.rs": [
    5.015817543999901,
    4.908202684000116,
    4.904286842999909,
    4.935881920999918,
    4.903901162000011,
    4.902930081000022,
    4.960634466000101,
    4.900447776999954,
    5.06158808400005,
    4.918100777000063
  ],
  "prusti-tests/tests/verify/pass/pure-fn/len-lookup.rs": [
    2.893485307999981,
    2.8967374129999826,
    2.8794744940000783,
    2.879526896999778,
    2.8682107509998787,
    2.8757255169998643,
    2.8830621709998923,
    2.8820235930002127,
    2.8835496530000455,
    2.8897509860003083
  ],
  "prusti-tests/tests/verify/pass/pure-fn/quantifiers.rs": [
    1.78677302899996,
    1.7741239870001664,
    1.7707927220003512,
    1.75428534699995,
    1.7595615279997219,
    1.7531886550000308,
    1.7601820040003986,
    1.7486423730001661,
    1.7482378859999699,
    1.7674708010003997
  ],
  "prusti-tests/tests/verify/pass/pure-fn/recursive-pure-fn.rs": [
    1.5637648110000555,
    1.575916756999959,
    1.5667117460002373,
    1.5733270010000524,
    1.5722648070000105,
    1.586598941000375,
    1.5720948069997576,
    1.5731034959999306,
    1.5829569490001631,
    1.5661718259998452
  ],
  "prusti-tests/tests/verify/pass/pure-fn/ref-mut-arg.rs": [
    2.3137101480001547,
    2.313408597000034,
    2.288165890000073,
    2.323316233999776,
    2.310808090000137,
    2.3084467429998767,
    2.2910629929997413,
    2.2997405580003942,
    2.3074712120001095,
    2.307711955999821
  ],
  "prusti-tests/tests/verify/pass/rosetta/Ackermann_function.rs": [
    1.6528007830002025,
    1.6422721160001856,
    1.6399300269999912,
    1.6285222090000389,
    1.6292074070001945,
    1.6249891209999987,
    1.628233409999666,
    1.6314438839999639,
    1.6427399049998712,
    1.6280003800002305
  ],
  "prusti-tests/tests/verify/pass/rosetta/Heapsort.rs": [
    9.125351086000137,
    9.152436033999948,
    9.018909866000286,
    9.150278460000209,
    9.070589583000128,
    9.137718005999886,
    9.169559560999915,
    9.075414138999804,
    9.087279503000445,
    9.029237492999982
  ]
}