{
  "prusti-tests/tests/verify/pass/rosetta/Knuth_shuffle.rs": [
    2.2165236009998353,
    1.9625025870000172,
    1.8689075080001203,
    1.8560517090002122,
    1.8826915459999327,
    1.9584348999999293,
    1.949527185000079,
    1.8322480709998672,
    1.7337211569999909,
    1.7753088690001277
  ],
  "prusti-tests/tests/verify/pass/demos/account.rs": [
    1.730659734000028,
    1.6789708350002002,
    1.75958733199991,
    1.6915338989999782,
    1.677370475999851,
    1.6704284170000392,
    1.6667527329998393,
    1.75208723500009,
    1.7126057590000983,
    1.6479130640000221
  ],
  "prusti-tests/tests/verify/pass/rosetta/Knights_tour.rs": [
    103.37639233600021,
    104.43527239600007,
    103.58566657799997,
    102.7558408880002,
    102.21863922600005,
    104.4984063930001,
    102.57548136300011,
    102.61793743999988,
    102.59307427900012,
    101.63146431200039
  ],
  "prusti-tests/tests/verify/pass/quick/fold-unfold.rs": [
    1.1759949639999832,
    1.1248674700000265,
    1.1281425470001523,
    1.121912901000087,
    1.143032594000033,
    1.1135033059999841,
    1.1043006899999455,
    1.1228509239999767,
    1.1324506470000415,
    1.0988665640002182
  ],
  "prusti-tests/tests/verify/pass/quick/moves.rs": [
    1.3141414910001004,
    1.3852850530001888,
    1.3491972120000355,
    1.3420921539996016,
    1.4044050100001186,
    1.3801056430002063,
    1.3571622069998739,
    1.3633634510001684,
    1.4260474329998942,
    1.3669627750000473
  ],
  "prusti-tests/tests/verify/pass/quick/mut-borrows.rs": [
    2.7002050599999166,
    2.822963831999914,
    2.7191230729999916,
    2.6973525559997142,
    2.711203980999926,
    2.7775509530001727,
    2.6390022390000922,
    2.6881858930000817,
    2.6780203309999706,
    2.705923567999889
  ],
  "prusti-tests/tests/verify/pass/quick/shared-borrows.rs": [
    1.7251574010001605,
    1.7290787580000142,
    1.7050800199999685,
    1.710778752999886,
    1.6829525039997861,
    1.680204639999829,
    1.724383874999603,
    1.6740306010001405,
    1.7057041399998525,
    1.7263833229999364
  ],
  "prusti-tests/tests/verify/pass/quick/trait-contracts-refinement.rs": [
    1.6282312309999725,
    1.5744545679999646,
    1.499630819000231,
    1.5379038129999572,
    1.5358835659999386,
    1.5862444429999414,
    1.5205810309998924,
    1.4837269820000074,
    1.509071375000076,
    1.5209297520000291
  ],
  "prusti-tests/tests/verify/pass/quick/routes.rs": [
    4.647589149999931,
    4.3790776840000945,
    4.21091889499985,
    4.298461764999956,
    4.382004577000316,
    4.219287507999979,
    4.232320383000115,
    4.1537375220000285,
    4.189531993999935,
    4.311229012999775
  ],
  "prusti-tests/tests/verify/pass/quick/fibonacci.rs": [
    5.408784153000397,
    5.365254324000034,
    5.25450694600022,
    5.265657234000173,
    5.250705708000169,
    5.3860131360002015,
    5.318645793999622,
    5.489232715000071,
    5.316287418000229,
    5.226819564999914
  ],
  "prusti-tests/tests/verify/pass/pure-fn/len-lookup.rs": [
    3.0416395910001484,
    3.133907546000046,
    3.119443607999983,
    3.10330934600006,
    3.100599992000298,
    3.0955977950002307,
    3.0996713189997536,
    3.041060443999868,
    3.081124816999818,
    2.9121479870000258
  ],
  "prusti-tests/tests/verify/pass/pure-fn/quantifiers.rs": [
    1.9236479410001266,
    1.934171593999963,
    1.883601051000369,
    1.9062439819999781,
    1.8963474500001212,
    1.8808737870003824,
    1.86972396200008,
    1.9131984860000557,
    1.9542254500001945,
    1.9377704630001062
  ],
  "prusti-tests/tests/verify/pass/pure-fn/recursive-pure-fn.rs": [
    1.6821296160001111,
    1.7053560370000014,
    1.6808788640000785,
    1.6734766899999158,
    1.7347322250002435,
    1.6848920120000912,
    1.6457162950000566,
    1.6601619329999266,
    1.7007796859998052,
    1.6674484609998217
  ],
  "prusti-tests/tests/verify/pass/pure-fn/ref-mut-arg.rs": [
    2.47982836600022,
    2.4873922429997037,
    2.580813718999707,
    2.5749258089999785,
    2.499689262999709,
    2.5541836339998554,
    2.5739774459998443,
    2.5102721700000075,
    2.4305376069996782,
    2.4943766010001127
  ],
  "prusti-tests/tests/verify/pass/rosetta/Ackermann_function.rs": [
    1.7236512890003723,
    1.673181208999722,
    1.7152346920001946,
    1.728588820999903,
    1.7322291949999453,
    1.7216831470000216,
    1.7413988100001916,
    1.6962967529998423,
    1.694849473999966,
    1.6679497999998603
  ],
  "prusti-tests/tests/verify/pass/rosetta/Heapsort.rs": [
    9.864446320999832,
    10.018061965000015,
    10.01591465699994,
    9.858042239000042,
    9.90108591299986,
    9.846410536999883,
    9.948375870999826,
    9.950450956000168,
    9.92099459200017,
    9.866919968000275
  ]
}