{
  "prusti-tests/tests/verify/pass/rosetta/Knuth_shuffle.rs": [
    3.4837981739999577,
    0.4414029249999203,
    0.4296538480000436,
    0.4325849169999856,
    0.43227759899991725,
    0.42738821700004337,
    0.42973155300001054,
    0.42786194499990415,
    0.4244196469999224,
    0.4214020720000917
  ],
  "prusti-tests/tests/verify/pass/demos/account.rs": [
    2.6803106859999843,
    0.15812110799993206,
    0.14466743299999507,
    0.14769570799990106,
    0.1512797140001112,
    0.1505358710001019,
    0.15305511599990496,
    0.14717217699990215,
    0.15106088199991063,
    0.14716674500004956
  ],
  "prusti-tests/tests/verify/pass/rosetta/Knights_tour.rs": [
    133.16090677300008,
    3.157644123999944,
    3.1310836059999474,
    3.1253690769999594,
    3.118390386000101,
    3.1174939429999995,
    3.132743419999997,
    3.167040627999995,
    3.150506777999908,
    3.138476963999892
  ],
  "prusti-tests/tests/verify/pass/quick/fold-unfold.rs": [
    1.4615322799998012,
    0.1103696420000233,
    0.12002519600014239,
    0.11336731400001554,
    0.10959549799986235,
    0.1091935739998462,
    0.11030633899986242,
    0.11113168499991843,
    0.11053675099992688,
    0.1128789859999415
  ],
  "prusti-tests/tests/verify/pass/quick/moves.rs": [
    1.7456124020000061,
    0.10808471099994676,
    0.10459461000004922,
    0.10726846400007162,
    0.10625980599979812,
    0.10898856199992224,
    0.1074025719999554,
    0.11311130000012781,
    0.11140640100006749,
    0.1098734140000488
  ],
  "prusti-tests/tests/verify/pass/quick/mut-borrows.rs": [
    3.677263115000187,
    0.19766555100000005,
    0.18216555999993034,
    0.19133208799985368,
    0.18118690500000412,
    0.1903688320001038,
    0.18824571000004653,
    0.1823389710000356,
    0.18532904199992117,
    0.18504982700005712
  ],
  "prusti-tests/tests/verify/pass/quick/shared-borrows.rs": [
    2.24535423899988,
    0.10732746300004692,
    0.10599408699999913,
    0.1060011869999471,
    0.10769968500017058,
    0.11103367600003367,
    0.10984840799983431,
    0.10454530399988471,
    0.10569366899994748,
    0.10685603599995375
  ],
  "prusti-tests/tests/verify/pass/quick/trait-contracts-refinement.rs": [
    2.1352498049998303,
    0.1632886760000929,
    0.15966726699980427,
    0.16843407100009244,
    0.16331197699992117,
    0.1709398149998833,
    0.16290025300008892,
    0.17215108400000645,
    0.16463475300020036,
    0.166935285000136
  ],
  "prusti-tests/tests/verify/pass/quick/routes.rs": [
    6.479623946999936,
    0.40437312099993505,
    0.4121524679999311,
    0.41267829799994615,
    0.4050653609999699,
    0.41142302599996583,
    0.4233837129997937,
    0.413613051999846,
    0.40335706299993035,
    0.401687167000091
  ],
  "prusti-tests/tests/verify/pass/quick/fibonacci.rs": [
    0.44950091300006534,
    0.47001059099989106,
    0.4487652700001945,
    0.44733618899999783,
    0.44334315900005095,
    0.4560029859999304,
    0.4444083180001144,
    0.4489427739999883,
    0.4505444650001209,
    0.4518349390000367
  ],
  "prusti-tests/tests/verify/pass/pure-fn/len-lookup.rs": [
    4.5859431710000536,
    0.2511013159999038,
    0.2559457929999098,
    0.2512403230000473,
    0.2538759750000281,
    0.26027174199998626,
    0.2501102589999391,
    0.251076914000123,
    0.2585087409997868,
    0.25053478699987863
  ],
  "prusti-tests/tests/verify/pass/pure-fn/quantifiers.rs": [
    2.704353903000083,
    0.23064494599998397,
    0.22288629900003798,
    0.23853209899994,
    0.21903897900006086,
    0.22178713700009212,
    0.22489731500013477,
    0.21770020200006002,
    0.22253167899998516,
    0.2345539700002064
  ],
  "prusti-tests/tests/verify/pass/pure-fn/recursive-pure-fn.rs": [
    2.3084307659999013,
    0.16965504299992062,
    0.17072950400006448,
    0.1695128339999883,
    0.1715860540000449,
    0.17778211299992108,
    0.16917581800021253,
    0.1754298779999317,
    0.17111882999984118,
    0.1700120660000266
  ],
  "prusti-tests/tests/verify/pass/pure-fn/ref-mut-arg.rs": [
    3.58698795600003,
    0.22015214699990793,
    0.22625579700002163,
    0.22588357600011477,
    0.2201449459998912,
    0.22142322000013337,
    0.22707814499995038,
    0.231290885999897,
    0.22287810299985722,
    0.2257453679999344
  ],
  "prusti-tests/tests/verify/pass/rosetta/Ackermann_function.rs": [
    2.4551263810001274,
    0.28426491300001544,
    0.2832469550000951,
    0.27249683800005187,
    0.27253984100002526,
    0.26588055799993526,
    0.2701305020000291,
    0.27234132900002805,
    0.2778088420000131,
    0.2738124140000764
  ],
  "prusti-tests/tests/verify/pass/rosetta/Heapsort.rs": [
    14.974310016000118,
    1.3027800480001588,
    1.294515973999978,
    1.2983173919999444,
    1.2718974790000175,
    1.2972304899999472,
    1.302909150000005,
    1.286761123999895,
    1.2973766330001126,
    1.2850295240000378
  ]
}