{
  "prusti-tests/tests/verify/pass/rosetta/Knuth_shuffle.rs": [
    2.693453290999969,
    0.31678098599991245,
    0.34615403699990566,
    0.3495753780000541,
    0.34703454800001055,
    0.34803995900006157,
    0.3069004680000944,
    0.3215556430000106,
    0.34715344899996126,
    0.3502788860000692
  ],
  "prusti-tests/tests/verify/pass/demos/account.rs": [
    2.1746069900000293,
    0.12396058199988147,
    0.11705159899997852,
    0.12139145099990856,
    0.12340377500004251,
    0.11059182200006035,
    0.1147208719999071,
    0.11424456600002486,
    0.12146775099995466,
    0.12115554799993333
  ],
  "prusti-tests/tests/verify/pass/rosetta/Knights_tour.rs": [
    98.68917488400007,
    2.5657115359999807,
    2.5574580019999757,
    2.562607464000166,
    2.557501880000018,
    2.2133778670001902,
    2.2198550460000206,
    2.5578614799999286,
    2.5613086670000484,
    2.5653285129999404
  ],
  "prusti-tests/tests/verify/pass/quick/fold-unfold.rs": [
    1.2715767790000427,
    0.09471128599989243,
    0.09397857699991619,
    0.09337397099989175,
    0.09571529699996972,
    0.0951605909999671,
    0.0962954039998749,
    0.09682151000015438,
    0.09829292699987491,
    0.095273392000081
  ],
  "prusti-tests/tests/verify/pass/quick/moves.rs": [
    1.4587316049999117,
    0.09305180800015478,
    0.09160989199995129,
    0.09031167600005574,
    0.09109158500018566,
    0.09113068600004226,
    0.09018097499983924,
    0.09072358000003078,
    0.09034287600002244,
    0.0909423840000727
  ],
  "prusti-tests/tests/verify/pass/quick/mut-borrows.rs": [
    2.9638249050001377,
    0.15964830200005053,
    0.15372543200010114,
    0.1559986580000441,
    0.15572495499986871,
    0.1550517470000159,
    0.1565817660000448,
    0.1545632410000053,
    0.15475324299995918,
    0.1545227410001644
  ],
  "prusti-tests/tests/verify/pass/quick/shared-borrows.rs": [
    1.8302220020000277,
    0.08940616600011708,
    0.08876865900015218,
    0.08428500600007283,
    0.08473841099998936,
    0.08613462699986485,
    0.08955136800000218,
    0.09032087700006741,
    0.09162709200018071,
    0.08995317300013994
  ],
  "prusti-tests/tests/verify/pass/quick/trait-contracts-refinement.rs": [
    1.7452456119999624,
    0.1366938300000129,
    0.13506601099993532,
    0.13528491299985035,
    0.13475930699996752,
    0.13633822600013445,
    0.134713106999925,
    0.13499041000000034,
    0.1341031000001749,
    0.13575871900002312
  ],
  "prusti-tests/tests/verify/pass/quick/routes.rs": [
    5.303029446999972,
    0.33741912699997556,
    0.3388002429999233,
    0.3353827020000608,
    0.33763702999999623,
    0.3378864329999942,
    0.3376236290000634,
    0.33729832499989243,
    0.34089206800013017,
    0.33532380199994805
  ],
  "prusti-tests/tests/verify/pass/quick/fibonacci.rs": [
    0.3639553430000433,
    0.36659927499999867,
    0.3729577510000581,
    0.36512595699991834,
    0.3660346679998838,
    0.3669707799999742,
    0.3689567039998565,
    0.3665611750000153,
    0.36699478000014096,
    0.36834939499999564
  ],
  "prusti-tests/tests/verify/pass/pure-fn/len-lookup.rs": [
    3.6344230859999698,
    0.2091478150000512,
    0.20925601699991603,
    0.20961332100000618,
    0.2225586760000624,
    0.21553069200012942,
    0.20846380700004374,
    0.20732949400007783,
    0.2103940300000886,
    0.21184604799987028
  ],
  "prusti-tests/tests/verify/pass/pure-fn/quantifiers.rs": [
    2.178374798999812,
    0.19356562799998756,
    0.182963700000073,
    0.1841323150001699,
    0.1828267500000038,
    0.18241354399992815,
    0.1822103409999727,
    0.16726366500006407,
    0.1925013630000194,
    0.18480367100005424
  ],
  "prusti-tests/tests/verify/pass/pure-fn/recursive-pure-fn.rs": [
    1.7164234719998603,
    0.1320662519999587,
    0.13236015600000428,
    0.12983182600009968,
    0.12982752600009917,
    0.1306697360000726,
    0.12833570900011182,
    0.12817930699998215,
    0.13472228299997369,
    0.13247445699994387
  ],
  "prusti-tests/tests/verify/pass/pure-fn/ref-mut-arg.rs": [
    2.64609479700016,
    0.1681306760001462,
    0.16873478299999078,
    0.16425053000011758,
    0.16474293600003875,
    0.1715082150001308,
    0.17034570200007693,
    0.1666981589999068,
    0.16567104699993251,
    0.16562457099985295
  ],
  "prusti-tests/tests/verify/pass/rosetta/Ackermann_function.rs": [
    1.7086447199999384,
    0.198162868000054,
    0.1998153879999336,
    0.19914428000015505,
    0.1993756829999711,
    0.19933218200003466,
    0.19941688299991256,
    0.20831879000002118,
    0.20588246000011168,
    0.2082775890000903
  ],
  "prusti-tests/tests/verify/pass/rosetta/Heapsort.rs": [
    11.008699434999926,
    1.0601390649999303,
    1.0547103189999234,
    0.9288072199999533,
    0.9191778040001282,
    0.9307138430001487,
    0.9286859189999177,
    0.9257961829998749,
    1.0508475809999709,
    1.0612926060000518
  ]
}