{
  "prusti-tests/tests/verify/pass/rosetta/Knuth_shuffle.rs": [
    1.994159113999899,
    1.8128909069999963,
    1.6219161479999684,
    1.7442947560000448,
    1.6176837860000433,
    1.7384845819999555,
    1.560849413000028,
    1.6528423400000065,
    1.5590830699999287,
    1.559336356000017
  ],
  "prusti-tests/tests/verify/pass/demos/account.rs": [
    0.8673293870000407,
    0.7754294430000073,
    0.7769594479999569,
    0.756086922999998,
    0.7706616039999972,
    0.8924417120000498,
    0.7983848579999631,
    0.7703059899999971,
    0.7758877190000248,
    0.7802460410000549
  ]
}