{
  "prusti-tests/tests/verify/pass/rosetta/Knuth_shuffle.rs": [
    2.3811421339999015,
    2.152835385999879,
    1.9909927979999793,
    2.0303926670001147,
    1.9975767119999546,
    1.9260043220001535,
    1.9501816219999455,
    1.9714478359999248,
    1.9395682189999661,
    1.9350997019998886
  ],
  "prusti-tests/tests/verify/pass/demos/account.rs": [
    1.7975847629998043,
    1.806175716000098,
    1.7980768980000903,
    1.7974422449999565,
    1.7834718149999844,
    1.802325061999909,
    1.750150455000039,
    1.8341144560001794,
    1.772923222999907,
    1.759472009000092
  ],
  "prusti-tests/tests/verify/pass/rosetta/Knights_tour.rs": [
    110.23096656500002,
    105.24617030100012,
    109.44114815800003,
    111.89859823500001,
    110.78930156399997,
    113.28833849199987,
    113.47310693299983,
    105.30355910000003,
    108.64957595700002,
    114.32232862899991
  ],
  "prusti-tests/tests/verify/pass/quick/fold-unfold.rs": [
    1.1823775180000666,
    1.1993979320000108,
    1.1860152849999395,
    1.1824510480000754,
    1.1821710019999045,
    1.1973951859999943,
    1.189662141000099,
    1.1891835329997775,
    1.1857937689997016,
    1.1749427660001857
  ],
  "prusti-tests/tests/verify/pass/quick/moves.rs": [
    1.4432116749999295,
    1.4268339740001466,
    1.4313183579997713,
    1.4660510120002073,
    1.4463195409998661,
    1.445772530999875,
    1.4132042050000564,
    1.4063163740001983,
    1.4245900179998898,
    1.4176651879997735
  ],
  "prusti-tests/tests/verify/pass/quick/mut-borrows.rs": [
    2.83075909199988,
    2.801296650999575,
    2.8255050069997196,
    2.7919214520002242,
    2.8112208219999957,
    2.7945151119997718,
    2.849080253000011,
    2.7985812860001715,
    2.8407336720001695,
    2.7941088749998926
  ],
  "prusti-tests/tests/verify/pass/quick/shared-borrows.rs": [
    1.784309869000026,
    1.8004995729997972,
    1.805232762000287,
    1.803434582999671,
    1.7826872390000972,
    1.7692722880001384,
    1.7775943430001462,
    1.7765506239998103,
    1.758275214999685,
    1.7776953570000842
  ],
  "prusti-tests/tests/verify/pass/quick/trait-contracts-refinement.rs": [
    1.5603819289999592,
    1.5163669120001941,
    1.5057629210000414,
    1.6161190929997247,
    1.5618521760002295,
    1.4888348069998756,
    1.4938076000003093,
    1.4875014819999706,
    1.4925441839995983,
    1.489618531999895
  ],
  "prusti-tests/tests/verify/pass/quick/routes.rs": [
    4.941117148999638,
    4.637524663000022,
    4.5812124230001245,
    4.4735324919997765,
    4.608456843000113,
    4.467381610999837,
    4.6328360249999605,
    4.542250522999893,
    4.701435188999767,
    4.576913750000131
  ],
  "prusti-tests/tests/verify/pass/quick/fibonacci.rs": [
    6.039642391999678,
    5.984464811999715,
    5.981441740999799,
    5.895792587999949,
    5.966989528999875,
    5.873451381999985,
    5.889409892000003,
    5.868243972000073,
    5.875691017000008,
    5.863394694999897
  ],
  "prusti-tests/tests/verify/pass/pure-fn/len-lookup.rs": [
    3.3709054189998824,
    3.424389605000215,
    3.416250219000176,
    3.415164083000036,
    3.4473327679997965,
    3.5044738120000147,
    3.336681391000184,
    3.4093040660000042,
    3.335952801000076,
    3.384000019999803
  ],
  "prusti-tests/tests/verify/pass/pure-fn/quantifiers.rs": [
    2.1175922759998684,
    2.1155149599999277,
    2.0656895189999886,
    2.08285484299995,
    2.0786241400001018,
    2.067489422000108,
    2.067971830999795,
    2.073004625000067,
    2.0716887910002697,
    2.0797749220000696
  ],
  "prusti-tests/tests/verify/pass/pure-fn/recursive-pure-fn.rs": [
    1.8281039880002936,
    1.834336104999693,
    1.8673152390001633,
    1.840128815999833,
    1.8781977339999685,
    1.8493983910002498,
    1.8412716369998634,
    1.8441134189997683,
    1.8264109690003352,
    1.8144016420001208
  ],
  "prusti-tests/tests/verify/pass/pure-fn/ref-mut-arg.rs": [
    2.874800096999934,
    2.7708856600002036,
    2.831485301000157,
    2.788089877999937,
    2.7667097369999283,
    2.8454214179996598,
    2.7918779940000604,
    2.907837630999893,
    2.793008372999793,
    2.8057370519995857
  ],
  "prusti-tests/tests/verify/pass/rosetta/Ackermann_function.rs": [
    1.834628825999971,
    1.811358188000213,
    1.8174883030001183,
    1.8182445989996268,
    1.8248927770000591,
    1.8304332809998414,
    1.8477493060004235,
    1.822896039999705,
    1.838267241000267,
    1.8230792569997902
  ],
  "prusti-tests/tests/verify/pass/rosetta/Heapsort.rs": [
    9.568143774999953,
    9.38416616900031,
    9.418133399999988,
    9.377811117999954,
    9.37636403200031,
    9.38910140400003,
    9.52459045500018,
    9.728508470000179,
    9.274388852000357,
    9.289773333000085
  ]
}