{
  "prusti-tests/tests/verify/pass/rosetta/Knuth_shuffle.rs": [
    2.6467946170000687,
    2.352209526000024,
    2.2057082300000275,
    2.304161027999953,
    2.269345027999975,
    2.252695628999959,
    2.3021319279999943,
    2.4017126239999698,
    2.1389784320000444,
    2.112470634000033
  ],
  "prusti-tests/tests/verify/pass/demos/account.rs": [
    1.9517880380000179,
    1.9314650390000452,
    2.074685534999958,
    1.940619039000012,
    1.9198384390000456,
    1.8513252419999162,
    1.8963538400000743,
    1.8940485399999716,
    1.927210438999964,
    1.9354100389999758
  ],
  "prusti-tests/tests/verify/pass/rosetta/Knights_tour.rs": [
    114.83810733799999,
    113.06959302199994,
    111.54402376000007,
    111.93322455299995,
    115.17161049300012,
    116.86590416800004,
    112.63291953200019,
    111.3174966659999,
    108.89716766800007,
    112.77311625700008
  ],
  "prusti-tests/tests/verify/pass/quick/fold-unfold.rs": [
    1.1878880629999458,
    1.1855904500000634,
    1.1737218799999027,
    1.1790234110001165,
    1.1741657820000455,
    1.1899407759999576,
    1.1885229319998416,
    1.1911940739998954,
    1.2196683309998662,
    1.181645620999916
  ],
  "prusti-tests/tests/verify/pass/quick/moves.rs": [
    1.447743489000004,
    1.4461910809998244,
    1.437682114999916,
    1.433941974000163,
    1.4634248360000583,
    1.507170176000045,
    1.4721371829998589,
    1.496507217000044,
    1.4472817289999966,
    1.4435363090001374
  ],
  "prusti-tests/tests/verify/pass/quick/mut-borrows.rs": [
    2.956828400999939,
    2.964250930999924,
    2.9773908790000405,
    2.959839382999917,
    2.990207749000092,
    3.0062761359999968,
    3.0003686039999593,
    3.067799265999838,
    2.9921826520001105,
    3.012254958000085
  ],
  "prusti-tests/tests/verify/pass/quick/shared-borrows.rs": [
    1.8916731320000508,
    1.8834010870000384,
    1.9007095809997736,
    1.941604906000066,
    1.8284916940001494,
    1.8203143490000002,
    1.8394374539998353,
    1.8517320209998616,
    1.8544184320003296,
    1.843329070999971
  ],
  "prusti-tests/tests/verify/pass/quick/trait-contracts-refinement.rs": [
    1.670549227000265,
    1.673883145000218,
    1.5862672940002085,
    1.629796818000159,
    1.5704644900001767,
    1.6649566129999585,
    1.5799538420001227,
    1.599007186000108,
    1.6554260050002085,
    1.5625833829999465
  ],
  "prusti-tests/tests/verify/pass/quick/routes.rs": [
    5.863929187999929,
    5.920307470000353,
    5.8748510719997284,
    5.165790410000227,
    5.23237154699973,
    5.247065819999989,
    5.372391870999763,
    5.354128725999999,
    5.318956977999733,
    5.331517107000309
  ],
  "prusti-tests/tests/verify/pass/quick/fibonacci.rs": [
    6.60209076000001,
    6.485407944000144,
    6.651347486000304,
    6.6821039429996745,
    6.923417087999951,
    6.452156670000022,
    6.4753496520002045,
    6.568184652000127,
    6.560927169000024,
    6.603989875000025
  ],
  "prusti-tests/tests/verify/pass/pure-fn/len-lookup.rs": [
    3.767095925999911,
    3.8960024820003127,
    3.724149335999755,
    3.906507127000168,
    4.238074078999944,
    4.207398097999885,
    4.1899998090002555,
    4.191400378999788,
    4.290187819000039,
    4.255687470999874
  ],
  "prusti-tests/tests/verify/pass/pure-fn/quantifiers.rs": [
    2.6236758320001172,
    2.5363784119999764,
    2.360793171000296,
    2.3542320340002334,
    2.4163442990002295,
    2.4426734899998337,
    2.5343824139999924,
    2.6234907189996193,
    2.6432673160002196,
    2.755038854999839
  ],
  "prusti-tests/tests/verify/pass/pure-fn/recursive-pure-fn.rs": [
    2.31230824100021,
    2.3163903650001885,
    2.4158271129999775,
    2.2363635239998985,
    2.3088637019995986,
    2.304127967000113,
    2.3981747839998206,
    2.3107900439999867,
    2.221454347999952,
    2.2190968340000836
  ],
  "prusti-tests/tests/verify/pass/pure-fn/ref-mut-arg.rs": [
    2.7170233020001433,
    2.705469195000205,
    2.811460390999855,
    2.7853822520000904,
    2.7712687550001647,
    2.7443328029999066,
    2.7586116940001375,
    3.118027708000227,
    2.904568396000286,
    2.875925885000015
  ],
  "prusti-tests/tests/verify/pass/rosetta/Ackermann_function.rs": [
    2.5869069930004116,
    2.4323819209998874,
    2.2645952630000465,
    2.361778570000297,
    2.2756190539998897,
    2.556168836999859,
    2.314727124000001,
    2.4838932889997523,
    2.3612734940002156,
    2.456483990000379
  ],
  "prusti-tests/tests/verify/pass/rosetta/Heapsort.rs": [
    13.062335517000065,
    12.11450640899966,
    12.164954224000212,
    11.787137591999908,
    11.771671896999578,
    11.855378541999926,
    11.714833064000231,
    11.900850391999938,
    11.997836848999668,
    12.080732931000057
  ]
}