{
  "prusti-tests/tests/verify/pass/rosetta/Knuth_shuffle.rs": [
    2.564496147,
    2.3191562620000923,
    2.24177376800003,
    2.060079782999992,
    2.0348020349999842,
    2.0089870119999205,
    2.040535161999969,
    2.0056800300000077,
    1.9847377149999375,
    2.067885105999949
  ],
  "prusti-tests/tests/verify/pass/demos/account.rs": [
    1.8170117330000721,
    1.779928205000033,
    1.8062527939999882,
    1.8139179810000314,
    1.8543457709999984,
    1.7862627660000499,
    1.8147863230000212,
    1.8347499139999854,
    1.8490342089999103,
    1.812153104999993
  ],
  "prusti-tests/tests/verify/pass/rosetta/Knights_tour.rs": [
    104.95655981699997,
    104.24421218899988,
    104.93118801800006,
    103.56744473399999,
    102.46229669599984,
    103.76538495299997,
    103.89466703400012,
    105.06731457899991,
    105.40861613499987,
    104.00293551000004
  ],
  "prusti-tests/tests/verify/pass/quick/fold-unfold.rs": [
    1.1968535629998769,
    1.2091257470001437,
    1.2153773259999525,
    1.1915369969999574,
    1.1702891130000808,
    1.174856095999985,
    1.1727980539999407,
    1.1774063049999768,
    1.197430053000062,
    1.1945709019998958
  ],
  "prusti-tests/tests/verify/pass/quick/moves.rs": [
    1.4487150759998713,
    1.4147983660000136,
    1.4054819539999244,
    1.4211795710000388,
    1.4361370699998588,
    1.429653073000054,
    1.4304995859999963,
    1.4279690480000227,
    1.4353295079999953,
    1.4161211529999491
  ],
  "prusti-tests/tests/verify/pass/quick/mut-borrows.rs": [
    2.834877282999969,
    2.810589779000111,
    2.8026428310001847,
    2.8292847729999266,
    2.821205659000043,
    2.830676755000013,
    2.8038839340001687,
    2.8433391060000304,
    2.8458038169999327,
    2.8060936209999454
  ],
  "prusti-tests/tests/verify/pass/quick/shared-borrows.rs": [
    1.7681452510000781,
    1.7929605239999091,
    1.8026345519999722,
    1.802570550999917,
    1.761658910000051,
    1.803488416999926,
    1.7938536090000525,
    1.791411577999952,
    1.7705919120001,
    1.7822098760000245
  ],
  "prusti-tests/tests/verify/pass/quick/trait-contracts-refinement.rs": [
    1.6700014149998879,
    1.6503596519999064,
    1.61686490399984,
    1.594984211999872,
    1.5915623310002047,
    1.6015108699998564,
    1.6182479849999254,
    1.6046709099996406,
    1.5844289510000635,
    1.6173633690000315
  ],
  "prusti-tests/tests/verify/pass/quick/routes.rs": [
    5.440097937000246,
    5.106196408999949,
    4.568725275000361,
    4.5032692160002625,
    4.539854734000073,
    4.56613420199983,
    4.475818727999922,
    4.502610121000089,
    4.543710405999718,
    4.412339649000387
  ],
  "prusti-tests/tests/verify/pass/quick/fibonacci.rs": [
    5.834623766000277,
    5.707738585000243,
    5.692872547000206,
    5.5739939319996665,
    5.650694732999909,
    5.665508171000056,
    5.6578423060000205,
    5.6210457390002375,
    5.559759422999832,
    5.615742491999754
  ],
  "prusti-tests/tests/verify/pass/pure-fn/len-lookup.rs": [
    3.3214819089998855,
    3.3713332500001343,
    3.2662505120001697,
    3.2491678339997634,
    3.3435814180002126,
    3.3643906560000687,
    3.2847239129996524,
    3.2872629469998174,
    3.2641643800002385,
    3.27969719299972
  ],
  "prusti-tests/tests/verify/pass/pure-fn/quantifiers.rs": [
    2.0175854630001595,
    2.0597835499997927,
    2.012732694999613,
    2.2362649840001723,
    1.9787589390002722,
    1.9937168850001399,
    2.0016542149996894,
    1.9896651690000908,
    2.029238390000046,
    1.9945789090002108
  ],
  "prusti-tests/tests/verify/pass/pure-fn/recursive-pure-fn.rs": [
    1.7650173639999593,
    1.793237382999905,
    1.7726309129998299,
    1.7382705319996603,
    1.760840258999906,
    1.735156753999945,
    1.7805000490002385,
    1.7689436370001204,
    1.752313538999715,
    1.7946471679997558
  ],
  "prusti-tests/tests/verify/pass/pure-fn/ref-mut-arg.rs": [
    2.7597730679999586,
    2.6528062729998965,
    2.6213155099999312,
    2.6566933819999576,
    2.6292821189999813,
    2.624187224999787,
    2.6780887110003277,
    2.6242109300001175,
    2.595240920999913,
    2.6394843779999064
  ],
  "prusti-tests/tests/verify/pass/rosetta/Ackermann_function.rs": [
    1.8214009489997807,
    1.790405713000382,
    1.8052708700001858,
    1.8042351050003163,
    1.785675781000009,
    1.8155102999999144,
    1.7864256940001724,
    1.8000678309999785,
    1.8238578909999887,
    1.802760668999781
  ],
  "prusti-tests/tests/verify/pass/rosetta/Heapsort.rs": [
    10.538433194999925,
    10.433341377000033,
    10.373502076000022,
    10.249228862000109,
    10.406081121999705,
    10.394212874000004,
    10.224335324999629,
    10.474014612999781,
    10.351518711999688,
    10.352028599999812
  ]
}