{
  "prusti-tests/tests/verify/pass/rosetta/Knuth_shuffle.rs": [
    2.888702652999882,
    2.647382554999922,
    2.492134275000126,
    2.549379442999907,
    2.508912662000057,
    2.535738949000006,
    2.446256437000102,
    2.5252363429999605,
    2.521412693000002,
    2.3859877580000557
  ],
  "prusti-tests/tests/verify/pass/demos/account.rs": [
    2.236903543999915,
    2.2377515929999845,
    2.2124458470000263,
    2.2145640680000724,
    2.2135699719999593,
    2.2393827640000836,
    2.2752425080000194,
    2.36963738999998,
    2.2603890919999685,
    2.220794749000106
  ],
  "prusti-tests/tests/verify/pass/rosetta/Knights_tour.rs": [
    132.12962589100016,
    124.8558305470001,
    127.8764565250001,
    130.9142766670002,
    126.8248807330001,
    125.38889478800002,
    125.50523793100001,
    125.96808962,
    131.52163995299998,
    130.24329268300016
  ],
  "prusti-tests/tests/verify/pass/quick/fold-unfold.rs": [
    1.4994393419997323,
    1.4798587410000437,
    1.4954015349999281,
    1.4307093009997516,
    1.514555264000137,
    1.4896291820000442,
    1.4383034389998102,
    1.4919987029998083,
    1.5660431910000625,
    1.489065632999882
  ],
  "prusti-tests/tests/verify/pass/quick/moves.rs": [
    1.927596984000047,
    1.7713871860000836,
    2.0099560999997266,
    1.791457525000169,
    1.8222100520001732,
    2.0606381029997465,
    1.7879856650001784,
    1.8168768609998551,
    1.81177339199985,
    1.7883837919998768
  ],
  "prusti-tests/tests/verify/pass/quick/mut-borrows.rs": [
    3.7066896579999593,
    3.718001180000101,
    3.727392962000067,
    3.721591933000127,
    3.6701118840001072,
    3.5980951900000946,
    3.7139974110000367,
    3.625590936000208,
    3.6114189850000002,
    3.6241539640000155
  ],
  "prusti-tests/tests/verify/pass/quick/shared-borrows.rs": [
    2.2422844650000116,
    2.2559924090001005,
    2.3589999759997227,
    2.3056627789997037,
    2.364106465000077,
    2.284479096999803,
    2.314742237000246,
    2.3097750809997706,
    2.277239217999977,
    2.2974299679999604
  ],
  "prusti-tests/tests/verify/pass/quick/trait-contracts-refinement.rs": [
    2.0085933700001988,
    2.1981450580001365,
    2.1161528669999825,
    2.1503606589999436,
    2.222641642000326,
    2.0498695859996587,
    1.9987411639999664,
    2.014467269999841,
    2.018556944000011,
    2.165078167000047
  ],
  "prusti-tests/tests/verify/pass/quick/routes.rs": [
    7.315688081000189,
    7.234671948000141,
    6.535204046999752,
    6.907193902000017,
    6.426353423000364,
    6.4866314759997294,
    6.460615262999909,
    6.3555047939998985,
    6.282972480999888,
    6.421377124000173
  ],
  "prusti-tests/tests/verify/pass/quick/fibonacci.rs": [
    8.107428801999959,
    7.985692234999988,
    8.090907853999852,
    7.979066297999907,
    7.961059831000057,
    8.255782694000118,
    7.943579336000312,
    8.057299496999804,
    7.967459354999846,
    7.848728088999906
  ],
  "prusti-tests/tests/verify/pass/pure-fn/len-lookup.rs": [
    4.440529362999769,
    4.450350823000008,
    4.415535545999774,
    4.507333377000123,
    4.544892531000187,
    4.434895434000282,
    4.403077782999844,
    4.5197540070003015,
    4.3271561019996625,
    4.374927000999833
  ],
  "prusti-tests/tests/verify/pass/pure-fn/quantifiers.rs": [
    2.8203045340001154,
    2.826716380000107,
    2.6986434610003016,
    2.843348029000026,
    2.7605524840000726,
    2.776702729000135,
    2.7298134259999642,
    2.7724734700000226,
    2.8429988969996884,
    2.91078822999998
  ],
  "prusti-tests/tests/verify/pass/pure-fn/recursive-pure-fn.rs": [
    2.5615596429997822,
    2.617898460000106,
    2.892506461999801,
    2.565960063000148,
    2.5969969100001435,
    2.5390964520001944,
    2.775228719000097,
    2.6280024569996385,
    2.6710698650003906,
    2.5768019650004135
  ],
  "prusti-tests/tests/verify/pass/pure-fn/ref-mut-arg.rs": [
    3.1260882189999393,
    3.360739701000057,
    3.2236926000000494,
    3.2107841799997914,
    3.1226892509998834,
    3.392777166000087,
    3.425798483000108,
    3.229437625999708,
    3.1182696490000126,
    3.332574970999758
  ],
  "prusti-tests/tests/verify/pass/rosetta/Ackermann_function.rs": [
    2.5556225679997624,
    2.6206430050001472,
    2.64338027399981,
    2.582289057000253,
    2.6526721899999757,
    2.5637251100001777,
    2.651649425999949,
    2.5067660260001503,
    2.69932974700032,
    2.528514995999558
  ],
  "prusti-tests/tests/verify/pass/rosetta/Heapsort.rs": [
    13.607685031000074,
    13.870089545000155,
    14.143448029999945,
    13.603230214999712,
    13.382506306999858,
    13.851276283000061,
    13.509333344999959,
    13.452486506000241,
    13.543313041000147,
    13.336497520999728
  ]
}