{
  "prusti-tests/tests/verify/pass/rosetta/Knuth_shuffle.rs": [
    2.116969131000019,
    1.7760839659999874,
    1.660553522999976,
    1.7982421120000254,
    1.6084747439999774,
    1.7322685689999844,
    1.582096483999976,
    1.6136790019999125,
    1.568980586000066,
    1.6278000239999528
  ],
  "prusti-tests/tests/verify/pass/demos/account.rs": [
    0.7825427170000694,
    0.7661364409999578,
    0.7439666400000533,
    0.7523021730000892,
    0.8706223810000893,
    0.7808544859999529,
    0.7244333370000504,
    0.7507046480000099,
    0.7906390160000001,
    0.7493148320000955
  ]
}