{
  "prusti-tests/tests/verify/pass/rosetta/Knuth_shuffle.rs": [
    2.2769504590000906,
    1.9840817269999889,
    1.987916984000094,
    2.055803912999977,
    1.988340988999994,
    1.980975854999997,
    1.9823691819999567,
    1.9581309639999063,
    1.9807695750000676,
    1.9361628650000284
  ],
  "prusti-tests/tests/verify/pass/demos/account.rs": [
    1.8060325019999937,
    1.805298518000086,
    1.8286263439999857,
    1.848703009000019,
    1.7749156669999593,
    1.8013457609999932,
    1.78074449799999,
    1.8208400280000205,
    1.7848961739999822,
    1.7824790299999904
  ],
  "prusti-tests/tests/verify/pass/rosetta/Knights_tour.rs": [
    103.06665206100013,
    100.88589964500011,
    99.19852218000005,
    103.52529706999985,
    99.21768658099995,
    99.96301949999997,
    97.99829021799997,
    99.70910432400001,
    97.94526273499991,
    100.7509734480002
  ],
  "prusti-tests/tests/verify/pass/quick/fold-unfold.rs": [
    1.2007126789999347,
    1.1893115720001788,
    1.1811693229999491,
    1.17953759299985,
    1.186136612999917,
    1.1860616240001036,
    1.187696497000161,
    1.1806204680001429,
    1.1957024440000623,
    1.180656769000052
  ],
  "prusti-tests/tests/verify/pass/quick/moves.rs": [
    1.4520509269998456,
    1.4251938360000622,
    1.437067443999922,
    1.4358336029999919,
    1.4283471669998562,
    1.4425373240001136,
    1.4346654819999003,
    1.4322755610000968,
    1.4376885039998797,
    1.437921508000045
  ],
  "prusti-tests/tests/verify/pass/quick/mut-borrows.rs": [
    2.8273163349999777,
    2.829555260999996,
    2.863395449000109,
    2.848936586000036,
    2.830449913999928,
    2.842365785000311,
    2.831545387999995,
    2.8460061160003534,
    2.86284324799999,
    2.8318121829997835
  ],
  "prusti-tests/tests/verify/pass/quick/shared-borrows.rs": [
    1.8062585979996584,
    1.8213997720004045,
    1.7977411410001878,
    1.8014505090000057,
    1.7879510600000685,
    1.8008634920001896,
    1.8070780049997666,
    1.8063368920002176,
    1.7881448600001022,
    1.8023258539997187
  ],
  "prusti-tests/tests/verify/pass/quick/trait-contracts-refinement.rs": [
    1.5431629309996424,
    1.5403391789996022,
    1.517484862999936,
    1.5016693749998922,
    1.5070038509998085,
    1.509454691999963,
    1.5041724960001375,
    1.5084867749997102,
    1.5175883399997474,
    1.4979567589998624
  ],
  "prusti-tests/tests/verify/pass/quick/routes.rs": [
    4.978384513000037,
    4.6909656359998735,
    4.689708913000231,
    4.555895354999848,
    4.6080927349999,
    4.515165211000294,
    4.618083154000033,
    4.572458789999928,
    4.627827195999998,
    4.544512324000152
  ],
  "prusti-tests/tests/verify/pass/quick/fibonacci.rs": [
    5.757997772000181,
    5.842004928999813,
    5.783572230999653,
    5.800149307000083,
    5.89334600400025,
    5.7505450670000755,
    5.800811360999887,
    5.829987424000137,
    5.777407863000008,
    5.803036285999951
  ],
  "prusti-tests/tests/verify/pass/pure-fn/len-lookup.rs": [
    3.356248582000262,
    3.3524128389999532,
    3.349561203000121,
    3.304497237000305,
    3.325820190000286,
    3.3075221330000204,
    3.2915841630001523,
    3.342946426999788,
    3.321414546000142,
    3.3321094670000093
  ],
  "prusti-tests/tests/verify/pass/pure-fn/quantifiers.rs": [
    2.0909062609998728,
    2.0656381529997816,
    2.040574955000011,
    2.046481295999911,
    2.0459266889997707,
    2.041752637999707,
    2.0433887579997645,
    2.044283001999702,
    2.0585050479999154,
    2.049035271000321
  ],
  "prusti-tests/tests/verify/pass/pure-fn/recursive-pure-fn.rs": [
    1.8128738660002455,
    1.8478055179998591,
    1.813503886000035,
    1.8460014959996442,
    1.8068440659999396,
    1.8054658360001667,
    1.8128250579998166,
    1.8188105579997682,
    1.8265964430001986,
    1.8100083879999147
  ],
  "prusti-tests/tests/verify/pass/pure-fn/ref-mut-arg.rs": [
    2.70876380000027,
    2.710900837000281,
    2.7644259429998783,
    2.6990704290001304,
    2.719708323999839,
    2.731137857000249,
    2.7647272829999565,
    2.770057844999883,
    2.7073132669997904,
    2.709020261000205
  ],
  "prusti-tests/tests/verify/pass/rosetta/Ackermann_function.rs": [
    1.8196133920000648,
    1.794953722000173,
    1.8055734449999363,
    1.8049586370002544,
    1.8332156890000988,
    1.7939723199997388,
    1.8116233569999167,
    1.8382407539997985,
    1.8096792339997592,
    1.814555823000319
  ],
  "prusti-tests/tests/verify/pass/rosetta/Heapsort.rs": [
    9.14933911900016,
    9.210439882999708,
    9.162593383999592,
    9.207163850000143,
    9.297989757999858,
    9.28517137300014,
    9.382248402000187,
    9.495133282000097,
    9.111740702000134,
    9.251322963999883
  ]
}