{
  "prusti-tests/tests/verify/pass/rosetta/Knuth_shuffle.rs": [
    2.5075695240000186,
    2.0206218289999924,
    1.9649371540000402,
    1.9781449009999506,
    1.8591932339999175,
    1.9584048809999786,
    1.8712676639999017,
    1.9082920229999445,
    1.9002181719999953,
    1.8615119820000245
  ],
  "prusti-tests/tests/verify/pass/demos/account.rs": [
    0.9513254820000157,
    1.0699617239999952,
    0.9699638600000071,
    0.9304843749999918,
    0.927779661000045,
    1.1226280519999818,
    0.9345723860000135,
    0.9240520350000452,
    0.9612477019999233,
    1.0258420940000406
  ]
}