{
  "prusti-tests/tests/verify/pass/rosetta/Knuth_shuffle.rs": [
    2.582807394999918,
    2.2027963819998604,
    2.2715288109998255,
    2.231774034999944,
    2.2189750029999686,
    2.2842524559998765,
    2.2196111880000444,
    2.215313611000056,
    2.3012307540000165,
    2.2698512430001756
  ],
  "prusti-tests/tests/verify/pass/demos/account.rs": [
    1.9826533929999641,
    1.961619703999986,
    1.9689016649999758,
    1.8989015450001716,
    1.9028651670000727,
    1.946851623999919,
    1.9335685969999759,
    2.0331490650000887,
    1.9635371089998443,
    2.021439999999984
  ],
  "prusti-tests/tests/verify/pass/rosetta/Knights_tour.rs": [
    123.47280966099993,
    125.09732562800014,
    123.32264404000011,
    124.96019818800005,
    123.75779321000027,
    122.6717109809997,
    123.82380545900014,
    123.94973332300015,
    123.52947949199961,
    122.80658163600037
  ],
  "prusti-tests/tests/verify/pass/quick/fold-unfold.rs": [
    1.3010080159997415,
    1.255818556000122,
    1.3205363130000478,
    1.2999253220000355,
    1.2613417269999445,
    1.291086974999871,
    1.35611343499977,
    1.3657553849998294,
    1.347602279000057,
    1.2744456599998557
  ],
  "prusti-tests/tests/verify/pass/quick/moves.rs": [
    1.5137096140001631,
    1.5443084589996943,
    1.5328186289998484,
    1.4984635079999862,
    1.4979276110002502,
    1.5175310089998675,
    1.5224696840000433,
    1.538780287999998,
    1.4975977019998936,
    1.48316617699993
  ],
  "prusti-tests/tests/verify/pass/quick/mut-borrows.rs": [
    2.965715657000146,
    2.9692465620000803,
    2.970344439999735,
    2.954449393000232,
    2.973559195999769,
    2.9472724369998105,
    2.9471601180002835,
    2.988636434,
    3.0022567599999093,
    2.960347434000141
  ],
  "prusti-tests/tests/verify/pass/quick/shared-borrows.rs": [
    1.8680290950001108,
    1.878533435999998,
    1.9285658569997395,
    1.9842691599997124,
    1.8780512440002894,
    1.8901840749999792,
    1.8647834210000838,
    1.922421600999769,
    1.8649431010003354,
    1.9025544060000357
  ],
  "prusti-tests/tests/verify/pass/quick/trait-contracts-refinement.rs": [
    1.771196689000135,
    1.7246112240000002,
    1.7498845410000285,
    1.7638733639996644,
    1.7517499299997326,
    1.749138844999834,
    1.7506853439999759,
    1.7848353740000675,
    1.7404416459999084,
    1.735128191000058
  ],
  "prusti-tests/tests/verify/pass/quick/routes.rs": [
    5.289645970000038,
    5.348469915000351,
    4.92096549200005,
    4.957217488999959,
    5.0054423849996965,
    5.003732308000053,
    4.822390211999846,
    4.785377392999635,
    4.772973819000072,
    4.808046144999935
  ],
  "prusti-tests/tests/verify/pass/quick/fibonacci.rs": [
    6.07008081999993,
    6.108845418999863,
    6.231918717000099,
    6.257757682000374,
    6.346019035000154,
    6.160225885999807,
    6.128337955000006,
    6.09810693899999,
    6.287821750999683,
    6.613989548000063
  ],
  "prusti-tests/tests/verify/pass/pure-fn/len-lookup.rs": [
    3.523593849000008,
    3.49887204200013,
    3.4041935879999983,
    3.4071721540003637,
    3.4588168689997474,
    3.4645873990002656,
    3.5090767179999602,
    3.490428824999981,
    3.5640310990002035,
    3.5231634229999145
  ],
  "prusti-tests/tests/verify/pass/pure-fn/quantifiers.rs": [
    2.2012929489997077,
    2.17569821699999,
    2.207276508999712,
    2.1586784850001095,
    2.218992545999754,
    2.146878241000195,
    2.155791242000305,
    2.0442931869997665,
    2.085940561999905,
    2.179408833999787
  ],
  "prusti-tests/tests/verify/pass/pure-fn/recursive-pure-fn.rs": [
    1.8432102769997982,
    1.8797577550003552,
    1.85242253899969,
    1.857232205999935,
    1.8773949040000844,
    1.871219697000015,
    1.885392511000191,
    1.9219256909996147,
    1.8800011009998343,
    1.908063421999941
  ],
  "prusti-tests/tests/verify/pass/pure-fn/ref-mut-arg.rs": [
    2.813001242000155,
    3.0399347659999876,
    2.737814481999976,
    2.802744158999758,
    2.7961275990001013,
    2.7502295889999004,
    2.7486481169999024,
    2.840462574999947,
    2.7352554120002424,
    2.811605985999904
  ],
  "prusti-tests/tests/verify/pass/rosetta/Ackermann_function.rs": [
    1.9765236039997944,
    2.1457895279995682,
    2.060471104000044,
    2.0416366059998836,
    2.005759094000041,
    1.987966194999899,
    2.0048993539999174,
    1.9568264869999439,
    1.9292643800004043,
    1.980124319999959
  ],
  "prusti-tests/tests/verify/pass/rosetta/Heapsort.rs": [
    11.805292670999734,
    11.52067712400003,
    11.496798362999925,
    11.712024305000341,
    11.687408464999862,
    11.529731458999777,
    11.440952693999861,
    11.575167365000198,
    11.801346054000078,
    11.847668933000023
  ]
}