{
  "prusti-tests/tests/verify/pass/rosetta/Knuth_shuffle.rs": [
    2.3526992250000376,
    2.0291346629999225,
    1.9105995280000343,
    1.9562147709999635,
    1.954612574999942,
    1.87986821100003,
    1.9795165279999765,
    1.9094772449999482,
    1.9339526960000057,
    1.8706922080000368
  ],
  "prusti-tests/tests/verify/pass/demos/account.rs": [
    0.9829349950000505,
    1.0665998250000257,
    0.9959005980000484,
    0.9457272710000098,
    0.9332344780000312,
    1.1508907539999882,
    0.9417324880000706,
    0.9409048520001306,
    0.9427975630001129,
    1.0323855199999343
  ]
}