{
  "prusti-tests/tests/verify/pass/rosetta/Knuth_shuffle.rs": [
    2.860742807999941,
    0.3240282049999905,
    0.3270344390000446,
    0.3238908050000191,
    0.3256653250000454,
    0.3253910219999625,
    0.3280012520000355,
    0.3267379380000648,
    0.32582272599995576,
    0.3306688820000545
  ],
  "prusti-tests/tests/verify/pass/demos/account.rs": [
    2.2551270939999313,
    0.1301957890000267,
    0.1285585699999956,
    0.1282456669999874,
    0.1283977689998892,
    0.12965328300003875,
    0.12726605500006372,
    0.1280761650000386,
    0.12855717000002187,
    0.1284095690000413
  ],
  "prusti-tests/tests/verify/pass/rosetta/Knights_tour.rs": [
    103.79599644799998,
    2.198235441999941,
    2.1973856340000566,
    2.2074271489999546,
    2.2088570650000747,
    2.1991655660000333,
    2.198764737000033,
    2.1965713110000706,
    2.2109275770000067,
    2.2040182490000007
  ],
  "prusti-tests/tests/verify/pass/quick/fold-unfold.rs": [
    1.2882075300000224,
    0.09930013600001075,
    0.09871912899996005,
    0.09936063599991485,
    0.09845752599994739,
    0.09889233100000183,
    0.09880742999996528,
    0.09925013500003388,
    0.09761491599999772,
    0.09891533099994376
  ],
  "prusti-tests/tests/verify/pass/quick/moves.rs": [
    1.5404296140000042,
    0.09886963100007051,
    0.09650740299991867,
    0.09634240200000477,
    0.09565659400004733,
    0.0963236009999946,
    0.09598189700000148,
    0.09617419999995036,
    0.09533848999990369,
    0.09619580000003225
  ],
  "prusti-tests/tests/verify/pass/quick/mut-borrows.rs": [
    3.0541650090000303,
    0.15454936399999042,
    0.1545598649998965,
    0.15216593699994974,
    0.15392525699996895,
    0.1538697560000628,
    0.15425486100002672,
    0.15107882500001324,
    0.15332424999996874,
    0.15260684199995467
  ],
  "prusti-tests/tests/verify/pass/quick/shared-borrows.rs": [
    1.923358957000005,
    0.09411597499990876,
    0.09356976799995209,
    0.09501848500008236,
    0.09541259000002356,
    0.09556709100002081,
    0.09311146300001383,
    0.09398777199999131,
    0.09465348100002302,
    0.09448967900004845
  ],
  "prusti-tests/tests/verify/pass/quick/trait-contracts-refinement.rs": [
    1.6474999069999967,
    0.1367055609999852,
    0.13759927099999913,
    0.13875578400006816,
    0.13597955200009437,
    0.13642155699994873,
    0.1353260449999425,
    0.13832997999998042,
    0.13491183999997247,
    0.1359028509999689
  ],
  "prusti-tests/tests/verify/pass/quick/routes.rs": [
    5.281042189000004,
    0.33561603800001194,
    0.3356924389998994,
    0.3364213480000444,
    0.3369945539999435,
    0.33650784799988287,
    0.3354363359999297,
    0.3333766129999276,
    0.33437542399997255,
    0.334948630000099
  ],
  "prusti-tests/tests/verify/pass/quick/fibonacci.rs": [
    0.3478159730000243,
    0.3472695670000121,
    0.347686172000067,
    0.3535878400000456,
    0.3500300979999338,
    0.3509890099999211,
    0.34816097700013415,
    0.3476183709999532,
    0.34900118699988525,
    0.3522213239998564
  ],
  "prusti-tests/tests/verify/pass/pure-fn/len-lookup.rs": [
    3.7219875200000843,
    0.20880148600008397,
    0.2094707930000368,
    0.21382264199996825,
    0.2096113959999002,
    0.20968579800000953,
    0.20887609000010343,
    0.21027610499982075,
    0.20870148699987112,
    0.20980660000009266
  ],
  "prusti-tests/tests/verify/pass/pure-fn/quantifiers.rs": [
    2.245511783999973,
    0.18979697100007797,
    0.18483031400000982,
    0.18302059300003748,
    0.1831943960000899,
    0.18272778999994443,
    0.1857468240000344,
    0.18545602199992572,
    0.1841070049999871,
    0.18343539800002873
  ],
  "prusti-tests/tests/verify/pass/pure-fn/recursive-pure-fn.rs": [
    1.9798857460000363,
    0.14393604599990795,
    0.14430345000005218,
    0.1434348410000439,
    0.1431041370001367,
    0.14310683700000482,
    0.14260883099996136,
    0.14201812300007077,
    0.143546237999999,
    0.1437829399999373
  ],
  "prusti-tests/tests/verify/pass/pure-fn/ref-mut-arg.rs": [
    2.8896856659998775,
    0.17785492899997735,
    0.1762357110001176,
    0.17737152300014714,
    0.17692741899986686,
    0.17615360900003907,
    0.17867233800006943,
    0.17616651000003003,
    0.17845253600012256,
    0.17938424599992686
  ],
  "prusti-tests/tests/verify/pass/rosetta/Ackermann_function.rs": [
    1.8969252399999732,
    0.2132328329998927,
    0.21424784399982855,
    0.21323863199995685,
    0.21258602500006418,
    0.21517455499997595,
    0.21311783099986314,
    0.21354548099998283,
    0.2124799579999035,
    0.21301446500001475
  ],
  "prusti-tests/tests/verify/pass/rosetta/Heapsort.rs": [
    10.032952415999944,
    0.9373546049998822,
    0.9395039290000113,
    0.9396794309998313,
    0.9365200950001054,
    0.9357809870000438,
    0.9396866300000966,
    0.9391117190000386,
    0.9370129949998045,
    0.9358930820001206
  ]
}