{
  "prusti-tests/tests/verify/pass/rosetta/Knuth_shuffle.rs": [
    2.648790903999952,
    0.35797159800006284,
    0.3570555860000013,
    0.35872250900001745,
    0.3579853979999825,
    0.3541429470000139,
    0.3524217240000098,
    0.3587189080000144,
    0.3574690919999739,
    0.3595332189998999
  ],
  "prusti-tests/tests/verify/pass/demos/account.rs": [
    2.237355899000022,
    0.13082475399994564,
    0.13161786600005598,
    0.13170636600000307,
    0.13052705099994455,
    0.13062465200005136,
    0.13107985800002098,
    0.1313154620000887,
    0.13114875899998424,
    0.1309647569999015
  ],
  "prusti-tests/tests/verify/pass/rosetta/Knights_tour.rs": [
    93.07346422700004,
    2.568720110000072,
    2.566299157000003,
    2.561804897000002,
    2.573906232000013,
    2.568010000999948,
    2.5740720820000433,
    2.578675571999952,
    2.5699779829999443,
    2.5675688510000327
  ],
  "prusti-tests/tests/verify/pass/quick/fold-unfold.rs": [
    1.3012520050000376,
    0.10252024799990522,
    0.10239054600003783,
    0.10201184499999272,
    0.10167275799994968,
    0.10129965300006916,
    0.10195706199999677,
    0.09955343000001449,
    0.10052064300009533,
    0.09941922799998792
  ],
  "prusti-tests/tests/verify/pass/quick/moves.rs": [
    1.5040993909999543,
    0.09767620499997065,
    0.0994828289999532,
    0.09848601600003803,
    0.09657208999999511,
    0.09809701000006044,
    0.09810401100003219,
    0.09845551499995508,
    0.100822747000052,
    0.09676919300000009
  ],
  "prusti-tests/tests/verify/pass/quick/mut-borrows.rs": [
    3.0314764930000138,
    0.16367738600001758,
    0.16452689799996278,
    0.16542750999997224,
    0.1632057799999984,
    0.16433449499993458,
    0.16312597899991488,
    0.16632372099991244,
    0.16188006300001234,
    0.1636094850000518
  ],
  "prusti-tests/tests/verify/pass/quick/shared-borrows.rs": [
    1.8859647059999816,
    0.09512777099996583,
    0.09462556500000119,
    0.09530787400001373,
    0.09505357000000458,
    0.09444946300004631,
    0.09535057499999766,
    0.09606268400000317,
    0.09683089499992548,
    0.09641538900007163
  ],
  "prusti-tests/tests/verify/pass/quick/trait-contracts-refinement.rs": [
    1.77875217899998,
    0.139306061999946,
    0.14048627800002578,
    0.1422454009999683,
    0.14146929100002126,
    0.14387302299996918,
    0.14241740400007075,
    0.14127688899998248,
    0.14091518299994732,
    0.14014377400008016
  ],
  "prusti-tests/tests/verify/pass/quick/routes.rs": [
    5.476352928999972,
    0.36072503700006564,
    0.3575204940000276,
    0.36016973000005237,
    0.3591845169999033,
    0.35688898700004756,
    0.35507446199994774,
    0.3587110109999685,
    0.35796900100001494,
    0.3577932979999332
  ],
  "prusti-tests/tests/verify/pass/quick/fibonacci.rs": [
    0.380882407999934,
    0.3865049830000089,
    0.3838528479999468,
    0.38193762200000947,
    0.3834175420000747,
    0.3915715560000308,
    0.38730159900001127,
    0.38545027400004983,
    0.38829281199991783,
    0.3876194030000306
  ],
  "prusti-tests/tests/verify/pass/pure-fn/len-lookup.rs": [
    3.7199272340000107,
    0.22160187499991935,
    0.2204260590000331,
    0.22296009299998332,
    0.21816832900003647,
    0.22164957500001492,
    0.2218610779999608,
    0.22173397699998532,
    0.2189045380000607,
    0.21906504100002167
  ],
  "prusti-tests/tests/verify/pass/pure-fn/quantifiers.rs": [
    2.2453419370000347,
    0.19410592700000961,
    0.19761237399995935,
    0.19363712000006217,
    0.19487523799989503,
    0.19649095900001612,
    0.19856958699995175,
    0.19985180499998023,
    0.20020121000004565,
    0.19816138199996658
  ],
  "prusti-tests/tests/verify/pass/pure-fn/recursive-pure-fn.rs": [
    1.9722911909999539,
    0.15266966599995158,
    0.15424028699999326,
    0.1544135899999901,
    0.1551901000000271,
    0.15751503199999206,
    0.15540240300003916,
    0.15480299499995454,
    0.15479779400004645,
    0.1553647019999289
  ],
  "prusti-tests/tests/verify/pass/pure-fn/ref-mut-arg.rs": [
    2.9390538189999234,
    0.1958254339999712,
    0.1931027969999377,
    0.19305809700006193,
    0.19438241400007428,
    0.19415011099999901,
    0.19254859000000124,
    0.1936789050000698,
    0.1930425959999411,
    0.19472952000000987
  ],
  "prusti-tests/tests/verify/pass/rosetta/Ackermann_function.rs": [
    1.9145873510000229,
    0.23600437400000374,
    0.2361046759999681,
    0.23498826000002282,
    0.2333967400001029,
    0.23480675799999062,
    0.23445725299995956,
    0.23660708299996713,
    0.23549886700004663,
    0.23412884900005793
  ],
  "prusti-tests/tests/verify/pass/rosetta/Heapsort.rs": [
    10.277404377999915,
    1.0699386400000321,
    1.0702135430000226,
    1.0680089129999715,
    1.070579649000024,
    1.075517614999967,
    1.0832979939999632,
    1.0767737449999686,
    1.0714998739999828,
    1.0790406749999875
  ]
}