{
  "prusti-tests/tests/verify/pass/rosetta/Knuth_shuffle.rs": [
    2.4417434479998974,
    2.3827320810000856,
    2.3728479779999816,
    2.1774437059999627,
    2.402713601000073,
    2.4408033690000366,
    2.340015092000044,
    2.2938675509999484,
    2.2818715890000476,
    2.2139931070000785
  ],
  "prusti-tests/tests/verify/pass/demos/account.rs": [
    0.9140509659999907,
    0.8943722230000049,
    0.924349313000107,
    0.918964826999968,
    0.8841615810000576,
    0.9162188810000771,
    0.9468937709999636,
    0.9187327009999535,
    0.9310890570000083,
    0.9062141370000063
  ],
  "prusti-tests/tests/verify/pass/rosetta/Knights_tour.rs": [
    149.13799011300011,
    145.60213385800012,
    144.44053817400004,
    141.53725670300014,
    139.62659675299983,
    144.96407387299996,
    145.99732402400014,
    147.10443761500005,
    140.28619823600002,
    134.80210627400038
  ],
  "prusti-tests/tests/verify/pass/quick/fold-unfold.rs": [
    0.6291593760001888,
    0.5377499630003513,
    0.5399429879998934,
    0.5515864520002651,
    0.5583273370002644,
    0.5365475950002292,
    0.5735877070001152,
    0.5291067709999879,
    0.560840879999887,
    0.5412898650001807
  ],
  "prusti-tests/tests/verify/pass/quick/moves.rs": [
    0.5875545029998648,
    0.5479369210002005,
    0.6236248850000266,
    0.6001504490000116,
    0.5313681359998554,
    0.5522628250000707,
    0.5692652920001819,
    0.5326913109997804,
    0.5580620549999367,
    0.5605353949999881
  ],
  "prusti-tests/tests/verify/pass/quick/mut-borrows.rs": [
    1.0741979230001562,
    0.9111762469997302,
    1.010244383999634,
    0.9749383960001978,
    0.9223185440000634,
    0.945744981000189,
    1.0242698629999722,
    0.8568283059998976,
    0.936577058000239,
    0.9460238970000319
  ],
  "prusti-tests/tests/verify/pass/quick/shared-borrows.rs": [
    0.6283378640000592,
    0.7039342790003502,
    0.6420427050002218,
    0.7544537500002662,
    0.7270563909996781,
    0.6975773120002486,
    0.6665428450000945,
    0.7061273990002519,
    0.6577305430000706,
    0.6424315730000671
  ],
  "prusti-tests/tests/verify/pass/quick/trait-contracts-refinement.rs": [
    1.1015521100002843,
    1.0093024580000929,
    0.9785790000000816,
    0.9762571369997204,
    0.9842749929998718,
    0.9237914519999322,
    1.0135863609998523,
    0.9421221960001276,
    0.8883849379999447,
    0.9402283880003779
  ],
  "prusti-tests/tests/verify/pass/quick/routes.rs": [
    3.6834143589999258,
    3.818283589999737,
    3.2187283830003253,
    3.103553556999941,
    3.002051983000001,
    2.891907774000174,
    3.053310686000259,
    2.8759269699999095,
    3.0833489120000195,
    2.9704789880001954
  ],
  "prusti-tests/tests/verify/pass/quick/fibonacci.rs": [
    2.3972391190000053,
    2.390460771999642,
    2.696324470000036,
    2.6633912050001527,
    2.705573329999879,
    2.800116508999963,
    2.716250444000252,
    2.6700124250000954,
    2.843310085000212,
    2.6566588309997314
  ],
  "prusti-tests/tests/verify/pass/pure-fn/len-lookup.rs": [
    1.1825760780002383,
    1.1135819410001204,
    1.2160118859997056,
    1.1474595739996403,
    1.1634764890000042,
    1.041612534000251,
    1.1036746300001141,
    1.1135898790003012,
    1.2561644940001315,
    1.251064504000169
  ],
  "prusti-tests/tests/verify/pass/pure-fn/quantifiers.rs": [
    1.0159674229998927,
    0.9916024359999938,
    1.0045327719999477,
    0.9887452650000341,
    0.9741752299996733,
    0.8924923820000004,
    0.9425930339998558,
    0.9457589130001907,
    0.9580557130002489,
    0.960044626999661
  ],
  "prusti-tests/tests/verify/pass/pure-fn/recursive-pure-fn.rs": [
    0.6708737730000394,
    0.7279404200003228,
    0.6613863329998821,
    0.6972062719996757,
    0.6914476440001636,
    0.7142665420001322,
    0.6483536920000006,
    0.6955464770003346,
    0.6455066299999999,
    0.6978616090000287
  ],
  "prusti-tests/tests/verify/pass/pure-fn/ref-mut-arg.rs": [
    1.004392451000058,
    1.0653937219999534,
    0.9662475729996913,
    1.0098769090000133,
    1.0141107499998725,
    1.0138374339999245,
    1.022824344000128,
    1.0044977040001868,
    1.0057037720002882,
    0.9502085170001919
  ],
  "prusti-tests/tests/verify/pass/rosetta/Ackermann_function.rs": [
    1.1441922580002029,
    1.0363674599998376,
    1.013830477999818,
    1.0627502610000192,
    1.060376527000244,
    1.026693509999859,
    1.0549059160002798,
    1.0346515629998976,
    1.0306955280002512,
    1.0551872139999432
  ],
  "prusti-tests/tests/verify/pass/rosetta/Heapsort.rs": [
    13.529913953999767,
    12.756631438000113,
    12.779826831000264,
    12.83004059599989,
    13.258305644999837,
    13.207707293000112,
    12.698597272999905,
    13.137216280000303,
    12.794222703000287,
    13.440051409999796
  ]
}