{
  "prusti-tests/tests/verify/pass/rosetta/Knuth_shuffle.rs": [
    2.667929488000027,
    0.3301044580000507,
    0.33286538100003327,
    0.3290023490000067,
    0.3287720480000189,
    0.3278281399999514,
    0.32772403900003155,
    0.3285920470000292,
    0.3315503709999348,
    0.3284020449999616
  ],
  "prusti-tests/tests/verify/pass/demos/account.rs": [
    2.133211281999934,
    0.13082745400004114,
    0.12381679800000711,
    0.12357049599995662,
    0.12588121399994634,
    0.12574311299999863,
    0.12657011999999668,
    0.1282490329999746,
    0.12498850700001185,
    0.12609131599992907
  ],
  "prusti-tests/tests/verify/pass/rosetta/Knights_tour.rs": [
    93.78851710599997,
    2.624120527999935,
    2.6250010249999605,
    2.624969023999938,
    2.3286353979999603,
    2.618569626000067,
    2.3049284080000234,
    2.6053506629999674,
    2.296741152999971,
    2.579006370000002
  ],
  "prusti-tests/tests/verify/pass/quick/fold-unfold.rs": [
    1.2181254000000763,
    0.10710672700008672,
    0.10020675600003415,
    0.10008215499999551,
    0.10031095699991965,
    0.100572560000046,
    0.09876024100003633,
    0.09946394799999325,
    0.10052975999997216,
    0.09834763700007443
  ],
  "prusti-tests/tests/verify/pass/quick/moves.rs": [
    1.417452340000068,
    0.09836323599995467,
    0.09876834099998177,
    0.09745872700000291,
    0.09755662899999606,
    0.09658801800003403,
    0.0976189279999744,
    0.09891474299990932,
    0.09712962399999014,
    0.10188547299992479
  ],
  "prusti-tests/tests/verify/pass/quick/mut-borrows.rs": [
    2.949539953999988,
    0.17455103299994335,
    0.17046379900000375,
    0.17080470200005493,
    0.17261791700002505,
    0.16045131700002457,
    0.16254533400001492,
    0.15994601299996702,
    0.1662689650000857,
    0.15882230400006847
  ],
  "prusti-tests/tests/verify/pass/quick/shared-borrows.rs": [
    1.8729802840000502,
    0.09699682400002985,
    0.09637261800003216,
    0.09620601699998588,
    0.09734112700004971,
    0.0988016390000439,
    0.09829393499990147,
    0.09887243900004705,
    0.09776233000002321,
    0.0978086310000208
  ],
  "prusti-tests/tests/verify/pass/quick/trait-contracts-refinement.rs": [
    1.691661866000004,
    0.13943718400003036,
    0.13741016699998454,
    0.13813547300003393,
    0.14025849099994048,
    0.13936018300000796,
    0.1381553730000178,
    0.13845217599998705,
    0.14224960800004283,
    0.1419896060000383
  ],
  "prusti-tests/tests/verify/pass/quick/routes.rs": [
    5.269804561000001,
    0.3321294610000223,
    0.3322878619999301,
    0.3412260260000721,
    0.33934211300004335,
    0.36299308100001326,
    0.36727371100005257,
    0.33230426299996907,
    0.3369736960000864,
    0.3668725079999149
  ],
  "prusti-tests/tests/verify/pass/quick/fibonacci.rs": [
    0.3921594880000612,
    0.35828264700001,
    0.36101096699997015,
    0.38764751500002603,
    0.38737806899996485,
    0.39319601799991233,
    0.3916103249999878,
    0.40347152300000744,
    0.3733919279999327,
    0.36362906500005465
  ],
  "prusti-tests/tests/verify/pass/pure-fn/len-lookup.rs": [
    3.688570485000014,
    0.22866298700000698,
    0.22726327700002003,
    0.22887728800003515,
    0.2273604779999232,
    0.22698147500000232,
    0.22901803100000961,
    0.22996287400007986,
    0.23288719699996818,
    0.23663742799999454
  ],
  "prusti-tests/tests/verify/pass/pure-fn/quantifiers.rs": [
    2.3805095660000006,
    0.21346574200003943,
    0.20292495000001054,
    0.20217385000000831,
    0.18670766200000344,
    0.18521466300001066,
    0.18833446000007825,
    0.19691663500009327,
    0.19102372400004697,
    0.18899290900003507
  ],
  "prusti-tests/tests/verify/pass/pure-fn/recursive-pure-fn.rs": [
    1.9633862309999586,
    0.1501768189999666,
    0.14739079800006039,
    0.1549294540000119,
    0.14806620399997428,
    0.15589616199997636,
    0.16241391099993052,
    0.15151742900002318,
    0.15000351800006229,
    0.14890270900002633
  ],
  "prusti-tests/tests/verify/pass/pure-fn/ref-mut-arg.rs": [
    2.9291679569998905,
    0.18729182999993554,
    0.18479790900005355,
    0.18418580399998064,
    0.18509451199997784,
    0.18338699800005998,
    0.18604112000002715,
    0.18904434400008086,
    0.19071995699994204,
    0.1935696809999854
  ],
  "prusti-tests/tests/verify/pass/rosetta/Ackermann_function.rs": [
    1.9189728750000086,
    0.2363928309999892,
    0.23711043599996628,
    0.23921695400008502,
    0.23565782499997567,
    0.22953917500001353,
    0.2247158349999836,
    0.2244722330000286,
    0.22439683300001434,
    0.2208610040000849
  ],
  "prusti-tests/tests/verify/pass/rosetta/Heapsort.rs": [
    9.852258021000011,
    0.9679095789999792,
    0.9681437820000838,
    1.0936458520000087,
    0.985881317999997,
    1.1409249170000066,
    1.0862632939999912,
    1.1008689829999412,
    0.9846212530000003,
    1.0921115780000719
  ]
}