{
  "prusti-tests/tests/verify/pass/rosetta/Knuth_shuffle.rs": [
    2.7837059050000335,
    2.5313466550001067,
    2.4860242250001647,
    2.3610115530000257,
    2.380993465999836,
    2.358186435999869,
    2.454487147000009,
    2.420721346999926,
    2.4617979780000496,
    2.4889094229999955
  ],
  "prusti-tests/tests/verify/pass/demos/account.rs": [
    2.2065947399999004,
    2.293142624999973,
    2.203549624000061,
    2.317568865000112,
    2.287081194999928,
    2.242972846999919,
    2.2425071630000275,
    2.2535222350002186,
    2.2003132369998184,
    2.2925888550000764
  ],
  "prusti-tests/tests/verify/pass/rosetta/Knights_tour.rs": [
    132.21740813600013,
    133.70339953899997,
    127.04149879500005,
    126.702848228,
    127.43304047599986,
    125.76992166900027,
    125.14825294100001,
    124.20800247199986,
    134.06246915300017,
    132.89856766899993
  ],
  "prusti-tests/tests/verify/pass/quick/fold-unfold.rs": [
    1.4584768780000559,
    1.5006073270001252,
    1.4708609090002938,
    1.477108054999917,
    1.462590848000218,
    1.5177365509998708,
    1.4491755050003121,
    1.4764693710003485,
    1.510414578000109,
    1.4884175440001854
  ],
  "prusti-tests/tests/verify/pass/quick/moves.rs": [
    1.7737311070000032,
    1.8253813149999587,
    1.761924721000014,
    1.7637523319999673,
    1.7782360219998736,
    1.7735510320003414,
    1.7568816789998891,
    1.7666629440000179,
    1.8040366969999013,
    1.738588504999825
  ],
  "prusti-tests/tests/verify/pass/quick/mut-borrows.rs": [
    3.496571059999951,
    3.451465067999834,
    3.4577288590003263,
    3.633425207000073,
    3.574101479000092,
    3.5427556539998477,
    3.553619912999693,
    3.6134415860001354,
    3.608687809999992,
    3.5476270290000684
  ],
  "prusti-tests/tests/verify/pass/quick/shared-borrows.rs": [
    2.2237900320001245,
    2.276879638000082,
    2.346886795000046,
    2.2330208200000925,
    2.2396256600000015,
    2.3229406350001227,
    2.25452201600001,
    2.2494199850002587,
    2.250231791999795,
    2.3105095390001225
  ],
  "prusti-tests/tests/verify/pass/quick/trait-contracts-refinement.rs": [
    1.9810658380001769,
    1.9135489069999494,
    1.955546201999823,
    2.011742185999992,
    2.0279188800000156,
    1.96296449700003,
    2.0247232699998676,
    1.9196747299997696,
    1.9075798580001901,
    1.93904414599956
  ],
  "prusti-tests/tests/verify/pass/quick/routes.rs": [
    5.8366177610000705,
    5.530295267000383,
    5.203350190000037,
    5.17825323299985,
    5.16429901399988,
    5.261894224999651,
    5.277502555999945,
    5.54321205999986,
    5.389176808000229,
    5.517951938999886
  ],
  "prusti-tests/tests/verify/pass/quick/fibonacci.rs": [
    6.953972641999826,
    6.858593538999685,
    6.908760406000056,
    6.840250752999964,
    6.796110645999761,
    7.048256214000048,
    7.00977044199999,
    6.868616120999832,
    6.725215116000072,
    6.6087590730003285
  ],
  "prusti-tests/tests/verify/pass/pure-fn/len-lookup.rs": [
    3.8968307599998298,
    3.992585823999889,
    4.056677469000078,
    4.031465451000258,
    4.126481085999785,
    4.146525498000301,
    4.114654355999846,
    4.245549876000041,
    4.112763117999748,
    4.042389282000386
  ],
  "prusti-tests/tests/verify/pass/pure-fn/quantifiers.rs": [
    2.447523500999978,
    2.3789217939997798,
    2.496592683000017,
    2.419169164000323,
    2.3958753259998957,
    2.397403336000025,
    2.472099892999722,
    2.546647892999772,
    2.480015993000052,
    2.48963189899996
  ],
  "prusti-tests/tests/verify/pass/pure-fn/recursive-pure-fn.rs": [
    2.2284568570003103,
    2.2394379229999686,
    2.2017398120001417,
    2.248023636000198,
    2.223403590000089,
    2.245630922000146,
    2.126142353999967,
    2.2434497889998966,
    2.2595841839997775,
    2.2745456730003752
  ],
  "prusti-tests/tests/verify/pass/pure-fn/ref-mut-arg.rs": [
    3.4058942920000845,
    3.3088708139998744,
    3.3096562730002006,
    3.3665095579999615,
    3.284021855999981,
    3.2100596340001175,
    3.42586560799964,
    3.17365081700018,
    3.1766159329999937,
    3.17644673399991
  ],
  "prusti-tests/tests/verify/pass/rosetta/Ackermann_function.rs": [
    2.22516112600033,
    2.224014320000151,
    2.3279590329998427,
    2.2684035499996753,
    2.271048553000128,
    2.2187889460001315,
    2.1829053360002035,
    2.235935662999964,
    2.265446036999947,
    2.2590931999998247
  ],
  "prusti-tests/tests/verify/pass/rosetta/Heapsort.rs": [
    12.192058864000046,
    12.236388434999753,
    12.110296621000089,
    11.782200300999648,
    11.843099050000092,
    12.296408519000124,
    12.148724958999992,
    12.321470486999715,
    12.011700752000252,
    11.744103171999996
  ]
}