{
  "prusti-tests/tests/verify/pass/rosetta/Knuth_shuffle.rs": [
    2.3156463139999914,
    1.987262439999995,
    1.8142645499999617,
    1.8130695610000203,
    1.884175328000083,
    1.880403761000025,
    1.8713591990000396,
    1.8415474669999412,
    1.828378290000046,
    1.8221691689999489
  ],
  "prusti-tests/tests/verify/pass/demos/account.rs": [
    1.7131225309999536,
    1.719984754000052,
    1.6945499630000995,
    1.7779050440001356,
    1.7237558099998296,
    1.785641575999989,
    1.756212669999968,
    1.816145762999895,
    1.8058072639998954,
    1.7482010379999338
  ],
  "prusti-tests/tests/verify/pass/rosetta/Knights_tour.rs": [
    101.07322326999997,
    108.32197389399994,
    101.69599598600007,
    104.5279199229999,
    106.83202626599996,
    106.83840631299995,
    100.68348337399993,
    106.22089937700002,
    105.580218736,
    105.02967975199977
  ],
  "prusti-tests/tests/verify/pass/quick/fold-unfold.rs": [
    1.147126056000161,
    1.2011201099999198,
    1.2452149880000434,
    1.1873035660000824,
    1.1906258489998436,
    1.1604969579998397,
    1.1554949690003014,
    1.1522488109999358,
    1.1115382899997712,
    1.1766528429998289
  ],
  "prusti-tests/tests/verify/pass/quick/moves.rs": [
    1.3509918320000907,
    1.3085859230000096,
    1.3504139900001064,
    1.46521742799996,
    1.3774928709999585,
    1.3877253529999507,
    1.3116342009998334,
    1.392963975999919,
    1.45932506500003,
    1.4410693400000127
  ],
  "prusti-tests/tests/verify/pass/quick/mut-borrows.rs": [
    2.8169349200002216,
    2.7730087619997903,
    2.83716602100003,
    2.765243939999891,
    2.79114108199974,
    2.7570857119999346,
    2.91613001099995,
    2.703661305999958,
    2.8501840189996983,
    2.814076673999807
  ],
  "prusti-tests/tests/verify/pass/quick/shared-borrows.rs": [
    1.7447983100000783,
    1.7031640660002267,
    1.7603130870002133,
    1.7718426929995985,
    1.6741137009998965,
    1.6252680610000425,
    1.635869649000142,
    1.6221794050002245,
    1.6293374329998187,
    1.7171214449999752
  ],
  "prusti-tests/tests/verify/pass/quick/trait-contracts-refinement.rs": [
    1.5197546640001747,
    1.533481509000012,
    1.4901651350000975,
    1.4711554949999481,
    1.4547075929999664,
    1.4808315330001278,
    1.5852351960002125,
    1.5365710280002531,
    1.518733610000254,
    1.5288703900000655
  ],
  "prusti-tests/tests/verify/pass/quick/routes.rs": [
    4.477176006999798,
    4.223799035999946,
    4.236172373000045,
    4.1168132070001775,
    4.106807625000329,
    4.132407677000174,
    4.275483916000212,
    3.9821060809999835,
    3.9883154819999618,
    3.931108669999958
  ],
  "prusti-tests/tests/verify/pass/quick/fibonacci.rs": [
    5.230742252999789,
    5.157440938999571,
    5.573889062000035,
    5.759855079999852,
    5.693276204000085,
    5.75286314799996,
    5.8002094969997415,
    5.928038924000248,
    5.508026455000163,
    5.493627182999717
  ],
  "prusti-tests/tests/verify/pass/pure-fn/len-lookup.rs": [
    3.275126752000233,
    3.1277131159999954,
    3.259384880000198,
    3.236181366999972,
    3.2017022810000526,
    3.2724830429997382,
    3.2590188030003446,
    3.2341606140003023,
    3.1540092899999763,
    3.0957696000000396
  ],
  "prusti-tests/tests/verify/pass/pure-fn/quantifiers.rs": [
    1.8949152079999294,
    1.8692733499997303,
    1.9618969019998076,
    1.8848294479998913,
    1.8683516770001916,
    1.837980835000053,
    1.8762540190000436,
    1.9359894799999893,
    1.8836598240000058,
    1.8675400359998093
  ],
  "prusti-tests/tests/verify/pass/pure-fn/recursive-pure-fn.rs": [
    1.6431029299997135,
    1.5748096100001021,
    1.5791216620000341,
    1.588246307999725,
    1.6171779239998614,
    1.6261223840001549,
    1.621644404000108,
    1.5832835389996944,
    1.6480948379999063,
    1.7379810319998796
  ],
  "prusti-tests/tests/verify/pass/pure-fn/ref-mut-arg.rs": [
    2.464192914999785,
    2.431080752000071,
    2.4627542670000366,
    2.5057422250001764,
    2.4798334279998926,
    2.474125458999879,
    2.4983671449999747,
    2.4596110140000746,
    2.458991743000297,
    2.4646457969997755
  ],
  "prusti-tests/tests/verify/pass/rosetta/Ackermann_function.rs": [
    1.742121858000246,
    1.7091723759999695,
    1.6960541580001518,
    1.6847186049999436,
    1.6159527210002125,
    1.607567576999827,
    1.6442544289998295,
    1.6639564600000085,
    1.753358455000125,
    1.736802735999845
  ],
  "prusti-tests/tests/verify/pass/rosetta/Heapsort.rs": [
    10.168391689000146,
    10.172412028000053,
    9.923875142999805,
    10.171002287000192,
    10.39367870399974,
    10.654421307999655,
    10.168205137999848,
    9.838211371999932,
    10.338459783999951,
    10.137581504000082
  ]
}