{
  "prusti-tests/tests/verify/pass/rosetta/Knuth_shuffle.rs": [
    2.1915299330000835,
    1.9783164369999895,
    1.893222370999979,
    1.9361847760000046,
    1.9118399389999468,
    1.8928746260000935,
    2.03255994999995,
    1.8934710869999662,
    1.8916195770000286,
    1.976677269999982
  ],
  "prusti-tests/tests/verify/pass/demos/account.rs": [
    1.743495576999976,
    1.6925455150000062,
    1.67997324199996,
    1.6768821230000412,
    1.6835849619999408,
    1.6696766530000104,
    1.6785072650000075,
    1.6820401859999947,
    1.6749954429999434,
    1.6705287969999745
  ],
  "prusti-tests/tests/verify/pass/rosetta/Knights_tour.rs": [
    98.85925227100006,
    100.91413700600003,
    109.67158704100007,
    107.72843258900002,
    109.25212470700012,
    106.88671568399991,
    108.57050175400013,
    107.5991561530002,
    107.79476180200004,
    110.94944731100009
  ],
  "prusti-tests/tests/verify/pass/quick/fold-unfold.rs": [
    1.1968189789999997,
    1.1936489600000186,
    1.1891458330001115,
    1.2060373340000297,
    1.1951162759999079,
    1.156599296000195,
    1.17941589499992,
    1.185041038999998,
    1.2327266009999676,
    1.2008716090001599
  ],
  "prusti-tests/tests/verify/pass/quick/moves.rs": [
    1.427628071000072,
    1.434647213999824,
    1.464393192999978,
    1.4414397549999194,
    1.4657269009999254,
    1.4558677420000095,
    1.452644575000022,
    1.424445045000084,
    1.4705603120000887,
    1.481603775999929
  ],
  "prusti-tests/tests/verify/pass/quick/mut-borrows.rs": [
    3.0132085800000823,
    2.930100876000097,
    2.839156643000024,
    2.845495258000028,
    2.884931770999856,
    2.8184144120000383,
    2.761907645000065,
    2.878358399000035,
    2.8028414600000815,
    2.7749501410000903
  ],
  "prusti-tests/tests/verify/pass/quick/shared-borrows.rs": [
    1.8450484420000066,
    1.8101939390001007,
    1.8932514220000485,
    1.8890641299999515,
    1.8087483980000343,
    1.814383227999997,
    1.874578351000082,
    1.805704594999952,
    1.7937580689999777,
    1.8369007189999138
  ],
  "prusti-tests/tests/verify/pass/quick/trait-contracts-refinement.rs": [
    1.6346027490001234,
    1.638843973999883,
    1.6094073449999087,
    1.6219916000000012,
    1.666532954999866,
    1.6024983879999581,
    1.6717064849999588,
    1.6607937969999966,
    1.6146069720000469,
    1.5598020069999166
  ],
  "prusti-tests/tests/verify/pass/quick/routes.rs": [
    4.841747837999947,
    4.631352947000096,
    4.427154349000148,
    4.427500339000062,
    4.509858168999926,
    4.527916841000206,
    4.388483105999967,
    4.497707711999965,
    4.335026965999987,
    4.262521049000043
  ],
  "prusti-tests/tests/verify/pass/quick/fibonacci.rs": [
    5.480519049000122,
    5.782806202999836,
    5.463481865000176,
    5.627518540999972,
    5.600552883000091,
    5.537195446000169,
    5.568051584999921,
    5.637489232000007,
    5.520360231999803,
    5.520564800000102
  ],
  "prusti-tests/tests/verify/pass/pure-fn/len-lookup.rs": [
    3.347541099999944,
    3.3034624030001396,
    3.20550556399985,
    3.3004788590001226,
    3.2293330719999176,
    3.3995877699999255,
    3.1539387089997035,
    3.4103842630001964,
    3.216949689000103,
    3.205955146999713
  ],
  "prusti-tests/tests/verify/pass/pure-fn/quantifiers.rs": [
    1.981343200000083,
    2.0561588130003656,
    2.0232043430000886,
    2.002865868000299,
    2.0114947699998993,
    1.9305726640000103,
    2.1148770100003276,
    2.006426116000057,
    2.005308581999998,
    2.064595350000218
  ],
  "prusti-tests/tests/verify/pass/pure-fn/recursive-pure-fn.rs": [
    1.8026841129999411,
    1.8538805830003184,
    1.767679901000065,
    1.7919474519999312,
    1.7682154090002768,
    1.7960532889997012,
    1.809405550000065,
    1.7577171019997877,
    1.7674810440003057,
    1.787946039000417
  ],
  "prusti-tests/tests/verify/pass/pure-fn/ref-mut-arg.rs": [
    2.643556069999704,
    2.6715576629999305,
    2.565531012000065,
    2.68140518600012,
    2.672986108999794,
    2.6481251539998993,
    2.636598977000176,
    2.6949692890002552,
    2.655667069000174,
    2.5676230029998806
  ],
  "prusti-tests/tests/verify/pass/rosetta/Ackermann_function.rs": [
    1.7820598379998955,
    1.8030274150000878,
    1.795986313999947,
    1.8035850969999956,
    1.9447365060000266,
    1.7393101060001754,
    1.8095388629999434,
    1.7605967040003634,
    1.7884721529999297,
    1.7668112359997394
  ],
  "prusti-tests/tests/verify/pass/rosetta/Heapsort.rs": [
    10.134833013999923,
    9.817859705000046,
    10.082909758999904,
    9.899335243999758,
    9.741454258999966,
    9.69747372899974,
    9.65453820499988,
    9.973191370999757,
    9.77928315600002,
    9.720461910999802
  ]
}