{
  "prusti-tests/tests/verify/pass/rosetta/Knuth_shuffle.rs": [
    2.3259538240001802,
    2.0231697300000633,
    1.9931931729997814,
    2.0123993349998273,
    1.9617380839999896,
    2.041062658000101,
    1.9621469869998691,
    1.9692967959999805,
    1.9125400540001465,
    1.9561549679999644
  ],
  "prusti-tests/tests/verify/pass/demos/account.rs": [
    1.822562107999829,
    1.8401135649999105,
    1.8042700420000983,
    1.8179522440000255,
    1.809147079000013,
    1.813589211000135,
    1.8365132040000844,
    1.8496550099998785,
    1.8078900980001436,
    1.8031400630000007
  ],
  "prusti-tests/tests/verify/pass/rosetta/Knights_tour.rs": [
    105.424220204,
    102.48195148800005,
    102.53744119600015,
    101.82697462399983,
    103.1252553899999,
    104.57654006099983,
    103.69332493399997,
    104.16238161299998,
    101.21470101899968,
    102.90957042200034
  ],
  "prusti-tests/tests/verify/pass/quick/fold-unfold.rs": [
    1.2026645319997442,
    1.1983416220000436,
    1.2013848639999196,
    1.1925037999999404,
    1.1906704859998172,
    1.1923191979999501,
    1.1963125269999182,
    1.19489111699977,
    1.208924173000014,
    1.1941346319999866
  ],
  "prusti-tests/tests/verify/pass/quick/moves.rs": [
    1.4425357479999548,
    1.4575004580001405,
    1.4536884300000565,
    1.465442615000029,
    1.4448327919999429,
    1.4413393680001718,
    1.447962619000009,
    1.4614546210000299,
    1.4474891149998257,
    1.4409559969999464
  ],
  "prusti-tests/tests/verify/pass/quick/mut-borrows.rs": [
    2.8769929960003537,
    2.888195681999605,
    2.8850895239997953,
    2.8758873039996615,
    2.8053367329998764,
    2.925196039000184,
    2.9437395670001933,
    2.994913017000272,
    3.0136216450000575,
    2.903419438000128
  ],
  "prusti-tests/tests/verify/pass/quick/shared-borrows.rs": [
    1.8705736249999063,
    1.8523916799999824,
    1.8201193179997972,
    1.8152132720001646,
    1.9437829169996803,
    1.8851058730001569,
    1.906830637999974,
    1.9241198220001934,
    1.9258378600002288,
    1.930922520000422
  ],
  "prusti-tests/tests/verify/pass/quick/trait-contracts-refinement.rs": [
    1.7400631579998844,
    1.659581259999868,
    1.7160553810003876,
    1.627269217999583,
    1.6329846359999465,
    1.6978149669998857,
    1.6601644329998635,
    1.6376361939996968,
    1.7115122340001108,
    1.6783025639997504
  ],
  "prusti-tests/tests/verify/pass/quick/routes.rs": [
    4.920636327000011,
    4.734469185999842,
    4.464495658000033,
    4.492136979999941,
    4.409784829000273,
    4.433996619000027,
    4.468273943999975,
    4.375102580000203,
    4.298594609999782,
    4.309310592000202
  ],
  "prusti-tests/tests/verify/pass/quick/fibonacci.rs": [
    5.928115662000437,
    6.026517681999849,
    6.029795581000144,
    6.004604384000231,
    6.132066798999858,
    5.9735438789998625,
    5.949795624000217,
    5.749787833000028,
    5.957001420999859,
    5.901029548000224
  ],
  "prusti-tests/tests/verify/pass/pure-fn/len-lookup.rs": [
    3.326069406999977,
    3.290111354000146,
    3.2957186230000843,
    3.345647989000099,
    3.450275632999819,
    3.3884456599998884,
    3.3729438919999666,
    3.3971503729999313,
    3.3445825539997713,
    3.294363255999997
  ],
  "prusti-tests/tests/verify/pass/pure-fn/quantifiers.rs": [
    2.121818720000192,
    2.1008672850002768,
    2.113141230999645,
    2.0995832180001344,
    2.017427878000035,
    2.0812901419999434,
    2.0501010819998555,
    2.08869443399999,
    2.023559766999824,
    2.004009173000213
  ],
  "prusti-tests/tests/verify/pass/pure-fn/recursive-pure-fn.rs": [
    1.8528558520001752,
    1.847714881000229,
    1.8518939370001135,
    1.8104059190000044,
    1.8032768620000752,
    1.844582059000004,
    1.8240015139999741,
    1.87149177900028,
    1.855096838999998,
    1.8120934919998035
  ],
  "prusti-tests/tests/verify/pass/pure-fn/ref-mut-arg.rs": [
    2.7680155379998723,
    2.6013726800001677,
    2.7341503900001953,
    2.6919743060002475,
    2.6526475719997507,
    2.648791342000095,
    2.6664082039997083,
    2.638086528999793,
    2.648210310000195,
    2.6590733749999345
  ],
  "prusti-tests/tests/verify/pass/rosetta/Ackermann_function.rs": [
    1.8557136859999446,
    1.8575074300001688,
    1.8418471740001223,
    1.8489278739998554,
    1.8650312999998278,
    1.814372688000276,
    1.7943138139999064,
    1.7961100079996868,
    1.817801848000272,
    1.8176295200000823
  ],
  "prusti-tests/tests/verify/pass/rosetta/Heapsort.rs": [
    10.549796775000232,
    10.45917695900016,
    10.422593243999927,
    10.291898448999746,
    10.363763029999973,
    10.300720743000056,
    10.320577801000127,
    10.360656074999952,
    10.374386308999874,
    10.398148990000209
  ]
}