{
  "prusti-tests/tests/verify/pass/rosetta/Knuth_shuffle.rs": [
    2.625064210000005,
    2.3257815900000196,
    2.1623618479999323,
    2.1873307160000195,
    2.0773042399999895,
    2.059488751999993,
    2.0109759050000093,
    2.0816633659999297,
    2.083269241999915,
    1.9866249950000565
  ],
  "prusti-tests/tests/verify/pass/demos/account.rs": [
    1.0776695429999563,
    1.2164263959999744,
    1.0068541309999546,
    1.013118875000032,
    1.0029903820000072,
    1.016748788999962,
    2.016353110999944,
    1.0377670400000625,
    1.01473124000006,
    1.0087989830000197
  ]
}