{
  "prusti-tests/tests/verify/pass/rosetta/Knuth_shuffle.rs": [
    2.8330192069997793,
    2.5244260950000807,
    2.4945876970000427,
    2.4576870579999195,
    2.42435035099993,
    2.36140079300003,
    2.4692044000000806,
    2.4154854869998417,
    2.458551866999869,
    2.3317244030001802
  ],
  "prusti-tests/tests/verify/pass/demos/account.rs": [
    2.155713339000158,
    2.1764612130000387,
    2.149599920000128,
    2.1726439419999224,
    2.175763813000003,
    2.0956813170000714,
    2.1344173590000537,
    2.198012720999941,
    2.1040628759999436,
    2.1401229620000777
  ],
  "prusti-tests/tests/verify/pass/rosetta/Knights_tour.rs": [
    131.54654158300013,
    127.018274862,
    129.86234873299964,
    127.42881981699975,
    128.61940796299996,
    128.57706677900023,
    132.069258428,
    132.24208627300004,
    131.02745132500013,
    130.37250171200003
  ],
  "prusti-tests/tests/verify/pass/quick/fold-unfold.rs": [
    1.3987907990003805,
    1.4391409159998148,
    1.373476288999882,
    1.3600345459999517,
    1.3701352129996849,
    1.3969300879998627,
    1.40600134899978,
    1.390215544000057,
    1.3916594930001338,
    1.4161238099995899
  ],
  "prusti-tests/tests/verify/pass/quick/moves.rs": [
    1.7217326710001544,
    1.770025885999985,
    1.7016249819998848,
    1.7267955709999114,
    1.7258573369999795,
    1.7571821289998297,
    1.6996014490000562,
    1.6650172199997542,
    1.6814106849997188,
    1.6911414389996935
  ],
  "prusti-tests/tests/verify/pass/quick/mut-borrows.rs": [
    3.3181499570000597,
    3.332862287000353,
    3.3593937989999176,
    3.2944685339998614,
    3.3107059760000084,
    3.410246853999979,
    3.4023956930000168,
    3.386602810000113,
    3.4505599379999694,
    3.445616876999793
  ],
  "prusti-tests/tests/verify/pass/quick/shared-borrows.rs": [
    2.092470196999784,
    2.1193899360000614,
    2.1440923599998314,
    2.066353869000068,
    2.104598611000256,
    2.1597238800000014,
    2.16424231999963,
    2.1287622949998877,
    2.1379945529997713,
    2.134981870000047
  ],
  "prusti-tests/tests/verify/pass/quick/trait-contracts-refinement.rs": [
    1.984169815000314,
    1.9417244559999745,
    1.9217198330002248,
    1.9231175859999894,
    1.8730503199999475,
    1.8945705400001316,
    1.8613794039997629,
    1.9601948710001125,
    1.9371000480000475,
    1.8933477010000388
  ],
  "prusti-tests/tests/verify/pass/quick/routes.rs": [
    5.689633014999799,
    5.639274113999818,
    5.37852865900004,
    5.414212399999997,
    5.351915770999767,
    5.574904652999976,
    5.552213185000255,
    5.451137111999742,
    5.317724235999776,
    5.4115861359996416
  ],
  "prusti-tests/tests/verify/pass/quick/fibonacci.rs": [
    6.848086981000051,
    6.797977024999909,
    6.704860968000048,
    6.764496857999802,
    6.900908659999914,
    6.82678166300002,
    6.776579100000163,
    6.874119644000075,
    6.865848485000242,
    6.644381146000342
  ],
  "prusti-tests/tests/verify/pass/pure-fn/len-lookup.rs": [
    3.733035091000147,
    3.8724750800001857,
    3.750024103999749,
    3.7553286349998416,
    3.813705734999985,
    3.7812320459997864,
    3.836035359000107,
    3.886546638999789,
    3.802933015000235,
    3.852333400000134
  ],
  "prusti-tests/tests/verify/pass/pure-fn/quantifiers.rs": [
    2.3412744389997897,
    2.3605063669997435,
    2.439443400000073,
    2.361290972000006,
    2.3597908149999967,
    2.317269440000018,
    2.3388016679996326,
    2.3030669599997964,
    2.37701842100023,
    2.3720643940000627
  ],
  "prusti-tests/tests/verify/pass/pure-fn/recursive-pure-fn.rs": [
    2.1687558969997554,
    2.126826871999583,
    2.2007032209999124,
    2.085017212999901,
    2.1583417500000905,
    2.1017579419999493,
    2.213748803999806,
    2.1802678359999845,
    2.0716967310004293,
    2.0898444560002645
  ],
  "prusti-tests/tests/verify/pass/pure-fn/ref-mut-arg.rs": [
    3.0794325769998068,
    3.190482559999964,
    3.09417568400022,
    3.1056501399998524,
    3.1197570589997667,
    3.16328336100014,
    3.0457610240000577,
    3.0842911300001106,
    3.1911947889998373,
    3.1355439750000187
  ],
  "prusti-tests/tests/verify/pass/rosetta/Ackermann_function.rs": [
    2.175356119999833,
    2.1174516349997248,
    2.115383923999616,
    2.21250922299987,
    2.186073142999703,
    2.258772047999628,
    2.135767646000204,
    2.159220482999899,
    2.1561112610002056,
    2.1950645279998753
  ],
  "prusti-tests/tests/verify/pass/rosetta/Heapsort.rs": [
    12.773298113000237,
    12.429070349000085,
    12.542832352999994,
    12.473711039000136,
    12.596337390000372,
    12.754230201000155,
    12.741625354999996,
    12.593886350000048,
    12.909473157999855,
    12.837579520999952
  ]
}