{
  "prusti-tests/tests/verify/pass/rosetta/Knuth_shuffle.rs": [
    2.4296070430000327,
    2.0946778920000497,
    2.015025530999992,
    1.989420052000014,
    2.0006308299999773,
    2.0089006889999155,
    1.965946689999896,
    1.9795943860000307,
    2.013976327000023,
    1.9430011270000023
  ],
  "prusti-tests/tests/verify/pass/demos/account.rs": [
    1.7910291580000148,
    1.7612851489999457,
    1.727094809999926,
    1.8253341980000641,
    1.8133671130000266,
    1.7923680659999945,
    1.7967977970000675,
    1.807400871000027,
    1.7670629880000206,
    1.7025317349999796
  ],
  "prusti-tests/tests/verify/pass/rosetta/Knights_tour.rs": [
    109.55714570200007,
    114.64185529199995,
    108.81949351600008,
    111.39749510399997,
    107.60756210799991,
    108.89961942199989,
    109.94708344800006,
    113.40619564400004,
    111.75382545000002,
    105.34173810099992
  ],
  "prusti-tests/tests/verify/pass/quick/fold-unfold.rs": [
    1.147443820000035,
    1.1526860589999615,
    1.1654694480000671,
    1.1343331309999485,
    1.160248711999884,
    1.1612127189998773,
    1.1497967390000667,
    1.15080574600006,
    1.1518114870000318,
    1.1735232739999901
  ],
  "prusti-tests/tests/verify/pass/quick/moves.rs": [
    1.4486819249998462,
    1.4113779330000398,
    1.4194603959999768,
    1.369264375000057,
    1.3888149930000964,
    1.4399954119999165,
    1.4087231339999562,
    1.3947185539998372,
    1.4241132209999705,
    1.397236064000026
  ],
  "prusti-tests/tests/verify/pass/quick/mut-borrows.rs": [
    2.805554083999823,
    2.769224534999921,
    2.747730113999978,
    2.7965146900000946,
    2.783010794999882,
    2.7759304720000273,
    2.806791349999912,
    2.817698624999821,
    2.892441174999931,
    2.837562605999892
  ],
  "prusti-tests/tests/verify/pass/quick/shared-borrows.rs": [
    1.8150660740000149,
    1.818672799000069,
    1.8135129620000043,
    1.7872442989998945,
    1.8082261050001307,
    1.82232187600016,
    1.797206812000013,
    1.830826831999957,
    1.763223557999936,
    1.8495052630000828
  ],
  "prusti-tests/tests/verify/pass/quick/trait-contracts-refinement.rs": [
    1.5445084250000036,
    1.4872486389999722,
    1.4837738510000236,
    1.4468955540000934,
    1.4564119310000478,
    1.4882808869999735,
    1.4987110819999998,
    1.568328751999843,
    1.4828333159998692,
    1.530090667999957
  ],
  "prusti-tests/tests/verify/pass/quick/routes.rs": [
    5.088130109000076,
    4.737485871999979,
    4.559615266000037,
    4.65037542999994,
    4.617695006000076,
    4.652720813999849,
    4.675645711000016,
    4.635993958999961,
    4.758970182999974,
    4.9490305700001045
  ],
  "prusti-tests/tests/verify/pass/quick/fibonacci.rs": [
    5.915731493000067,
    5.654326666000088,
    5.708637543000123,
    5.8257682010000735,
    5.602129333999983,
    5.645672718000014,
    5.548688693999793,
    5.577913564000028,
    5.600529601000062,
    5.751404122999929
  ],
  "prusti-tests/tests/verify/pass/pure-fn/len-lookup.rs": [
    3.5087510270000166,
    3.631871431000036,
    3.423781373999873,
    3.239474188000031,
    3.2785054449996096,
    3.438152448999972,
    3.5322500040001614,
    3.5956246569999166,
    3.574086012999942,
    3.569380680999984
  ],
  "prusti-tests/tests/verify/pass/pure-fn/quantifiers.rs": [
    2.1672910970000885,
    2.26852328699988,
    2.2395755889997417,
    2.3426859950000107,
    2.1569561470000735,
    2.1438958570001887,
    2.114155049999681,
    2.0480561240001407,
    2.075344483000208,
    2.145403765000083
  ],
  "prusti-tests/tests/verify/pass/pure-fn/recursive-pure-fn.rs": [
    1.8901968089999173,
    2.0191689529997348,
    1.9386414119999245,
    1.9187106750000567,
    1.9948471020002216,
    1.9246603209999193,
    2.051172999999835,
    1.9398903299997983,
    2.0399681219996637,
    1.9231589179998991
  ],
  "prusti-tests/tests/verify/pass/pure-fn/ref-mut-arg.rs": [
    2.967033648999859,
    2.904578517000118,
    3.085809159999826,
    2.92426003699984,
    3.16587028999993,
    3.117175376999967,
    2.9564614749997418,
    3.103239977999692,
    2.957701774999805,
    2.9934617230001095
  ],
  "prusti-tests/tests/verify/pass/rosetta/Ackermann_function.rs": [
    2.051914209000188,
    2.070453739000186,
    2.008942912999828,
    2.1480703759998505,
    2.031399640000018,
    1.9810409870001422,
    2.079202263999832,
    2.010954094000226,
    2.2603667309999764,
    2.064877581000019
  ],
  "prusti-tests/tests/verify/pass/rosetta/Heapsort.rs": [
    10.184377524999945,
    10.634155291999832,
    10.208615688000009,
    9.994985432000249,
    10.037404640000204,
    10.500790715000221,
    10.12679957399996,
    10.063283539999702,
    10.119063426000139,
    10.238667930999782
  ]
}