{
  "prusti-tests/tests/verify/pass/rosetta/Knuth_shuffle.rs": [
    2.7047031330000664,
    2.4911672929999895,
    2.4902639809999982,
    2.466326256000002,
    2.390206512000077,
    2.371273161999852,
    2.36478967700009,
    2.3706305709999924,
    2.4098426929999732,
    2.3125052079999477
  ],
  "prusti-tests/tests/verify/pass/demos/account.rs": [
    2.166533692999792,
    2.1491747840000244,
    2.150212096999894,
    2.1670020189999377,
    2.1515412819999256,
    2.146480897999936,
    2.1757990840001185,
    2.2023542349998024,
    2.1582959840000058,
    2.185727846999953
  ],
  "prusti-tests/tests/verify/pass/rosetta/Knights_tour.rs": [
    129.45112663700002,
    123.62708324999994,
    124.15859535000004,
    128.4132791090001,
    122.85655766499985,
    126.07056201099999,
    125.39119131200005,
    127.48878438999986,
    123.08538366099992,
    123.1384826210001
  ],
  "prusti-tests/tests/verify/pass/quick/fold-unfold.rs": [
    1.380383824999626,
    1.3881864300001325,
    1.403653636999934,
    1.3930667950003226,
    1.4183544329998767,
    1.420287620000181,
    1.3769613140002548,
    1.4174325519998092,
    1.4397269480000432,
    1.3959022650001316
  ],
  "prusti-tests/tests/verify/pass/quick/moves.rs": [
    1.6676391600003626,
    1.712858075999975,
    1.6562305370002832,
    1.6627220209998086,
    1.70386925899993,
    1.6967948860001343,
    1.6667740689999846,
    1.7032534530003431,
    1.6844369039999947,
    1.6858888229999138
  ],
  "prusti-tests/tests/verify/pass/quick/mut-borrows.rs": [
    3.3480511249999836,
    3.413292390999686,
    3.3594860839998546,
    3.3614862230001563,
    3.3654393839997283,
    3.354839514000105,
    3.3678246869999384,
    3.3646703310000703,
    3.384615748000215,
    3.326094516000012
  ],
  "prusti-tests/tests/verify/pass/quick/shared-borrows.rs": [
    2.126515437999842,
    2.1973562990001483,
    2.1416991430000962,
    2.1310673699999825,
    2.11137044599991,
    2.100949806999779,
    2.1065358820001165,
    2.137906891000057,
    2.111210360000314,
    2.198930637999638
  ],
  "prusti-tests/tests/verify/pass/quick/trait-contracts-refinement.rs": [
    1.8186453299999812,
    1.919764731000214,
    1.826438784000402,
    1.8779794729998684,
    1.8099703650000265,
    1.8984802519998993,
    1.7957000460000927,
    1.84129275100031,
    1.8265170549998402,
    1.861128880999786
  ],
  "prusti-tests/tests/verify/pass/quick/routes.rs": [
    6.047890545999962,
    5.721163873000023,
    5.8030731309995645,
    5.622430074000022,
    5.742479925000225,
    5.684605339999962,
    5.674118902999908,
    5.695699950999824,
    5.7189800580003975,
    5.701214129000164
  ],
  "prusti-tests/tests/verify/pass/quick/fibonacci.rs": [
    7.289106089000143,
    7.269792645000052,
    7.299247720000039,
    7.380185640000036,
    7.416121046999706,
    7.226163941999857,
    7.17855555999995,
    7.309192446999987,
    7.3341767819997585,
    7.2458187319998615
  ],
  "prusti-tests/tests/verify/pass/pure-fn/len-lookup.rs": [
    4.215581286000088,
    4.161406951000117,
    4.23528846499994,
    4.237064328000088,
    4.180022456999723,
    4.268211625000276,
    4.197929502000079,
    4.242595724999774,
    4.280458785999599,
    4.196899777999988
  ],
  "prusti-tests/tests/verify/pass/pure-fn/quantifiers.rs": [
    2.817996119000327,
    2.5436307580002904,
    2.6245374340001035,
    2.6492243630000303,
    2.510816219999924,
    2.6170528349998676,
    2.5947226380003485,
    2.5339444169999297,
    2.7400000550001096,
    2.8793924090000473
  ],
  "prusti-tests/tests/verify/pass/pure-fn/recursive-pure-fn.rs": [
    2.444291334999889,
    2.4684954609997476,
    2.4591726359999484,
    2.4224128380001275,
    2.5902477489999,
    2.4040307010000106,
    2.4712318659999255,
    2.4268758769999295,
    2.477705551999861,
    2.7204312720000416
  ],
  "prusti-tests/tests/verify/pass/pure-fn/ref-mut-arg.rs": [
    4.04495656600011,
    3.766083062999769,
    3.636936269999751,
    3.7865066520002983,
    3.7747053729999607,
    3.6918015950000154,
    3.7525963110001612,
    3.7319585400000506,
    3.7726026820000698,
    3.6853815239996948
  ],
  "prusti-tests/tests/verify/pass/rosetta/Ackermann_function.rs": [
    2.4045118859999093,
    2.4968054139999367,
    2.401418944999932,
    2.4208450030000677,
    2.488274398000158,
    2.4293144130001565,
    2.549871617000008,
    2.447123389999888,
    2.6032128920001014,
    2.404622646000007
  ],
  "prusti-tests/tests/verify/pass/rosetta/Heapsort.rs": [
    12.720304854000005,
    12.79004605,
    12.359852427000078,
    12.387321353000061,
    12.734764785999687,
    12.36530518499967,
    12.749276976000147,
    12.50718238799982,
    12.581628221000301,
    12.555223971000032
  ]
}