{
  "prusti-tests/tests/verify/pass/rosetta/Knuth_shuffle.rs": [
    2.705972854000038,
    0.33839004599997224,
    0.34011755799997445,
    0.3390086499999825,
    0.33912475099998574,
    0.3404184590000341,
    0.3387266480000335,
    0.3404787590000069,
    0.3385605470000428,
    0.34214027099994837
  ],
  "prusti-tests/tests/verify/pass/demos/account.rs": [
    2.2757613040000706,
    0.14225444400005927,
    0.14104903599991303,
    0.14405955600000198,
    0.1430505490000087,
    0.1407914339999934,
    0.14237294499992004,
    0.14494516199999907,
    0.14353985200000352,
    0.14391735499998504
  ],
  "prusti-tests/tests/verify/pass/rosetta/Knights_tour.rs": [
    97.16545465900003,
    2.2436385010000777,
    2.2183407920001628,
    2.2194584050000685,
    2.211374316999809,
    2.2234691879998536,
    2.215224285999966,
    2.2252818100000695,
    2.2244722200000524,
    2.2227391280000575
  ],
  "prusti-tests/tests/verify/pass/quick/fold-unfold.rs": [
    1.3085832829999617,
    0.11488245000009556,
    0.11132510800007367,
    0.11406373999989228,
    0.11441244499997083,
    0.11181561400007922,
    0.11127270799988764,
    0.1119375159998981,
    0.1158107609999206,
    0.11538665599982778
  ],
  "prusti-tests/tests/verify/pass/quick/moves.rs": [
    1.5791372619999038,
    0.11148331100002906,
    0.10922598399997696,
    0.10720036000020627,
    0.10801366999999118,
    0.10927868499993565,
    0.1082468729998709,
    0.10874287899991941,
    0.10822147299995777,
    0.1079452690000835
  ],
  "prusti-tests/tests/verify/pass/quick/mut-borrows.rs": [
    3.0395898409999518,
    0.16585675099986474,
    0.16643015700014985,
    0.1685111809999853,
    0.16493593999985023,
    0.16634465600009207,
    0.16841018099989924,
    0.1674413690000165,
    0.1678760740001053,
    0.16765647100010028
  ],
  "prusti-tests/tests/verify/pass/quick/shared-borrows.rs": [
    1.9011599550001392,
    0.11068740099995011,
    0.10462723000000551,
    0.1047654319997946,
    0.1054269399999157,
    0.10535164699990673,
    0.10362904699991304,
    0.10280843700002151,
    0.10234763199991903,
    0.10270343599995613
  ],
  "prusti-tests/tests/verify/pass/quick/trait-contracts-refinement.rs": [
    1.630267424000067,
    0.15003180600001542,
    0.1494795000000977,
    0.1522314329999972,
    0.1510039180000149,
    0.14917249600011928,
    0.14900099400006184,
    0.14893789300003846,
    0.14735887400001957,
    0.14744737500018346
  ],
  "prusti-tests/tests/verify/pass/quick/routes.rs": [
    5.388034105000088,
    0.35025588099983906,
    0.3462499320000916,
    0.3462640319999082,
    0.34546362300011424,
    0.34649663499999406,
    0.34852496000007704,
    0.3489527649999218,
    0.345861227000114,
    0.34469761200011817
  ],
  "prusti-tests/tests/verify/pass/quick/fibonacci.rs": [
    0.3605555059998551,
    0.36339074099987556,
    0.3636056440000175,
    0.3578958740001781,
    0.35883518600007847,
    0.35875408500010053,
    0.36103431299989097,
    0.3617500210000344,
    0.3651814639999884,
    0.3618718230000013
  ],
  "prusti-tests/tests/verify/pass/pure-fn/len-lookup.rs": [
    3.741823487999909,
    0.2250887130001047,
    0.22254128200006562,
    0.22570812100002513,
    0.2253743169999325,
    0.22369039599993812,
    0.22353399400003582,
    0.22596512400014035,
    0.2252297150000686,
    0.2228708860000097
  ],
  "prusti-tests/tests/verify/pass/pure-fn/quantifiers.rs": [
    2.3188991550000537,
    0.21011763299998165,
    0.2030329479998727,
    0.2012594430000263,
    0.2013489450000634,
    0.20167434800009687,
    0.1994707210001252,
    0.20113574100014375,
    0.19922841800007518,
    0.1981414050001149
  ],
  "prusti-tests/tests/verify/pass/pure-fn/recursive-pure-fn.rs": [
    1.9751473779999742,
    0.15946763500005545,
    0.15638359800004764,
    0.1575702130000991,
    0.15843502299981083,
    0.15952463600001465,
    0.15866752599981737,
    0.1577873159999399,
    0.1575326130000576,
    0.1582710220000081
  ],
  "prusti-tests/tests/verify/pass/pure-fn/ref-mut-arg.rs": [
    2.8926701170000797,
    0.19336844800000108,
    0.19376153700000032,
    0.19223859800013088,
    0.19443692400000145,
    0.1956903389998388,
    0.19792706600014753,
    0.19370841599993582,
    0.19249020099982772,
    0.19250730099997782
  ],
  "prusti-tests/tests/verify/pass/rosetta/Ackermann_function.rs": [
    1.9369949520000773,
    0.22854843200002506,
    0.22573389800004406,
    0.22663090800006103,
    0.22818962699989243,
    0.22928334099992753,
    0.22875733499995476,
    0.22577109799999562,
    0.22820712699990509,
    0.22666610900000705
  ],
  "prusti-tests/tests/verify/pass/rosetta/Heapsort.rs": [
    9.754284278000114,
    0.9581127250000918,
    0.960658371999898,
    0.9620660900000075,
    0.9612315790000139,
    0.9570358240000587,
    0.9623230939998848,
    0.9581413389998943,
    0.9614952790000189,
    0.9641161100000772
  ]
}