{
  "prusti-tests/tests/verify/pass/rosetta/Knuth_shuffle.rs": [
    1.8778451800000084,
    1.7745184819999622,
    1.727017291999914,
    1.6460020819999954,
    1.5968556760000183,
    1.5784249240000463,
    1.6342055090000258,
    1.643358242999966,
    1.5877019699998982,
    1.5920803210000258
  ],
  "prusti-tests/tests/verify/pass/demos/account.rs": [
    0.860445937999998,
    0.8028031469999632,
    0.8387769009999602,
    0.8023251189999883,
    0.7781459409999343,
    0.8927903910000623,
    0.7980954820000079,
    0.8408353229999648,
    0.7751048689999607,
    0.7656183269999701
  ],
  "prusti-tests/tests/verify/pass/rosetta/Knights_tour.rs": [
    100.21404815100004,
    98.70626540099988,
    97.6974206970001,
    98.99325287900001,
    97.1759061969999,
    100.75946491900004,
    97.32109745599996,
    98.36888596800009,
    103.52340976099981,
    98.788072693
  ],
  "prusti-tests/tests/verify/pass/quick/fold-unfold.rs": [
    0.5612249819998851,
    0.5690118249999614,
    0.5514398239999991,
    0.5506279769999765,
    0.5870066509999106,
    0.5457368990000759,
    0.553124920000073,
    0.5488360750000538,
    0.5680947730002117,
    0.5601306869998552
  ],
  "prusti-tests/tests/verify/pass/quick/moves.rs": [
    0.5872385069999382,
    0.5528865520000181,
    0.5473508370000673,
    0.5673378740000317,
    0.5777117650000037,
    0.5592519150000044,
    0.5896212409998043,
    0.5375883809999777,
    0.5624935989999358,
    0.5379248009999174
  ],
  "prusti-tests/tests/verify/pass/quick/mut-borrows.rs": [
    0.8937883450000754,
    0.9512202130001697,
    0.8662583020000056,
    0.8407812590000958,
    0.9247157360000529,
    0.8589700950001316,
    0.8294420130000617,
    0.9083131029999549,
    0.8578170289999889,
    0.8463702770000054
  ],
  "prusti-tests/tests/verify/pass/quick/shared-borrows.rs": [
    0.7198336740000286,
    0.6500029989999803,
    0.6207502340000701,
    0.661193436000076,
    0.7341085860000476,
    0.5899388800000906,
    0.5888707199999317,
    0.5870762179999929,
    0.6316749560000972,
    0.6728201980001813
  ],
  "prusti-tests/tests/verify/pass/quick/trait-contracts-refinement.rs": [
    0.898776160000125,
    0.8675195799999074,
    0.8847442609999234,
    0.8232932170001277,
    0.8223527509999258,
    0.8565403939999214,
    0.8711361240000315,
    0.8162670050000997,
    0.8273366339999484,
    0.9011237279999023
  ],
  "prusti-tests/tests/verify/pass/quick/routes.rs": [
    2.6180891609999435,
    2.4358011419999457,
    2.253915688999996,
    2.2773849249999785,
    2.4619073789999675,
    2.256813061999992,
    2.281346656000096,
    2.359937872000046,
    2.129255374999957,
    2.237419431000035
  ],
  "prusti-tests/tests/verify/pass/quick/fibonacci.rs": [
    2.1973506500000894,
    2.1323237520000475,
    2.2720261029999165,
    2.167389347999915,
    2.1371977300000253,
    2.2061208259999603,
    2.092912983000133,
    2.1890584489999583,
    2.0743985629999315,
    2.2692754690001493
  ],
  "prusti-tests/tests/verify/pass/pure-fn/len-lookup.rs": [
    1.0482420670000465,
    1.032465269000113,
    1.0710449650000555,
    1.020712499999945,
    1.073268391000056,
    0.9826935989999583,
    1.1206384429999616,
    1.13916499700008,
    1.0321620110000822,
    1.1348377510000773
  ],
  "prusti-tests/tests/verify/pass/pure-fn/quantifiers.rs": [
    0.9152363600001081,
    0.9130566349999754,
    0.9752710799998567,
    0.8992668800001411,
    0.9695800819999931,
    0.9069972199999938,
    0.9561630189998596,
    0.9347334980000142,
    0.9087008170001809,
    1.016273639000019
  ],
  "prusti-tests/tests/verify/pass/pure-fn/recursive-pure-fn.rs": [
    0.7125681550000991,
    0.796043305000012,
    0.7158439419999922,
    0.7282767489998605,
    0.7636790639999163,
    0.706599216000086,
    0.6992843989999074,
    0.7247945510000591,
    0.7688373579999279,
    0.7236231839999618
  ],
  "prusti-tests/tests/verify/pass/pure-fn/ref-mut-arg.rs": [
    0.8955107670001325,
    0.9844494289998238,
    0.8884834409998348,
    0.9225273759998345,
    0.8608871690000797,
    0.8676513540001451,
    0.9088906000001771,
    0.8642754620000233,
    0.922030747000008,
    0.8779938420000235
  ],
  "prusti-tests/tests/verify/pass/rosetta/Ackermann_function.rs": [
    1.0057620129998668,
    1.047814346999985,
    0.9471462159999646,
    0.9523132100000566,
    1.0125438390000454,
    0.9339375639999616,
    0.9465033789999779,
    0.9936310620000768,
    0.9709786729999905,
    0.9322869100001299
  ],
  "prusti-tests/tests/verify/pass/rosetta/Heapsort.rs": [
    5.49069594599996,
    5.702135802999919,
    5.227155676999928,
    5.15244513100015,
    5.292969292999942,
    5.522205761999885,
    5.148857863000103,
    5.201243620999776,
    5.037507556000037,
    4.9758152589997735
  ]
}