{
  "prusti-tests/tests/verify/pass/rosetta/Knuth_shuffle.rs": [
    2.914186209000036,
    2.558099643999981,
    2.610530240999992,
    2.5421368510000093,
    2.4974395970000387,
    2.512348383000017,
    2.7040009810000356,
    2.4786219100000153,
    2.5826529159999154,
    2.477655413999969
  ],
  "prusti-tests/tests/verify/pass/demos/account.rs": [
    2.2699747609999577,
    2.1850556159999996,
    2.2456041650000316,
    2.3587809179999795,
    2.216778264000027,
    2.101911302000076,
    2.1434902439999632,
    2.197331683000016,
    2.16854752200004,
    2.15697435900006
  ],
  "prusti-tests/tests/verify/pass/rosetta/Knights_tour.rs": [
    129.0308942040001,
    128.19110797400003,
    129.71792821200006,
    135.21483113599993,
    141.05519528900004,
    140.3057311969999,
    133.903435856,
    140.99058997700013,
    131.25630909599977,
    131.4925082269997
  ],
  "prusti-tests/tests/verify/pass/quick/fold-unfold.rs": [
    1.4177091649999056,
    1.4047306919997027,
    1.4113921299999674,
    1.5160562179999033,
    1.4653507330003777,
    1.4188724919999913,
    1.4000138519995744,
    1.361678431999735,
    1.3891122889999679,
    1.3837975589999587
  ],
  "prusti-tests/tests/verify/pass/quick/moves.rs": [
    1.722720906000177,
    1.6618996330003029,
    1.705603883999629,
    1.6832865559999846,
    1.6424758210000618,
    1.6573916419997659,
    1.633791986000233,
    1.6265706449999016,
    1.5918082429998321,
    1.6456679550001354
  ],
  "prusti-tests/tests/verify/pass/quick/mut-borrows.rs": [
    3.341327882999849,
    3.287629838999692,
    3.354022979000092,
    3.3610148789998675,
    3.3258077769996817,
    3.3192370570000094,
    3.343404604999705,
    3.362720248000187,
    3.3486934239999755,
    3.360082109000359
  ],
  "prusti-tests/tests/verify/pass/quick/shared-borrows.rs": [
    2.0998892519996843,
    2.1289131220000854,
    2.096268431000226,
    2.1412027070000477,
    2.1305478029998994,
    2.1921645550000903,
    2.1762413639999068,
    2.0941682029997537,
    2.165229814000213,
    2.1031350580001344
  ],
  "prusti-tests/tests/verify/pass/quick/trait-contracts-refinement.rs": [
    1.8800915790002364,
    1.905869268999595,
    1.8385791659998176,
    1.8698079440000583,
    1.7986692390004464,
    1.8330593559999215,
    1.8296317660001478,
    1.8410103310002341,
    1.81568078600003,
    1.7849298109999836
  ],
  "prusti-tests/tests/verify/pass/quick/routes.rs": [
    6.454910250000012,
    6.229566289000104,
    6.256459654000082,
    6.140964141999575,
    6.1087549390003915,
    6.208455971999683,
    6.190927152000313,
    6.129375464000077,
    6.009114465000039,
    6.0066788210001505
  ],
  "prusti-tests/tests/verify/pass/quick/fibonacci.rs": [
    7.719090242999755,
    7.764506422000068,
    7.82836265800006,
    7.920971007999924,
    7.817167605000122,
    7.7936899310002445,
    7.8548025599998255,
    7.720658673000344,
    7.6614424449999206,
    7.6573740879998695
  ],
  "prusti-tests/tests/verify/pass/pure-fn/len-lookup.rs": [
    4.406657980000091,
    4.4872658989997944,
    4.394154649000029,
    4.4030493879999995,
    4.471804625000004,
    4.460391397999956,
    4.388222827999925,
    4.352219515000343,
    4.376647272000355,
    4.487638510000124
  ],
  "prusti-tests/tests/verify/pass/pure-fn/quantifiers.rs": [
    2.6418749850004133,
    2.789453857999888,
    2.6644993259997136,
    2.678117130999908,
    2.659965890999956,
    2.600927843000136,
    2.835074729000098,
    2.883097874000214,
    2.8795619080001416,
    2.874752696000087
  ],
  "prusti-tests/tests/verify/pass/pure-fn/recursive-pure-fn.rs": [
    2.9728817479999634,
    2.985876368999925,
    2.6012744499998917,
    2.636269163000179,
    2.469312729000194,
    2.8310715709999386,
    2.7958635730001333,
    2.652965874000074,
    2.5285817359999783,
    2.6674021830003767
  ],
  "prusti-tests/tests/verify/pass/pure-fn/ref-mut-arg.rs": [
    3.280683571999816,
    3.0982319219997407,
    3.2675612610000826,
    3.207209740000053,
    3.2984591480003473,
    3.4311017770000944,
    3.3021722509997744,
    3.2128919570000107,
    3.169037370999831,
    3.3744895169998017
  ],
  "prusti-tests/tests/verify/pass/rosetta/Ackermann_function.rs": [
    2.5185998450001534,
    2.517112338000061,
    2.5455866970000898,
    2.4085815930002354,
    2.626848491000146,
    2.4238992400000825,
    2.528662236999935,
    2.573365124999782,
    2.467756824999924,
    2.5671363890000976
  ],
  "prusti-tests/tests/verify/pass/rosetta/Heapsort.rs": [
    13.799800646999756,
    13.714481473999967,
    13.550222157000007,
    13.220740907999698,
    13.584102929999972,
    13.560272071999862,
    13.764830013999926,
    13.912013713000306,
    13.936486775000049,
    13.753925826999875
  ]
}