{
  "prusti-tests/tests/verify/pass/rosetta/Knuth_shuffle.rs": [
    3.1063565450001533,
    2.6045197799999187,
    2.562714614000015,
    2.661443529999815,
    2.5421661430000313,
    2.5585830949999036,
    2.5576803199999176,
    2.6052670479998596,
    2.6725226559999555,
    2.4441208379998898
  ],
  "prusti-tests/tests/verify/pass/demos/account.rs": [
    2.2704584250000153,
    2.2805041470001015,
    2.333644090000007,
    2.21673839999994,
    2.264588874000083,
    2.316076872999929,
    2.2675876789999165,
    2.3160230910000337,
    2.236851486000205,
    2.2399131370000305
  ],
  "prusti-tests/tests/verify/pass/rosetta/Knights_tour.rs": [
    141.97349667999993,
    141.2225746879999,
    140.47752922199993,
    139.93374814800018,
    137.85682513400002,
    138.54774522699995,
    140.34299275000012,
    138.71575593099988,
    135.59028024000008,
    141.74377546300002
  ],
  "prusti-tests/tests/verify/pass/quick/fold-unfold.rs": [
    1.4791469639999377,
    1.4623718979996738,
    1.4152705530000276,
    1.387461209000321,
    1.4305311319999419,
    1.4295480819996556,
    1.491758893000224,
    1.390568970000004,
    1.4142640059999394,
    1.4329299729997729
  ],
  "prusti-tests/tests/verify/pass/quick/moves.rs": [
    1.7143327189996853,
    1.8201026869996895,
    1.7142865250002615,
    1.7063439300000027,
    1.7758092299995951,
    1.757311972000025,
    1.7966349100001935,
    1.7429359409998142,
    1.675402417999976,
    1.7950340319998759
  ],
  "prusti-tests/tests/verify/pass/quick/mut-borrows.rs": [
    3.410789928000213,
    3.4980382039998403,
    3.501959123999768,
    3.5333842189997995,
    3.558472092000102,
    3.4572140140003285,
    3.5808381659999213,
    3.4705734869999105,
    3.4841563320001114,
    3.4527023429996007
  ],
  "prusti-tests/tests/verify/pass/quick/shared-borrows.rs": [
    2.236590141999841,
    2.1843058709996512,
    2.193078495000009,
    2.2196494429999802,
    2.2180380969998623,
    2.246695643000294,
    2.2163889149996976,
    2.1848054259999117,
    2.169799181000144,
    2.1734386759999325
  ],
  "prusti-tests/tests/verify/pass/quick/trait-contracts-refinement.rs": [
    1.9435312759997032,
    1.9840207080001164,
    1.9388328869999896,
    1.8853893350001272,
    1.8826774069998464,
    1.8631743099999767,
    1.8878630989997873,
    1.886064284999975,
    1.9205115760000808,
    1.9224141320000854
  ],
  "prusti-tests/tests/verify/pass/quick/routes.rs": [
    6.428584303000207,
    6.2424478490002,
    6.142869360000077,
    5.995212746000107,
    6.117922673000066,
    6.095307790999868,
    6.1317449170001055,
    6.103901900999972,
    6.01412935999997,
    6.022497074000057
  ],
  "prusti-tests/tests/verify/pass/quick/fibonacci.rs": [
    7.575276855999618,
    7.774701625000034,
    7.859168175999912,
    7.899149255000339,
    7.73738014699984,
    7.677337264000016,
    7.650607856000079,
    7.698082415000044,
    7.654128622999906,
    7.734808106999935
  ],
  "prusti-tests/tests/verify/pass/pure-fn/len-lookup.rs": [
    4.34452791800004,
    4.431592624999666,
    4.5443077239997365,
    4.361834591999923,
    4.40351623100014,
    4.398844151000048,
    4.319110457000079,
    4.38399629100013,
    4.41947406700001,
    4.585599020000245
  ],
  "prusti-tests/tests/verify/pass/pure-fn/quantifiers.rs": [
    2.7955989259999114,
    2.7097164199999497,
    2.7775792309998906,
    2.7117525259996,
    2.7125618200002464,
    2.6731745760002923,
    2.7089437170002384,
    2.7245676880002065,
    2.842127972000071,
    2.92008344199985
  ],
  "prusti-tests/tests/verify/pass/pure-fn/recursive-pure-fn.rs": [
    2.475024613000187,
    2.651257434999934,
    2.580924700000196,
    2.5964646309998898,
    2.532743929999924,
    2.5141185379998205,
    2.7023143950000303,
    2.5768025160000434,
    2.620651693999662,
    2.5144941859998653
  ],
  "prusti-tests/tests/verify/pass/pure-fn/ref-mut-arg.rs": [
    4.153984761000174,
    4.017592207999769,
    3.8575143380003283,
    3.913027928000247,
    3.8988656690003154,
    3.8978547469996556,
    3.943181943000127,
    3.993509786999766,
    4.167412764000346,
    4.162804716999744
  ],
  "prusti-tests/tests/verify/pass/rosetta/Ackermann_function.rs": [
    2.6077015840000968,
    2.473958016999859,
    2.7399837789998855,
    2.665525095999783,
    2.6648724169999696,
    2.5929478900002323,
    2.526427028999933,
    2.5517283240001234,
    2.5588243970000804,
    2.566692805999992
  ],
  "prusti-tests/tests/verify/pass/rosetta/Heapsort.rs": [
    13.288763282000218,
    13.040965705999952,
    13.495411333999982,
    13.169543706999775,
    13.175109200999941,
    13.290216826999767,
    13.352806215999863,
    13.2439635679998,
    13.143478065000181,
    13.466702339000221
  ]
}