{
  "prusti-tests/tests/verify/pass/rosetta/Knuth_shuffle.rs": [
    2.293427723000036,
    1.9696694149999985,
    1.9234172320000198,
    1.9167557589998978,
    1.8462780679999469,
    1.908774547999883,
    1.9164720000001125,
    1.877884186000074,
    1.8383640439999454,
    1.886941823999905
  ],
  "prusti-tests/tests/verify/pass/demos/account.rs": [
    1.6858344080001189,
    1.7087513720000516,
    1.6438748939999641,
    1.681187981999983,
    1.645003208000162,
    1.655576771999904,
    1.666277318999846,
    1.690975003999938,
    1.6551901960001487,
    1.654610688000048
  ],
  "prusti-tests/tests/verify/pass/rosetta/Knights_tour.rs": [
    102.77245471000015,
    100.76653004199989,
    102.25451772700012,
    102.95682238299992,
    103.11059690700017,
    101.65261210800008,
    102.8473500120001,
    99.98474217199987,
    98.83345961000009,
    101.50917743700006
  ],
  "prusti-tests/tests/verify/pass/quick/fold-unfold.rs": [
    1.1054429649998383,
    1.1237096280001424,
    1.110073939999893,
    1.1083280319999176,
    1.1132022029996733,
    1.1028914530002112,
    1.1044263750000027,
    1.102042739999888,
    1.1384757699997863,
    1.122060639999745
  ],
  "prusti-tests/tests/verify/pass/quick/moves.rs": [
    1.339870018000056,
    1.3530211090001103,
    1.339097305999985,
    1.3442306810002265,
    1.3373987820000366,
    1.35437732399987,
    1.3422246430000087,
    1.345383689999835,
    1.3460193989999425,
    1.350572165000358
  ],
  "prusti-tests/tests/verify/pass/quick/mut-borrows.rs": [
    2.637099381000098,
    2.6402862680001817,
    2.659667448000164,
    2.647096345999671,
    2.643367283000316,
    2.6767448509999667,
    2.647101598000063,
    2.6408118179997473,
    2.667683976999797,
    2.6459312639999553
  ],
  "prusti-tests/tests/verify/pass/quick/shared-borrows.rs": [
    1.6943577980000555,
    1.6859206230001291,
    1.6975881880002817,
    1.6902237849999437,
    1.678595211999891,
    1.679399944999659,
    1.663545695999801,
    1.6919730629997503,
    1.6695906680001826,
    1.6787175919998845
  ],
  "prusti-tests/tests/verify/pass/quick/trait-contracts-refinement.rs": [
    1.5665097370001604,
    1.5057870849996107,
    1.5046487979998346,
    1.4918547350002882,
    1.4794627769997533,
    1.481411363999996,
    1.497336857999926,
    1.4921010940001906,
    1.5018944130001728,
    1.5051089100002173
  ],
  "prusti-tests/tests/verify/pass/quick/routes.rs": [
    4.507830914999886,
    4.3078308019998985,
    4.14911152600007,
    4.159957364999627,
    4.149423875000139,
    4.097084169000027,
    4.0616906350001045,
    4.068204944000172,
    4.053980591999789,
    4.073943787000189
  ],
  "prusti-tests/tests/verify/pass/quick/fibonacci.rs": [
    5.177721513000051,
    5.124582884999654,
    5.117453313000169,
    5.12276951099966,
    5.15286631500021,
    5.124349396999605,
    5.1214263860001665,
    5.145062344000053,
    5.192915642000116,
    5.153795407999951
  ],
  "prusti-tests/tests/verify/pass/pure-fn/len-lookup.rs": [
    3.025831303999894,
    3.039903138000227,
    2.999533994999638,
    2.9747442460002276,
    2.978958854999746,
    2.988431879000018,
    3.0006690199998047,
    2.9967514420000043,
    2.971375971999805,
    2.999999547000243
  ],
  "prusti-tests/tests/verify/pass/pure-fn/quantifiers.rs": [
    1.868341283999598,
    1.8348985330003416,
    1.8408353650002027,
    1.8220000139999684,
    1.834546385000067,
    1.828890859999774,
    1.8374560130000646,
    1.8218191669998305,
    1.8421572950001064,
    1.8401375710000138
  ],
  "prusti-tests/tests/verify/pass/pure-fn/recursive-pure-fn.rs": [
    1.6464078059998428,
    1.633760657000039,
    1.6257427109999298,
    1.6268106219999936,
    1.6318492770001285,
    1.6166502129999571,
    1.6240163689999463,
    1.6192391609997685,
    1.6129780940000273,
    1.62245629500012
  ],
  "prusti-tests/tests/verify/pass/pure-fn/ref-mut-arg.rs": [
    2.4023155609997957,
    2.398783455999819,
    2.4067664399999558,
    2.408792360999996,
    2.389107172000422,
    2.399622540999644,
    2.3989138340002683,
    2.383649031999994,
    2.394757387000027,
    2.4109607549999055
  ],
  "prusti-tests/tests/verify/pass/rosetta/Ackermann_function.rs": [
    1.6833636540000043,
    1.6819171480001387,
    1.684485677000339,
    1.6641011660003642,
    1.6750262789996668,
    1.6805651370000305,
    1.6624428079999234,
    1.6679022829998758,
    1.6754450729999917,
    1.6706743259996983
  ],
  "prusti-tests/tests/verify/pass/rosetta/Heapsort.rs": [
    10.203420382999866,
    10.087536744999852,
    10.051812429000165,
    9.996443989999989,
    9.986219199000061,
    9.988421904999996,
    10.003559358000075,
    10.0339622409997,
    10.008363191000171,
    10.074930834000043
  ]
}