{
  "prusti-tests/tests/verify/pass/rosetta/Knuth_shuffle.rs": [
    2.5969396940001843,
    0.3445561060000273,
    0.3446239059999243,
    0.3458998039998278,
    0.34362140700000054,
    0.3418171099999654,
    0.34119341099994926,
    0.34388840599990544,
    0.3431802080001489,
    0.34203981000018757
  ],
  "prusti-tests/tests/verify/pass/demos/account.rs": [
    2.066759336000132,
    0.11715723199995409,
    0.11706313199988472,
    0.11635193300003266,
    0.11647513299999446,
    0.11627523299989662,
    0.11552163400006066,
    0.11805123099998127,
    0.11860812999998416,
    0.11721053099995515
  ],
  "prusti-tests/tests/verify/pass/rosetta/Knights_tour.rs": [
    100.00652722500013,
    2.515265752000005,
    2.512734476999867,
    2.519390777999888,
    2.51613918299995,
    2.515285378000044,
    2.510108290999824,
    2.5147595829998863,
    2.507037094999987,
    2.5112665960000413
  ],
  "prusti-tests/tests/verify/pass/quick/fold-unfold.rs": [
    1.2023952229999395,
    0.08840567699985513,
    0.08685657900014121,
    0.08797037799990903,
    0.08797147799987215,
    0.0881405770001038,
    0.08821807699996498,
    0.08818177700004526,
    0.08791657799997665,
    0.08741897799995968
  ],
  "prusti-tests/tests/verify/pass/quick/moves.rs": [
    1.4034301420001611,
    0.0836843829999907,
    0.08254138500001318,
    0.08444708199999695,
    0.08288898499995412,
    0.08260268399999404,
    0.08343398399983926,
    0.0820805850000852,
    0.08240968500012968,
    0.0823848850000104
  ],
  "prusti-tests/tests/verify/pass/quick/mut-borrows.rs": [
    2.8159924789999877,
    0.15043619100015349,
    0.15832737999994606,
    0.15801918099987233,
    0.14978609200011306,
    0.14939339299985477,
    0.14824639399989792,
    0.14739349499996024,
    0.14900529299984555,
    0.14766349499996068
  ],
  "prusti-tests/tests/verify/pass/quick/shared-borrows.rs": [
    1.746263873999851,
    0.0833583850001105,
    0.08305788500001654,
    0.08329208400004973,
    0.08314218499981507,
    0.08306048400004329,
    0.08332908400007,
    0.08352938399980303,
    0.082350986000165,
    0.0832463839999491
  ],
  "prusti-tests/tests/verify/pass/quick/trait-contracts-refinement.rs": [
    1.6197990499999833,
    0.1293161210001017,
    0.12760092299981807,
    0.12740702299993245,
    0.1282113219999701,
    0.12755502300001353,
    0.12847882100004426,
    0.12812482200001796,
    0.12892392100002326,
    0.12802852200002235
  ],
  "prusti-tests/tests/verify/pass/quick/routes.rs": [
    5.0130065699997886,
    0.32997095700011414,
    0.330378557999893,
    0.3309338569999909,
    0.32959235799989983,
    0.3301195579999785,
    0.3305060570000933,
    0.3312790560000849,
    0.32958605800013174,
    0.33046695699999873
  ],
  "prusti-tests/tests/verify/pass/quick/fibonacci.rs": [
    0.36481881199983945,
    0.36028401900011886,
    0.36187951700003396,
    0.3672861099998954,
    0.36540831199999957,
    0.36419381399991835,
    0.36225871700003154,
    0.3635002149999309,
    0.3640032149999115,
    0.36294131599993307
  ],
  "prusti-tests/tests/verify/pass/pure-fn/len-lookup.rs": [
    3.470317969000007,
    0.2036244280000119,
    0.2047113270000409,
    0.2030203290000827,
    0.20237752999992153,
    0.2046759260001636,
    0.20567523299996537,
    0.20376375000000735,
    0.20481434799989984,
    0.2063594460000786
  ],
  "prusti-tests/tests/verify/pass/pure-fn/quantifiers.rs": [
    2.092598728999974,
    0.17885328000011214,
    0.17657488300005753,
    0.17731378200005565,
    0.17853887999990548,
    0.17736258200011434,
    0.1782055810001566,
    0.17739718200004972,
    0.17751398199993673,
    0.17640308299996832
  ],
  "prusti-tests/tests/verify/pass/pure-fn/recursive-pure-fn.rs": [
    1.780936410999857,
    0.13526583399993797,
    0.13509773400005542,
    0.13503823399992143,
    0.13512493399980485,
    0.13444943500007867,
    0.13457003499979692,
    0.13437953499987998,
    0.13450513499992667,
    0.13534603399989464
  ],
  "prusti-tests/tests/verify/pass/pure-fn/ref-mut-arg.rs": [
    2.743907949000004,
    0.1765786430000844,
    0.17725384099981056,
    0.17747434200009593,
    0.17711734200020146,
    0.17800624100004825,
    0.17662674199982575,
    0.177343042000075,
    0.17685874199992213,
    0.17719324199993025
  ],
  "prusti-tests/tests/verify/pass/rosetta/Ackermann_function.rs": [
    1.819548851000036,
    0.21704068400003962,
    0.21709388399995078,
    0.21772908299999472,
    0.21643178500016802,
    0.21653288500010603,
    0.21756918400001268,
    0.21824308199984443,
    0.21803498200006288,
    0.21643638499995177
  ],
  "prusti-tests/tests/verify/pass/rosetta/Heapsort.rs": [
    10.920948668999927,
    1.0424413210000694,
    1.0447044180000375,
    1.0381522270001824,
    1.0348814320000201,
    1.0383663270001762,
    1.0357630539999718,
    1.0347570720000476,
    1.0384478660000696,
    1.0408559620000233
  ]
}