{
  "prusti-tests/tests/verify/pass/rosetta/Knuth_shuffle.rs": [
    2.6050101590000168,
    0.34297737600002165,
    0.34559770700002446,
    0.34316977900004986,
    0.34531170399998246,
    0.34609921300000224,
    0.3449514989999898,
    0.34307227700003295,
    0.345533606999993,
    0.34645321699997567
  ],
  "prusti-tests/tests/verify/pass/demos/account.rs": [
    2.151556461999917,
    0.12663083699999333,
    0.12472871500006022,
    0.1264878360000239,
    0.12440701100001661,
    0.12672053899996172,
    0.12637333500003933,
    0.12808645499990234,
    0.12713664400007474,
    0.12474961500004156
  ],
  "prusti-tests/tests/verify/pass/rosetta/Knights_tour.rs": [
    93.02576723799996,
    2.503027659000054,
    2.5025372270000616,
    2.5023675240000784,
    2.4987680369999907,
    2.5034597389999362,
    2.5025694260000364,
    2.5039966479999975,
    2.514571657000033,
    2.5112852280000197
  ],
  "prusti-tests/tests/verify/pass/quick/fold-unfold.rs": [
    1.2410692700000254,
    0.09801329699996586,
    0.09844930299993848,
    0.0975713899999846,
    0.09803199700002097,
    0.09587536599997293,
    0.09915121300002738,
    0.09729668599993602,
    0.09756579099996543,
    0.09745168799997828
  ],
  "prusti-tests/tests/verify/pass/quick/moves.rs": [
    1.4695910679999997,
    0.09225779300004433,
    0.09237749399994755,
    0.09422932300003595,
    0.09414042100002007,
    0.09342211099999531,
    0.0931929079999918,
    0.09337631000005331,
    0.09423312300009457,
    0.09442552600000909
  ],
  "prusti-tests/tests/verify/pass/quick/mut-borrows.rs": [
    2.9769488540000566,
    0.1577744830000256,
    0.15733577600008175,
    0.15697317000001476,
    0.1569918710000593,
    0.1582713899999817,
    0.1576961810000057,
    0.1585951939999859,
    0.15929260500001874,
    0.15854499399995348
  ],
  "prusti-tests/tests/verify/pass/quick/shared-borrows.rs": [
    1.810024932000033,
    0.09279200099990703,
    0.09219569200001843,
    0.09269369999992705,
    0.09278730099993027,
    0.09205978400007098,
    0.0924160329999495,
    0.09170302200004699,
    0.09138841799995134,
    0.09070170799998323
  ],
  "prusti-tests/tests/verify/pass/quick/trait-contracts-refinement.rs": [
    1.7098682529999678,
    0.13879500200005168,
    0.13915070600000945,
    0.13796508899997662,
    0.13886250299992753,
    0.13739648100010982,
    0.13782138700003088,
    0.13735948099997586,
    0.13999051799999052,
    0.13986941699999988
  ],
  "prusti-tests/tests/verify/pass/quick/routes.rs": [
    5.35461042299994,
    0.34533653799996955,
    0.3448850320000929,
    0.34675465800000893,
    0.34564804199999344,
    0.34607724900001813,
    0.3448779310000418,
    0.34202189099994484,
    0.34320350699999835,
    0.3512318219999315
  ],
  "prusti-tests/tests/verify/pass/quick/fibonacci.rs": [
    0.37106990499989934,
    0.37116160699997636,
    0.36903597599996374,
    0.3727669300000116,
    0.37225602300009086,
    0.37364564300003167,
    0.3741322500000024,
    0.36901337599999806,
    0.3731061349999436,
    0.37358924199998
  ],
  "prusti-tests/tests/verify/pass/pure-fn/len-lookup.rs": [
    3.6123014590000366,
    0.21472176999998283,
    0.21360215499998958,
    0.21272744300006252,
    0.21326575000000503,
    0.21279124299996965,
    0.21362415500004772,
    0.2141335630000185,
    0.21353395400001318,
    0.21626519299991287
  ],
  "prusti-tests/tests/verify/pass/pure-fn/quantifiers.rs": [
    2.230819403000055,
    0.19537919399999737,
    0.19129823500009024,
    0.18780568500005757,
    0.1873891640000238,
    0.18847735200006355,
    0.18864275399994312,
    0.1894701649999888,
    0.18941976400003568,
    0.19009277300006033
  ],
  "prusti-tests/tests/verify/pass/pure-fn/recursive-pure-fn.rs": [
    1.9619512589999886,
    0.14903711799991015,
    0.14776689999996506,
    0.14740289500002746,
    0.14913601800003562,
    0.15014253300000746,
    0.14888771599999018,
    0.1481747059999634,
    0.14662208400000054,
    0.15210565899997164
  ],
  "prusti-tests/tests/verify/pass/pure-fn/ref-mut-arg.rs": [
    2.8962042069999825,
    0.19209839999996348,
    0.19465973499995926,
    0.19310791399993832,
    0.1916555939999398,
    0.189912626000023,
    0.19105097600004228,
    0.19139578100009658,
    0.1921709920000012,
    0.1903219660000559
  ],
  "prusti-tests/tests/verify/pass/rosetta/Ackermann_function.rs": [
    1.9363583230000359,
    0.22899150800003554,
    0.22885960600001454,
    0.23082013300006565,
    0.23334856899998613,
    0.23254145700002482,
    0.2296788179999112,
    0.229979821000029,
    0.23226895400000558,
    0.2319620490000034
  ],
  "prusti-tests/tests/verify/pass/rosetta/Heapsort.rs": [
    10.37383790900003,
    1.046284681999964,
    1.0379001510000307,
    1.0389210640000783,
    1.0429845200000045,
    1.0408580910000182,
    1.040548187000013,
    1.0385927600000286,
    1.040994992999913,
    1.0381680719999622
  ]
}