{
  "prusti-tests/tests/verify/pass/rosetta/Knuth_shuffle.rs": [
    2.6982307810001203,
    2.434962707000068,
    2.2938991409998835,
    2.2494564940000146,
    2.102373643000192,
    2.182920675999867,
    2.2020477930000197,
    2.092090123000162,
    2.1779169509998155,
    2.240990323999995
  ],
  "prusti-tests/tests/verify/pass/demos/account.rs": [
    2.0081205159999627,
    2.012069302999862,
    1.972670343000118,
    2.0049803910001174,
    2.041656155999817,
    1.9827245800001947,
    2.0040244260001145,
    1.9852038579999771,
    1.9572729270000764,
    2.018737986999895
  ],
  "prusti-tests/tests/verify/pass/rosetta/Knights_tour.rs": [
    115.6728754610001,
    115.52453477400013,
    117.48121628199988,
    118.22482194100007,
    114.7625666639999,
    112.51097279100009,
    117.95867218000012,
    119.52391748199989,
    116.94054196900015,
    116.53261031500006
  ],
  "prusti-tests/tests/verify/pass/quick/fold-unfold.rs": [
    1.331016592999731,
    1.3387339519999841,
    1.3169664770002782,
    1.3235911560000204,
    1.3438668229996438,
    1.3597527800002354,
    1.4048137750000933,
    1.325555138999789,
    1.3202287529998102,
    1.3215863509999508
  ],
  "prusti-tests/tests/verify/pass/quick/moves.rs": [
    1.5762579840002218,
    1.6118675230000008,
    1.6919614789999287,
    1.6543478580001647,
    1.6317241219999232,
    1.5523692820001997,
    1.5894773189997977,
    1.5608955880002213,
    1.6163800720000836,
    1.619724523000059
  ],
  "prusti-tests/tests/verify/pass/quick/mut-borrows.rs": [
    3.249833347999811,
    3.146643829000368,
    3.2217871839998224,
    3.2171590240000114,
    3.148629895999875,
    3.2127089529999466,
    3.23641763500018,
    3.221301702999881,
    3.3378682429997752,
    3.3704398209997635
  ],
  "prusti-tests/tests/verify/pass/quick/shared-borrows.rs": [
    2.0705819340000744,
    2.025259347999963,
    2.053841218999878,
    2.019046298000376,
    2.097446312000102,
    2.101548061000358,
    2.0717624899998555,
    2.022190043000137,
    1.9825966580001477,
    1.979693684999802
  ],
  "prusti-tests/tests/verify/pass/quick/trait-contracts-refinement.rs": [
    1.8157488270003341,
    1.7901869940001234,
    1.7964791449999211,
    1.7584084290001556,
    1.7860260630000084,
    1.782477106999977,
    1.7693701559996953,
    1.8017398990000402,
    1.810364314999788,
    1.7808673760000602
  ],
  "prusti-tests/tests/verify/pass/quick/routes.rs": [
    5.36482950699974,
    5.146662989999641,
    5.004906755999855,
    4.9879178830001365,
    4.9216034999999465,
    4.9552329110001665,
    4.932453115999579,
    4.910140094000326,
    4.951851163999891,
    5.020409717000348
  ],
  "prusti-tests/tests/verify/pass/quick/fibonacci.rs": [
    6.244996035999975,
    6.236069852000128,
    6.181856744000015,
    6.150857113999791,
    6.174013193000064,
    5.993107581999993,
    6.151348120999955,
    6.138249772000108,
    6.119893917999889,
    6.203088314999604
  ],
  "prusti-tests/tests/verify/pass/pure-fn/len-lookup.rs": [
    3.7249352860003455,
    3.6281769180000083,
    3.6534110520001377,
    3.693129296999814,
    3.8294487470002423,
    3.6579627440000877,
    3.5918794059998618,
    3.8069188410004244,
    3.614170864999778,
    3.6580385019997266
  ],
  "prusti-tests/tests/verify/pass/pure-fn/quantifiers.rs": [
    2.228373572000237,
    2.2045537489998424,
    2.2436393770003633,
    2.170392998999887,
    2.200151231000291,
    2.2041254189998654,
    2.3039842140001383,
    2.2004676749998,
    2.317037206999885,
    2.3888201999998273
  ],
  "prusti-tests/tests/verify/pass/pure-fn/recursive-pure-fn.rs": [
    2.029767179999908,
    1.9855390309999166,
    1.9859625630001574,
    1.953589614000066,
    1.9327421870002581,
    1.9366041550001682,
    1.9551289000000907,
    1.9318654120002066,
    1.945864838000034,
    1.9371597199997268
  ],
  "prusti-tests/tests/verify/pass/pure-fn/ref-mut-arg.rs": [
    2.927683671000068,
    2.9349981020000087,
    2.8969707440001002,
    2.9152681719997418,
    2.8485254889997123,
    2.918515162999938,
    2.91120303300022,
    2.841960479000136,
    2.9691980679999688,
    2.914430295999864
  ],
  "prusti-tests/tests/verify/pass/rosetta/Ackermann_function.rs": [
    2.080166878,
    2.0128130929997496,
    1.9777331479999702,
    2.0245519439999953,
    2.0478157399998054,
    2.004207275999761,
    2.052343368000038,
    2.024083917999633,
    2.000972398000158,
    2.0437746020002123
  ],
  "prusti-tests/tests/verify/pass/rosetta/Heapsort.rs": [
    11.879368312999759,
    11.82493694599998,
    11.857443778999823,
    11.778430754000055,
    11.88171307399989,
    11.646090364999964,
    12.016341611000371,
    11.882414897999752,
    11.98582545599993,
    12.001021590999699
  ]
}