{
  "prusti-tests/tests/verify/pass/rosetta/Knuth_shuffle.rs": [
    1.9751491770000484,
    1.6830429389999608,
    1.5731657020000966,
    1.6530923819998407,
    1.591206745000136,
    1.5532047829999556,
    1.65182554099988,
    1.5733217090000835,
    1.544887794000033,
    1.515621001999989
  ],
  "prusti-tests/tests/verify/pass/demos/account.rs": [
    0.7792564730000322,
    0.8179349309998543,
    0.7970679119998749,
    0.8388904840001032,
    0.7788869549999617,
    0.773949003000098,
    0.8219551889999366,
    0.7405139489999328,
    0.7511733229998754,
    0.7934055810001155
  ],
  "prusti-tests/tests/verify/pass/rosetta/Knights_tour.rs": [
    99.14864617600006,
    100.28770660600003,
    95.6519969850001,
    98.17619758000001,
    96.23916474700013,
    100.00258968100002,
    97.80186672399986,
    98.17012880100015,
    99.08384180799999,
    96.52031265100004
  ],
  "prusti-tests/tests/verify/pass/quick/fold-unfold.rs": [
    0.5893500450001738,
    0.5313459249998687,
    0.5516891560000659,
    0.5303616360001797,
    0.5618503700000019,
    0.5386499819999244,
    0.5406389610000133,
    0.5573918689999573,
    0.6073249629998827,
    0.5419783820000248
  ],
  "prusti-tests/tests/verify/pass/quick/moves.rs": [
    0.5383046509998621,
    0.5429766710001331,
    0.5389011049999226,
    0.5501602520000688,
    0.5418277799999487,
    0.5457712420000007,
    0.5627716009998949,
    0.5218373469999733,
    0.6060341669999616,
    0.5206500379999852
  ],
  "prusti-tests/tests/verify/pass/quick/mut-borrows.rs": [
    0.8949162549997709,
    0.8824456120000832,
    0.8339851679997992,
    0.8622506599999724,
    0.9234391229997527,
    0.8599664299999858,
    0.8340739619998203,
    0.886027213000034,
    0.8871166120002272,
    0.9590172859998347
  ],
  "prusti-tests/tests/verify/pass/quick/shared-borrows.rs": [
    0.6569418670001141,
    0.65106262900008,
    0.6124374979999629,
    0.6138946300002317,
    0.6288348970001607,
    0.5967595309998615,
    0.6244504390001566,
    0.6092020450000746,
    0.60072787099989,
    0.5941310690000137
  ],
  "prusti-tests/tests/verify/pass/quick/trait-contracts-refinement.rs": [
    0.8840814539998973,
    0.7893801039999744,
    0.7712898509998922,
    0.8604021910000483,
    0.797048003999862,
    0.7964309479998519,
    0.7728839960000187,
    0.7962152250001964,
    0.7814151739999033,
    0.864116226999613
  ],
  "prusti-tests/tests/verify/pass/quick/routes.rs": [
    2.5203795089996675,
    2.3667759790000673,
    2.2094339440000113,
    2.102695588000188,
    2.1666865759998473,
    2.902253707,
    2.1546431330002633,
    2.211263218000113,
    2.2827760670002135,
    2.139843345999907
  ],
  "prusti-tests/tests/verify/pass/quick/fibonacci.rs": [
    2.0978283669996927,
    2.1855472859997462,
    2.058433948000129,
    2.2954021569998986,
    1.9902407829999902,
    2.0029263430001265,
    2.1317696109999815,
    2.0632120499999473,
    2.070335899999918,
    2.0863842659996408
  ],
  "prusti-tests/tests/verify/pass/pure-fn/len-lookup.rs": [
    1.1102853110000979,
    1.02166878800017,
    0.9793549370001529,
    1.0795811389998562,
    1.0320712249999815,
    1.029216864999853,
    1.0132871179998801,
    1.09137851100013,
    1.0271740309999586,
    1.014947788000427
  ],
  "prusti-tests/tests/verify/pass/pure-fn/quantifiers.rs": [
    0.9640312330002416,
    0.8940571359999012,
    0.8796616199997516,
    0.8865525500000331,
    0.956609655000193,
    0.8684949990001769,
    0.8860239020000336,
    0.8992931810003029,
    0.9766536209999686,
    0.9017659799997091
  ],
  "prusti-tests/tests/verify/pass/pure-fn/recursive-pure-fn.rs": [
    0.6864225069998611,
    0.7234236869999222,
    0.6853299079998578,
    0.8112817139999606,
    0.7091170800003965,
    0.7247797109998828,
    0.7195598339999378,
    0.6846262389999538,
    0.7879805500001567,
    0.7132455249998202
  ],
  "prusti-tests/tests/verify/pass/pure-fn/ref-mut-arg.rs": [
    0.8890102739997019,
    0.8355551939998804,
    0.9470066700000643,
    0.8448690440000064,
    0.8239303319996907,
    0.8295071410002492,
    0.8634986449997086,
    0.9119540689998757,
    0.8216284220002308,
    0.8331027699996412
  ],
  "prusti-tests/tests/verify/pass/rosetta/Ackermann_function.rs": [
    0.987098930999764,
    1.0282815909999954,
    0.9609602450000239,
    0.9109376760002306,
    0.9187504900000931,
    0.9296952899999269,
    1.04220112899975,
    0.9350281500001074,
    0.9245654979999927,
    0.8920151339998483
  ],
  "prusti-tests/tests/verify/pass/rosetta/Heapsort.rs": [
    5.5897584090002965,
    5.3149591090000285,
    5.280517782000061,
    5.027412416999596,
    5.041485220999675,
    5.217714813000384,
    5.325271449999946,
    5.35693665000008,
    5.13540648199978,
    4.80949723699996
  ]
}