{
  "prusti-tests/tests/verify/pass/rosetta/Knuth_shuffle.rs": [
    2.7607656900000848,
    2.4603673259999823,
    2.4467525640000076,
    2.5406901540000035,
    2.4049596339999653,
    2.430780299000048,
    2.3798265469999933,
    2.4516168530000186,
    2.3478098609999734,
    2.355487628999981
  ],
  "prusti-tests/tests/verify/pass/demos/account.rs": [
    2.236756853999964,
    2.2532635810000556,
    2.2243732210000644,
    2.2382450950000248,
    2.2490078510001013,
    2.1799599679999346,
    2.1655302109999184,
    2.2291951050000307,
    2.192435225000054,
    2.2178764819999515
  ],
  "prusti-tests/tests/verify/pass/rosetta/Knights_tour.rs": [
    130.35709033900002,
    123.4093205800001,
    117.81371404200013,
    121.585688484,
    121.62594769399993,
    118.50868743699994,
    123.08115243600014,
    124.17712843300001,
    125.86612256400008,
    124.203800516
  ],
  "prusti-tests/tests/verify/pass/quick/fold-unfold.rs": [
    1.496460979999938,
    1.4666179639998518,
    1.4397565819999727,
    1.4398556870000903,
    1.4570721730001424,
    1.4277225619998717,
    1.42675004099965,
    1.4241024449997894,
    1.4683994199999688,
    1.4264981679998527
  ],
  "prusti-tests/tests/verify/pass/quick/moves.rs": [
    1.7462058900000557,
    1.7384389090002514,
    1.7624955809997118,
    1.7365991490000852,
    1.7153453569999328,
    1.763824649000071,
    1.754776745000072,
    1.725040965000062,
    1.7166315409999697,
    1.7411942779999663
  ],
  "prusti-tests/tests/verify/pass/quick/mut-borrows.rs": [
    3.437739316999796,
    3.4738573200002065,
    3.423990423000305,
    3.460745488000157,
    3.4602352619999692,
    3.4314796669996213,
    3.423645315000158,
    3.4096142210000835,
    3.4583378109996374,
    3.3850471499999912
  ],
  "prusti-tests/tests/verify/pass/quick/shared-borrows.rs": [
    2.207655622999937,
    2.191723920000186,
    2.190520159999778,
    2.1761484170001495,
    2.1709460950000903,
    2.180880105000142,
    2.1882543800002168,
    2.1804189710001083,
    2.233224075999715,
    2.185890150999967
  ],
  "prusti-tests/tests/verify/pass/quick/trait-contracts-refinement.rs": [
    1.9673310660000425,
    1.8343568720001713,
    1.8397651480004242,
    1.9686197279997941,
    1.819485719000113,
    1.8940133039995999,
    2.000827269000183,
    1.942104565000136,
    1.992023718999917,
    1.9546597819999079
  ],
  "prusti-tests/tests/verify/pass/quick/routes.rs": [
    6.126212752999891,
    6.020019785999921,
    5.8542026930003885,
    5.852264839000327,
    5.649402172999999,
    5.753004503000284,
    5.618896947999929,
    5.666403390999676,
    5.599290067999846,
    5.690925967000112
  ],
  "prusti-tests/tests/verify/pass/quick/fibonacci.rs": [
    7.147643979999884,
    7.20627248799974,
    7.509305412999765,
    7.262559470999804,
    7.444518593000339,
    7.549887067000327,
    7.235979535999832,
    7.389814529999967,
    7.540306545000021,
    7.27204781699993
  ],
  "prusti-tests/tests/verify/pass/pure-fn/len-lookup.rs": [
    4.211590720000004,
    4.249584985000183,
    4.199531508000291,
    4.473052171999825,
    4.4717904660001295,
    4.473053671999878,
    4.326105957999971,
    4.205445123000118,
    4.164979089000099,
    4.291892480000115
  ],
  "prusti-tests/tests/verify/pass/pure-fn/quantifiers.rs": [
    2.617008652000095,
    2.636313638000047,
    2.5858032549999734,
    2.573822627000027,
    2.678780192999966,
    2.710964439000236,
    2.7419168829997034,
    2.741226158000245,
    2.6811581820002175,
    2.580130838000059
  ],
  "prusti-tests/tests/verify/pass/pure-fn/recursive-pure-fn.rs": [
    2.3039891580001495,
    2.301261820000036,
    2.331074075000288,
    2.42379444900007,
    2.4171064070001194,
    2.414182887000152,
    2.4532876469997973,
    2.3970675929999743,
    2.353757394999775,
    2.386102429999937
  ],
  "prusti-tests/tests/verify/pass/pure-fn/ref-mut-arg.rs": [
    3.5281629759997486,
    3.464862176999759,
    3.6300423540001248,
    3.4612030820003383,
    3.584733464999772,
    3.7202236499997525,
    3.654266735999954,
    3.5386260649997894,
    3.6502600200001325,
    3.44920857399984
  ],
  "prusti-tests/tests/verify/pass/rosetta/Ackermann_function.rs": [
    2.250333117000082,
    2.2730824029999894,
    2.2293480650000674,
    2.328957862000152,
    2.3193698390000463,
    2.4169459049999205,
    2.2887675500001023,
    2.3339941419999377,
    2.4492780189998484,
    2.3582533689996126
  ],
  "prusti-tests/tests/verify/pass/rosetta/Heapsort.rs": [
    11.948472116000175,
    11.566719233000185,
    11.230864024999846,
    11.601170538000133,
    11.846254123000108,
    12.01224873900037,
    11.923255492999942,
    12.166964360000293,
    11.774205358000017,
    12.284449835000032
  ]
}