{
  "prusti-tests/tests/verify/pass/rosetta/Knuth_shuffle.rs": [
    2.8151708290001807,
    2.479201480000029,
    2.4700370830000793,
    2.433860113000037,
    2.3992239310000514,
    2.4318594919998304,
    2.433261307000066,
    2.3793397469999036,
    2.3533272709998982,
    2.408132904000013
  ],
  "prusti-tests/tests/verify/pass/demos/account.rs": [
    2.314199056999996,
    2.2502141679999568,
    2.218495092000012,
    2.1712773330000346,
    2.291800190999993,
    2.1645922729999256,
    2.1794963429999825,
    2.23227193799994,
    2.2171406130000832,
    2.1780084680001437
  ],
  "prusti-tests/tests/verify/pass/rosetta/Knights_tour.rs": [
    127.52730027300004,
    126.19726929800004,
    124.0265790179999,
    125.30030948000012,
    123.24176491399976,
    126.80088513800001,
    124.04944560900003,
    124.56473554600007,
    123.04009204999966,
    124.44280554099987
  ],
  "prusti-tests/tests/verify/pass/quick/fold-unfold.rs": [
    1.4775704949997817,
    1.4479254779998882,
    1.4561306649998187,
    1.4826869480002642,
    1.4948176770003556,
    1.4634636420000788,
    1.4675784870000825,
    1.5001685339998403,
    1.4848288009998214,
    1.5353458439999486
  ],
  "prusti-tests/tests/verify/pass/quick/moves.rs": [
    1.8359133629996904,
    1.8710076390002541,
    1.8676676909999514,
    1.8963189669998428,
    1.8643842250003217,
    1.7747508679999555,
    1.8120587660000638,
    1.835010296999826,
    1.9461811830001352,
    1.8181779159999678
  ],
  "prusti-tests/tests/verify/pass/quick/mut-borrows.rs": [
    3.5004807829996025,
    3.5882953300001645,
    3.539040001000103,
    3.6127493149997463,
    3.689620233000369,
    3.5974022750001495,
    3.5239954989997386,
    3.479068949000066,
    3.4647533170000315,
    3.454661612000109
  ],
  "prusti-tests/tests/verify/pass/quick/shared-borrows.rs": [
    2.20615071300017,
    2.1819381550003527,
    2.166008185999999,
    2.174437291000231,
    2.205080826000085,
    2.164688293999916,
    2.217073543999959,
    2.1657034620002378,
    2.2194778320003934,
    2.162248024999826
  ],
  "prusti-tests/tests/verify/pass/quick/trait-contracts-refinement.rs": [
    1.9767737209999723,
    1.9247785059997113,
    1.994204315999923,
    1.9570831360001648,
    1.9097547290002694,
    1.935083115999987,
    1.9567773469998428,
    1.9884467850001784,
    2.030808234000233,
    2.0463014880001538
  ],
  "prusti-tests/tests/verify/pass/quick/routes.rs": [
    5.800552456999867,
    5.450353808000273,
    5.350896557000397,
    5.437941525000042,
    5.504375921000246,
    5.381675901000108,
    5.446928277999632,
    5.508048676000271,
    5.391103939000004,
    5.398731493000014
  ],
  "prusti-tests/tests/verify/pass/quick/fibonacci.rs": [
    7.427362755000104,
    7.290614730000016,
    7.066506275999927,
    7.110265356999662,
    7.3754355680002845,
    7.253771927999878,
    7.161711378000291,
    7.003824204000011,
    7.113111048999599,
    7.295280973999979
  ],
  "prusti-tests/tests/verify/pass/pure-fn/len-lookup.rs": [
    4.131029961999957,
    4.2369280079997225,
    4.070315736000339,
    4.018615554000007,
    4.107707395000034,
    4.094588957999804,
    4.201171875999989,
    4.196103042999766,
    4.175619051000012,
    4.056694754000091
  ],
  "prusti-tests/tests/verify/pass/pure-fn/quantifiers.rs": [
    2.553298575000099,
    2.499323405999803,
    2.4409897900000033,
    2.4489294720001453,
    2.5180961999999454,
    2.479048197999873,
    2.4759771750000255,
    2.4819146370000453,
    2.4924136479999106,
    2.530760654000005
  ],
  "prusti-tests/tests/verify/pass/pure-fn/recursive-pure-fn.rs": [
    2.1556809029998476,
    2.1588745369999742,
    2.210471077999955,
    2.216940644999795,
    2.1380760160000136,
    2.217531157000394,
    2.2544214069998816,
    2.1701550180000595,
    2.2074200109996127,
    2.2130345380001017
  ],
  "prusti-tests/tests/verify/pass/pure-fn/ref-mut-arg.rs": [
    3.3844563339998786,
    3.333088792000126,
    3.2517889440000545,
    3.381750213000032,
    3.2793898300001274,
    3.3040029919998233,
    3.371769219000271,
    3.301171255999634,
    3.351756000000023,
    3.3260807330002535
  ],
  "prusti-tests/tests/verify/pass/rosetta/Ackermann_function.rs": [
    2.280481980999866,
    2.3201595479999924,
    2.323915591000059,
    2.420660405000035,
    2.205532847000086,
    2.2672195979998833,
    2.3008129280001413,
    2.2825161340001614,
    2.2806922159998066,
    2.2574600349998946
  ],
  "prusti-tests/tests/verify/pass/rosetta/Heapsort.rs": [
    13.426675621999948,
    13.097906618999787,
    12.77237775399999,
    12.710753436999767,
    12.671122891000323,
    12.488527149999754,
    13.472839101000318,
    13.294586441999854,
    13.22461643800034,
    12.637428565000391
  ]
}