{
  "prusti-tests/tests/verify/pass/rosetta/Knuth_shuffle.rs": [
    2.8053571279999687,
    2.4377138049999303,
    2.3961525969999684,
    2.3561199800000168,
    2.3735632279999663,
    2.37947777699992,
    2.489572661000011,
    2.3790483290000566,
    2.547137019000047,
    2.4653234829999064
  ],
  "prusti-tests/tests/verify/pass/demos/account.rs": [
    2.16740077999998,
    2.198432061999938,
    2.1940217510000366,
    2.225420815999996,
    2.082668233999925,
    2.127298139000004,
    2.1648725390000436,
    2.2196419320000587,
    2.1638432489999104,
    2.0929073700000345
  ],
  "prusti-tests/tests/verify/pass/rosetta/Knights_tour.rs": [
    130.10159645299996,
    126.83681889199988,
    125.316982951,
    129.75606909900011,
    125.98731034000002,
    128.6754476220001,
    125.01002744000016,
    128.0742457629999,
    128.7001009610001,
    125.65894765800022
  ],
  "prusti-tests/tests/verify/pass/quick/fold-unfold.rs": [
    1.397088827999596,
    1.3944870649997938,
    1.3928099800000382,
    1.382058317999963,
    1.3290020090003054,
    1.368057737000072,
    1.3737734750002346,
    1.399187641000026,
    1.4054131789998792,
    1.3668232489999355
  ],
  "prusti-tests/tests/verify/pass/quick/moves.rs": [
    1.6576609819999248,
    1.62350227800016,
    1.6613814120000825,
    1.7501159369999186,
    1.6077216109997607,
    1.7340143430001262,
    1.6560696920000737,
    1.653899598999942,
    1.6907656170001246,
    1.710462219999954
  ],
  "prusti-tests/tests/verify/pass/quick/mut-borrows.rs": [
    3.4317032760000075,
    3.301271111999995,
    3.3741581290000795,
    3.3922645120001107,
    3.450820012999884,
    3.425855629000125,
    3.4396976580001137,
    3.236703820999992,
    3.4140565950001474,
    3.45523086600042
  ],
  "prusti-tests/tests/verify/pass/quick/shared-borrows.rs": [
    2.1898792189999767,
    2.2087350860001607,
    2.201730059000056,
    2.116364018999775,
    2.109074938000049,
    2.102950786999827,
    2.183992451999984,
    2.21699457800014,
    2.1316364079998493,
    2.1283651879998615
  ],
  "prusti-tests/tests/verify/pass/quick/trait-contracts-refinement.rs": [
    1.9101722559998962,
    1.89518402099975,
    1.9335933209999894,
    1.9097006510000938,
    1.8697675670000535,
    1.861870811999779,
    1.8193146039998283,
    1.857383524999932,
    1.8924268350001512,
    1.8166966809999394
  ],
  "prusti-tests/tests/verify/pass/quick/routes.rs": [
    6.155750971000089,
    6.043330278999747,
    5.7408537370001795,
    5.745782125000005,
    5.856302137000057,
    5.785527946999991,
    5.619043113999851,
    5.8321221989999685,
    6.14095244300006,
    6.426456636999774
  ],
  "prusti-tests/tests/verify/pass/quick/fibonacci.rs": [
    8.227838015999623,
    8.523978913000064,
    8.238251115000367,
    7.844398362999982,
    7.6980528489998505,
    7.715471725000043,
    7.007275691000359,
    7.265285967000182,
    7.257132531000025,
    7.387129737000123
  ],
  "prusti-tests/tests/verify/pass/pure-fn/len-lookup.rs": [
    4.162459797000338,
    4.333177280999735,
    4.182267085000149,
    4.240640730999985,
    4.462506059000134,
    4.347961627000132,
    4.33373592099997,
    4.1910156670001015,
    4.300827112000206,
    4.312217743000019
  ],
  "prusti-tests/tests/verify/pass/pure-fn/quantifiers.rs": [
    2.724331923000136,
    2.696360860000368,
    2.6772840720000204,
    2.6806233639999846,
    2.6662067809998007,
    2.6093391300000803,
    2.6750735050000003,
    2.615459460999773,
    2.6422167210002954,
    2.7815479989999403
  ],
  "prusti-tests/tests/verify/pass/pure-fn/recursive-pure-fn.rs": [
    2.5322755739998684,
    2.4082385619999513,
    2.436554684999919,
    2.627287625000008,
    2.4828077920001306,
    2.628244773000006,
    2.5913582630000747,
    2.65845138900022,
    2.6409129329999814,
    2.4945794949999254
  ],
  "prusti-tests/tests/verify/pass/pure-fn/ref-mut-arg.rs": [
    4.051327527000012,
    3.9904499260001103,
    3.819354870999632,
    3.8626896320001833,
    3.798913079000158,
    3.8993132619998505,
    3.8775738449999153,
    4.051649947999977,
    3.9759979189998376,
    3.957835920999969
  ],
  "prusti-tests/tests/verify/pass/rosetta/Ackermann_function.rs": [
    2.482114186999752,
    2.4899402350001765,
    2.5822399629996653,
    2.474056243999712,
    2.668453758999931,
    2.52961326500008,
    2.5490924759997142,
    2.484211906999917,
    2.4177613279998695,
    2.558439432999876
  ],
  "prusti-tests/tests/verify/pass/rosetta/Heapsort.rs": [
    13.020349276000161,
    12.729729726000187,
    12.913320123000176,
    13.158509376999973,
    13.127304200000253,
    12.973290951999843,
    12.645648512000207,
    13.546956039999714,
    13.768207953000001,
    13.217628852999951
  ]
}