{
  "prusti-tests/tests/verify/pass/rosetta/Knuth_shuffle.rs": [
    2.0989974829999483,
    1.8684165989999428,
    1.8822251679999908,
    1.8200100810000777,
    1.7679879730000039,
    1.784037110999975,
    1.7598687979999568,
    1.8121945230000165,
    1.7930714849999276,
    1.8442175889999817
  ],
  "prusti-tests/tests/verify/pass/demos/account.rs": [
    0.7650905650000368,
    0.8224626679999574,
    0.7339741969999523,
    0.7911066460000029,
    0.7543136350000168,
    0.7743771689999903,
    0.8383148310000479,
    0.7673444519999748,
    0.7171464180000839,
    0.8451811449999695
  ],
  "prusti-tests/tests/verify/pass/rosetta/Knights_tour.rs": [
    108.96238547799999,
    123.87934784799995,
    108.03654110100001,
    117.056391975,
    114.27851027099996,
    109.58816711999998,
    124.77904819800005,
    114.2461842329999,
    111.76229942999998,
    121.07213979000016
  ],
  "prusti-tests/tests/verify/pass/quick/fold-unfold.rs": [
    0.5385688479998407,
    0.48496036799997455,
    0.507953370000223,
    0.4976419889999306,
    0.49037766299989016,
    0.5395050209999681,
    0.47848365599998033,
    0.5035165930000858,
    0.48521397299987257,
    0.4792759689999002
  ],
  "prusti-tests/tests/verify/pass/quick/moves.rs": [
    0.4955761539999912,
    0.5195114719999765,
    0.48929864499996256,
    0.5004333390002103,
    0.5037101960001564,
    0.5517325339999388,
    0.4847433719999117,
    0.4813972990000366,
    0.4944289289999233,
    0.4838016409999
  ],
  "prusti-tests/tests/verify/pass/quick/mut-borrows.rs": [
    0.8143838779999442,
    0.7186374870000236,
    0.8339567229998011,
    0.8016293519999635,
    0.7308429029999388,
    0.7244162890001462,
    0.7384779369999706,
    0.7722975340000175,
    0.7948928470000283,
    0.7874521400001413
  ],
  "prusti-tests/tests/verify/pass/quick/shared-borrows.rs": [
    0.5218372060001002,
    0.53870999999981,
    0.5333064060000652,
    0.5248718590000863,
    0.5774012750000566,
    0.6115063700001429,
    0.5277391080001053,
    0.5708827609998934,
    0.5278035100000125,
    0.5385246969999571
  ],
  "prusti-tests/tests/verify/pass/quick/trait-contracts-refinement.rs": [
    0.7821356480001214,
    0.7456022989999838,
    0.7882477069999823,
    0.7263559309999437,
    0.7708280049998848,
    0.8031942669999808,
    0.8650728439999966,
    0.8383046789999753,
    0.9049778379999225,
    0.8474518379998699
  ],
  "prusti-tests/tests/verify/pass/quick/routes.rs": [
    2.581404586999952,
    2.1920155779998822,
    2.0238376419999895,
    1.940694189999931,
    2.0380657169998813,
    1.8912822620000043,
    2.084058331000051,
    2.0021990999998707,
    1.8574123750001945,
    1.874333555000021
  ],
  "prusti-tests/tests/verify/pass/quick/fibonacci.rs": [
    1.8980301740000414,
    1.950559199000054,
    1.7490044020000823,
    2.0506538530000853,
    2.047003587999825,
    1.900621714999943,
    2.005988322000121,
    1.934744602000137,
    1.7574313949999123,
    1.9520771059999333
  ],
  "prusti-tests/tests/verify/pass/pure-fn/len-lookup.rs": [
    0.834463021999909,
    0.8627630370001498,
    1.0049542689998816,
    0.8219874349999827,
    0.8420442889998867,
    0.8583008759999302,
    0.8402548579999802,
    0.8956679370000984,
    0.8427615010000409,
    0.8527710780001598
  ],
  "prusti-tests/tests/verify/pass/pure-fn/quantifiers.rs": [
    0.7546770439998909,
    0.8653885940000237,
    0.7723275350001586,
    0.7376894290000564,
    0.7240385890002017,
    0.7332469509999555,
    0.7821237069999825,
    0.8861264289998871,
    0.7594777100000556,
    0.7540730149999035
  ],
  "prusti-tests/tests/verify/pass/pure-fn/recursive-pure-fn.rs": [
    0.5856033630000184,
    0.5956105410000418,
    0.5844535459998497,
    0.6766568779999034,
    0.6228151249999883,
    0.6182343430000401,
    0.6075760539997646,
    0.5876264019998416,
    0.5864629809998405,
    0.5904585520002001
  ],
  "prusti-tests/tests/verify/pass/pure-fn/ref-mut-arg.rs": [
    0.8661421319998226,
    0.7833119659999284,
    0.8125865839997459,
    0.8670788059998813,
    0.9167393400002766,
    0.9680678380000245,
    0.8740536929999507,
    0.9026006920003056,
    0.8815217239998674,
    0.8526173179998295
  ],
  "prusti-tests/tests/verify/pass/rosetta/Ackermann_function.rs": [
    0.975600470000245,
    1.0259338500000013,
    0.892096482999932,
    0.8698328730001776,
    0.9130766279999989,
    0.8941219969997292,
    1.082481682999969,
    0.9514349969999785,
    0.9546633530003419,
    0.9748019039998326
  ],
  "prusti-tests/tests/verify/pass/rosetta/Heapsort.rs": [
    6.73674116400025,
    6.091258130999904,
    6.196917306000159,
    6.319253288999789,
    6.432310045000122,
    6.384379502000229,
    6.483920545999808,
    6.748230990000138,
    6.787378735999937,
    7.442892223999934
  ]
}