{
  "prusti-tests/tests/verify/pass/rosetta/Knuth_shuffle.rs": [
    2.083149306999985,
    1.9337391490000755,
    1.8544951190000347,
    1.8219701059999807,
    1.7787735419999535,
    1.7959005809999553,
    1.8028498840000111,
    1.7681943649999994,
    1.7748607130000664,
    1.7619347759999755
  ],
  "prusti-tests/tests/verify/pass/demos/account.rs": [
    1.625722623999991,
    1.6421229300000277,
    1.6151934199999687,
    1.6138761220000788,
    1.6166178329999639,
    1.6271314380001058,
    1.6004656269999487,
    1.6313084390000085,
    1.601021027999991,
    1.6143654359999573
  ],
  "prusti-tests/tests/verify/pass/rosetta/Knights_tour.rs": [
    92.90405298899998,
    96.35721254999999,
    90.84430986500001,
    90.96498233700004,
    91.50064354200003,
    93.78923853700007,
    90.84817897400012,
    91.85371093200001,
    91.67507583499992,
    92.82591918600019
  ],
  "prusti-tests/tests/verify/pass/quick/fold-unfold.rs": [
    1.0934502799998427,
    1.097005258000081,
    1.100450809999984,
    1.1007910969999557,
    1.0943354989999534,
    1.0933094970000639,
    1.084886387999859,
    1.0872739229998842,
    1.0992386749999241,
    1.0913229710001815
  ],
  "prusti-tests/tests/verify/pass/quick/moves.rs": [
    1.3203405069998553,
    1.3166575140000987,
    1.3451831300001231,
    1.3246711179999693,
    1.3247150180000062,
    1.3212623169999915,
    1.322474370000009,
    1.317926886000123,
    1.3210597869999674,
    1.318630987000006
  ],
  "prusti-tests/tests/verify/pass/quick/mut-borrows.rs": [
    2.590664263000008,
    2.5996075549999205,
    2.5813274649999585,
    2.6021145749998595,
    2.5934456610000325,
    2.587449953000032,
    2.6268078729999615,
    2.6026287820000107,
    2.585297814000114,
    2.5871408150001116
  ],
  "prusti-tests/tests/verify/pass/quick/shared-borrows.rs": [
    1.6488587179999286,
    1.6554831559999457,
    1.6553419570000187,
    1.6409741519998988,
    1.648158254000009,
    1.6460567550000178,
    1.6463930710001478,
    1.6468726719999722,
    1.6643915790000392,
    1.643184969999993
  ],
  "prusti-tests/tests/verify/pass/quick/trait-contracts-refinement.rs": [
    1.4890808280001693,
    1.4598353960000168,
    1.47712479300003,
    1.4443455979999271,
    1.4381139390000044,
    1.4442046870001377,
    1.4415664420000667,
    1.4594191450000835,
    1.4463788389998626,
    1.4437757390001025
  ],
  "prusti-tests/tests/verify/pass/quick/routes.rs": [
    4.3095608910000465,
    4.077599921000001,
    3.994556366999859,
    3.954481549000093,
    4.001687439000079,
    3.9602427069999067,
    3.978006763999929,
    3.9623653730000115,
    3.932199761999982,
    3.9523259529998995
  ],
  "prusti-tests/tests/verify/pass/quick/fibonacci.rs": [
    5.043758492999814,
    5.012092183999812,
    5.028456518999974,
    4.99769840099998,
    5.031193103000078,
    4.986154830000032,
    4.99507035900001,
    5.013209297000003,
    5.049091811999915,
    4.992620987999999
  ],
  "prusti-tests/tests/verify/pass/pure-fn/len-lookup.rs": [
    2.9535157239997716,
    2.974399218000144,
    2.944330073999936,
    2.9512007550001726,
    2.9578774859996884,
    2.945689479000066,
    2.9499922609998066,
    2.9436920599996483,
    2.953342810000322,
    2.9540469979997397
  ],
  "prusti-tests/tests/verify/pass/pure-fn/quantifiers.rs": [
    1.8220396299998356,
    1.8233440939998218,
    1.8225558939998336,
    1.8053251380001711,
    1.79954769699998,
    1.8058424049995665,
    1.8098498330000439,
    1.8036681349999526,
    1.827439133000098,
    1.8202159809998193
  ],
  "prusti-tests/tests/verify/pass/pure-fn/recursive-pure-fn.rs": [
    1.6089622849999614,
    1.5952060889999302,
    1.6101500949998808,
    1.5996755920000396,
    1.6080472940002437,
    1.597470040999724,
    1.6077671560001363,
    1.6029706560002523,
    1.6064442560000316,
    1.5953318060001038
  ],
  "prusti-tests/tests/verify/pass/pure-fn/ref-mut-arg.rs": [
    2.378329635999762,
    2.3347656030000508,
    2.3597839119997843,
    2.381924397000148,
    2.3666985599998043,
    2.3514973560004364,
    2.3387328519997936,
    2.352198854999642,
    2.347505252999781,
    2.3398620520001714
  ],
  "prusti-tests/tests/verify/pass/rosetta/Ackermann_function.rs": [
    1.640608560000146,
    1.6438196680001056,
    1.6338900649998322,
    1.6294338640000205,
    1.6408125670000118,
    1.6373952879998797,
    1.639267412999743,
    1.6381035129998054,
    1.6526774170001772,
    1.6552938180002457
  ],
  "prusti-tests/tests/verify/pass/rosetta/Heapsort.rs": [
    9.143871599999784,
    9.176076935999845,
    9.049899963999906,
    9.040312234999874,
    8.995607967000069,
    9.031216063000102,
    8.96488056699991,
    9.043533469000067,
    8.97034568700019,
    9.110104595999928
  ]
}