{
  "prusti-tests/tests/verify/pass/rosetta/Knuth_shuffle.rs": [
    2.6052821270000095,
    0.3516077539999287,
    0.3515830549999919,
    0.3528661560000046,
    0.3515684540000166,
    0.35156435500005045,
    0.35324315599996226,
    0.35177875399995173,
    0.35526005799999893,
    0.3191283209999938
  ],
  "prusti-tests/tests/verify/pass/demos/account.rs": [
    2.1599366530000452,
    0.12986657600004037,
    0.12936387600007038,
    0.12904127599995263,
    0.13183467800001836,
    0.12955677599995852,
    0.1321894779999866,
    0.13124937700001738,
    0.13562228000000687,
    0.27013655899997957
  ],
  "prusti-tests/tests/verify/pass/rosetta/Knights_tour.rs": [
    90.72053465699992,
    2.5648821849999877,
    2.563811466999823,
    2.450949111,
    2.5727256130001024,
    2.5732003050000003,
    2.574930097000106,
    2.5206098969999857,
    2.5669349820000207,
    2.5659853510001085
  ],
  "prusti-tests/tests/verify/pass/quick/fold-unfold.rs": [
    1.2600992759998917,
    0.09961539799996899,
    0.09706669799993506,
    0.09741909800004578,
    0.09794459899990215,
    0.10058429800005797,
    0.09885999799985257,
    0.1009467979999954,
    0.09988079800018568,
    0.09849119800014705
  ],
  "prusti-tests/tests/verify/pass/quick/moves.rs": [
    1.491194372000109,
    0.0953217979999863,
    0.09586969799988765,
    0.09612219799987543,
    0.09042179799985206,
    0.0919772990000638,
    0.09026099799984877,
    0.08998099799987358,
    0.09105039899986878,
    0.09076409800013607
  ],
  "prusti-tests/tests/verify/pass/quick/mut-borrows.rs": [
    2.9010947019999094,
    0.1614421009999205,
    0.1632412999999815,
    0.16302940000014132,
    0.1610496000000694,
    0.16354030100001182,
    0.1637091000000055,
    0.16220399999997426,
    0.16248560000008183,
    0.1610938010001064
  ],
  "prusti-tests/tests/verify/pass/quick/shared-borrows.rs": [
    1.8228667020000557,
    0.09556390100010503,
    0.09406889999991108,
    0.09237389999998413,
    0.09215930000004846,
    0.09333590000005643,
    0.09344119999991563,
    0.09319979999986572,
    0.0937904999998409,
    0.0935683010000048
  ],
  "prusti-tests/tests/verify/pass/quick/trait-contracts-refinement.rs": [
    1.7228646029998345,
    0.14096029999996063,
    0.14055240100014998,
    0.13959159999990334,
    0.13927790100001403,
    0.140351100000089,
    0.13941739999995661,
    0.14075420100016345,
    0.14040890000001127,
    0.14025270100000853
  ],
  "prusti-tests/tests/verify/pass/quick/routes.rs": [
    5.384203114999991,
    0.3545099999998911,
    0.35200150099990424,
    0.35198360199979106,
    0.3518507009998757,
    0.3515077019999353,
    0.35414290099993195,
    0.3520755009999448,
    0.35363100199992914,
    0.3542399010000281
  ],
  "prusti-tests/tests/verify/pass/quick/fibonacci.rs": [
    0.37985000200001195,
    0.3771695010000258,
    0.3721846020000612,
    0.37838780100014446,
    0.3765209020000384,
    0.37645230099997207,
    0.3760695010000745,
    0.34323150199998054,
    0.37570010099989304,
    0.37504290199990464
  ],
  "prusti-tests/tests/verify/pass/pure-fn/len-lookup.rs": [
    3.5999168910000208,
    0.22080717299991193,
    0.21588757399990754,
    0.21664987400004065,
    0.21849967399998604,
    0.21794057399984013,
    0.2175969739998891,
    0.21689337299994804,
    0.2217733740001222,
    0.21654947399997582
  ],
  "prusti-tests/tests/verify/pass/pure-fn/quantifiers.rs": [
    2.1982574349999595,
    0.1969023770000149,
    0.19532567600003858,
    0.19064487699984056,
    0.19367547700016985,
    0.19216637699992134,
    0.1932531760000984,
    0.19166877700013174,
    0.19227717700005087,
    0.1933381769999869
  ],
  "prusti-tests/tests/verify/pass/pure-fn/recursive-pure-fn.rs": [
    1.8851177110000208,
    0.1481361950000064,
    0.14910039500000494,
    0.1499413949998143,
    0.1517968949999613,
    0.14803779499993652,
    0.1499336949998451,
    0.15082369500009918,
    0.14919299500002126,
    0.15105339500019
  ],
  "prusti-tests/tests/verify/pass/pure-fn/ref-mut-arg.rs": [
    2.8820156060000954,
    0.19417309300001762,
    0.19332089399995311,
    0.19621519300017098,
    0.19711529400001382,
    0.19458119299997634,
    0.19339999399994667,
    0.19292639400009648,
    0.1940113929999825,
    0.19416969400003836
  ],
  "prusti-tests/tests/verify/pass/rosetta/Ackermann_function.rs": [
    1.9127044740000656,
    0.23613759899990328,
    0.23431889799985584,
    0.23676809799985676,
    0.23570129900008396,
    0.2352741980000701,
    0.2333797979999872,
    0.236233398999957,
    0.2343694979999782,
    0.23230229800014968
  ],
  "prusti-tests/tests/verify/pass/rosetta/Heapsort.rs": [
    10.282093502999942,
    1.0706432929998755,
    1.0625151920000917,
    1.0578661220001777,
    1.061925902999974,
    1.0676862000000256,
    1.0625369019999198,
    1.0672365990001254,
    1.0642816019999373,
    0.9512478649999139
  ]
}