{
  "prusti-tests/tests/verify/pass/rosetta/Knuth_shuffle.rs": [
    3.1497385370000757,
    2.710068443999944,
    2.8573021869999593,
    2.7146908140000505,
    2.769869584000162,
    2.7700104849998297,
    2.675703836999901,
    2.720846002999906,
    2.701366619000055,
    2.6434653660001004
  ],
  "prusti-tests/tests/verify/pass/demos/account.rs": [
    2.361982348000083,
    2.331101313999852,
    2.3480615870000747,
    2.366595949000157,
    2.355859976999909,
    2.346957538999959,
    2.331537396000158,
    2.4234350169999743,
    2.3986956129999726,
    2.4290490460000456
  ],
  "prusti-tests/tests/verify/pass/rosetta/Knights_tour.rs": [
    166.9245241650001,
    164.89299739900002,
    165.43076244699978,
    164.92106687900014,
    160.33873081900038,
    153.415870498,
    146.4679909470001,
    139.4163306979999,
    131.98510073099987,
    136.02089495600012
  ],
  "prusti-tests/tests/verify/pass/quick/fold-unfold.rs": [
    1.4237806300002376,
    1.402966512999683,
    1.4074273279998124,
    1.3994190019998314,
    1.4351676080000288,
    1.42846623000014,
    1.4198869589999958,
    1.3783069719997911,
    1.4557817199997771,
    1.4403215499996804
  ],
  "prusti-tests/tests/verify/pass/quick/moves.rs": [
    1.697597002999828,
    1.6551880210004128,
    1.6880629709999084,
    1.7007689269998991,
    1.7773204709997117,
    1.7931250259998706,
    1.7156912299997202,
    1.7043573820001257,
    1.7648015330000817,
    1.7161798319998525
  ],
  "prusti-tests/tests/verify/pass/quick/mut-borrows.rs": [
    3.4224993739999263,
    3.3278435679999347,
    3.3746732839999822,
    3.471686772999874,
    3.4764870029998747,
    3.392771437999727,
    3.5404137880000235,
    3.4632396040001368,
    3.390725601000213,
    3.393279918999724
  ],
  "prusti-tests/tests/verify/pass/quick/shared-borrows.rs": [
    2.1555068469997423,
    2.221309538999776,
    2.1941329699998278,
    2.227623809999841,
    2.178716001000339,
    2.2004956050000146,
    2.194368152000152,
    2.163055545000134,
    2.1920833750000384,
    2.226110026000242
  ],
  "prusti-tests/tests/verify/pass/quick/trait-contracts-refinement.rs": [
    2.0697898560001704,
    1.932517351000115,
    1.9338929569998982,
    1.9351897629999257,
    1.929383388000133,
    1.9082537750000483,
    1.88720049199992,
    1.9187190160000682,
    1.8956947499996204,
    1.926139404999958
  ],
  "prusti-tests/tests/verify/pass/quick/routes.rs": [
    6.355327216000205,
    5.929346763000012,
    5.799457318999885,
    5.939476075999664,
    5.790376814999945,
    5.987348752999878,
    5.922581551999883,
    5.872917045000122,
    5.7379920459998175,
    5.834006800999759
  ],
  "prusti-tests/tests/verify/pass/quick/fibonacci.rs": [
    7.62613631000022,
    7.703378483000051,
    7.671448165000129,
    7.41165603599984,
    7.447029946999919,
    7.428466939000373,
    7.492135992000385,
    7.5517054430001735,
    7.40571072900002,
    7.440005283000119
  ],
  "prusti-tests/tests/verify/pass/pure-fn/len-lookup.rs": [
    4.238334175000091,
    4.279862917000173,
    4.292335706000358,
    4.187832024999807,
    4.201358635999895,
    4.153999936000218,
    4.216438287000074,
    4.207183748000261,
    4.2590311590001875,
    4.2096846590002315
  ],
  "prusti-tests/tests/verify/pass/pure-fn/quantifiers.rs": [
    2.522054940000089,
    2.5668832239998665,
    2.6566563960000167,
    2.6057278870002847,
    2.625066265999976,
    2.570151848000023,
    2.6561129009996876,
    2.522718153000369,
    2.539329837999958,
    2.6380663459999596
  ],
  "prusti-tests/tests/verify/pass/pure-fn/recursive-pure-fn.rs": [
    2.2452503310000793,
    2.3176623289996314,
    2.2434739240002273,
    2.215324709000015,
    2.217003717999887,
    2.2650576609999007,
    2.307475736000015,
    2.2248998949999077,
    2.299829549000151,
    2.319687070999862
  ],
  "prusti-tests/tests/verify/pass/pure-fn/ref-mut-arg.rs": [
    3.358611003000078,
    3.2912022349996732,
    3.396060124000087,
    3.5278820369999266,
    3.4045423859997754,
    3.3187312179998116,
    3.584290319000047,
    3.3268441039999743,
    3.3291300139999294,
    3.417805905000023
  ],
  "prusti-tests/tests/verify/pass/rosetta/Ackermann_function.rs": [
    2.1733761959999356,
    2.1694112489999497,
    2.170151646999784,
    2.199948769999992,
    2.110552996000024,
    2.1852353909998783,
    2.183326583000053,
    2.232184487000268,
    2.2801772800003164,
    2.216803712000001
  ],
  "prusti-tests/tests/verify/pass/rosetta/Heapsort.rs": [
    15.24489910200009,
    15.221995982999942,
    15.049688326999785,
    15.019540574000075,
    14.707171508000101,
    14.739352325000254,
    14.687964937000288,
    14.759327181999652,
    15.23219780699992,
    15.587516148000304
  ]
}