{
  "prusti-tests/tests/verify/pass/rosetta/Knuth_shuffle.rs": [
    3.1650840899999366,
    0.42427388199985216,
    0.40780294199998934,
    0.40623883300008856,
    0.424609005000093,
    0.409193476000155,
    0.40973147999989123,
    0.40791725300005055,
    0.4171940989999712,
    0.41795655200007786
  ],
  "prusti-tests/tests/verify/pass/demos/account.rs": [
    2.7285484579999775,
    0.1461992619999819,
    0.15241109399994457,
    0.14916316900007587,
    0.14747575100000176,
    0.14674319999994623,
    0.15748424599996724,
    0.14929107700004351,
    0.15039435299991055,
    0.15388399600010416
  ],
  "prusti-tests/tests/verify/pass/rosetta/Knights_tour.rs": [
    111.29395638400001,
    3.1524525300001187,
    3.117476814000156,
    3.153076388999807,
    3.1536904760000652,
    3.106659463000142,
    3.14383854100015,
    3.096052112000052,
    3.0409785310000643,
    3.1693471430000955
  ],
  "prusti-tests/tests/verify/pass/quick/fold-unfold.rs": [
    1.6118218500000694,
    0.11361908399999265,
    0.11373019200004819,
    0.11494037600004958,
    0.11937818399997013,
    0.11711802700006047,
    0.11554701899990505,
    0.11269942099988839,
    0.11958179800012658,
    0.11792468299995562
  ],
  "prusti-tests/tests/verify/pass/quick/moves.rs": [
    1.890166765999993,
    0.10787508600014917,
    0.10632267799996953,
    0.11571682999988298,
    0.11580203599987726,
    0.10939179100000729,
    0.1079281899999387,
    0.10755166300009478,
    0.11341186999993624,
    0.10939839100001336
  ],
  "prusti-tests/tests/verify/pass/quick/mut-borrows.rs": [
    3.7035934529999395,
    0.18125534299997526,
    0.1850962089999939,
    0.1903582729999016,
    0.18503260499983298,
    0.19187087699992844,
    0.18855944799997815,
    0.18860585200013702,
    0.18796980699994492,
    0.19096391500011123
  ],
  "prusti-tests/tests/verify/pass/quick/shared-borrows.rs": [
    2.345037879999836,
    0.10814148299982662,
    0.10616954699980852,
    0.10792486900004405,
    0.10684809400004269,
    0.10601103599992712,
    0.10976589599999897,
    0.11430001000007906,
    0.10566441200012378,
    0.10758334499996636
  ],
  "prusti-tests/tests/verify/pass/quick/trait-contracts-refinement.rs": [
    2.1722798140001487,
    0.16444400099999257,
    0.1571812970000792,
    0.16586349799990785,
    0.16281908799987832,
    0.16238125700010642,
    0.16160790300000372,
    0.16184462000001076,
    0.16383135799992488,
    0.1672097919999942
  ],
  "prusti-tests/tests/verify/pass/quick/routes.rs": [
    6.602915853000013,
    0.41948935600021287,
    0.4103825249999318,
    0.4072399070000756,
    0.4126036790000853,
    0.4125698759999068,
    0.41403067800001736,
    0.452396834999945,
    0.410142808000046,
    0.41358394700000645
  ],
  "prusti-tests/tests/verify/pass/quick/fibonacci.rs": [
    0.43779602400013573,
    0.4482950510000592,
    0.4531932909999341,
    0.45480120199999874,
    0.4455816629999845,
    0.47571215300013137,
    0.4460053150000931,
    0.45638193400009186,
    0.44707308800002465,
    0.4460515180001039
  ],
  "prusti-tests/tests/verify/pass/pure-fn/len-lookup.rs": [
    4.714870912000151,
    0.2552693940001518,
    0.25275532000000567,
    0.26077507500008323,
    0.26149402500004726,
    0.2560353470000791,
    0.25817509500006963,
    0.25228948699987086,
    0.24754925799993543,
    0.24589324400017176
  ],
  "prusti-tests/tests/verify/pass/pure-fn/quantifiers.rs": [
    2.7747620249999727,
    0.2199266439999974,
    0.22102441999982148,
    0.22308266300001378,
    0.2253507189998345,
    0.22928669199995966,
    0.232612822999954,
    0.22769108200009214,
    0.2403689600000689,
    0.2315733509999518
  ],
  "prusti-tests/tests/verify/pass/pure-fn/recursive-pure-fn.rs": [
    2.403610499000024,
    0.1703076040000724,
    0.17577068199989299,
    0.17247825399999783,
    0.1788972990000275,
    0.1782089520002046,
    0.17499882900006014,
    0.17616240899997138,
    0.17452829600006226,
    0.1737266400000408
  ],
  "prusti-tests/tests/verify/pass/pure-fn/ref-mut-arg.rs": [
    3.687664183999914,
    0.22764277800001764,
    0.22340178300009939,
    0.2290571749999799,
    0.22792869700015217,
    0.22521920899998804,
    0.22685162299990225,
    0.22477287800006707,
    0.23474276900014956,
    0.2441297200000463
  ],
  "prusti-tests/tests/verify/pass/rosetta/Ackermann_function.rs": [
    2.4390722070002084,
    0.2818011399999705,
    0.2712093059999461,
    0.2763035599998602,
    0.2705530609998732,
    0.2737790839998979,
    0.27647497099997054,
    0.27402269999993223,
    0.2746740459999728,
    0.27167063800015967
  ],
  "prusti-tests/tests/verify/pass/rosetta/Heapsort.rs": [
    12.406956690000015,
    1.2841097499999705,
    1.2793671210001776,
    1.3005215870000484,
    1.3038569190000544,
    1.3145431600000848,
    1.2932309809998515,
    1.2595397439999942,
    1.2507803359999343,
    1.2600374790001752
  ]
}