{
  "prusti-tests/tests/verify/pass/rosetta/Knuth_shuffle.rs": [
    2.5195673270000043,
    2.202709657000014,
    2.017816400000015,
    2.010299355999905,
    2.03122630200005,
    2.1585560089999944,
    2.0407050080000317,
    1.995193074000099,
    2.0756804029999785,
    1.9403943899999376
  ],
  "prusti-tests/tests/verify/pass/demos/account.rs": [
    0.8586274900000035,
    0.9600600759999907,
    0.9261097940000127,
    0.8879194120000875,
    0.9308021139999028,
    0.9117028269999992,
    0.9141865379999672,
    0.938451142999952,
    0.9166846570000189,
    0.9292419659999496
  ]
}