{
  "prusti-tests/tests/verify/pass/rosetta/Knuth_shuffle.rs": [
    2.695638755999994,
    2.2833923419999564,
    2.146620230000053,
    2.15442417700001,
    2.2553075430000717,
    2.2289198920000217,
    2.151347837000003,
    2.1450887539999712,
    2.2762470669999857,
    2.0982448569999406
  ],
  "prusti-tests/tests/verify/pass/demos/account.rs": [
    1.9148956959999168,
    1.8817066350000005,
    1.868233782999937,
    1.8514749050000319,
    1.954519084000026,
    1.9357936960000188,
    1.9352960630000098,
    1.9470238430000109,
    1.9005397079999966,
    1.8858372340000642
  ],
  "prusti-tests/tests/verify/pass/rosetta/Knights_tour.rs": [
    120.44531612899993,
    118.0966107590001,
    118.31086259799986,
    118.1656477680001,
    121.44029948499997,
    122.98291230599989,
    119.94646966000005,
    115.54127311899992,
    118.13423579800019,
    121.58793816399998
  ],
  "prusti-tests/tests/verify/pass/quick/fold-unfold.rs": [
    1.2612359980000747,
    1.2596333890001006,
    1.3094443770000908,
    1.3839566079998349,
    1.333332315000007,
    1.2666276410000137,
    1.220664213999953,
    1.2369656089999808,
    1.2254785430000084,
    1.2097541499999807
  ],
  "prusti-tests/tests/verify/pass/quick/moves.rs": [
    1.54830442399998,
    1.5776736970001366,
    1.4931157119999625,
    1.5516970539999875,
    1.4771308189999672,
    1.4381858920000923,
    1.4363965810000536,
    1.4485337470000559,
    1.4331113559999267,
    1.4691678670001238
  ],
  "prusti-tests/tests/verify/pass/quick/mut-borrows.rs": [
    2.8914408590003404,
    2.87475556399977,
    2.934398612000223,
    2.847069503000057,
    2.8858072319999337,
    2.937096532999931,
    3.062475264999648,
    2.909636880999642,
    3.092407648000062,
    3.006716353000229
  ],
  "prusti-tests/tests/verify/pass/quick/shared-borrows.rs": [
    1.9393895260000136,
    1.9376258150000467,
    1.9068074360002356,
    1.9027876139998625,
    2.04393053900003,
    2.07910564399981,
    1.9628869660000419,
    1.8363962100002027,
    1.902950282999882,
    1.9171959660002358
  ],
  "prusti-tests/tests/verify/pass/quick/trait-contracts-refinement.rs": [
    1.8725041060001786,
    1.716482958999677,
    1.6105737379998573,
    1.6592716169998312,
    1.6682020680000278,
    1.6864117730001453,
    1.6569947789998878,
    1.668978491999951,
    1.5731303869997646,
    1.5347179840000535
  ],
  "prusti-tests/tests/verify/pass/quick/routes.rs": [
    5.324688995000088,
    5.236226784999872,
    5.241526204000365,
    5.57215837800004,
    5.287286218999725,
    5.449575942999672,
    5.3410835280001265,
    5.390863814000113,
    5.379756523999731,
    5.406714218000161
  ],
  "prusti-tests/tests/verify/pass/quick/fibonacci.rs": [
    6.782312433000243,
    6.79912983999975,
    7.0243942920001246,
    7.204923833000066,
    6.956294380000145,
    6.9167344049997155,
    7.036740152999755,
    6.69240899200031,
    6.377184467999996,
    6.3097951059999104
  ],
  "prusti-tests/tests/verify/pass/pure-fn/len-lookup.rs": [
    3.61716384500005,
    3.5936703090001174,
    3.5368092690000594,
    3.7745081159996516,
    3.6741847170001165,
    3.667028422000385,
    3.6441025889998855,
    3.5809981329998664,
    3.654501280000204,
    3.789935370999956
  ],
  "prusti-tests/tests/verify/pass/pure-fn/quantifiers.rs": [
    2.5240727279997373,
    2.2780910430001313,
    2.320558479999818,
    2.265137434999815,
    2.3334292610002194,
    2.3101496170002065,
    2.3169507080001495,
    2.335436927000046,
    2.2737041310001587,
    2.343239288999939
  ],
  "prusti-tests/tests/verify/pass/pure-fn/recursive-pure-fn.rs": [
    2.3228050699999585,
    2.225789308000003,
    2.1869056290001936,
    2.3334480520002217,
    2.1800559680000333,
    2.1264321019998533,
    2.2711226739997983,
    2.22674320599981,
    2.581371941999805,
    2.410959006000212
  ],
  "prusti-tests/tests/verify/pass/pure-fn/ref-mut-arg.rs": [
    3.4307388899997022,
    3.3213606790000085,
    3.2779559559999143,
    3.401628019999862,
    3.4531551670002045,
    3.5228342279997378,
    3.3967959940000583,
    3.380880519999664,
    3.5490877610000098,
    3.5842013120000047
  ],
  "prusti-tests/tests/verify/pass/rosetta/Ackermann_function.rs": [
    2.2469070459997056,
    2.4427695389999826,
    2.355614089000028,
    2.2702955860004295,
    2.35381697899993,
    2.369074735999675,
    2.307773268999881,
    2.345045088000006,
    2.2935218819998227,
    2.2961763910002446
  ],
  "prusti-tests/tests/verify/pass/rosetta/Heapsort.rs": [
    12.62668574899999,
    12.202269943999909,
    11.792165408000074,
    11.841273525999895,
    12.057545111999843,
    12.407372950000081,
    12.109050969000236,
    11.943593432999933,
    12.196834257999853,
    11.63588685600007
  ]
}