{
  "prusti-tests/tests/verify/pass/rosetta/Knuth_shuffle.rs": [
    2.7476739410000164,
    0.34860841299996537,
    0.34675478700000895,
    0.3487093140000752,
    0.34572087300000476,
    0.35346817799995733,
    0.34688778899999306,
    0.3482621080000854,
    0.3490970190000553,
    0.34771169999999074
  ],
  "prusti-tests/tests/verify/pass/demos/account.rs": [
    2.20206723900003,
    0.14881208199994944,
    0.13009693300000436,
    0.12917121999998926,
    0.1273267950000445,
    0.12818370799993772,
    0.12807560499993542,
    0.1288872159999528,
    0.12978112900009364,
    0.12798170400003528
  ],
  "prusti-tests/tests/verify/pass/rosetta/Knights_tour.rs": [
    91.23804574899998,
    2.5437398059999623,
    2.5439470520000214,
    2.5414056170000094,
    2.538770293000084,
    2.5408785590000207,
    2.545086316000038,
    2.5409247869999945,
    2.543099398999857,
    2.5387247389999175
  ],
  "prusti-tests/tests/verify/pass/quick/fold-unfold.rs": [
    1.272497162000036,
    0.10043906300006711,
    0.10010305800005881,
    0.09925354699998934,
    0.09993175499994322,
    0.09947754899985739,
    0.09856083699992269,
    0.09890084199992089,
    0.0989595430000918,
    0.09967205199995988
  ],
  "prusti-tests/tests/verify/pass/quick/moves.rs": [
    1.4713435559999652,
    0.09489403799989304,
    0.095365645000129,
    0.09598465299995951,
    0.09707396800013157,
    0.09540244499999062,
    0.09583565099978841,
    0.09551474699992468,
    0.09637935900013872,
    0.0966643629999453
  ],
  "prusti-tests/tests/verify/pass/quick/mut-borrows.rs": [
    2.945768831000123,
    0.16188188200021614,
    0.16012785699990673,
    0.1605546640000739,
    0.16120367300004546,
    0.16053326299993387,
    0.1589888419998715,
    0.1589483409998138,
    0.16028026000003592,
    0.1614257759999873
  ],
  "prusti-tests/tests/verify/pass/quick/shared-borrows.rs": [
    1.838845325999955,
    0.09661472300012974,
    0.10334493599998495,
    0.09141130399984831,
    0.08997681599998941,
    0.09283079099986935,
    0.09274198599996453,
    0.09418917400012106,
    0.09229175800010125,
    0.09255647400004818
  ],
  "prusti-tests/tests/verify/pass/quick/trait-contracts-refinement.rs": [
    1.7234311550000712,
    0.14084303399999953,
    0.1401294909999251,
    0.13765105800007404,
    0.13935758100001294,
    0.13927467999997134,
    0.13889447400015342,
    0.1388066740000795,
    0.13969968499986862,
    0.1384244679998119
  ],
  "prusti-tests/tests/verify/pass/quick/routes.rs": [
    5.284462659999917,
    0.34883877500010385,
    0.3497944959999586,
    0.3463338220001333,
    0.35090802000013355,
    0.3457513089999793,
    0.3455756050000218,
    0.3472756419998859,
    0.34511639499987723,
    0.34591811299992514
  ],
  "prusti-tests/tests/verify/pass/quick/fibonacci.rs": [
    0.3693019140000615,
    0.3743671219999669,
    0.3748568329999671,
    0.3717890670000088,
    0.36933981399988625,
    0.373409201999948,
    0.37305989499986936,
    0.3692285150000316,
    0.37032780000004095,
    0.373084136999978
  ],
  "prusti-tests/tests/verify/pass/pure-fn/len-lookup.rs": [
    3.6316818669999975,
    0.21562975599999845,
    0.21597586200005026,
    0.21569485700001678,
    0.21525154799996926,
    0.21576805799986687,
    0.21628126799987513,
    0.2174089909999566,
    0.22149237100006758,
    0.2182154070001161
  ],
  "prusti-tests/tests/verify/pass/pure-fn/quantifiers.rs": [
    2.204779126999938,
    0.1890106560001641,
    0.18944748900003106,
    0.18917290100011996,
    0.18921240100007708,
    0.192707362000192,
    0.19205335100014054,
    0.18894279599999209,
    0.1892444009999963,
    0.19019971800003077
  ],
  "prusti-tests/tests/verify/pass/pure-fn/recursive-pure-fn.rs": [
    1.9004120560000501,
    0.14985241399995175,
    0.1508124309998493,
    0.1525384619999386,
    0.14986251499999526,
    0.1496161109998866,
    0.14944480700000895,
    0.1502255210000385,
    0.15232195799990222,
    0.15124983900000188
  ],
  "prusti-tests/tests/verify/pass/pure-fn/ref-mut-arg.rs": [
    2.8573123510000187,
    0.19312396999998782,
    0.19251605900012692,
    0.19210344399994028,
    0.19324329100004434,
    0.1937693989998479,
    0.1938238000000183,
    0.19304138799998327,
    0.19305138799995802,
    0.19631273799996052
  ],
  "prusti-tests/tests/verify/pass/rosetta/Ackermann_function.rs": [
    1.917308789000117,
    0.23091555499991046,
    0.2334228920001351,
    0.23135876200012717,
    0.23114035800017518,
    0.23180786900002204,
    0.23073935299998993,
    0.23322078900014276,
    0.23186096899985387,
    0.23164686599989182
  ],
  "prusti-tests/tests/verify/pass/rosetta/Heapsort.rs": [
    10.22958070499999,
    1.0575151699999878,
    1.0596983709999677,
    1.053086864000079,
    1.0542870829999629,
    1.054188381000131,
    1.0614626990000033,
    1.059763872000076,
    1.0546621890000552,
    1.0561859730000833
  ]
}