{
  "prusti-tests/tests/verify/pass/rosetta/Knuth_shuffle.rs": [
    2.5159781040000553,
    0.31744323399993846,
    0.3194142730000067,
    0.31752253599995583,
    0.3193332719999944,
    0.3177150400000528,
    0.31828155100004096,
    0.3165918170000168,
    0.3178013589999864,
    0.3185977279999861
  ],
  "prusti-tests/tests/verify/pass/demos/account.rs": [
    2.2081150610000577,
    0.12508934499999214,
    0.1244179319999148,
    0.12449413399997411,
    0.12573755799996889,
    0.12443723199999113,
    0.1245629339999823,
    0.12565515599999344,
    0.1266342750000149,
    0.12437913199994455
  ],
  "prusti-tests/tests/verify/pass/rosetta/Knights_tour.rs": [
    99.02587051499995,
    2.174791824999943,
    2.1808581239999967,
    2.1735438779999185,
    2.1752459120000367,
    2.1946260160000293,
    2.176168584999914,
    2.179214645000002,
    2.179757754000093,
    2.180275728999959
  ],
  "prusti-tests/tests/verify/pass/quick/fold-unfold.rs": [
    1.26781732500001,
    0.0963186849999147,
    0.0970962999999756,
    0.09618528200007859,
    0.09646708699995088,
    0.09831672600000729,
    0.09707300000002306,
    0.0972031030000835,
    0.09688689699999031,
    0.09758231099999648
  ],
  "prusti-tests/tests/verify/pass/quick/moves.rs": [
    1.5147927149999987,
    0.09474895200003175,
    0.09241640400000506,
    0.09308361799992326,
    0.09261140900002829,
    0.09144538500004273,
    0.09085657200000696,
    0.09180009200008499,
    0.09410853899998983,
    0.09354472799998348
  ],
  "prusti-tests/tests/verify/pass/quick/mut-borrows.rs": [
    2.988125124999897,
    0.15085839799996847,
    0.1495456220000051,
    0.14960523000002013,
    0.1500619910000296,
    0.15002218499989795,
    0.15139446999990014,
    0.14882602499994846,
    0.14951091700004326,
    0.15128748600000108
  ],
  "prusti-tests/tests/verify/pass/quick/shared-borrows.rs": [
    1.8784709269999667,
    0.09250124799996229,
    0.09289825499990911,
    0.0918721350000169,
    0.09211554000000888,
    0.09069501099997979,
    0.09060821000002761,
    0.09066951099998732,
    0.0919794380000667,
    0.09179693400005817
  ],
  "prusti-tests/tests/verify/pass/quick/trait-contracts-refinement.rs": [
    1.6349976630000356,
    0.13203713799998695,
    0.1324173460000111,
    0.13329096300003584,
    0.13244284699999298,
    0.13348435699992933,
    0.13198049899995112,
    0.13129527099999905,
    0.13114646600001834,
    0.13321534699991844
  ],
  "prusti-tests/tests/verify/pass/quick/routes.rs": [
    5.216001950999953,
    0.32647325899995394,
    0.3249680999999782,
    0.3264645589999873,
    0.32579279999993105,
    0.3252976989999752,
    0.3255843050000067,
    0.32664853300002505,
    0.32795336499998484,
    0.32739235400003963
  ],
  "prusti-tests/tests/verify/pass/quick/fibonacci.rs": [
    0.3411305289999973,
    0.3417494410000472,
    0.33734585300010167,
    0.34289886499993827,
    0.3384075750000193,
    0.3397491009999385,
    0.34081312299997535,
    0.34198284599995077,
    0.3390618870000708,
    0.3400808079999251
  ],
  "prusti-tests/tests/verify/pass/pure-fn/len-lookup.rs": [
    3.621923805999927,
    0.20645463899995775,
    0.2049357160000227,
    0.20427979400005825,
    0.2050034080000387,
    0.20464515100002245,
    0.204560913000023,
    0.2040385850000348,
    0.2048651019999852,
    0.20790316299996903
  ],
  "prusti-tests/tests/verify/pass/pure-fn/quantifiers.rs": [
    2.220067254000014,
    0.19051291499999934,
    0.17870167800003856,
    0.179663397000013,
    0.17915188699998907,
    0.18014210699993782,
    0.17980710100005126,
    0.17999860400004764,
    0.17901048400005948,
    0.1801913079999622
  ],
  "prusti-tests/tests/verify/pass/pure-fn/recursive-pure-fn.rs": [
    1.9204794549999633,
    0.1439249820000441,
    0.13969219700015856,
    0.14140963199997714,
    0.14181401400014693,
    0.14045261999990544,
    0.14339436499994918,
    0.14229134799984422,
    0.1412008310001056,
    0.1406236230000104
  ],
  "prusti-tests/tests/verify/pass/pure-fn/ref-mut-arg.rs": [
    2.898314346999996,
    0.17385242400018797,
    0.1777771830002166,
    0.17617985900005806,
    0.1749404400000003,
    0.17517534400008117,
    0.1751485429999775,
    0.1729357109998091,
    0.17548864900004446,
    0.17675006800004667
  ],
  "prusti-tests/tests/verify/pass/rosetta/Ackermann_function.rs": [
    1.9162561410000762,
    0.20903366799984724,
    0.2078826450001543,
    0.20967898100002458,
    0.20772924300013074,
    0.2081330060000255,
    0.2099544899999728,
    0.20799124899986055,
    0.20992778899994846,
    0.2094686789998832
  ],
  "prusti-tests/tests/verify/pass/rosetta/Heapsort.rs": [
    9.784392894999883,
    0.9351911569999629,
    0.9306885659998443,
    0.9296184439999706,
    0.9296356449999621,
    0.9295084420000421,
    0.9297024350000811,
    0.9300708580001356,
    0.9264412809998248,
    0.9279191129999163
  ]
}