{
  "prusti-tests/tests/verify/pass/rosetta/Knuth_shuffle.rs": [
    2.3695687390001012,
    2.148532257999932,
    2.012240595000094,
    2.025044765999951,
    1.9458177660000047,
    2.0255538830000432,
    1.9614730830001008,
    1.9080647060000047,
    2.024499373000026,
    1.9454205679999177
  ],
  "prusti-tests/tests/verify/pass/demos/account.rs": [
    1.8300756280000314,
    1.8379422539999268,
    1.8389942270000574,
    1.812266386000033,
    1.7979216950000136,
    1.7983398039999656,
    1.8080776819999755,
    1.8176216749999412,
    1.7922892630000433,
    1.7996162099999538
  ],
  "prusti-tests/tests/verify/pass/rosetta/Knights_tour.rs": [
    104.024214637,
    100.83621704500013,
    104.484674606,
    105.41019593200008,
    105.68432387200005,
    103.35101075299985,
    104.50152057800005,
    102.77870970699996,
    103.67345467700011,
    103.9340484270001
  ],
  "prusti-tests/tests/verify/pass/quick/fold-unfold.rs": [
    1.1913921840000512,
    1.2031752220000271,
    1.1973236129999805,
    1.1908247360001951,
    1.2075347749998855,
    1.1919119579999915,
    1.19030832500016,
    1.1921659640001963,
    1.202231768000047,
    1.1931038840000383
  ],
  "prusti-tests/tests/verify/pass/quick/moves.rs": [
    1.449957693999977,
    1.436050411999986,
    1.4448678909998307,
    1.4304533990000436,
    1.4514033230000223,
    1.448728826999968,
    1.4403331909998087,
    1.4388979600000766,
    1.4494806810000682,
    1.4393763709999803
  ],
  "prusti-tests/tests/verify/pass/quick/mut-borrows.rs": [
    2.856947730999991,
    2.862732039000093,
    2.8698267820000183,
    2.872234260999903,
    2.8557450949999748,
    2.9005891100000554,
    2.8609058899999127,
    2.8774553260000175,
    2.8674878249998983,
    2.8708888950000073
  ],
  "prusti-tests/tests/verify/pass/quick/shared-borrows.rs": [
    1.8091108090000034,
    1.8125455780000266,
    1.8052468230000613,
    1.8106743260000258,
    1.815947832999882,
    1.8181124770001134,
    1.8051932789999228,
    1.8123747279998952,
    1.8081216430000495,
    1.8026782330000515
  ],
  "prusti-tests/tests/verify/pass/quick/trait-contracts-refinement.rs": [
    1.5775307070000508,
    1.5387839769998664,
    1.5401510760000292,
    1.5261639999998806,
    1.5366163070000312,
    1.5228554339998936,
    1.5260255860000598,
    1.5654280359999575,
    1.5242828049999844,
    1.519938816999911
  ],
  "prusti-tests/tests/verify/pass/quick/routes.rs": [
    5.083022248999896,
    4.822150911000108,
    4.745418127999983,
    4.64936220200002,
    4.710649497000077,
    4.65586812100014,
    4.768562151999959,
    4.682036528000026,
    4.717262763999997,
    4.601451104000034
  ],
  "prusti-tests/tests/verify/pass/quick/fibonacci.rs": [
    5.991215607999948,
    5.923773457000152,
    5.9684806899999785,
    5.898337751000099,
    5.931956753999884,
    5.975914664999891,
    5.909894038999937,
    5.887371003000226,
    5.89149646199985,
    6.006315232000361
  ],
  "prusti-tests/tests/verify/pass/pure-fn/len-lookup.rs": [
    3.381193827000061,
    3.4287914619999356,
    3.3716551379998236,
    3.3928331369997977,
    3.3742657660000077,
    3.4145659000000705,
    3.4140695890000643,
    3.3990346780001346,
    3.3695201790001192,
    3.367412646000048
  ],
  "prusti-tests/tests/verify/pass/pure-fn/quantifiers.rs": [
    2.1428586709998854,
    2.1760126419999324,
    2.136272440999619,
    2.07554358499965,
    2.083401142999719,
    2.09040168599995,
    2.080733099000099,
    2.082274972999585,
    2.101349659999869,
    2.0849988280001526
  ],
  "prusti-tests/tests/verify/pass/pure-fn/recursive-pure-fn.rs": [
    1.8361266550000437,
    1.8443046620000132,
    1.8380780359998425,
    1.8353484809999827,
    1.891061610000179,
    1.8404476650002835,
    1.8927379419997123,
    1.8518366090002019,
    1.8733556480001425,
    1.868255592999958
  ],
  "prusti-tests/tests/verify/pass/pure-fn/ref-mut-arg.rs": [
    2.8120320429998173,
    2.861218441999881,
    2.7414391580000483,
    2.763156536000224,
    2.802196229999936,
    2.8064397310004097,
    2.8577833920003286,
    2.747184352000204,
    2.789699961000224,
    2.7403857700001026
  ],
  "prusti-tests/tests/verify/pass/rosetta/Ackermann_function.rs": [
    1.8543537030000152,
    1.8370159729997795,
    1.8458965830000125,
    1.8441582479999852,
    1.8316239929999938,
    1.8359572780000235,
    1.83613862600032,
    1.8328672590000679,
    1.8358205190002082,
    1.8360060229997544
  ],
  "prusti-tests/tests/verify/pass/rosetta/Heapsort.rs": [
    9.719938340000226,
    9.785442075999981,
    9.584704905999843,
    9.281152191000274,
    9.36171003599975,
    9.42591049900011,
    9.49741503999985,
    9.498799045999931,
    9.661008282000239,
    9.33878955099999
  ]
}