{
  "prusti-tests/tests/verify/pass/rosetta/Knuth_shuffle.rs": [
    2.028486725999983,
    1.9331925640000236,
    1.8062548720000677,
    1.801531309999973,
    1.9060120070000721,
    1.8237536000000318,
    1.7171867580000253,
    1.807248761999972,
    1.8205718399999569,
    1.7535776449999503
  ],
  "prusti-tests/tests/verify/pass/demos/account.rs": [
    1.6988605029999917,
    1.6647096699999793,
    1.6929146479999417,
    1.7014742629999091,
    1.7206047170000147,
    1.6782790060000252,
    1.720211168999981,
    1.7259335460000784,
    1.7470173270000942,
    1.652009747999955
  ],
  "prusti-tests/tests/verify/pass/rosetta/Knights_tour.rs": [
    104.53776868900002,
    100.56850963400007,
    102.40965952700003,
    100.744886081,
    107.479238743,
    106.459975514,
    107.72646574099986,
    105.28239247800002,
    107.04577625899992,
    104.87293608699997
  ],
  "prusti-tests/tests/verify/pass/quick/fold-unfold.rs": [
    1.0875287070000468,
    1.0919722360001742,
    1.1169518110000354,
    1.1344515480000155,
    1.1512685760001204,
    1.0861834949998865,
    1.0838642630001232,
    1.1002228849999938,
    1.1503775060000407,
    1.1316992160000154
  ],
  "prusti-tests/tests/verify/pass/quick/moves.rs": [
    1.3170919409999442,
    1.390484441000126,
    1.3808366090001982,
    1.4076822750000701,
    1.3213332209998043,
    1.3267346120001093,
    1.3114849080000113,
    1.3235558690000744,
    1.3147762520000015,
    1.3466510799999014
  ],
  "prusti-tests/tests/verify/pass/quick/mut-borrows.rs": [
    2.690129267000202,
    2.6491464890000316,
    2.7218897629998082,
    2.700364235000052,
    2.748877673999914,
    2.7410538689998702,
    2.6852819289999843,
    2.5919803759998103,
    2.5975052510000296,
    2.6405003780000698
  ],
  "prusti-tests/tests/verify/pass/quick/shared-borrows.rs": [
    1.6467860830000518,
    1.6786719080000694,
    1.6938909120001426,
    1.6179734830000143,
    1.6186853399999563,
    1.6320304169998963,
    1.6792838469998514,
    1.635691166000015,
    1.7109181719999924,
    1.8434174429999075
  ],
  "prusti-tests/tests/verify/pass/quick/trait-contracts-refinement.rs": [
    1.4886161189999711,
    1.399601235000091,
    1.3832563159999154,
    1.4029558889999407,
    1.4698201660000905,
    1.5114085220000106,
    1.503577617999781,
    1.4323524640001324,
    1.424916064999934,
    1.453872145999867
  ],
  "prusti-tests/tests/verify/pass/quick/routes.rs": [
    4.701197062999881,
    4.682579570000144,
    4.465795433000039,
    4.498519938000072,
    4.426202130000092,
    4.434252909999941,
    4.579775141000027,
    4.551541481999948,
    4.408664860000044,
    4.2670109480000065
  ],
  "prusti-tests/tests/verify/pass/quick/fibonacci.rs": [
    5.826666655000054,
    5.877158881000014,
    5.697865072000013,
    5.462945419000107,
    5.693035361000057,
    5.670773822000001,
    5.564462938999895,
    5.724889120000171,
    5.530657448000056,
    5.359474851999948
  ],
  "prusti-tests/tests/verify/pass/pure-fn/len-lookup.rs": [
    3.305115288000252,
    3.340563564999684,
    3.3322811530001673,
    3.176419958999759,
    3.119462196999848,
    3.2170513020000726,
    3.0773667349999414,
    3.062962342999981,
    3.1273486269997193,
    3.3348169030000463
  ],
  "prusti-tests/tests/verify/pass/pure-fn/quantifiers.rs": [
    2.095935849000398,
    2.049642896000023,
    2.045974847999787,
    1.8798843190002117,
    1.8770916640000905,
    1.9520540369999253,
    1.9779902830000538,
    1.9643243999998958,
    1.9426706159997593,
    1.9924617940000644
  ],
  "prusti-tests/tests/verify/pass/pure-fn/recursive-pure-fn.rs": [
    1.7311579940001138,
    1.7514241650001168,
    1.8114141689998178,
    1.8028125799996815,
    1.8178563980000035,
    1.8041422139999668,
    1.8200293269997019,
    1.8575505540002268,
    1.8285650170000736,
    1.862660668999979
  ],
  "prusti-tests/tests/verify/pass/pure-fn/ref-mut-arg.rs": [
    2.6792415840000103,
    2.7823790110001028,
    2.717540770999676,
    2.764800502000071,
    2.8185124560000077,
    2.7412129399999685,
    2.7726768610000363,
    2.6986973739999485,
    2.719153249000101,
    2.844333820999964
  ],
  "prusti-tests/tests/verify/pass/rosetta/Ackermann_function.rs": [
    2.041012849999788,
    2.0059251739999127,
    2.048710446000314,
    1.9550696950000201,
    1.8804139439998835,
    2.0789018330001454,
    1.8275110950003182,
    1.648796584000138,
    1.6717101719996208,
    1.6486167069997464
  ],
  "prusti-tests/tests/verify/pass/rosetta/Heapsort.rs": [
    8.595501194999997,
    8.546444983999663,
    8.477579417000015,
    8.816480394999871,
    9.217607581000266,
    9.56616963999977,
    9.58444431199996,
    8.88407991000031,
    8.698949241000264,
    8.569665712999722
  ]
}