{
  "prusti-tests/tests/verify/pass/rosetta/Knuth_shuffle.rs": [
    2.2591563499997847,
    2.0297615360000236,
    1.9804086109998025,
    1.9395946849999746,
    1.9264500510000744,
    1.9336040939999748,
    1.9529197819999808,
    1.9228636459999962,
    1.9402181549999113,
    1.897606494999991
  ],
  "prusti-tests/tests/verify/pass/demos/account.rs": [
    1.7543570349998845,
    1.762950088000025,
    1.742281119999916,
    1.7555192560000705,
    1.7390692960000251,
    1.7527878819998932,
    1.7467025739999826,
    1.778128130999903,
    1.7757585889999064,
    1.7105070579998483
  ],
  "prusti-tests/tests/verify/pass/rosetta/Knights_tour.rs": [
    103.6222217940001,
    102.26816296200013,
    101.75286436600004,
    103.02585884300015,
    100.80770069599998,
    103.76096851699981,
    104.2645630269999,
    104.57743052199976,
    101.057905269,
    97.84255405500016
  ],
  "prusti-tests/tests/verify/pass/quick/fold-unfold.rs": [
    1.1630368500000259,
    1.1791969370001425,
    1.1658158980003464,
    1.1618670269999711,
    1.1701330750001944,
    1.1596044869997968,
    1.1552540100001352,
    1.159517090999998,
    1.1859948659998736,
    1.1659365079999588
  ],
  "prusti-tests/tests/verify/pass/quick/moves.rs": [
    1.403257043999929,
    1.4084159360004378,
    1.4149236520001978,
    1.3991556910000327,
    1.4024201690003792,
    1.403821993999827,
    1.39904210900022,
    1.4026206720000118,
    1.406657844000165,
    1.4092702400002963
  ],
  "prusti-tests/tests/verify/pass/quick/mut-borrows.rs": [
    2.7909361629999694,
    2.7771129159996235,
    2.76784231099964,
    2.7795598850002534,
    2.8116200560002653,
    2.7818439919997218,
    2.7717953950000265,
    2.7675574190002408,
    2.7848127689999274,
    2.7751400320003086
  ],
  "prusti-tests/tests/verify/pass/quick/shared-borrows.rs": [
    1.7637471809998715,
    1.7572313949999625,
    1.7611294939997606,
    1.7526228430001538,
    1.755865900000117,
    1.7528836470000897,
    1.7500248050000664,
    1.7503232140002183,
    1.746403344999635,
    1.762763336000262
  ],
  "prusti-tests/tests/verify/pass/quick/trait-contracts-refinement.rs": [
    1.6033468159998847,
    1.5913641570000436,
    1.5755301670001245,
    1.5569346239999504,
    1.5671983130000626,
    1.5484861700001602,
    1.5534357440001259,
    1.5636735530001715,
    1.5629342400002315,
    1.5652399820000937
  ],
  "prusti-tests/tests/verify/pass/quick/routes.rs": [
    4.675896091000141,
    4.410798669000087,
    4.2972755249998045,
    4.294577488999948,
    4.236162544999843,
    4.2780791810000665,
    4.327719408000121,
    4.245891950999976,
    4.234692174999964,
    4.223680973000228
  ],
  "prusti-tests/tests/verify/pass/quick/fibonacci.rs": [
    5.387352716999885,
    5.401069009999901,
    5.3751888490000965,
    5.412260712999796,
    5.400947677000204,
    5.371330749999743,
    5.388152930999695,
    5.386035644000003,
    5.40548474499974,
    5.358757496999715
  ],
  "prusti-tests/tests/verify/pass/pure-fn/len-lookup.rs": [
    3.1812696450001567,
    3.156041768999785,
    3.1458511159999034,
    3.095763025999986,
    3.118138216999796,
    3.1277752630003306,
    3.152184803000182,
    3.1191416030001164,
    3.1102994739999303,
    3.115928479000104
  ],
  "prusti-tests/tests/verify/pass/pure-fn/quantifiers.rs": [
    1.9336400870001853,
    1.948516083999948,
    1.9441627039996092,
    1.9150791619999836,
    1.9126970160000383,
    1.8976766050000151,
    1.8895613539998521,
    1.9107388489996993,
    1.9036830170002759,
    1.911385257999882
  ],
  "prusti-tests/tests/verify/pass/pure-fn/recursive-pure-fn.rs": [
    1.7373872080002002,
    1.723936658999719,
    1.708691875999648,
    1.711529839999912,
    1.693202138000288,
    1.7314653480002562,
    1.7089741299996604,
    1.7134987139997975,
    1.725086340999951,
    1.709609515000011
  ],
  "prusti-tests/tests/verify/pass/pure-fn/ref-mut-arg.rs": [
    2.629218413000217,
    2.544883061999826,
    2.5417838990001655,
    2.529441798999869,
    2.5223587670002416,
    2.5182211989999814,
    2.509400736000316,
    2.5308151350000117,
    2.545947117999731,
    2.537695490999795
  ],
  "prusti-tests/tests/verify/pass/rosetta/Ackermann_function.rs": [
    1.7904634599999554,
    1.7591078659997947,
    1.7547677640000074,
    1.764782662000016,
    1.7582181389998368,
    1.7573200229999202,
    1.7528211539997756,
    1.7575927950001642,
    1.7806211259999145,
    1.7622831829999086
  ],
  "prusti-tests/tests/verify/pass/rosetta/Heapsort.rs": [
    10.072160303000146,
    10.077147202000106,
    9.961531978000039,
    9.93931078200012,
    9.975446905999888,
    9.95526963400016,
    9.955297156999677,
    9.987832950000211,
    9.992696773000262,
    9.96166065000034
  ]
}