{
  "prusti-tests/tests/verify/pass/rosetta/Knuth_shuffle.rs": [
    2.3559567600000264,
    2.089340581999977,
    1.927089220000198,
    1.9411367529999097,
    1.998133992000021,
    1.9259904049999932,
    1.9199061719998554,
    1.8923410840000088,
    1.9072828630000913,
    1.902849151000055
  ],
  "prusti-tests/tests/verify/pass/demos/account.rs": [
    1.7922359689998757,
    1.7592227410000305,
    1.7360329480000019,
    1.7816831500001626,
    1.7498375050001869,
    1.7350985600000968,
    1.7139259730001868,
    1.7773631659999864,
    1.7214336800000183,
    1.7615871230000266
  ],
  "prusti-tests/tests/verify/pass/rosetta/Knights_tour.rs": [
    96.8451850639999,
    96.04365417000008,
    97.98386389799998,
    96.38183865399992,
    97.26531275499997,
    97.03634812600012,
    98.23971826600018,
    97.18756227099993,
    99.90265813799988,
    99.3279466629997
  ],
  "prusti-tests/tests/verify/pass/quick/fold-unfold.rs": [
    1.1630327550001311,
    1.1374529989998337,
    1.1393270480002684,
    1.1465681399999994,
    1.1818995739999991,
    1.1583363520003331,
    1.1576593330000833,
    1.1464698400000088,
    1.1705197120004414,
    1.1311710899999525
  ],
  "prusti-tests/tests/verify/pass/quick/moves.rs": [
    1.3883619729999737,
    1.3849987849998797,
    1.3961365750001278,
    1.4397445619997598,
    1.4078928729995823,
    1.459327970999766,
    1.4040821849998792,
    1.4345014310001716,
    1.4102771060001942,
    1.427698355999837
  ],
  "prusti-tests/tests/verify/pass/quick/mut-borrows.rs": [
    2.749355523000304,
    2.760465467999893,
    2.739644189000046,
    2.809775531000014,
    2.8500891960002264,
    2.75517457199976,
    2.820098997000059,
    2.825789158999669,
    2.848710944999766,
    2.8225748610002483
  ],
  "prusti-tests/tests/verify/pass/quick/shared-borrows.rs": [
    1.8202656110001953,
    1.811235963999934,
    1.795744182999897,
    1.7489011899997422,
    1.755231423999703,
    1.7355553209999925,
    1.8066262740003367,
    1.7780568320004022,
    1.71921209500033,
    1.7504645579997486
  ],
  "prusti-tests/tests/verify/pass/quick/trait-contracts-refinement.rs": [
    1.6544767909999791,
    1.5226511599998958,
    1.5299341370000548,
    1.5043797160001304,
    1.5166146130000016,
    1.5167326169998887,
    1.5214627390000715,
    1.5066055259999303,
    1.500878484000168,
    1.5450559820001217
  ],
  "prusti-tests/tests/verify/pass/quick/routes.rs": [
    4.749519833999784,
    4.529935923999801,
    4.442319999999654,
    4.463127010000335,
    4.505312702000083,
    4.459367837999707,
    4.406645246000153,
    4.325153822000175,
    4.411697021999771,
    4.386457070000233
  ],
  "prusti-tests/tests/verify/pass/quick/fibonacci.rs": [
    5.671374427999581,
    5.7589709039998525,
    5.667502261000209,
    5.780836208999972,
    5.8459963770001195,
    5.771938172999853,
    5.8478568939999604,
    5.762575556999764,
    5.796733615999983,
    5.673693264000121
  ],
  "prusti-tests/tests/verify/pass/pure-fn/len-lookup.rs": [
    3.2722630950001985,
    3.1994868249998945,
    3.202832418000071,
    3.2438432730000386,
    3.2699367240002175,
    3.2552906000000803,
    3.2683238469999196,
    3.269013028000245,
    3.3256888040000376,
    3.1984114599999884
  ],
  "prusti-tests/tests/verify/pass/pure-fn/quantifiers.rs": [
    1.9919418619997487,
    1.9955068680001204,
    2.0063089710001805,
    1.9933928499999638,
    1.9891885299998648,
    2.0180842519998805,
    2.01333664699996,
    1.9506358910002746,
    1.9972500979997676,
    1.9845715540000128
  ],
  "prusti-tests/tests/verify/pass/pure-fn/recursive-pure-fn.rs": [
    1.7796171449999747,
    1.7461219739998342,
    1.7387876210000286,
    1.7530705990002389,
    1.746606968999913,
    1.7740028190000885,
    1.7628532799999448,
    1.7473924860000807,
    1.7613744969999061,
    1.7671158620000824
  ],
  "prusti-tests/tests/verify/pass/pure-fn/ref-mut-arg.rs": [
    2.605779341000016,
    2.598655583999971,
    2.606627548999768,
    2.6052494969999316,
    2.583579933999772,
    2.5707671319996734,
    2.5854918380000527,
    2.577029553000102,
    2.495455177000167,
    2.5430933459997505
  ],
  "prusti-tests/tests/verify/pass/rosetta/Ackermann_function.rs": [
    1.7243822999998883,
    1.7097414580002805,
    1.7022642309998446,
    1.6895915489999425,
    1.762407734000135,
    1.7234875340000144,
    1.7172770040001524,
    1.752680502000203,
    1.7541259080003329,
    1.7166109730001153
  ],
  "prusti-tests/tests/verify/pass/rosetta/Heapsort.rs": [
    10.964632417999837,
    10.80268368599991,
    11.318441725999946,
    11.29685829600021,
    11.16136522700026,
    10.996414296999774,
    10.920148363999942,
    10.80861938399994,
    10.893298257999959,
    10.818457583000054
  ]
}