{
  "prusti-tests/tests/verify/pass/rosetta/Knuth_shuffle.rs": [
    2.242983729000116,
    1.9533888619998834,
    1.9417357489999176,
    1.867420859000049,
    1.8900241869998808,
    1.8547678959998848,
    1.8923816359999819,
    1.8965279889998783,
    1.8562442929999179,
    1.8386053220001486
  ],
  "prusti-tests/tests/verify/pass/demos/account.rs": [
    1.6832325859998036,
    1.718153970000003,
    1.6869303280000167,
    1.6944062680001934,
    1.687351562999993,
    1.6651216049999675,
    1.68844633599997,
    1.7192640680000295,
    1.6840327889999571,
    1.6739445509999769
  ],
  "prusti-tests/tests/verify/pass/rosetta/Knights_tour.rs": [
    103.19438584400018,
    100.24289005799983,
    101.84363778099987,
    101.98704491300009,
    102.83381975600014,
    100.30531795599995,
    101.24402810700008,
    100.65646035199984,
    101.13676705600028,
    101.329657451
  ],
  "prusti-tests/tests/verify/pass/quick/fold-unfold.rs": [
    1.1452912740001011,
    1.1522566149997147,
    1.139043356000002,
    1.1312470029997712,
    1.130668902999787,
    1.1380591279998953,
    1.1358615609997287,
    1.1283606319998398,
    1.1414174749997983,
    1.1358007349999752
  ],
  "prusti-tests/tests/verify/pass/quick/moves.rs": [
    1.3848534440003277,
    1.3743993799998862,
    1.3775299599997197,
    1.378427596000165,
    1.3838373829999,
    1.3795395229999485,
    1.3765163289999691,
    1.3804385090002143,
    1.3759589179999239,
    1.370650821000254
  ],
  "prusti-tests/tests/verify/pass/quick/mut-borrows.rs": [
    2.7062652929998876,
    2.723726047999662,
    2.70725948900008,
    2.707315674000256,
    2.6979671740000413,
    2.7077491449999798,
    2.714302756000052,
    2.7122826119998535,
    2.7093288280002525,
    2.6982431540000107
  ],
  "prusti-tests/tests/verify/pass/quick/shared-borrows.rs": [
    1.7195065999999315,
    1.7154072819998873,
    1.7234690139998747,
    1.7120284839998021,
    1.7205139299999246,
    1.7222201329996096,
    1.7065003839998099,
    1.7215827149998404,
    1.7092432459999145,
    1.7179071589998784
  ],
  "prusti-tests/tests/verify/pass/quick/trait-contracts-refinement.rs": [
    1.5399789070002043,
    1.512110901000142,
    1.5105596359999254,
    1.513557020999997,
    1.5252273559999594,
    1.51021083500018,
    1.5040946089998215,
    1.5209995189998153,
    1.497770717000094,
    1.5051509770000848
  ],
  "prusti-tests/tests/verify/pass/quick/routes.rs": [
    4.502592230000118,
    4.238295919999928,
    4.1374658620002265,
    4.109626960999776,
    4.126199684999847,
    4.112495142999705,
    4.122487654999986,
    4.095869402000062,
    4.064366349000011,
    4.092621879000035
  ],
  "prusti-tests/tests/verify/pass/quick/fibonacci.rs": [
    5.231977721000021,
    5.195213770999999,
    5.18922876500028,
    5.20853099399983,
    5.17742428199972,
    5.209874395000043,
    5.155809728999884,
    5.188575915000001,
    5.223073815000134,
    5.174470803000077
  ],
  "prusti-tests/tests/verify/pass/pure-fn/len-lookup.rs": [
    3.029218455999853,
    3.0177670359998956,
    2.9980527610000536,
    2.9953511019998587,
    2.9947085799999513,
    3.007894019000105,
    3.0203682330002266,
    3.02247946999978,
    2.996655443000236,
    3.002025993999723
  ],
  "prusti-tests/tests/verify/pass/pure-fn/quantifiers.rs": [
    1.8393534539995926,
    1.8593046649998541,
    1.842895627999951,
    1.847194083999966,
    1.8458186100001512,
    1.8378914920003808,
    1.8526613009998982,
    1.8292089190003935,
    1.8585794269997677,
    1.8461311870000827
  ],
  "prusti-tests/tests/verify/pass/pure-fn/recursive-pure-fn.rs": [
    1.6413599219999924,
    1.6463745730002302,
    1.6613770950002618,
    1.6406281880003917,
    1.651589149999836,
    1.6356995139999526,
    1.6455084270000953,
    1.6535083540002233,
    1.6425745800002005,
    1.6572466130000976
  ],
  "prusti-tests/tests/verify/pass/pure-fn/ref-mut-arg.rs": [
    2.4429478759998347,
    2.4342939429998296,
    2.4222441510000863,
    2.421603507999862,
    2.426319921999948,
    2.433859640999799,
    2.4158038179998584,
    2.4262180730002,
    2.4123214269998243,
    2.4432671009999467
  ],
  "prusti-tests/tests/verify/pass/rosetta/Ackermann_function.rs": [
    1.7076878859998033,
    1.6952790999998797,
    1.7021281029997226,
    1.7011163879997184,
    1.697650036000141,
    1.6999470860000656,
    1.6951089889998912,
    1.7090382480000699,
    1.725916239000071,
    1.7244849999997314
  ],
  "prusti-tests/tests/verify/pass/rosetta/Heapsort.rs": [
    9.653835418999734,
    9.550829645000249,
    9.608801124000365,
    9.528041427000062,
    9.581694981000055,
    9.521045665999736,
    9.530768117000207,
    9.537582107000162,
    9.528016824000133,
    9.575348295000367
  ]
}