{
  "prusti-tests/tests/verify/pass/rosetta/Knuth_shuffle.rs": [
    2.776802093000015,
    2.6035621549999632,
    2.542607534000126,
    2.524238521999905,
    2.376431743000012,
    2.3925188089999665,
    2.398288773000104,
    2.441141142000106,
    2.3430341559999306,
    2.3615206760000547
  ],
  "prusti-tests/tests/verify/pass/demos/account.rs": [
    2.135982396999907,
    2.1144432170001437,
    2.136138181999968,
    2.1136639900000773,
    2.1141440929998225,
    2.061425053999983,
    2.1161538280000514,
    2.1804012650000004,
    2.2407188669999414,
    2.2583203120000235
  ],
  "prusti-tests/tests/verify/pass/rosetta/Knights_tour.rs": [
    140.029268645,
    137.551151183,
    136.36399785899994,
    135.48738663400013,
    137.24289702700003,
    137.35464651999996,
    138.0827376440002,
    134.26656932200012,
    136.80305236699996,
    136.69030989500015
  ],
  "prusti-tests/tests/verify/pass/quick/fold-unfold.rs": [
    1.3807562580000194,
    1.3689809180000339,
    1.3828613579999,
    1.3481309979997604,
    1.3757657660003133,
    1.3554190499999095,
    1.3552563139996892,
    1.346058861000074,
    1.3433302439998442,
    1.3888755110001512
  ],
  "prusti-tests/tests/verify/pass/quick/moves.rs": [
    1.6079063899996981,
    1.607848279999871,
    1.6334335870001269,
    1.6262630460000764,
    1.6918200160002925,
    1.6706568899999183,
    1.6284100579996448,
    1.6706919900002504,
    1.649319373000253,
    1.7089987009999277
  ],
  "prusti-tests/tests/verify/pass/quick/mut-borrows.rs": [
    3.3887026359998345,
    3.2464726019998125,
    3.3485207930002616,
    3.2639710799999193,
    3.333860450999964,
    3.332112221999978,
    3.399711286999718,
    3.3134670250001363,
    3.421707494000202,
    3.390953227999944
  ],
  "prusti-tests/tests/verify/pass/quick/shared-borrows.rs": [
    2.131421609999961,
    2.147953330999826,
    2.075197246999778,
    2.115617990999908,
    2.1778547400003845,
    2.168721497000206,
    2.175321027999871,
    2.107367937000163,
    2.1430535690001307,
    2.074080748999677
  ],
  "prusti-tests/tests/verify/pass/quick/trait-contracts-refinement.rs": [
    1.9333688940000684,
    1.9158850610001537,
    1.9413733970000067,
    1.882230011000047,
    1.8800041039999087,
    1.8276968509999278,
    1.8137995359998058,
    1.917723131999992,
    1.8607772599998498,
    1.951263172000381
  ],
  "prusti-tests/tests/verify/pass/quick/routes.rs": [
    5.7002347449997615,
    5.310402215000067,
    5.269873734000157,
    5.212092995000148,
    5.3150430589998905,
    5.396843080000053,
    5.319551562000015,
    5.369467740000346,
    5.350718043000143,
    5.705110597999919
  ],
  "prusti-tests/tests/verify/pass/quick/fibonacci.rs": [
    7.261480194999876,
    7.163295521999771,
    7.122710904000087,
    7.159138220999921,
    7.206063716000244,
    7.082423537000068,
    7.206654031000198,
    7.17876556300007,
    7.022242123000069,
    7.010541824000029
  ],
  "prusti-tests/tests/verify/pass/pure-fn/len-lookup.rs": [
    3.997570676000123,
    3.925379606000206,
    3.9803718570001365,
    3.936722120000013,
    3.947549068999706,
    4.098888695999904,
    4.167376905999845,
    4.399735688999954,
    4.262468980999984,
    3.9469988820001163
  ],
  "prusti-tests/tests/verify/pass/pure-fn/quantifiers.rs": [
    2.4047451930000534,
    2.4130583520000073,
    2.3630895609999243,
    2.4840656249998574,
    2.3716512759997386,
    2.364099111000087,
    2.4268655800001397,
    2.3542281739996724,
    2.334535178999886,
    2.371469413000341
  ],
  "prusti-tests/tests/verify/pass/pure-fn/recursive-pure-fn.rs": [
    2.097978522000176,
    2.0724832659998356,
    2.083574306999708,
    2.3171912719999455,
    2.1087221699999645,
    2.0638040320000073,
    2.116909926000062,
    2.0784036860000015,
    2.12218883200012,
    2.08233215700011
  ],
  "prusti-tests/tests/verify/pass/pure-fn/ref-mut-arg.rs": [
    3.1135499009997147,
    3.0689779799999997,
    3.125617680999767,
    3.133880710000085,
    3.167266658000244,
    3.153479495999818,
    3.152224029000081,
    3.2463428420001037,
    3.1795142080000005,
    3.239860063999913
  ],
  "prusti-tests/tests/verify/pass/rosetta/Ackermann_function.rs": [
    2.176567057000284,
    2.084593727000083,
    2.121748190999824,
    2.083734107000055,
    2.0928678380000747,
    2.106052283000281,
    2.2301942429999144,
    2.2044828739999502,
    2.1863672119998228,
    2.1271236079996925
  ],
  "prusti-tests/tests/verify/pass/rosetta/Heapsort.rs": [
    13.674095195000064,
    13.762515395000264,
    13.954927333999876,
    13.692108949000158,
    13.70570200100019,
    13.780274385000212,
    13.776150379999763,
    13.58784599899991,
    13.575615625999944,
    13.515650968000045
  ]
}