{
  "prusti-tests/tests/verify/pass/rosetta/Knuth_shuffle.rs": [
    2.6402134159999378,
    0.3553388240000004,
    0.34918484599995736,
    0.3462927090000676,
    0.35214108299999225,
    0.35233668600005785,
    0.3464859120000483,
    0.3505046619999348,
    0.3468204150000247,
    0.34660651300009704
  ],
  "prusti-tests/tests/verify/pass/demos/account.rs": [
    2.118826881000018,
    0.1323716860000559,
    0.13211678200002552,
    0.13129887299999154,
    0.12907334399994852,
    0.12806923100004042,
    0.12757462499996564,
    0.1291439450000098,
    0.12870624000004227,
    0.12753242400003728
  ],
  "prusti-tests/tests/verify/pass/rosetta/Knights_tour.rs": [
    88.46347106199994,
    2.5299578380000867,
    2.528868224000007,
    2.533536752000032,
    2.536198421999984,
    2.5313831619999974,
    2.5423490480000055,
    2.5306908780000867,
    2.533530607999978,
    2.5334552069999745
  ],
  "prusti-tests/tests/verify/pass/quick/fold-unfold.rs": [
    1.2550832130000344,
    0.10018686700004764,
    0.1010030759999836,
    0.0975190350000048,
    0.0974419350000062,
    0.0979848409999704,
    0.1008911739999121,
    0.10049197000000731,
    0.09800424100001237,
    0.0982233439999618
  ],
  "prusti-tests/tests/verify/pass/quick/moves.rs": [
    1.446130538000034,
    0.09618952000005265,
    0.09858714800009238,
    0.09789193900007831,
    0.09479350399999475,
    0.09557891300005394,
    0.09423089699998854,
    0.09417339599997376,
    0.09352388899992548,
    0.09415419699996619
  ],
  "prusti-tests/tests/verify/pass/quick/mut-borrows.rs": [
    2.8870884090000573,
    0.15991568999993433,
    0.1589684779999061,
    0.15837937200001306,
    0.16275642400000834,
    0.1616178100000525,
    0.16113400399990496,
    0.1592773820000275,
    0.1595054850000679,
    0.15962128699993627
  ],
  "prusti-tests/tests/verify/pass/quick/shared-borrows.rs": [
    1.7848769930000117,
    0.0940546119999226,
    0.09253459399997155,
    0.09140198000000055,
    0.09293539800000872,
    0.09269159599989507,
    0.09136677900005452,
    0.09114257700002781,
    0.09104047599998921,
    0.09229799100000946
  ],
  "prusti-tests/tests/verify/pass/quick/trait-contracts-refinement.rs": [
    1.6793287469999996,
    0.13990215299998,
    0.13806603199998335,
    0.13718792099996335,
    0.13700271899995187,
    0.13839133599992692,
    0.14143397099996946,
    0.13882274100001268,
    0.13696971800004576,
    0.13774362699996345
  ],
  "prusti-tests/tests/verify/pass/quick/routes.rs": [
    5.245392283000001,
    0.3458414179999636,
    0.3477024400000346,
    0.34698703200001546,
    0.346601226999951,
    0.34537781199992423,
    0.3456503149999435,
    0.34680812900001,
    0.34575471699997706,
    0.34575371599999016
  ],
  "prusti-tests/tests/verify/pass/quick/fibonacci.rs": [
    0.3726165589999937,
    0.37405428500005655,
    0.374002684000061,
    0.3704409409999698,
    0.37095264699996733,
    0.3705842419999499,
    0.3682582139999795,
    0.37264636800000517,
    0.3737260799999831,
    0.37175705700008166
  ],
  "prusti-tests/tests/verify/pass/pure-fn/len-lookup.rs": [
    3.530315370999915,
    0.21669855699997242,
    0.21716586100001223,
    0.21775116800006344,
    0.22256862799997634,
    0.2164735279999377,
    0.21789106200003516,
    0.2160744389999536,
    0.21685084900002494,
    0.21726075499998387
  ],
  "prusti-tests/tests/verify/pass/pure-fn/quantifiers.rs": [
    2.149454343000002,
    0.20006492799996067,
    0.18951798999989933,
    0.18966219200001433,
    0.1914635159999989,
    0.1919744219999302,
    0.1919920230000116,
    0.18841797599998245,
    0.1900271969999494,
    0.19079340700000103
  ],
  "prusti-tests/tests/verify/pass/pure-fn/recursive-pure-fn.rs": [
    1.9004555709999522,
    0.14927636099992014,
    0.15180489399995167,
    0.14939226299998154,
    0.1493657629999916,
    0.15083188200003406,
    0.1513300879998951,
    0.14935206199993445,
    0.14864013299995804,
    0.1503412819999994
  ],
  "prusti-tests/tests/verify/pass/pure-fn/ref-mut-arg.rs": [
    2.825921388999973,
    0.1940486299999975,
    0.19234120900000562,
    0.1953696470000068,
    0.19176170100001855,
    0.1942085319999478,
    0.19109839300006115,
    0.19111379299999953,
    0.19248101100004078,
    0.19177560200000698
  ],
  "prusti-tests/tests/verify/pass/rosetta/Ackermann_function.rs": [
    1.8632609339999817,
    0.2319195039999613,
    0.23254431200007275,
    0.23089609099997688,
    0.2311665949999906,
    0.23095459199998913,
    0.23011278100000254,
    0.23203747600007318,
    0.2325065979999863,
    0.23194378600010168
  ],
  "prusti-tests/tests/verify/pass/rosetta/Heapsort.rs": [
    10.167247080999914,
    1.0520176129999754,
    1.046822446999954,
    1.0488800729999639,
    1.0523738180000919,
    1.0477100010000413,
    1.0572788029999174,
    1.0484209720000308,
    1.050144797999792,
    1.0558391819999997
  ]
}