{
  "prusti-tests/tests/verify/pass/rosetta/Knuth_shuffle.rs": [
    2.330129298999964,
    2.049135094999997,
    2.037952533000066,
    1.9683837419999008,
    2.121905728999991,
    1.975713945999928,
    2.009798530000012,
    1.9856839860000264,
    1.9636897729999419,
    2.0012014070000532
  ],
  "prusti-tests/tests/verify/pass/demos/account.rs": [
    1.7598788789999844,
    1.7587079630000062,
    1.7620966110000609,
    1.766326872000036,
    1.7753029949999473,
    1.7732820569999603,
    1.7637543209999649,
    1.7687739919999785,
    1.7424708180000152,
    1.7320501719999584
  ],
  "prusti-tests/tests/verify/pass/rosetta/Knights_tour.rs": [
    97.84637692700005,
    95.77370150300021,
    95.89767496800005,
    94.58783840800015,
    96.18285474100003,
    97.26230549399997,
    94.07323720099998,
    95.65664894500014,
    98.74534649500015,
    97.20010404999994
  ],
  "prusti-tests/tests/verify/pass/quick/fold-unfold.rs": [
    1.172520534999876,
    1.1336782769999445,
    1.1333460719999948,
    1.1360279100001662,
    1.141639232999978,
    1.1392332989998977,
    1.1432301560000724,
    1.1447615780000433,
    1.1539161089999652,
    1.1600802969999222
  ],
  "prusti-tests/tests/verify/pass/quick/moves.rs": [
    1.3965389800000594,
    1.3755245789998298,
    1.373601950999955,
    1.4011760450000565,
    1.3760693869999159,
    1.3924419200000102,
    1.3963281519997963,
    1.379540580000139,
    1.374267203999807,
    1.381806312000208
  ],
  "prusti-tests/tests/verify/pass/quick/mut-borrows.rs": [
    2.769009700999959,
    2.7834671400000843,
    2.760886781999943,
    2.77371686399988,
    2.7894277870000224,
    2.7587580449999223,
    2.7780299250000553,
    2.8274980210001104,
    2.7866933410000456,
    2.753409066000131
  ],
  "prusti-tests/tests/verify/pass/quick/shared-borrows.rs": [
    1.7560499749999963,
    1.7714613929999814,
    1.7635711810000885,
    1.7624772659999053,
    1.745868795999968,
    1.7643799869999839,
    1.7550557539998408,
    1.7639937819999432,
    1.7547369690000778,
    1.7402819670001008
  ],
  "prusti-tests/tests/verify/pass/quick/trait-contracts-refinement.rs": [
    1.603170099999943,
    1.5355002280000463,
    1.5376325599997926,
    1.4949337630000628,
    1.5527914109998164,
    1.5118728209999972,
    1.5488891549998698,
    1.5059380349998719,
    1.5623887499998546,
    1.5013831430001119
  ],
  "prusti-tests/tests/verify/pass/quick/routes.rs": [
    5.039665898000067,
    5.2374718739999935,
    4.823668592999866,
    4.869603821000055,
    4.7898660689998,
    4.85521249500016,
    4.750104952999891,
    4.789427324999906,
    4.82833329999994,
    4.896974299000021
  ],
  "prusti-tests/tests/verify/pass/quick/fibonacci.rs": [
    6.07745900000009,
    6.078841183999884,
    6.090617581999595,
    6.106940678999763,
    6.253707559999839,
    6.018659379999917,
    5.977298858999802,
    6.022500851000132,
    6.009675331999915,
    6.130253756999991
  ],
  "prusti-tests/tests/verify/pass/pure-fn/len-lookup.rs": [
    3.460422505000224,
    3.4358257399999275,
    3.465028650000022,
    3.4866529420000916,
    3.5290025009999226,
    3.4764377129999957,
    3.465304154000023,
    3.5063306970000667,
    3.46475498000018,
    3.445003058000111
  ],
  "prusti-tests/tests/verify/pass/pure-fn/quantifiers.rs": [
    2.2030382829998416,
    2.1466468799999348,
    2.190602700999989,
    2.1753667729999506,
    2.1292794179998964,
    2.1783499149996715,
    2.1933593789999577,
    2.1403381169998283,
    2.292352884000138,
    2.425963389000117
  ],
  "prusti-tests/tests/verify/pass/pure-fn/recursive-pure-fn.rs": [
    2.059190166999997,
    2.037641359999725,
    2.0852294400001483,
    2.0309667659998922,
    2.2115381429998706,
    2.0903526669999337,
    2.060866715999964,
    2.112762782000118,
    2.0579661870001473,
    2.115868571000192
  ],
  "prusti-tests/tests/verify/pass/pure-fn/ref-mut-arg.rs": [
    2.5856823379999696,
    2.506541805999859,
    2.46689041899981,
    2.6443256390002716,
    2.512565276999794,
    2.635414327000035,
    2.539731400999699,
    2.619146385000022,
    2.487395708999884,
    2.6858475149997503
  ],
  "prusti-tests/tests/verify/pass/rosetta/Ackermann_function.rs": [
    2.0411750080002093,
    2.0081110330002048,
    2.0842261110001346,
    1.973502443000143,
    2.0711014769999565,
    2.0858114830002705,
    2.008263796999927,
    2.1091026089998195,
    2.0172245109997675,
    2.1106781029998274
  ],
  "prusti-tests/tests/verify/pass/rosetta/Heapsort.rs": [
    10.432175200000074,
    10.551482236000084,
    10.31761917699987,
    10.374097326000083,
    10.56922789400005,
    10.282355628999994,
    10.526306800999919,
    10.472910722000051,
    10.402798342000096,
    10.694684265999967
  ]
}