{
  "prusti-tests/tests/verify/pass/rosetta/Knuth_shuffle.rs": [
    1.975143915999979,
    1.759223708000036,
    1.6970207079999682,
    1.6389224519999743,
    1.6197995070000388,
    1.6633679020000045,
    1.653924452999945,
    1.6483110489999717,
    1.6590940070000215,
    1.6372525369999948
  ],
  "prusti-tests/tests/verify/pass/demos/account.rs": [
    0.7477590380000265,
    0.7634604870000885,
    0.7001120369999398,
    0.7314010439999947,
    0.7531051530000923,
    0.7130269420000559,
    0.7519309209999392,
    0.7158190520000289,
    0.7509728950000181,
    0.6767781450000712
  ]
}