{
  "prusti-tests/tests/verify/pass/rosetta/Knuth_shuffle.rs": [
    1.913587692999954,
    1.7527854940000225,
    1.6413800300000503,
    1.6933435449999479,
    1.668940277000047,
    1.6942587639999829,
    1.6311114000000089,
    1.5878507559999662,
    1.5350381129999278,
    1.5945654089999834
  ],
  "prusti-tests/tests/verify/pass/demos/account.rs": [
    0.8711017020000327,
    0.8467130430000225,
    0.8394678179998891,
    0.7817462219999243,
    0.85152739199998,
    0.7931245759999683,
    0.8423152059999666,
    0.8442547590000231,
    0.810360787000036,
    0.810220481999977
  ],
  "prusti-tests/tests/verify/pass/rosetta/Knights_tour.rs": [
    97.31121000400003,
    96.20318830899998,
    98.69080807,
    96.45699572800004,
    92.07737326300003,
    95.33387405100007,
    93.57792830200015,
    96.27866135499994,
    96.16066052700012,
    94.8332852059998
  ],
  "prusti-tests/tests/verify/pass/quick/fold-unfold.rs": [
    0.5299476479999612,
    0.5323012210001252,
    0.5090811000000031,
    0.532034812999882,
    0.5122175089998109,
    0.5048229890001039,
    0.5183448099999168,
    0.4953287939999882,
    0.5679368510000131,
    0.4850632750001296
  ],
  "prusti-tests/tests/verify/pass/quick/moves.rs": [
    0.5676972440001009,
    0.553640206999944,
    0.5564968950000093,
    0.6118478160001359,
    0.5754466849998607,
    0.552733777999947,
    0.5751308750000135,
    0.5568801079998593,
    0.6011275820001174,
    0.5703131990001111
  ],
  "prusti-tests/tests/verify/pass/quick/mut-borrows.rs": [
    0.9425682490000327,
    0.9746917460001896,
    0.9239687719998528,
    0.8292729329998565,
    0.8741705259999435,
    0.8062642200000028,
    0.8566864839999653,
    0.8168102459999318,
    0.936445059000107,
    0.894177548000016
  ],
  "prusti-tests/tests/verify/pass/quick/shared-borrows.rs": [
    0.5954876789999162,
    0.562710061999951,
    0.6238499590001538,
    0.5507580909998069,
    0.5438252760000069,
    0.5459783419998985,
    0.6081397709999692,
    0.5391323300000295,
    0.5778469320000568,
    0.6204491529999814
  ],
  "prusti-tests/tests/verify/pass/quick/trait-contracts-refinement.rs": [
    0.8960904069999742,
    0.8574422090000553,
    0.867437819000088,
    0.8556017519999841,
    0.82265202900021,
    0.8846185519998926,
    0.8015303740000945,
    0.8480703180000546,
    0.8726222800000869,
    0.824952501000098
  ],
  "prusti-tests/tests/verify/pass/quick/routes.rs": [
    3.430619778000164,
    2.3636712630000147,
    2.9705523019999873,
    2.2355388930000117,
    2.1776093949999904,
    2.214650845000051,
    2.1767196999999214,
    2.153633009000032,
    2.157903841999996,
    2.0327725549998377
  ],
  "prusti-tests/tests/verify/pass/quick/fibonacci.rs": [
    2.155461877000107,
    1.9853585939999903,
    2.092973237000024,
    2.229720787000133,
    2.0836391119999007,
    2.1664137820000633,
    2.080306909000001,
    2.1488776430001053,
    2.1081300929999998,
    2.268257767000023
  ],
  "prusti-tests/tests/verify/pass/pure-fn/len-lookup.rs": [
    1.0587781930000801,
    1.0267156960001103,
    1.056531922999966,
    1.1003083850000621,
    1.0513928679999935,
    1.1351524639999298,
    1.0464062149999336,
    1.0777617859998827,
    0.9982482220000293,
    1.0352993710000646
  ],
  "prusti-tests/tests/verify/pass/pure-fn/quantifiers.rs": [
    1.0261464269999578,
    0.9812654370000473,
    0.9700134229999549,
    0.9438053899998522,
    0.9208734480000658,
    0.8929294170000048,
    0.9639331920000132,
    0.8991901839999628,
    0.9853393529999721,
    0.9205676130000029
  ],
  "prusti-tests/tests/verify/pass/pure-fn/recursive-pure-fn.rs": [
    0.700985343999946,
    0.7789542870000332,
    0.724593767999977,
    0.7173400439999114,
    0.7513261980000152,
    0.7151777760000186,
    0.7033828110002105,
    0.7665223690000857,
    0.7191035979999469,
    0.7243346139998721
  ],
  "prusti-tests/tests/verify/pass/pure-fn/ref-mut-arg.rs": [
    0.9091205019999506,
    0.8553762409999308,
    0.8744109969998135,
    0.9216632610000488,
    0.8241760399998839,
    0.8661527409999508,
    0.8482841869999902,
    0.8522974109998813,
    0.8747573680000187,
    0.8544640759998856
  ],
  "prusti-tests/tests/verify/pass/rosetta/Ackermann_function.rs": [
    0.9048327109999263,
    0.8374077690000377,
    0.9232195989998218,
    0.8717355219998808,
    0.8585059160000128,
    0.8155920000001515,
    0.8907321040001079,
    0.8232182339997962,
    0.8984851759998946,
    0.8996059380001498
  ],
  "prusti-tests/tests/verify/pass/rosetta/Heapsort.rs": [
    5.368539376000172,
    5.39789336900003,
    4.837805367999863,
    5.343866598999966,
    4.9257698250000885,
    5.3055421720000595,
    5.346547544000032,
    4.926387474999956,
    5.43215011999996,
    4.890957824000225
  ]
}