{
  "prusti-tests/tests/verify/pass/rosetta/Knuth_shuffle.rs": [
    2.595475740000097,
    0.35070179499996357,
    0.3511414990000503,
    0.3495689809999476,
    0.3271607120000226,
    0.3565516649999836,
    0.3203978310000366,
    0.3490249750000203,
    0.3211858409999877,
    0.34858306900002844
  ],
  "prusti-tests/tests/verify/pass/demos/account.rs": [
    2.1342147230000137,
    0.14654705200007356,
    0.13143017200002305,
    0.1269144169999663,
    0.130273357999954,
    0.13274968799998987,
    0.12658041299994238,
    0.12838513600001988,
    0.12863063800000418,
    0.13194667800007664
  ],
  "prusti-tests/tests/verify/pass/rosetta/Knights_tour.rs": [
    91.01389178300008,
    2.5741176579999774,
    2.5789069139999583,
    2.599551315000099,
    2.582528307000075,
    2.582680400999948,
    2.5861779130000286,
    2.576518850999946,
    2.5610390570000163,
    2.563408232000029
  ],
  "prusti-tests/tests/verify/pass/quick/fold-unfold.rs": [
    1.2508172699999704,
    0.10509576999993442,
    0.1013908459999584,
    0.10202015000004394,
    0.1008673420001287,
    0.10168064800018328,
    0.10187374899987844,
    0.10284305499999391,
    0.10164444699989872,
    0.1017222479999873
  ],
  "prusti-tests/tests/verify/pass/quick/moves.rs": [
    1.4903502950000984,
    0.09900973099979637,
    0.09835822700006247,
    0.0971901190000608,
    0.09732202000009238,
    0.09751382199988257,
    0.10022273899994616,
    0.09989603700000771,
    0.0976267620001181,
    0.0978182310000193
  ],
  "prusti-tests/tests/verify/pass/quick/mut-borrows.rs": [
    2.9781722500001706,
    0.16429082800004835,
    0.16175990900001125,
    0.16238911400000688,
    0.1628882170000452,
    0.16312641900003655,
    0.16236741299985624,
    0.16239861300005032,
    0.16286361700008456,
    0.164898532000052
  ],
  "prusti-tests/tests/verify/pass/quick/shared-borrows.rs": [
    1.884518380000145,
    0.09511961099997279,
    0.09570681500008504,
    0.09565075800014711,
    0.10072935199991662,
    0.09462071200005084,
    0.09631752299992513,
    0.09586441999999806,
    0.0960714210000333,
    0.09464171200011151
  ],
  "prusti-tests/tests/verify/pass/quick/trait-contracts-refinement.rs": [
    1.7481852149999213,
    0.14122625999993943,
    0.14373037900008967,
    0.1412874599998304,
    0.14164596299997356,
    0.14164076299994122,
    0.14137006099986138,
    0.14144936200000302,
    0.14151096199998392,
    0.14109395899981791
  ],
  "prusti-tests/tests/verify/pass/quick/routes.rs": [
    5.373352024000042,
    0.35414329200011707,
    0.35665332400003535,
    0.35792864600011853,
    0.35625461600011477,
    0.3549987940000392,
    0.35864305899985993,
    0.35542810199990527,
    0.35331436399997074,
    0.35430518199996186
  ],
  "prusti-tests/tests/verify/pass/quick/fibonacci.rs": [
    0.37841680900010033,
    0.38296018999994885,
    0.3770286850001412,
    0.37917932300001667,
    0.3821034529998997,
    0.3792940380001255,
    0.37493700900017757,
    0.37779612799999995,
    0.3767389209999692,
    0.3757833140000457
  ],
  "prusti-tests/tests/verify/pass/pure-fn/len-lookup.rs": [
    3.656852087000061,
    0.2225583879999249,
    0.21825042399996164,
    0.2173922119998224,
    0.21812362199989366,
    0.2209503639999184,
    0.21646429799989164,
    0.21690680400001838,
    0.21684700299988435,
    0.2189004339998064
  ],
  "prusti-tests/tests/verify/pass/pure-fn/quantifiers.rs": [
    2.2319137660001616,
    0.19641235399990364,
    0.19242962500015892,
    0.19402393699988352,
    0.1917742199998429,
    0.19134171599989713,
    0.1927926270000171,
    0.193050729000106,
    0.19431704900011937,
    0.19654977900017911
  ],
  "prusti-tests/tests/verify/pass/pure-fn/recursive-pure-fn.rs": [
    1.9261619359999713,
    0.15144509700007802,
    0.15457346500011226,
    0.1507061810000323,
    0.15092168599994693,
    0.14966215799995553,
    0.15033947300003092,
    0.1503644740000709,
    0.15147679799997604,
    0.14978634399994917
  ],
  "prusti-tests/tests/verify/pass/pure-fn/ref-mut-arg.rs": [
    2.8933658680000462,
    0.19313227300017388,
    0.19319397399999616,
    0.19310007299986864,
    0.1942751850001514,
    0.1945934870000201,
    0.19261466899979496,
    0.19553389699990475,
    0.19512299300004088,
    0.1952191830000629
  ],
  "prusti-tests/tests/verify/pass/rosetta/Ackermann_function.rs": [
    1.915937569000107,
    0.2326453709999896,
    0.23175005899997814,
    0.23424659200009046,
    0.23280427300005613,
    0.2323087659999601,
    0.232063362999952,
    0.23383148600009918,
    0.23293837500000336,
    0.23287737400005426
  ],
  "prusti-tests/tests/verify/pass/rosetta/Heapsort.rs": [
    10.161458647000018,
    1.060134005000009,
    1.0562929350001014,
    1.0568275309999535,
    1.0616551999999047,
    1.063916631999973,
    1.0602883799999745,
    1.0599824749999698,
    1.0552488069999981,
    1.0551207060000252
  ]
}