{
  "prusti-tests/tests/verify/pass/rosetta/Knuth_shuffle.rs": [
    2.3892438990000073,
    2.1001036490000615,
    2.059412703000021,
    1.9716044369999963,
    2.0258595819999528,
    1.9472469120000824,
    2.025177687999985,
    2.0594347989999733,
    1.9740987779999841,
    2.014336400999923
  ],
  "prusti-tests/tests/verify/pass/demos/account.rs": [
    1.779212715999961,
    1.8018669199999522,
    1.801998421999997,
    1.7864188459999468,
    1.7914359449999893,
    1.7691251480000574,
    1.806221009000069,
    1.804413975999978,
    1.7470371450000357,
    1.7681974169998966
  ],
  "prusti-tests/tests/verify/pass/rosetta/Knights_tour.rs": [
    103.61013199700005,
    103.20969768899988,
    102.89730859199994,
    101.63409260000003,
    103.36083881199988,
    100.28252898900018,
    100.15986828099994,
    99.94704975800005,
    100.02101468699993,
    100.382076568
  ],
  "prusti-tests/tests/verify/pass/quick/fold-unfold.rs": [
    1.1600206739999521,
    1.1469662399999834,
    1.1480406590001166,
    1.1445429959999274,
    1.1452363089999835,
    1.1651295669998945,
    1.1636783950000336,
    1.1616494580000563,
    1.1739167779999207,
    1.1526917969999886
  ],
  "prusti-tests/tests/verify/pass/quick/moves.rs": [
    1.4078761790001408,
    1.4045282189999853,
    1.3921815119999792,
    1.4103629869998713,
    1.3873626760000661,
    1.388996405999933,
    1.41181671299978,
    1.3816337739999653,
    1.3880839979999564,
    1.4104190989999097
  ],
  "prusti-tests/tests/verify/pass/quick/mut-borrows.rs": [
    2.7656512109999767,
    2.7989757730001656,
    2.8181462899999588,
    2.81331420399988,
    2.787582736000104,
    2.818836010000041,
    2.807970512000111,
    2.8332824430001438,
    2.8333263990000432,
    2.7917635919998247
  ],
  "prusti-tests/tests/verify/pass/quick/shared-borrows.rs": [
    1.7939894389999154,
    1.8208668160000343,
    1.8015144759999657,
    1.784357133999947,
    1.7783628279998993,
    1.7542297689999486,
    1.7883134639998843,
    1.7910217099999954,
    1.784482700999888,
    1.776403688000073
  ],
  "prusti-tests/tests/verify/pass/quick/trait-contracts-refinement.rs": [
    1.5581728469999234,
    1.5538162519999332,
    1.5299679469999319,
    1.5400659760000508,
    1.5084471150000809,
    1.5422929910000676,
    1.5235438659999545,
    1.552243510999915,
    1.5221038480001425,
    1.5477490570001464
  ],
  "prusti-tests/tests/verify/pass/quick/routes.rs": [
    5.19792510000002,
    5.236368356000185,
    4.830601345000105,
    4.942455876000167,
    4.776775057999885,
    4.837827759999982,
    4.929858863000163,
    4.888508021999996,
    4.808586595999941,
    4.837061620999975
  ],
  "prusti-tests/tests/verify/pass/quick/fibonacci.rs": [
    6.1392341989999295,
    6.1364410119999775,
    6.158275938000088,
    6.14266140299992,
    6.3735206249998555,
    5.971664488999977,
    6.021771197999897,
    6.108899832999896,
    6.093343618000063,
    6.099244622999777
  ],
  "prusti-tests/tests/verify/pass/pure-fn/len-lookup.rs": [
    3.4719202549999864,
    3.5462977249999312,
    3.4915589889997136,
    3.4886726609997822,
    3.5203507680002986,
    3.5599444770000446,
    3.5054644779997943,
    3.5997201189998123,
    3.478509434999978,
    3.4873785839999982
  ],
  "prusti-tests/tests/verify/pass/pure-fn/quantifiers.rs": [
    2.2069284540002627,
    2.142764136000096,
    2.1939809890000106,
    2.1732879009996395,
    2.1266818069998408,
    2.176850946000286,
    2.17070450600022,
    2.1259978399998545,
    2.3033519119999255,
    2.2970782309998867
  ],
  "prusti-tests/tests/verify/pass/pure-fn/recursive-pure-fn.rs": [
    2.0553217489996314,
    2.208879969999998,
    2.0554034000001593,
    2.123856541999885,
    2.055413655999928,
    2.051936308999757,
    2.218283933999828,
    2.180927843000063,
    2.1598301789999823,
    2.070633806999922
  ],
  "prusti-tests/tests/verify/pass/pure-fn/ref-mut-arg.rs": [
    2.6711993979997715,
    2.5735328170003413,
    2.5205714429998807,
    2.488304541999696,
    2.4918379199998526,
    2.7099891580000985,
    2.706031508000251,
    2.6592132000000674,
    2.5911073190000025,
    2.667752696000207
  ],
  "prusti-tests/tests/verify/pass/rosetta/Ackermann_function.rs": [
    2.039965465000023,
    2.0187329949999366,
    2.0849834400000873,
    2.0333823040000425,
    2.1083680460001233,
    2.0018780909999805,
    2.1075491940000575,
    2.0011658309999802,
    2.0591839559997425,
    2.097029811000084
  ],
  "prusti-tests/tests/verify/pass/rosetta/Heapsort.rs": [
    10.791270914000052,
    10.756401426000139,
    10.720956733000094,
    11.192251241000122,
    10.73585444299988,
    10.699545581000166,
    10.802849013000014,
    10.670474052999907,
    10.73899752000034,
    10.692165461000059
  ]
}