{
  "prusti-tests/tests/verify/pass/rosetta/Knuth_shuffle.rs": [
    2.4441399109999793,
    2.0674519709999686,
    2.020272374000001,
    2.0359706730000653,
    1.9712251050000305,
    2.024405870999999,
    1.9558717120000892,
    1.9814842329999465,
    2.0014216499999975,
    1.9027949149999586
  ],
  "prusti-tests/tests/verify/pass/demos/account.rs": [
    1.8074991230000705,
    1.7913329199999453,
    1.803377636999926,
    1.8051092420000714,
    1.8105609099999356,
    1.8007342870000684,
    1.8109427220000498,
    1.848031806999984,
    1.8367415650000112,
    1.8030417440000974
  ],
  "prusti-tests/tests/verify/pass/rosetta/Knights_tour.rs": [
    104.21110349100002,
    101.24877491799998,
    102.1872321379999,
    102.50493890299981,
    103.09795192699994,
    104.6744038469999,
    100.18453353599989,
    103.69412788400018,
    104.488616632,
    103.30922751800017
  ],
  "prusti-tests/tests/verify/pass/quick/fold-unfold.rs": [
    1.199499668000044,
    1.1892986210000345,
    1.2084655979999752,
    1.1878924009999992,
    1.1952217709999786,
    1.19606150300001,
    1.1980394289998912,
    1.1923704549999457,
    1.1981639299999642,
    1.19862573599994
  ],
  "prusti-tests/tests/verify/pass/quick/moves.rs": [
    1.4521796440001253,
    1.472847609000155,
    1.4614094139999452,
    1.438279959000056,
    1.4649493679999068,
    1.445956077000119,
    1.4411556820000442,
    1.4729372669999066,
    1.4419713939998928,
    1.4385911530000612
  ],
  "prusti-tests/tests/verify/pass/quick/mut-borrows.rs": [
    2.86501755900008,
    2.8740045639999607,
    2.8670820960001038,
    2.8418976230000226,
    2.875930984999968,
    2.8875962310000887,
    2.8842266330000257,
    2.8851613589999943,
    2.929102814000089,
    2.889566089000027
  ],
  "prusti-tests/tests/verify/pass/quick/shared-borrows.rs": [
    1.8235786459999872,
    1.8438408100000743,
    1.8311393449998832,
    1.82703839099986,
    1.797434745999908,
    1.8228606549998858,
    1.8377719359998537,
    1.8454075509998802,
    1.8436776219998592,
    1.8193481210000755
  ],
  "prusti-tests/tests/verify/pass/quick/trait-contracts-refinement.rs": [
    1.6117575509999824,
    1.5881241590000172,
    1.5516957419999926,
    1.5698716409999633,
    1.5409846810000545,
    1.5660525939999843,
    1.5373157359999823,
    1.5699618160001592,
    1.5336210439998013,
    1.5641194209999867
  ],
  "prusti-tests/tests/verify/pass/quick/routes.rs": [
    5.053567078000015,
    5.1025022890000855,
    4.83429573300009,
    4.871863663999875,
    4.719976505999966,
    4.732978297000045,
    4.7803490839999085,
    4.650323006999997,
    4.713367514999845,
    4.708388632000151
  ],
  "prusti-tests/tests/verify/pass/quick/fibonacci.rs": [
    6.052953718000026,
    6.07864677900011,
    6.141614428999901,
    6.084560561999979,
    6.312266955000041,
    6.075287386000127,
    6.039475687000049,
    6.071044776000008,
    6.070087595999894,
    6.089147232999949
  ],
  "prusti-tests/tests/verify/pass/pure-fn/len-lookup.rs": [
    3.512570979999964,
    3.570655816999988,
    3.5547915600000124,
    3.517939884000043,
    3.5090257900001234,
    3.5760228520002784,
    3.490315829999872,
    3.5675653329999477,
    3.5678820039997845,
    3.5278201799997078
  ],
  "prusti-tests/tests/verify/pass/pure-fn/quantifiers.rs": [
    2.2024839079999765,
    2.3505358480001632,
    2.3274612489999527,
    2.1537937660000352,
    2.292109205000088,
    2.1908477399997537,
    2.1262005920002593,
    2.1810040350001145,
    2.2768925129998934,
    2.359564942000361
  ],
  "prusti-tests/tests/verify/pass/pure-fn/recursive-pure-fn.rs": [
    2.093062289000045,
    2.053050451999752,
    2.2516223259999606,
    2.1001269270000194,
    2.1372288010002194,
    2.059902012999828,
    2.224237416000051,
    2.092980680999972,
    2.128084144999775,
    2.1732319429997915
  ],
  "prusti-tests/tests/verify/pass/pure-fn/ref-mut-arg.rs": [
    3.3510371600000326,
    3.144122384000184,
    3.0084364609997465,
    3.210078801999771,
    3.197652944999845,
    3.1389789330000895,
    3.177086994000092,
    3.1500968430000285,
    3.163759994999964,
    3.1833582429999296
  ],
  "prusti-tests/tests/verify/pass/rosetta/Ackermann_function.rs": [
    2.055363757000123,
    2.1078562979996605,
    2.0429709699997147,
    2.1215288729999884,
    2.007092861000274,
    2.07588798200004,
    2.1285064479998255,
    2.048316832999717,
    2.1525537229999827,
    2.0801570040002844
  ],
  "prusti-tests/tests/verify/pass/rosetta/Heapsort.rs": [
    10.701756381999985,
    10.414953280999725,
    10.430894309999985,
    10.61246082300022,
    10.320204658999955,
    10.422302356000273,
    10.5338607650001,
    10.469846077000057,
    10.417469832999814,
    10.505759444999967
  ]
}