{
  "prusti-tests/tests/verify/pass/rosetta/Knuth_shuffle.rs": [
    2.3833694280000373,
    2.1118906289999586,
    2.1019858560000557,
    2.1307215189999624,
    2.0818340750000743,
    2.092152489,
    2.1027214420000746,
    2.1347925950000217,
    2.211919580999961,
    2.0590778659999387
  ],
  "prusti-tests/tests/verify/pass/demos/account.rs": [
    1.8338466279999466,
    1.7674294689999215,
    1.8620985490000521,
    1.997611796000001,
    1.889062695000007,
    1.8862499429999389,
    1.8111920460000874,
    1.8349753310000096,
    1.8749537560000817,
    1.7901683169999387
  ],
  "prusti-tests/tests/verify/pass/rosetta/Knights_tour.rs": [
    113.81569272000002,
    111.86815667100007,
    109.2559090179999,
    107.58584400400014,
    110.201690956,
    114.71145999999999,
    109.30537908500014,
    112.31503939499999,
    106.32079092899994,
    110.8365877199999
  ],
  "prusti-tests/tests/verify/pass/quick/fold-unfold.rs": [
    1.1342078830000446,
    1.150228208000044,
    1.1038433579999491,
    1.1263856639998266,
    1.143965870999864,
    1.1687751949998528,
    1.134272921000047,
    1.11063950200014,
    1.1664130229999046,
    1.12612524400015
  ],
  "prusti-tests/tests/verify/pass/quick/moves.rs": [
    1.5421839900000123,
    1.345488967999927,
    1.4011679610000556,
    1.4017841689999386,
    1.3861210749998918,
    1.415757142999837,
    1.38897262699993,
    1.3938966170001095,
    1.3994841810001617,
    1.3760244099999
  ],
  "prusti-tests/tests/verify/pass/quick/mut-borrows.rs": [
    2.7998052719999578,
    2.928292756000019,
    2.8176815049998822,
    2.765033735000088,
    2.808936066999877,
    2.951468621999993,
    2.7542683579999903,
    2.981450612000117,
    3.0203982149998865,
    2.869851411999889
  ],
  "prusti-tests/tests/verify/pass/quick/shared-borrows.rs": [
    1.8193462830001863,
    1.7836469389999365,
    1.7703025729999808,
    1.7588345290000689,
    1.8582119619998139,
    1.856225538999979,
    1.8761048789999677,
    1.7567348539998875,
    1.7987579969999388,
    1.815668396999854
  ],
  "prusti-tests/tests/verify/pass/quick/trait-contracts-refinement.rs": [
    1.5766407799999342,
    1.594076485999949,
    1.6056922410000425,
    1.56910533700011,
    1.546680472000162,
    1.6657837789998666,
    1.555895180999869,
    1.552373955999883,
    1.5111978569998428,
    1.6206420469998193
  ],
  "prusti-tests/tests/verify/pass/quick/routes.rs": [
    5.806446457999982,
    5.282464568000023,
    5.358495029999858,
    5.110783171999856,
    5.138374622999891,
    5.100624704999973,
    5.149694812000007,
    5.2524972510000225,
    5.160127783000007,
    5.26116477100004
  ],
  "prusti-tests/tests/verify/pass/quick/fibonacci.rs": [
    6.402726246000157,
    6.797125830000141,
    6.544194221999987,
    7.061893912999949,
    6.395638268000312,
    6.455896216999918,
    6.45233800799997,
    6.464501631000076,
    6.446867463999752,
    6.506201577999946
  ],
  "prusti-tests/tests/verify/pass/pure-fn/len-lookup.rs": [
    3.7302741979997336,
    3.773180639000202,
    3.6348328379999657,
    3.7194290309998905,
    3.783750298999621,
    3.831492789999629,
    3.6672277190000386,
    3.6957304709999335,
    3.6142847740002253,
    3.883164522000243
  ],
  "prusti-tests/tests/verify/pass/pure-fn/quantifiers.rs": [
    2.588491041999987,
    2.2574212120002812,
    2.3080697109999164,
    2.29400871200005,
    2.2887552130000586,
    2.4851255839998885,
    2.337833205000152,
    2.379661036000016,
    2.287506954000037,
    2.5269920299997466
  ],
  "prusti-tests/tests/verify/pass/pure-fn/recursive-pure-fn.rs": [
    2.1985395629999402,
    2.162629774999914,
    2.231755921000058,
    2.107137015999797,
    2.356389606999983,
    2.1652209929998207,
    2.29150611499972,
    2.2250076259997513,
    2.128258251999796,
    2.340110600999651
  ],
  "prusti-tests/tests/verify/pass/pure-fn/ref-mut-arg.rs": [
    2.542566190999878,
    2.595739006000258,
    2.5589872660002584,
    2.695375733000219,
    2.5527151610003784,
    2.7854959739997867,
    2.7213503890002357,
    2.6594878400001107,
    2.690701799999715,
    2.637215859999742
  ],
  "prusti-tests/tests/verify/pass/rosetta/Ackermann_function.rs": [
    2.169368826000209,
    2.1102505640001255,
    2.1679464399999233,
    2.2384289999999964,
    2.071685811000407,
    2.116582924999875,
    2.178981743999884,
    2.2066348140001537,
    2.29108702800022,
    2.1581767389998276
  ],
  "prusti-tests/tests/verify/pass/rosetta/Heapsort.rs": [
    11.833902119999948,
    11.928837321999708,
    11.509585213999799,
    11.377547346000028,
    11.57002428800024,
    11.794645700999808,
    11.438317152999844,
    11.492992502000106,
    11.540784000000258,
    11.784698971000125
  ]
}