{
  "prusti-tests/tests/verify/pass/rosetta/Knuth_shuffle.rs": [
    2.247332568000047,
    2.162821144000077,
    2.08354567899994,
    2.0542901290000373,
    2.045431823000058,
    2.0345484299999725,
    1.967922084999941,
    2.009322058000066,
    2.013398905000031,
    1.909932370999968
  ],
  "prusti-tests/tests/verify/pass/demos/account.rs": [
    1.817281075999972,
    1.8112175029999662,
    1.7888282360000858,
    1.7966679279999198,
    1.8064016370000218,
    1.7709056139999575,
    1.7988103469999714,
    1.8274510869999858,
    1.771751289000008,
    1.7977888350000057
  ],
  "prusti-tests/tests/verify/pass/rosetta/Knights_tour.rs": [
    105.81208789300001,
    104.14304836999997,
    104.76321801200004,
    104.2776934850001,
    102.64651096300008,
    104.89700441499986,
    106.04297917899999,
    102.82980070899998,
    107.2147052209998,
    101.5533132139999
  ],
  "prusti-tests/tests/verify/pass/quick/fold-unfold.rs": [
    1.1772841970000627,
    1.182504525000013,
    1.1879394249999677,
    1.1886978330001057,
    1.1839266780000344,
    1.1933641880000323,
    1.1850379899999552,
    1.1935118889998648,
    1.1997122720001698,
    1.1882762519999233
  ],
  "prusti-tests/tests/verify/pass/quick/moves.rs": [
    1.441899906999879,
    1.4784102329999769,
    1.4290834580001501,
    1.4219212749999315,
    1.45433733699997,
    1.4493154710000908,
    1.4393421550000767,
    1.439786359999971,
    1.4231310659999963,
    1.437662236000051
  ],
  "prusti-tests/tests/verify/pass/quick/mut-borrows.rs": [
    2.8535224369998105,
    2.8586127959999885,
    2.862979770000038,
    2.8788584300000366,
    2.8522502189998704,
    2.8168054579998625,
    2.871837841999877,
    2.880196731000069,
    2.873833592999972,
    2.817242659000158
  ],
  "prusti-tests/tests/verify/pass/quick/shared-borrows.rs": [
    1.8225454219998483,
    1.8351149609998174,
    1.8127845569999863,
    1.8161482970001543,
    1.8114523419999387,
    1.7847563310001533,
    1.817732888999899,
    1.8308624320000035,
    1.8296259169999303,
    1.811824210000168
  ],
  "prusti-tests/tests/verify/pass/quick/trait-contracts-refinement.rs": [
    1.6021368719998463,
    1.5823628559999179,
    1.5509649900000113,
    1.566418671000065,
    1.5267875089998597,
    1.5515715910000836,
    1.529172778999964,
    1.570505959000002,
    1.5311905020000722,
    1.5639952829999402
  ],
  "prusti-tests/tests/verify/pass/quick/routes.rs": [
    5.049532202000137,
    4.874248284000032,
    4.837235620999991,
    4.736914641000112,
    4.825358162999919,
    4.6246156370000335,
    4.693757196999968,
    4.80760046499995,
    4.774928506000151,
    4.755983437000168
  ],
  "prusti-tests/tests/verify/pass/quick/fibonacci.rs": [
    6.048737967999841,
    6.153391026999998,
    6.054493657999956,
    6.094636254999841,
    6.239315494000039,
    5.928603207000151,
    6.034652468999866,
    6.041323874,
    6.063211259000127,
    6.060154493000027
  ],
  "prusti-tests/tests/verify/pass/pure-fn/len-lookup.rs": [
    3.495259274000091,
    3.5208344659999966,
    3.492093645000068,
    3.4888915169999564,
    3.5014594710000893,
    3.567905048000057,
    3.503320196000004,
    3.5016198570001507,
    3.5123444380001274,
    3.4892627179999636
  ],
  "prusti-tests/tests/verify/pass/pure-fn/quantifiers.rs": [
    2.1935944950000703,
    2.253009663999819,
    2.185472721000224,
    2.1792723799999294,
    2.1806610859998727,
    2.119428326000161,
    2.2055239709998204,
    2.2951378389998354,
    2.1531028509998578,
    2.508462753999993
  ],
  "prusti-tests/tests/verify/pass/pure-fn/recursive-pure-fn.rs": [
    2.131538741999975,
    2.072939677999784,
    2.06269595699996,
    2.188113162999798,
    2.0930104509998273,
    2.0791618570001447,
    2.105226218000098,
    2.0910549270001866,
    2.20880248200001,
    2.0997776300000623
  ],
  "prusti-tests/tests/verify/pass/pure-fn/ref-mut-arg.rs": [
    3.016752780999923,
    3.190914805000375,
    3.0777391999999963,
    3.216525607999756,
    3.204654895999738,
    3.215323154000089,
    3.192137501999696,
    3.2127166380000745,
    3.226901872000326,
    3.209275286999855
  ],
  "prusti-tests/tests/verify/pass/rosetta/Ackermann_function.rs": [
    2.0800925940002344,
    2.0613619290002134,
    2.1278409030001058,
    2.0948953270003585,
    2.253307819999918,
    2.061604924000221,
    2.1328718429999753,
    2.168374438000228,
    2.138700692999919,
    2.1661065069997676
  ],
  "prusti-tests/tests/verify/pass/rosetta/Heapsort.rs": [
    10.70909372999995,
    10.451609835999989,
    10.517320736000329,
    10.55942213299977,
    10.425313627999913,
    10.521003908000239,
    10.66893636299983,
    10.576869524999893,
    10.605975697999838,
    10.724309529000038
  ]
}