{
  "prusti-tests/tests/verify/pass/rosetta/Knuth_shuffle.rs": [
    2.2595591500000864,
    1.978270423999902,
    1.853673421999929,
    1.8377263350000703,
    1.8517101150000599,
    1.8925972879999335,
    1.8802433559999372,
    1.862443353999879,
    1.874425814999995,
    1.8508532460000424
  ],
  "prusti-tests/tests/verify/pass/demos/account.rs": [
    1.7570493709999937,
    1.7221117669998875,
    1.690089579999949,
    1.7124000850001266,
    1.710920693999924,
    1.7255659120000928,
    1.7400319319999653,
    1.7454934080001294,
    1.7163436700000148,
    1.6985053700000208
  ],
  "prusti-tests/tests/verify/pass/rosetta/Knights_tour.rs": [
    102.76310562899994,
    102.68487385899994,
    104.10431221099998,
    102.78636488400002,
    99.65502297399985,
    101.17244951299995,
    102.87581600499993,
    104.04935298100008,
    101.30094229299993,
    102.10654722400022
  ],
  "prusti-tests/tests/verify/pass/quick/fold-unfold.rs": [
    1.1770791159997316,
    1.172297141999934,
    1.1626405970000633,
    1.1589762180001344,
    1.1663525760000084,
    1.1560794350002652,
    1.1456497929998477,
    1.156426933000148,
    1.1713543470000332,
    1.1592967159999716
  ],
  "prusti-tests/tests/verify/pass/quick/moves.rs": [
    1.4148759640002027,
    1.4006629400000747,
    1.3832070399998884,
    1.4120980750003582,
    1.4068477050000183,
    1.3867132200002743,
    1.3875729129999854,
    1.387750612000218,
    1.3984918500000276,
    1.396683461000066
  ],
  "prusti-tests/tests/verify/pass/quick/mut-borrows.rs": [
    2.7595827129998725,
    2.7653733800002556,
    2.774418328000138,
    2.745693590999963,
    2.7236737120001635,
    2.7246707069998592,
    2.7312258699998893,
    2.7523897480000414,
    2.7671867630001543,
    2.771930237000106
  ],
  "prusti-tests/tests/verify/pass/quick/shared-borrows.rs": [
    1.7532431289996566,
    1.7536988269998801,
    1.7632789730000695,
    1.744651678000082,
    1.7419771929999115,
    1.7302879579997352,
    1.7350044320000961,
    1.7507259419999173,
    1.7609906839998075,
    1.7311694509999143
  ],
  "prusti-tests/tests/verify/pass/quick/trait-contracts-refinement.rs": [
    1.558980230999623,
    1.5179020649998165,
    1.5164826720001656,
    1.509670210999957,
    1.5251375160000862,
    1.5097391019999122,
    1.4884165240000584,
    1.4956377830003476,
    1.5028581410001607,
    1.4997662559999299
  ],
  "prusti-tests/tests/verify/pass/quick/routes.rs": [
    4.387732594999761,
    4.328668727000149,
    4.196300272999906,
    4.161118028000146,
    4.100484622000295,
    4.111750623000262,
    4.1062623150000945,
    4.140340535000178,
    4.088643266999952,
    4.058864519000053
  ],
  "prusti-tests/tests/verify/pass/quick/fibonacci.rs": [
    5.49624447899987,
    5.456012542999815,
    5.454927408000003,
    5.401046588000099,
    5.402835561000302,
    5.490735434999806,
    5.619492887999968,
    5.5152505109999765,
    5.489246290999745,
    5.492945905999932
  ],
  "prusti-tests/tests/verify/pass/pure-fn/len-lookup.rs": [
    3.146618407999995,
    3.102632158000233,
    3.131481840000106,
    3.1192880360003983,
    3.118752097000197,
    3.1403240650001862,
    3.131885112999953,
    3.092439425000066,
    3.0909589279999636,
    3.1201500629999828
  ],
  "prusti-tests/tests/verify/pass/pure-fn/quantifiers.rs": [
    1.8543533580000258,
    1.8452700100001493,
    1.8699118700001236,
    1.8771571289998974,
    1.8669497880000563,
    1.8852916829996502,
    1.8620841140000266,
    1.8855029820001619,
    1.8674520859999575,
    1.8807593110000198
  ],
  "prusti-tests/tests/verify/pass/pure-fn/recursive-pure-fn.rs": [
    1.68031695100035,
    1.6715449009998338,
    1.694933667999976,
    1.6996717460001491,
    1.698494152999956,
    1.6918002900001738,
    1.6932517830000506,
    1.6931317839998883,
    1.6962829689996397,
    1.7066751100001056
  ],
  "prusti-tests/tests/verify/pass/pure-fn/ref-mut-arg.rs": [
    2.454859561000376,
    2.437122358999659,
    2.4427324189996398,
    2.4455824030001168,
    2.4730881469999986,
    2.4691754679997757,
    2.484965478000049,
    2.476249528000153,
    2.4441061120000995,
    2.4493861820001257
  ],
  "prusti-tests/tests/verify/pass/rosetta/Ackermann_function.rs": [
    1.7320714590000534,
    1.6856255220000094,
    1.7106998770000246,
    1.6932999770001516,
    1.695662263000031,
    1.6878207069999007,
    1.675663878999785,
    1.6800119599997743,
    1.7023066339997968,
    1.6880691139999726
  ],
  "prusti-tests/tests/verify/pass/rosetta/Heapsort.rs": [
    10.060535192000316,
    9.985731519999717,
    10.082458048999797,
    10.001146745999904,
    9.92436894399998,
    9.955752472999848,
    10.107426651999958,
    10.026815326999895,
    9.985911689000204,
    9.973430865999944
  ]
}