{
  "prusti-tests/tests/verify/pass/rosetta/Knuth_shuffle.rs": [
    2.403936095000063,
    2.055876982999962,
    1.7935263970000506,
    1.8610378649998438,
    1.9677970600000663,
    1.8594536909999988,
    1.8851322110001547,
    1.8533511939999698,
    1.7713465880001422,
    1.7268560039999556
  ],
  "prusti-tests/tests/verify/pass/demos/account.rs": [
    0.7997758240001076,
    0.8008947260000241,
    0.7640000070000497,
    0.7629624960000001,
    0.7590396690000034,
    0.7645393959999183,
    0.7761798569999883,
    0.7841061970000283,
    0.759086348999972,
    0.7807081680000465
  ]
}