{
  "prusti-tests/tests/verify/pass/rosetta/Knuth_shuffle.rs": [
    2.6536268729998937,
    2.43214720200001,
    2.3468413109999346,
    2.476488517000007,
    2.3864679649999516,
    2.426664800000026,
    2.33589890199994,
    2.350326561999964,
    2.4121344189999263,
    2.364563344999965
  ],
  "prusti-tests/tests/verify/pass/demos/account.rs": [
    2.0920535739999195,
    2.072278161999975,
    2.112461895000024,
    2.0998466899999357,
    2.114395789000014,
    2.09416537300001,
    2.1040138299999853,
    2.12097970100001,
    2.0852016489999414,
    2.0895354739999448
  ],
  "prusti-tests/tests/verify/pass/rosetta/Knights_tour.rs": [
    125.43272172500008,
    123.71076266,
    122.63569707400006,
    123.6690443,
    121.8927953949999,
    121.04198319399984,
    123.2129768740001,
    120.44957616900001,
    123.23308543899998,
    122.04567932700002
  ],
  "prusti-tests/tests/verify/pass/quick/fold-unfold.rs": [
    1.3541178320001563,
    1.3552099769999586,
    1.3451179190001312,
    1.3563878840000143,
    1.3555448789998081,
    1.3558686810001745,
    1.3550374080000438,
    1.3597482180002771,
    1.3811991440002203,
    1.3687814710001476
  ],
  "prusti-tests/tests/verify/pass/quick/moves.rs": [
    1.6920191770000201,
    1.6595474850000755,
    1.9449476919999142,
    1.6742956879998019,
    1.649859846000254,
    1.6586551969999164,
    1.674658263999845,
    1.6664225870003975,
    1.6919762210000044,
    1.6723200179999367
  ],
  "prusti-tests/tests/verify/pass/quick/mut-borrows.rs": [
    3.350106531000165,
    3.3264267750000727,
    3.3299902950002433,
    3.317888813999616,
    3.342959713000255,
    3.2812772600000244,
    3.337465768999664,
    3.3849293480002416,
    3.3584475429997838,
    3.3395731239997986
  ],
  "prusti-tests/tests/verify/pass/quick/shared-borrows.rs": [
    2.1064742319999823,
    2.0775201819997164,
    2.126767158000348,
    2.1224251339999682,
    2.0998441880001337,
    2.1250796130002527,
    2.154249575999984,
    2.1159229609997965,
    2.067774685999666,
    2.1174731329997485
  ],
  "prusti-tests/tests/verify/pass/quick/trait-contracts-refinement.rs": [
    1.9011984509998001,
    1.8473946310000429,
    1.878562077999959,
    1.7811328170000706,
    1.8411976890001824,
    1.7840676360001453,
    1.837779858000431,
    1.7913787780003076,
    1.8592079099998955,
    1.8596462129999054
  ],
  "prusti-tests/tests/verify/pass/quick/routes.rs": [
    6.202436063999812,
    5.864416655999776,
    5.836423900000227,
    5.925562991999868,
    5.721590296999693,
    5.8323257250003735,
    5.8503899669999555,
    5.95979355999998,
    5.921283889999813,
    5.915503338000235
  ],
  "prusti-tests/tests/verify/pass/quick/fibonacci.rs": [
    7.336984275999839,
    7.345978651000223,
    7.418155707000096,
    7.380321354999978,
    7.579594474999794,
    7.243486245999975,
    7.2274821549999615,
    7.284053643000334,
    7.290370945999712,
    7.306162096000207
  ],
  "prusti-tests/tests/verify/pass/pure-fn/len-lookup.rs": [
    4.176795738000237,
    4.2264594690000195,
    4.234475502999885,
    4.180566938000084,
    4.244120036999902,
    4.198462223000206,
    4.168899300999783,
    4.242084158000125,
    4.2692455999999765,
    4.168826666999848
  ],
  "prusti-tests/tests/verify/pass/pure-fn/quantifiers.rs": [
    2.630882320999717,
    2.6697748809997393,
    2.54578170700006,
    2.620320644000003,
    2.599760273999891,
    2.7045359620001364,
    2.715247135000027,
    2.6271131879998393,
    2.692482180999832,
    2.7369183599998905
  ],
  "prusti-tests/tests/verify/pass/pure-fn/recursive-pure-fn.rs": [
    2.422139095000148,
    2.4222949079999125,
    2.6225061739996818,
    2.4253848250000374,
    2.5275238959998205,
    2.422883499999898,
    2.605914879000011,
    2.4831801109999105,
    2.5009759139998096,
    2.479410388999895
  ],
  "prusti-tests/tests/verify/pass/pure-fn/ref-mut-arg.rs": [
    2.951335726999787,
    3.104871445000299,
    3.122362453000278,
    3.0388774940001895,
    2.9440543260002414,
    3.0720628839999335,
    3.078233556000214,
    3.1279516509998757,
    2.9916942150002797,
    2.9881976930000747
  ],
  "prusti-tests/tests/verify/pass/rosetta/Ackermann_function.rs": [
    2.623387942000136,
    2.3990024940003423,
    2.4186379080001643,
    2.4534425110000484,
    2.360180936999768,
    2.5286088170000767,
    2.3586755290002657,
    2.4686351709997325,
    2.4327698619999865,
    2.4917364060002
  ],
  "prusti-tests/tests/verify/pass/rosetta/Heapsort.rs": [
    13.338867366000159,
    12.641001088999928,
    12.50294896999958,
    12.804417647999799,
    12.640286067000034,
    12.683907246999752,
    12.547435149000194,
    12.661008933000176,
    12.648324624999987,
    12.877734012000019
  ]
}