{
  "prusti-tests/tests/verify/pass/rosetta/Knuth_shuffle.rs": [
    2.2572635899999796,
    2.103901378000046,
    2.0313024790000327,
    2.0134719470000846,
    2.0377317810000477,
    2.0260946199999808,
    1.9765545129999964,
    2.0293662430000268,
    2.043728439000006,
    1.953329202999953
  ],
  "prusti-tests/tests/verify/pass/demos/account.rs": [
    1.7650386299999354,
    1.762915305999968,
    1.750270932000035,
    1.7606701739999835,
    1.7784865200000013,
    1.758340866000026,
    1.7363548890000402,
    1.7796625839999933,
    1.7468065329999263,
    1.7616937379999627
  ],
  "prusti-tests/tests/verify/pass/rosetta/Knights_tour.rs": [
    98.6259658030001,
    96.36070327399989,
    98.84334885599992,
    97.58613328499996,
    95.4197989490001,
    96.04654937600003,
    96.30531250100012,
    97.748856553,
    97.07199780000019,
    97.91634558999999
  ],
  "prusti-tests/tests/verify/pass/quick/fold-unfold.rs": [
    1.1360789109999132,
    1.159746640000094,
    1.1495106979998582,
    1.1325974619999215,
    1.1382056940001348,
    1.1346077210000658,
    1.1400588960000277,
    1.1359029390000615,
    1.1530526750000263,
    1.1382300709999527
  ],
  "prusti-tests/tests/verify/pass/quick/moves.rs": [
    1.4118187380001928,
    1.3746428370000103,
    1.384007474999862,
    1.3738065340000958,
    1.4044683559998248,
    1.376239268000063,
    1.3710494960000688,
    1.4033339930001603,
    1.376155130999905,
    1.3755023229998642
  ],
  "prusti-tests/tests/verify/pass/quick/mut-borrows.rs": [
    2.763505518000102,
    2.75477034000005,
    2.785554105000074,
    2.775610368000116,
    2.754987710000023,
    2.7683232130000306,
    2.7738619890001246,
    2.799541581000085,
    2.759373503000006,
    2.7892373140000473
  ],
  "prusti-tests/tests/verify/pass/quick/shared-borrows.rs": [
    1.7572245979999934,
    1.7704926789999718,
    1.7348708889999216,
    1.7677511419999519,
    1.7596138179999343,
    1.7735476519999338,
    1.7633587119998992,
    1.7395661860000473,
    1.7665735570001289,
    1.7503377960001671
  ],
  "prusti-tests/tests/verify/pass/quick/trait-contracts-refinement.rs": [
    1.5446470560000307,
    1.5413300109999,
    1.51154580299999,
    1.5312643730001128,
    1.4979629290000958,
    1.5439100719997896,
    1.5142068650000056,
    1.5365461710000545,
    1.5030351119999068,
    1.5325244959999509
  ],
  "prusti-tests/tests/verify/pass/quick/routes.rs": [
    5.129697227999941,
    4.993385900000021,
    4.826107245999992,
    4.900847359999943,
    4.743907132999993,
    4.8331721509998715,
    4.832764178999923,
    4.742121646999749,
    4.799627830999725,
    4.767914308999934
  ],
  "prusti-tests/tests/verify/pass/quick/fibonacci.rs": [
    6.003733436999937,
    6.003693764000218,
    6.080437642000106,
    6.092846827000358,
    6.211904066999978,
    5.9373590850000255,
    5.974689111999851,
    6.00770774800003,
    6.049959172999934,
    6.089319368999895
  ],
  "prusti-tests/tests/verify/pass/pure-fn/len-lookup.rs": [
    3.4215068070002417,
    3.4806696689997807,
    3.4635375339998973,
    3.4629138590003095,
    3.4804430039998806,
    3.4733185039999626,
    3.4549012510001376,
    3.549449142999947,
    3.46325734400034,
    3.4586727819996668
  ],
  "prusti-tests/tests/verify/pass/pure-fn/quantifiers.rs": [
    2.204384850999759,
    2.1360408129999087,
    2.175431653999567,
    2.1191244859996914,
    2.165139631999864,
    2.1778606069997295,
    2.120749622999938,
    2.1636220150003282,
    2.3786292709996815,
    2.2840180709999913
  ],
  "prusti-tests/tests/verify/pass/pure-fn/recursive-pure-fn.rs": [
    2.089890104999995,
    2.019019226999717,
    2.180918851000115,
    2.067752896999991,
    2.030349383000157,
    2.103626679000172,
    2.027602735000073,
    2.1290332270000363,
    2.02976317699995,
    2.0375936260002163
  ],
  "prusti-tests/tests/verify/pass/pure-fn/ref-mut-arg.rs": [
    2.5830719299997327,
    2.620606344999942,
    2.4935663709998153,
    2.5743630950000806,
    2.5035311190003995,
    2.4675716759998068,
    2.4776942379999127,
    2.5825005870001405,
    2.6048990230001436,
    2.5030718570001227
  ],
  "prusti-tests/tests/verify/pass/rosetta/Ackermann_function.rs": [
    2.0210326199999145,
    2.1119381729999986,
    2.0155376539996723,
    2.0013794589999634,
    2.0732156509998276,
    2.010561279000285,
    2.0000400970002374,
    2.1878051789999517,
    2.0800832969998737,
    2.10257772299974
  ],
  "prusti-tests/tests/verify/pass/rosetta/Heapsort.rs": [
    10.3616406000001,
    10.378814282999883,
    10.292181706000065,
    10.18956117100015,
    10.555802543000027,
    10.45810269399999,
    10.301947734999885,
    10.364971304999926,
    10.579290765999758,
    10.346146568999757
  ]
}