{
  "prusti-tests/tests/verify/pass/rosetta/Knuth_shuffle.rs": [
    2.590575563000016,
    2.0153386980000505,
    1.9611705240000674,
    2.0937796919999982,
    1.9699648189999834,
    2.0910474410000006,
    2.1050574869999537,
    1.955375328999935,
    1.9581079939999881,
    1.9428895729998885
  ],
  "prusti-tests/tests/verify/pass/demos/account.rs": [
    0.9001369250000835,
    0.8342872440000519,
    0.8430897850000747,
    0.8245912869999756,
    0.8370344399999112,
    0.7854166179999993,
    0.7795263609999665,
    0.865669271999991,
    0.8368952320000744,
    0.8512179990000277
  ],
  "prusti-tests/tests/verify/pass/rosetta/Knights_tour.rs": [
    123.26148398599992,
    123.81226343599997,
    119.55721042599998,
    126.38072449099991,
    122.82598462500005,
    123.44694310099999,
    120.63002779500016,
    126.23683193200009,
    123.08731594200003,
    125.24650550699994
  ],
  "prusti-tests/tests/verify/pass/quick/fold-unfold.rs": [
    0.6292097109999304,
    0.5977466570002434,
    0.6032844219998879,
    0.5812554990002354,
    0.6409858849997363,
    0.550821371999973,
    0.5935299360003228,
    0.5665337150003324,
    0.5883611260001089,
    0.5915147149999029
  ],
  "prusti-tests/tests/verify/pass/quick/moves.rs": [
    0.5891776749999735,
    0.5705955590001395,
    0.6181834160001927,
    0.6213099040000998,
    0.6099034190001476,
    0.6046675080001478,
    0.5919252329999836,
    0.5501552040000206,
    0.6180679149997559,
    0.5704514329995618
  ],
  "prusti-tests/tests/verify/pass/quick/mut-borrows.rs": [
    0.9615746099998432,
    0.9701243280001108,
    0.9665065089998279,
    0.8300373480001326,
    0.8386468690000584,
    0.891335264999725,
    0.8668382050000218,
    0.9288740619999771,
    0.8796907830001146,
    1.0573120410003867
  ],
  "prusti-tests/tests/verify/pass/quick/shared-borrows.rs": [
    0.6213707360002445,
    0.6221969859998353,
    0.6400524679997943,
    0.7285357279997697,
    0.6837236129999837,
    0.6734300900002381,
    0.6739026239997656,
    0.6207733070000359,
    0.6276138220000576,
    0.6349281650000194
  ],
  "prusti-tests/tests/verify/pass/quick/trait-contracts-refinement.rs": [
    0.991437562000101,
    0.7703671700000996,
    0.7251429299999472,
    0.8817031140001745,
    0.8375216379999983,
    0.8530265770000369,
    0.9281787259997145,
    0.8546944700001404,
    0.9080483010002354,
    0.8882855040001232
  ],
  "prusti-tests/tests/verify/pass/quick/routes.rs": [
    2.611214963999828,
    2.477628375999757,
    2.33828348499992,
    2.3864066010000897,
    2.258436846999757,
    2.177303416000086,
    2.1060767909998503,
    2.2022923190002075,
    2.3243322119997174,
    2.3124716839997745
  ],
  "prusti-tests/tests/verify/pass/quick/fibonacci.rs": [
    2.1981299570002193,
    2.2377944600002593,
    2.1638412589995824,
    2.1850454089999403,
    2.3413629739998214,
    2.3778737860002366,
    2.0461448129999553,
    2.1338273249998565,
    2.264792156999647,
    2.1119441999999253
  ],
  "prusti-tests/tests/verify/pass/pure-fn/len-lookup.rs": [
    0.9899556529999245,
    1.0394497500001307,
    1.0746110800000679,
    1.1224194739997984,
    1.0723802440002146,
    1.120117835000201,
    1.069868891999704,
    1.055117684000379,
    1.1156142419999924,
    1.0103148680000231
  ],
  "prusti-tests/tests/verify/pass/pure-fn/quantifiers.rs": [
    0.9642941810002412,
    0.8817086809999637,
    0.8819329949997154,
    1.0107418929997039,
    0.8781929689998833,
    0.818518264999966,
    0.9260012879999522,
    0.8627423570001156,
    0.9086181359998591,
    0.9432270320003227
  ],
  "prusti-tests/tests/verify/pass/pure-fn/recursive-pure-fn.rs": [
    0.6833232889998726,
    0.6959861559998899,
    0.6697204659999443,
    0.7047657880002589,
    0.6424104110001281,
    0.6954934239997783,
    0.6318667559999085,
    0.6136999550003566,
    0.7251640040003622,
    0.6560833220000859
  ],
  "prusti-tests/tests/verify/pass/pure-fn/ref-mut-arg.rs": [
    0.8794761469998775,
    0.9881887289998303,
    0.9753853540000819,
    0.9052299060003861,
    1.004881338999894,
    0.9130105879999064,
    0.8475342379997528,
    0.9055957549999221,
    0.924446597000042,
    0.8186977909999769
  ],
  "prusti-tests/tests/verify/pass/rosetta/Ackermann_function.rs": [
    0.879864195999744,
    0.9619354669998756,
    0.9174596729999394,
    1.00138935699988,
    1.0445571729997027,
    0.9616244500002722,
    1.0180824700000812,
    1.0939107640001566,
    1.055113213000368,
    1.1268294579999747
  ],
  "prusti-tests/tests/verify/pass/rosetta/Heapsort.rs": [
    7.147952524000175,
    6.7744963539998935,
    6.430203643999903,
    7.070542587000091,
    6.777817353000046,
    6.3586357499998485,
    6.647269305999998,
    6.699699656000121,
    6.5137393429999975,
    6.957944777999728
  ]
}