{
  "prusti-tests/tests/verify/pass/rosetta/Knuth_shuffle.rs": [
    2.887996752000049,
    2.4898081100000127,
    2.3207910759999777,
    2.3682482819999677,
    2.3281776410000248,
    2.265712399999984,
    2.1933053839999275,
    2.280574564999938,
    2.2669409469999664,
    2.2868360200000097
  ],
  "prusti-tests/tests/verify/pass/demos/account.rs": [
    1.9481062799999336,
    1.97384427399993,
    2.073649075999924,
    1.9511242620000075,
    2.026729879999948,
    2.021471398000017,
    2.0032983359999434,
    2.095154985000022,
    1.9714072399999623,
    2.0126681309999412
  ],
  "prusti-tests/tests/verify/pass/rosetta/Knights_tour.rs": [
    122.67302900800007,
    123.86447511699998,
    122.82820447100016,
    125.5365232019999,
    126.39130088299999,
    127.29962136200015,
    127.67765566400021,
    121.50382786699993,
    128.91416070000014,
    121.9438974379998
  ],
  "prusti-tests/tests/verify/pass/quick/fold-unfold.rs": [
    1.339559822999945,
    1.3122449720003715,
    1.2866320419998374,
    1.3361516009999832,
    1.3898863659997005,
    1.3102961700001288,
    1.3906688100000792,
    1.3792533839996395,
    1.4479742940002325,
    1.3479701790001855
  ],
  "prusti-tests/tests/verify/pass/quick/moves.rs": [
    1.6177204160003384,
    1.6574721979995957,
    1.5970879310002601,
    1.5943614249999882,
    1.6030679440000313,
    1.6212450810003247,
    1.5722491330002413,
    1.5952667090000432,
    1.7084544900003493,
    1.6816289909997977
  ],
  "prusti-tests/tests/verify/pass/quick/mut-borrows.rs": [
    3.257158347999848,
    3.288745055999698,
    3.2216660059998503,
    3.3011386610000955,
    3.4419666469998447,
    3.198222751999765,
    3.2978593660000115,
    3.2964306970002326,
    3.3325305029998162,
    3.340547188000073
  ],
  "prusti-tests/tests/verify/pass/quick/shared-borrows.rs": [
    2.0957858420001685,
    2.0253820809998615,
    2.055805079000038,
    2.0611523130000933,
    2.109325158000047,
    2.093510167000204,
    1.9865728810000292,
    2.019819063000341,
    2.0324146450002445,
    2.0332266379996327
  ],
  "prusti-tests/tests/verify/pass/quick/trait-contracts-refinement.rs": [
    1.8024188669996875,
    1.805507081000087,
    1.8237974419998864,
    1.8657142249999197,
    1.7937284350000482,
    1.7526267690000168,
    1.7667804259999684,
    1.770221161000336,
    1.7332362289998855,
    1.8048030479999397
  ],
  "prusti-tests/tests/verify/pass/quick/routes.rs": [
    5.896140257000297,
    5.802011824000147,
    5.716886488,
    5.699235977999706,
    5.820397668000169,
    5.764508716999899,
    5.584109308999814,
    5.682375124999908,
    5.738066335999974,
    5.634564136000336
  ],
  "prusti-tests/tests/verify/pass/quick/fibonacci.rs": [
    7.036940809000043,
    7.31780380500004,
    7.061516015000052,
    7.471054028000253,
    7.255715000999771,
    7.356091273999937,
    7.426883742999962,
    7.189930843000184,
    7.4708854109999265,
    7.427025332999619
  ],
  "prusti-tests/tests/verify/pass/pure-fn/len-lookup.rs": [
    4.08408135100035,
    4.136500266999974,
    4.0558063669996045,
    4.1692576219998045,
    4.187837856999977,
    4.186335164999946,
    4.112030531999608,
    4.097530606999953,
    4.031839815999774,
    4.3397811730001195
  ],
  "prusti-tests/tests/verify/pass/pure-fn/quantifiers.rs": [
    2.4601767680001103,
    2.6050698970002486,
    2.6558270170003198,
    2.585154183999748,
    2.4688591709996217,
    2.6103786769999715,
    2.5842111100000693,
    2.5316332680004052,
    2.588961511999969,
    2.5959896589997697
  ],
  "prusti-tests/tests/verify/pass/pure-fn/recursive-pure-fn.rs": [
    2.3638114320001478,
    2.4167283159999897,
    2.527691498999957,
    2.4517282020001403,
    2.652239104000273,
    2.450381341999673,
    2.3487916629997017,
    2.4566604250003365,
    2.3315192889999707,
    2.5656676349999543
  ],
  "prusti-tests/tests/verify/pass/pure-fn/ref-mut-arg.rs": [
    3.7924187210001037,
    3.861828921000324,
    3.8538104890003524,
    3.8022075970002334,
    3.6985819980000088,
    3.720744190000005,
    3.594187135000084,
    3.5703700910003136,
    3.608454176000123,
    3.6221290230000704
  ],
  "prusti-tests/tests/verify/pass/rosetta/Ackermann_function.rs": [
    2.4458749999998872,
    2.473124631999781,
    2.500840643999709,
    2.386869827999817,
    2.3635243579997223,
    2.445839819000412,
    2.2786108280001827,
    2.4384199199998875,
    2.457500810000056,
    2.610861227999976
  ],
  "prusti-tests/tests/verify/pass/rosetta/Heapsort.rs": [
    12.94185898700016,
    12.60221641499993,
    12.362446450999869,
    12.597637963000125,
    12.878684861999773,
    12.378658258000087,
    12.459519608999926,
    12.572163077999903,
    12.872429678999652,
    12.635828825999852
  ]
}