{
  "prusti-tests/tests/verify/pass/rosetta/Knuth_shuffle.rs": [
    2.3365693189999774,
    2.159009509000043,
    2.1248942199999874,
    1.9942882430000282,
    1.9558073729999705,
    1.921385626000074,
    1.8553993089999494,
    1.8804894300000115,
    1.895907373,
    1.94807519699998
  ],
  "prusti-tests/tests/verify/pass/demos/account.rs": [
    0.8040567699999883,
    0.8078970820000677,
    0.8674776340000108,
    0.7707667590000256,
    0.8589415379999537,
    0.8840314820000685,
    0.7720591639999839,
    0.7734878180000351,
    0.8227621529999851,
    0.745041547000028
  ],
  "prusti-tests/tests/verify/pass/rosetta/Knights_tour.rs": [
    113.78230542899996,
    111.33468075899987,
    112.74753160900013,
    112.9670010079999,
    115.92560649699999,
    115.33061623399999,
    112.83190458400009,
    114.1268590929999,
    110.97014108899998,
    113.48300732899997
  ],
  "prusti-tests/tests/verify/pass/quick/fold-unfold.rs": [
    0.586059779000152,
    0.5622900529997423,
    0.5606315180002639,
    0.5587493640000503,
    0.6733547419999013,
    0.5767953209997358,
    0.5582311180000943,
    0.5614465779999591,
    0.5707107279999946,
    0.5466387780002151
  ],
  "prusti-tests/tests/verify/pass/quick/moves.rs": [
    0.5633178289999705,
    0.5720542369999748,
    0.6278515560002234,
    0.5674813660002656,
    0.553532737000296,
    0.5438800540000557,
    0.549523211000178,
    0.5499983499998962,
    0.5579196899998351,
    0.5671726390000913
  ],
  "prusti-tests/tests/verify/pass/quick/mut-borrows.rs": [
    0.9679155979997631,
    0.9224721179998596,
    0.8656415149998793,
    0.8338111359998948,
    0.8296248970000306,
    0.9138119159997586,
    0.8717911129997447,
    0.9320271080000566,
    0.8787318220001907,
    0.8447897629998806
  ],
  "prusti-tests/tests/verify/pass/quick/shared-borrows.rs": [
    0.708089153000401,
    0.6384754939999766,
    0.6315097280003101,
    0.5898599420002029,
    0.678889978999905,
    0.5893641029997525,
    0.6122150599999259,
    0.675987343000088,
    0.6160785729998679,
    0.6215162990001772
  ],
  "prusti-tests/tests/verify/pass/quick/trait-contracts-refinement.rs": [
    0.8934039020000455,
    0.8752766329998849,
    0.8828123440002855,
    0.8534704660000898,
    0.8779210469997452,
    0.8338672769996265,
    0.8594742529999166,
    0.8336651610002264,
    0.9038139240001328,
    0.8113263380000717
  ],
  "prusti-tests/tests/verify/pass/quick/routes.rs": [
    2.7315568080002777,
    2.3733366620003835,
    2.3555000060000566,
    2.253103939999619,
    2.1206014939998568,
    2.4048431469996103,
    2.2544357410001794,
    2.344193568999799,
    2.221890958000131,
    2.182481646999804
  ],
  "prusti-tests/tests/verify/pass/quick/fibonacci.rs": [
    2.4441586960001587,
    2.2842759990003287,
    2.370116077000148,
    2.2605766879996736,
    2.4750104350000584,
    2.4550734189997456,
    2.331445930999962,
    2.2721798150000723,
    2.2937303700000484,
    2.358502543999748
  ],
  "prusti-tests/tests/verify/pass/pure-fn/len-lookup.rs": [
    0.9510083989998748,
    0.985984689000361,
    1.032437157000004,
    1.097925369999757,
    1.0587165890001415,
    1.0078797649998705,
    1.0976293460003035,
    1.0082621900000959,
    1.0274608700001409,
    1.0374018750003415
  ],
  "prusti-tests/tests/verify/pass/pure-fn/quantifiers.rs": [
    1.0304051079997407,
    0.9272830499999145,
    0.8711817040002643,
    0.8594196499998361,
    0.8586292859999958,
    0.9363665870000659,
    0.8399844589998793,
    0.8503644759998679,
    0.8464880609999454,
    0.9551927910001723
  ],
  "prusti-tests/tests/verify/pass/pure-fn/recursive-pure-fn.rs": [
    0.6799997369998891,
    0.6562481079999998,
    0.6585804970000027,
    0.6686421140002494,
    0.6604234470000847,
    0.6614798319997135,
    0.724569457999678,
    0.6528637470000831,
    0.6586719799997809,
    0.6477710960002696
  ],
  "prusti-tests/tests/verify/pass/pure-fn/ref-mut-arg.rs": [
    0.8577733160000207,
    0.8810584020002352,
    0.9585140789999969,
    0.8604951360002815,
    0.8851806359998591,
    0.8559993720000421,
    0.9643978629997036,
    0.876633703999687,
    0.859108575999926,
    0.8615673770000285
  ],
  "prusti-tests/tests/verify/pass/rosetta/Ackermann_function.rs": [
    0.9790529459996833,
    1.0986600890000773,
    0.9741279459999532,
    0.9597179709999182,
    0.9458729439998024,
    1.133398398999816,
    0.9837952220000261,
    0.9870485869996628,
    0.9338380689996484,
    0.9339103749998685
  ],
  "prusti-tests/tests/verify/pass/rosetta/Heapsort.rs": [
    7.152185810999981,
    6.954368537999926,
    6.709869474999778,
    6.783080598000197,
    6.757641536999927,
    6.959076906000064,
    6.819365392999771,
    6.977822918000129,
    6.9745643199998995,
    6.89018181900019
  ]
}