{
  "prusti-tests/tests/verify/pass/rosetta/Knuth_shuffle.rs": [
    1.8986811400000079,
    1.6608879030000026,
    1.6702834019999955,
    1.60965076399998,
    1.5591727180000134,
    1.5826522300000079,
    1.6262121590000334,
    1.5737503000000288,
    1.5936077719999275,
    1.4844783219999726
  ],
  "prusti-tests/tests/verify/pass/demos/account.rs": [
    0.7543899670000656,
    0.6861633729999994,
    0.6813131310000244,
    0.696233387999996,
    0.6661379910000278,
    0.6617362350000349,
    0.7360663790000217,
    0.6224850559999595,
    0.664721247999978,
    0.6919212199999265
  ],
  "prusti-tests/tests/verify/pass/rosetta/Knights_tour.rs": [
    94.79953786299995,
    92.253617427,
    95.048447152,
    97.08304138599999,
    95.31461882199983,
    92.65465343599999,
    96.43705971400004,
    95.14438173200006,
    94.19493577399999,
    96.70002783600012
  ],
  "prusti-tests/tests/verify/pass/quick/fold-unfold.rs": [
    0.5401654409999992,
    0.4711064529999476,
    0.4713630569999623,
    0.46839481899996827,
    0.48081307799998285,
    0.496421577999854,
    0.4738740889999917,
    0.4683809180000935,
    0.4920698220000759,
    0.4951507619998665
  ],
  "prusti-tests/tests/verify/pass/quick/moves.rs": [
    0.4626794450000489,
    0.46627869100007047,
    0.47319917999993777,
    0.47866295099993295,
    0.5071850120000363,
    0.4800737579998895,
    0.48211398400007965,
    0.47203835499999514,
    0.4681294039999102,
    0.5188752560000012
  ],
  "prusti-tests/tests/verify/pass/quick/mut-borrows.rs": [
    0.7920909599999959,
    0.7489352069999313,
    0.7887363180000193,
    0.7410913070000333,
    0.7127360429999499,
    0.7433572350000759,
    0.7097527040000386,
    0.7463866490002147,
    0.739924062,
    0.7857145489999766
  ],
  "prusti-tests/tests/verify/pass/quick/shared-borrows.rs": [
    0.5191503400001238,
    0.5819201419999445,
    0.5141077750001841,
    0.5457275800001753,
    0.6297237539999969,
    0.5258336249999047,
    0.5082597000000533,
    0.5060631719998128,
    0.5667545480000626,
    0.5060372719999577
  ],
  "prusti-tests/tests/verify/pass/quick/trait-contracts-refinement.rs": [
    0.7460078410001643,
    0.8036033769999449,
    0.688113999999814,
    0.704937014999814,
    0.7571391819999462,
    0.6877545950001149,
    0.6840614479999658,
    0.7474410580000495,
    0.6870008850000886,
    0.6821107229998233
  ],
  "prusti-tests/tests/verify/pass/quick/routes.rs": [
    2.4541021840000212,
    2.195326674999933,
    2.161316738999858,
    2.0922190560002036,
    1.9219042049999189,
    2.1750388519999433,
    2.102630025000053,
    1.9840961080001307,
    2.013286599000139,
    2.0680706020000343
  ],
  "prusti-tests/tests/verify/pass/quick/fibonacci.rs": [
    1.9012980649999918,
    1.666175451000072,
    1.7348690530000113,
    1.7495222500001546,
    1.6912378019999323,
    1.819784152000011,
    1.908878082000001,
    1.849487163999811,
    1.7814710940001532,
    1.8706850349999513
  ],
  "prusti-tests/tests/verify/pass/pure-fn/len-lookup.rs": [
    0.8039679859998614,
    0.7930263459998059,
    0.8977773899998738,
    0.7866406729999653,
    0.8248851629998626,
    0.9192808720001722,
    0.8096175670000321,
    0.8308253380000679,
    0.9223328099999435,
    0.8420344820001446
  ],
  "prusti-tests/tests/verify/pass/pure-fn/quantifiers.rs": [
    0.7116167120000227,
    0.7329313849998016,
    0.7984480480001821,
    0.7143844830000035,
    0.7054291679999096,
    0.772182624999914,
    0.7165383100000327,
    0.7148133880000387,
    0.7654845399999886,
    0.7692738880000434
  ],
  "prusti-tests/tests/verify/pass/pure-fn/recursive-pure-fn.rs": [
    0.5600212980000379,
    0.5563615510000091,
    0.55549244000008,
    0.5596546929998567,
    0.6119539439998789,
    0.5515664649999508,
    0.5620725989999755,
    0.5512771600001543,
    0.552716079999982,
    0.5487030280000909
  ],
  "prusti-tests/tests/verify/pass/pure-fn/ref-mut-arg.rs": [
    0.7894718119998743,
    0.7224272530002054,
    0.730390854999996,
    0.792833655000095,
    0.7358320250000361,
    0.7243045769998844,
    0.7383632529999886,
    0.796279592000019,
    0.7239745670001412,
    0.7234535600000527
  ],
  "prusti-tests/tests/verify/pass/rosetta/Ackermann_function.rs": [
    0.8067849270000806,
    0.855047445000082,
    0.8131402079998225,
    0.7737078029999793,
    0.7956239840000308,
    0.8458099270001185,
    0.7979995149999013,
    0.7929910499999551,
    0.7901149140000143,
    0.8668565959999341
  ],
  "prusti-tests/tests/verify/pass/rosetta/Heapsort.rs": [
    8.124089076000018,
    7.991512577999856,
    7.618613562000064,
    7.892520341999898,
    8.241893988999891,
    8.085694926000087,
    8.024353718999919,
    8.022353006000003,
    7.887942679999924,
    8.066325554999821
  ]
}