{
  "prusti-tests/tests/verify/pass/rosetta/Knuth_shuffle.rs": [
    2.786320004000004,
    2.6375146060000816,
    2.5500535350000746,
    2.6739218100000244,
    2.681501603000015,
    2.5078003639999906,
    2.5383855190000304,
    2.510442765999983,
    2.5166002130000606,
    2.537560904999964
  ],
  "prusti-tests/tests/verify/pass/demos/account.rs": [
    2.3137784560000227,
    2.331303426999966,
    2.2594767159999947,
    2.270148618999997,
    2.3100208309999744,
    2.245254398000043,
    2.230988959000001,
    2.272445224999956,
    2.2463475509999853,
    2.2790628899999774
  ],
  "prusti-tests/tests/verify/pass/rosetta/Knights_tour.rs": [
    139.5844732559999,
    136.5739258640001,
    142.69013884399988,
    145.96043532,
    152.08379570700004,
    148.17436044200008,
    146.303210971,
    143.67806207800027,
    141.74951246199998,
    137.92808355000034
  ],
  "prusti-tests/tests/verify/pass/quick/fold-unfold.rs": [
    1.4452052989995536,
    1.443068218999997,
    1.4669176510001307,
    1.4496790320004038,
    1.4825951930001793,
    1.4993174340002042,
    1.504183219999959,
    1.4974775109999428,
    1.4466709859998446,
    1.4377574499999355
  ],
  "prusti-tests/tests/verify/pass/quick/moves.rs": [
    1.7925803379998797,
    1.8793116100000589,
    1.9239492209999298,
    1.9155543009997018,
    1.9126661919999606,
    1.8899399309998444,
    1.8889749260001736,
    1.729219182000179,
    1.7788905709999199,
    1.8286773649997485
  ],
  "prusti-tests/tests/verify/pass/quick/mut-borrows.rs": [
    3.5313207209997017,
    3.5303623299996616,
    3.4980068949998895,
    3.602219935999983,
    3.5203204520003055,
    3.5706327750003766,
    3.4947417120001774,
    3.5623188819999996,
    3.616073261999645,
    3.5952543359999254
  ],
  "prusti-tests/tests/verify/pass/quick/shared-borrows.rs": [
    2.3872917519997827,
    2.393045368000003,
    2.408372435000274,
    2.362176971000281,
    2.307765523999933,
    2.365996515000006,
    2.3832823309999185,
    2.4379046969997944,
    2.3896163790000173,
    2.2557111350001833
  ],
  "prusti-tests/tests/verify/pass/quick/trait-contracts-refinement.rs": [
    2.0561854190000304,
    1.9930385419997947,
    2.000866735999807,
    1.8939351429999078,
    1.9619345319997592,
    1.9315343869998287,
    2.0163472819999697,
    2.005770999000106,
    1.935213253999791,
    2.033657574999779
  ],
  "prusti-tests/tests/verify/pass/quick/routes.rs": [
    6.599464327000078,
    6.567788457999995,
    6.580512689999978,
    6.416091811000115,
    6.1990680220001195,
    6.331999971000187,
    6.391407008999977,
    6.257642479999959,
    6.278618086999813,
    6.365818319000027
  ],
  "prusti-tests/tests/verify/pass/quick/fibonacci.rs": [
    8.128152284999942,
    7.9967651119995935,
    8.070648749000156,
    8.176364621000175,
    8.016797950000182,
    8.058308909999596,
    8.185157968999647,
    7.913037192000047,
    7.847279643000093,
    8.371770711999943
  ],
  "prusti-tests/tests/verify/pass/pure-fn/len-lookup.rs": [
    4.4485334500000135,
    4.45807081599969,
    4.597624226999869,
    4.495054892000098,
    4.522598911999921,
    4.517817610999828,
    4.489103229000193,
    4.422112562000166,
    4.622176978000425,
    4.54178832100024
  ],
  "prusti-tests/tests/verify/pass/pure-fn/quantifiers.rs": [
    2.795528027999808,
    2.8787868019999223,
    2.936681133000093,
    2.839781923999908,
    2.7537851810002394,
    2.8087238059997617,
    2.760127582000223,
    3.0097665550001693,
    3.0487040540001544,
    2.893804860000273
  ],
  "prusti-tests/tests/verify/pass/pure-fn/recursive-pure-fn.rs": [
    2.536122615000295,
    2.539219032999881,
    2.862217894999958,
    2.5188401539999177,
    2.512461298999824,
    2.522485869999855,
    2.535110976999931,
    2.790273465000155,
    2.6409375530001853,
    2.6008695790001184
  ],
  "prusti-tests/tests/verify/pass/pure-fn/ref-mut-arg.rs": [
    4.126957540999683,
    3.8571458729998085,
    4.101551412999925,
    4.247441375000108,
    4.241113490000316,
    4.3061859539998295,
    4.192334703000142,
    4.195435605000057,
    3.9838155200000074,
    3.8934658210000634
  ],
  "prusti-tests/tests/verify/pass/rosetta/Ackermann_function.rs": [
    2.521742046000327,
    2.5206440040001326,
    2.683848411999861,
    2.5722509480001463,
    2.7288352929999746,
    2.6082751849999113,
    2.5908743159998266,
    2.840316203999919,
    2.6031452440001885,
    2.647460965999926
  ],
  "prusti-tests/tests/verify/pass/rosetta/Heapsort.rs": [
    14.044218832999832,
    13.962870615999691,
    13.954134724000141,
    14.031121458000143,
    14.193562031000056,
    14.075955551999868,
    13.95931437399986,
    14.476396282000223,
    14.06993015299986,
    13.814470281000013
  ]
}