{
  "prusti-tests/tests/verify/pass/rosetta/Knuth_shuffle.rs": [
    2.517484765000063,
    0.3415332169998919,
    0.34036581899999874,
    0.34070591900001546,
    0.34136881700010235,
    0.34032481899998857,
    0.3410805180000125,
    0.340108520000058,
    0.34244901599993227,
    0.34287041499999305
  ],
  "prusti-tests/tests/verify/pass/demos/account.rs": [
    2.1507616059999464,
    0.13312961799999812,
    0.12212954100004936,
    0.12143394199995328,
    0.12198364100004255,
    0.12208384100006242,
    0.12201524099998551,
    0.12230074000001423,
    0.12391513700003998,
    0.12250474000006761
  ],
  "prusti-tests/tests/verify/pass/rosetta/Knights_tour.rs": [
    87.6159957719999,
    2.4926426859999538,
    2.4950488810000024,
    2.4977951430000758,
    2.485297443000036,
    2.4867413399999805,
    2.4901239469999155,
    2.4881089720000773,
    2.490591567000024,
    2.4904888680000568
  ],
  "prusti-tests/tests/verify/pass/quick/fold-unfold.rs": [
    1.1619682350000176,
    0.09271013499994751,
    0.08971103999999741,
    0.08951184099998954,
    0.08977814000002127,
    0.08974634100002277,
    0.0891578410000875,
    0.08952394100003858,
    0.09001474000001508,
    0.09001053999998021
  ],
  "prusti-tests/tests/verify/pass/quick/moves.rs": [
    1.4036238049999383,
    0.08557954800005518,
    0.08435155000006489,
    0.08418104999998377,
    0.08422845000006873,
    0.08534074900001087,
    0.08485234900001615,
    0.08457784900008392,
    0.08436325000002398,
    0.08632014700003765
  ],
  "prusti-tests/tests/verify/pass/quick/mut-borrows.rs": [
    2.7178914689999374,
    0.1511644320000869,
    0.14925903400001062,
    0.1493808349999881,
    0.1508534319999626,
    0.15065753299995777,
    0.14960053400000106,
    0.1502730329999622,
    0.14973413299992444,
    0.14979443400000036
  ],
  "prusti-tests/tests/verify/pass/quick/shared-borrows.rs": [
    1.7314254240000082,
    0.08555944799991266,
    0.08540254799993363,
    0.08525584799997432,
    0.08491364899998644,
    0.08492114900002434,
    0.08510534899994582,
    0.08518224800002372,
    0.08475714999997308,
    0.08451834899994992
  ],
  "prusti-tests/tests/verify/pass/quick/trait-contracts-refinement.rs": [
    1.6281771069999422,
    0.13092696800003978,
    0.1319926649999843,
    0.1319758650000722,
    0.13107356700004402,
    0.13108846699992682,
    0.13202416599995104,
    0.13120046599999569,
    0.13257396500000596,
    0.13128516599999784
  ],
  "prusti-tests/tests/verify/pass/quick/routes.rs": [
    4.9083697789999405,
    0.3370504010000559,
    0.3382397990000072,
    0.3371506009999621,
    0.33879699799990703,
    0.3376158999999461,
    0.33671500200000537,
    0.3380476989999579,
    0.3378248999999869,
    0.337107501000105
  ],
  "prusti-tests/tests/verify/pass/quick/fibonacci.rs": [
    0.3645583530000067,
    0.3634148539999842,
    0.36357635399997434,
    0.36425255199992534,
    0.3642892530000381,
    0.36390855300010116,
    0.36250645600000553,
    0.36506105099999786,
    0.3626880560000245,
    0.36516285099992274
  ],
  "prusti-tests/tests/verify/pass/pure-fn/len-lookup.rs": [
    3.455217460999961,
    0.2071230320000268,
    0.20759093200001644,
    0.20731113199997253,
    0.20815862999995716,
    0.20600133400000686,
    0.20774163099997622,
    0.20708293199993477,
    0.20800723000002108,
    0.20693163199996434
  ],
  "prusti-tests/tests/verify/pass/pure-fn/quantifiers.rs": [
    2.0406629740000426,
    0.18495887100004893,
    0.1822159760000659,
    0.1813800769999716,
    0.18249687599995923,
    0.18257997499995327,
    0.18345697400002337,
    0.18235687599997163,
    0.18207687599999645,
    0.18201817600004233
  ],
  "prusti-tests/tests/verify/pass/pure-fn/recursive-pure-fn.rs": [
    1.797024906000047,
    0.1388369530000091,
    0.14273044699996262,
    0.138281554999935,
    0.13871915400000034,
    0.13927255200007949,
    0.13888185300004352,
    0.13992695100000674,
    0.13796755499993196,
    0.138628353999934
  ],
  "prusti-tests/tests/verify/pass/pure-fn/ref-mut-arg.rs": [
    2.702512297999988,
    0.17936438300000646,
    0.17995518099996843,
    0.18009368100001666,
    0.18034567999995943,
    0.1787195840000777,
    0.1797974809999232,
    0.18041298100001768,
    0.18174997799997072,
    0.18041998000001058
  ],
  "prusti-tests/tests/verify/pass/rosetta/Ackermann_function.rs": [
    1.802372408999986,
    0.22352700400006142,
    0.2234714039999517,
    0.2229524050000009,
    0.22239370600004804,
    0.22230520599998727,
    0.22209230699991167,
    0.2223698059999606,
    0.2217897070000845,
    0.2236867039999879
  ],
  "prusti-tests/tests/verify/pass/rosetta/Heapsort.rs": [
    9.792398178999974,
    1.0357633620000115,
    1.0327972789999649,
    1.0318710799999735,
    1.0310714820000157,
    1.0305839830000423,
    1.032108180000023,
    1.0325103799999624,
    1.033913876999918,
    1.0348484769999686
  ]
}