{
  "prusti-tests/tests/verify/pass/rosetta/Knuth_shuffle.rs": [
    2.392842834000021,
    2.0287719830000697,
    2.0094267189999755,
    1.9893485329999976,
    2.01787217399999,
    1.93295199399995,
    1.972879842999987,
    1.8977602209999986,
    1.865934435999975,
    1.880260284999963
  ],
  "prusti-tests/tests/verify/pass/demos/account.rs": [
    0.9197601519999807,
    0.8553217650000988,
    0.9084407260000944,
    0.9078209909999941,
    0.8836892279999802,
    0.8678702590000285,
    0.854979194000066,
    0.9152244010000459,
    0.8998117480000474,
    0.8856761370000186
  ]
}