{
  "prusti-tests/tests/verify/pass/rosetta/Knuth_shuffle.rs": [
    2.6436641080000527,
    0.3431039920000103,
    0.3446387730000424,
    0.3419026069999518,
    0.34286319500006357,
    0.34391558200002237,
    0.3404567259999567,
    0.34281289600005493,
    0.34129501500001425,
    0.34175920899997436
  ],
  "prusti-tests/tests/verify/pass/demos/account.rs": [
    2.1026226999999835,
    0.12161947099991721,
    0.12257155600002534,
    0.12280745299995033,
    0.12091027700000723,
    0.12183386500009874,
    0.12143957000000682,
    0.12109737499997664,
    0.12076787899991359,
    0.12101087600001392
  ],
  "prusti-tests/tests/verify/pass/rosetta/Knights_tour.rs": [
    90.68303238199996,
    2.5053449939999837,
    2.5080078530000947,
    2.5096485069999517,
    2.4945836959999497,
    2.499754431999918,
    2.5069068609999476,
    2.505195882999942,
    2.504444692999982,
    2.5106902889999674
  ],
  "prusti-tests/tests/verify/pass/quick/fold-unfold.rs": [
    1.185818968000035,
    0.09067255799993745,
    0.09054605999995147,
    0.0900339670000676,
    0.0902464629999713,
    0.09129725000002509,
    0.09072115799995117,
    0.09254353400001492,
    0.09299272900000233,
    0.09206354000002648
  ],
  "prusti-tests/tests/verify/pass/quick/moves.rs": [
    1.4419537429999991,
    0.08626311399996212,
    0.08688890599989918,
    0.08813228999997591,
    0.08744989900003475,
    0.08664570899998125,
    0.08620211499999186,
    0.08653571000002103,
    0.0859316180000178,
    0.0857367209999893
  ],
  "prusti-tests/tests/verify/pass/quick/mut-borrows.rs": [
    2.787229423000099,
    0.15356916999996884,
    0.1523752840000725,
    0.1514989949999972,
    0.15264258100000916,
    0.15320227400002295,
    0.15202348800005439,
    0.1516518940001106,
    0.15189358999998603,
    0.1534893699999884
  ],
  "prusti-tests/tests/verify/pass/quick/shared-borrows.rs": [
    1.7401409200000444,
    0.09019196600002033,
    0.08572392300004594,
    0.0859008200000062,
    0.08435063899992201,
    0.08469703500009018,
    0.08484643299993877,
    0.08540422599992326,
    0.08856228699994517,
    0.08578222099993127
  ],
  "prusti-tests/tests/verify/pass/quick/trait-contracts-refinement.rs": [
    1.6623284990000684,
    0.1325792330000013,
    0.1307341560000168,
    0.1310466520000091,
    0.13175174299999526,
    0.1425290079999968,
    0.13983384200003002,
    0.1301933629999894,
    0.13107075199991414,
    0.1303360619999694
  ],
  "prusti-tests/tests/verify/pass/quick/routes.rs": [
    5.128974868999876,
    0.3414836039999045,
    0.3404149170000892,
    0.34072091299981366,
    0.3426691879999453,
    0.34486716100013837,
    0.3410822089999783,
    0.3403145180000138,
    0.3413192059999801,
    0.3429279850001876
  ],
  "prusti-tests/tests/verify/pass/quick/fibonacci.rs": [
    0.36861045700015893,
    0.36893395299989606,
    0.3672093750001295,
    0.3652926990000651,
    0.36522279999985585,
    0.36991454100007104,
    0.36915944999987005,
    0.3663119860000279,
    0.3667318810000779,
    0.368195261999972
  ],
  "prusti-tests/tests/verify/pass/pure-fn/len-lookup.rs": [
    3.536505856999838,
    0.21132023800009847,
    0.2093726630000674,
    0.2103911500000777,
    0.2162599800001317,
    0.2114583429997765,
    0.21069465200002924,
    0.21178603900011694,
    0.21027115800006868,
    0.21146374199997808
  ],
  "prusti-tests/tests/verify/pass/pure-fn/quantifiers.rs": [
    2.0963911559999815,
    0.18650415600018277,
    0.18314039899996715,
    0.18189561400004095,
    0.18242880799994055,
    0.1823610080000435,
    0.18348909399992408,
    0.184700378999878,
    0.18344569500004582,
    0.1839551880000272
  ],
  "prusti-tests/tests/verify/pass/pure-fn/recursive-pure-fn.rs": [
    1.8072787890000654,
    0.1404137350000383,
    0.14079823100018984,
    0.14144282300003397,
    0.14074983099999372,
    0.14117642599990177,
    0.15568394399997487,
    0.14760754500002804,
    0.1420986149998953,
    0.1411128260001533
  ],
  "prusti-tests/tests/verify/pass/pure-fn/ref-mut-arg.rs": [
    2.756678506000071,
    0.1832848940000531,
    0.1814037169999665,
    0.1821516069999234,
    0.18354179000016302,
    0.19376006099992082,
    0.18307209599993257,
    0.18354249100002562,
    0.1836379889998625,
    0.1824501030000647
  ],
  "prusti-tests/tests/verify/pass/rosetta/Ackermann_function.rs": [
    1.8329332319999594,
    0.22623045299997102,
    0.2255313620000834,
    0.22548136199998225,
    0.22496916899990538,
    0.22744783799998913,
    0.22750583700008065,
    0.22400828000013462,
    0.22447767400012708,
    0.22446287299999312
  ],
  "prusti-tests/tests/verify/pass/rosetta/Heapsort.rs": [
    9.946767961999967,
    1.0469762279999486,
    1.039816318000021,
    1.039251325999885,
    1.0374301480001122,
    1.042219088000138,
    1.0384976249999909,
    1.0412562770000022,
    1.039151504000074,
    1.037789420999843
  ]
}