{
  "prusti-tests/tests/verify/pass/rosetta/Knuth_shuffle.rs": [
    2.119890375999944,
    1.8478452379999908,
    1.8915550110000368,
    1.8573370429999159,
    1.8994683949999853,
    1.9049836059999734,
    1.7788633830000435,
    1.771884630000045,
    1.7626943179999444,
    1.7347560609999846
  ],
  "prusti-tests/tests/verify/pass/demos/account.rs": [
    0.7550872860000482,
    0.8307225979999657,
    0.7123567329999787,
    0.7345654770000465,
    0.8054198920000317,
    0.7687852579999799,
    0.7365321139999423,
    0.7236807580000004,
    0.6937920609999537,
    0.6918401219999168
  ],
  "prusti-tests/tests/verify/pass/rosetta/Knights_tour.rs": [
    104.02347177000001,
    111.50519165399999,
    107.827427736,
    108.80807518899996,
    106.23915009400002,
    103.84104978999994,
    107.23703381600012,
    106.73431151999989,
    107.31173481400015,
    107.25773912399995
  ],
  "prusti-tests/tests/verify/pass/quick/fold-unfold.rs": [
    0.5675453020000987,
    0.5188890530000663,
    0.519298463000041,
    0.5121549939999568,
    0.5504234980001002,
    0.5472666230000414,
    0.5483644490000188,
    0.4960276129997965,
    0.5495223769999029,
    0.5301937199999429
  ],
  "prusti-tests/tests/verify/pass/quick/moves.rs": [
    0.5830362679998871,
    0.5037713960000474,
    0.5290709939999942,
    0.5477644249999685,
    0.5390173240000422,
    0.5593837510000412,
    0.523786452999957,
    0.510140599999886,
    0.5465215069998521,
    0.5672638389999065
  ],
  "prusti-tests/tests/verify/pass/quick/mut-borrows.rs": [
    0.8847537859999193,
    0.8847108859999935,
    0.921687798999983,
    0.8228358940000362,
    0.8039349830000901,
    0.8776713760000803,
    0.7890202149999368,
    0.7709037470001476,
    0.8463941939999131,
    0.8140588679998473
  ],
  "prusti-tests/tests/verify/pass/quick/shared-borrows.rs": [
    0.6316452789999403,
    0.567634931999919,
    0.5800353120000636,
    0.5759788200000457,
    0.7416362649998973,
    0.5592997439998726,
    0.5540842880000127,
    0.6213264739999431,
    0.5787717040000189,
    0.5715601399999741
  ],
  "prusti-tests/tests/verify/pass/quick/trait-contracts-refinement.rs": [
    0.8300852380000379,
    0.8679716009999083,
    0.7716127030000735,
    0.7829912629999853,
    0.8207665249999536,
    0.7519175539998741,
    0.8732905229999233,
    0.7872480680000535,
    0.8043217500000992,
    0.831498707000037
  ],
  "prusti-tests/tests/verify/pass/quick/routes.rs": [
    2.389014662000136,
    2.28301759399983,
    2.1609676309999486,
    2.152646594000089,
    2.1050058850000823,
    2.0976410289999876,
    2.172438503999956,
    2.2025737210001353,
    2.127817739000193,
    2.0461975460000303
  ],
  "prusti-tests/tests/verify/pass/quick/fibonacci.rs": [
    2.1719966289999775,
    2.0693941200001973,
    2.0530741049999506,
    1.9486428200000319,
    1.9723531920001278,
    2.047361846000058,
    2.011719444000164,
    2.0906908520000798,
    1.9788252440000633,
    1.823146043999941
  ],
  "prusti-tests/tests/verify/pass/pure-fn/len-lookup.rs": [
    0.8570575659998667,
    0.9101599919999899,
    1.0482534200000373,
    0.936951259999887,
    0.9802688600000238,
    0.8948768459999883,
    0.944807824999998,
    0.8946728420000909,
    0.8827269070000057,
    0.9328489910001281
  ],
  "prusti-tests/tests/verify/pass/pure-fn/quantifiers.rs": [
    0.7798435899999276,
    0.7914010169999983,
    0.8592675470001723,
    0.8117383070000415,
    0.8168826769999669,
    0.8429070160000265,
    0.8066041040001437,
    0.7909315399999741,
    0.8503963429998294,
    0.7879445690000466
  ],
  "prusti-tests/tests/verify/pass/pure-fn/recursive-pure-fn.rs": [
    0.6073014109999804,
    0.6844897499997842,
    0.6357054759998846,
    0.6415451939999457,
    0.6061344929998995,
    0.61056298099993,
    0.7237534389998928,
    0.6478164239999842,
    0.622936528000082,
    0.6099930699999732
  ],
  "prusti-tests/tests/verify/pass/pure-fn/ref-mut-arg.rs": [
    0.9065809859998808,
    0.8269710989998202,
    0.827850215999888,
    0.8978018120001252,
    0.82678351200002,
    0.8430762519999462,
    0.8539021699998557,
    0.8228716459998395,
    0.8126966410000023,
    0.8705757049999647
  ],
  "prusti-tests/tests/verify/pass/rosetta/Ackermann_function.rs": [
    0.9562155280000297,
    0.8850878969999485,
    0.9234267679998993,
    0.8727469490002022,
    0.8893392930001482,
    0.9226765410001008,
    0.9142564740000125,
    0.8593246819998512,
    0.9289275650000945,
    0.901063011999895
  ],
  "prusti-tests/tests/verify/pass/rosetta/Heapsort.rs": [
    6.0367500810000365,
    6.19669230500017,
    6.162089392000098,
    6.336761330999934,
    6.435896967999952,
    6.221212158999833,
    6.248075990999951,
    6.105450625000003,
    6.378620988999955,
    6.336144031999993
  ]
}