{
  "prusti-tests/tests/verify/pass/rosetta/Knuth_shuffle.rs": [
    2.289823080999895,
    2.0314515649999976,
    1.9453657569999905,
    1.935503017999963,
    1.9069641499997942,
    1.9413369110000076,
    1.88336987699995,
    1.8729893199999879,
    1.9115509830000974,
    1.894156601000077
  ],
  "prusti-tests/tests/verify/pass/demos/account.rs": [
    1.7631810469999891,
    1.7886630230000264,
    1.7613785580001604,
    1.770770346999825,
    1.7360345849999703,
    1.742119879000029,
    1.7844948560000375,
    1.7602651830000013,
    1.74603029900004,
    1.7638707789999444
  ],
  "prusti-tests/tests/verify/pass/rosetta/Knights_tour.rs": [
    100.81775816899994,
    97.96077137199995,
    100.61111146200005,
    99.20314812099991,
    100.95025919499994,
    100.55561927000008,
    100.12161907400014,
    102.700505518,
    98.706941594,
    101.02641989499989
  ],
  "prusti-tests/tests/verify/pass/quick/fold-unfold.rs": [
    1.1972508049998396,
    1.2141837870003656,
    1.196951105000153,
    1.192383609999979,
    1.1936039090001032,
    1.1969846050001252,
    1.1981235849998484,
    1.1919950860001336,
    1.2111048649999248,
    1.210218665999946
  ],
  "prusti-tests/tests/verify/pass/quick/moves.rs": [
    1.4330028199997287,
    1.4384381139998368,
    1.4380618140003207,
    1.446155306000037,
    1.4429351090002456,
    1.43507611799987,
    1.4300211230001878,
    1.4355049179998787,
    1.449949001999812,
    1.4364859180000167
  ],
  "prusti-tests/tests/verify/pass/quick/mut-borrows.rs": [
    2.7966447199996765,
    2.7520081689999643,
    2.771510551999654,
    2.755815769000037,
    2.7699121559999185,
    2.824350106000111,
    2.8039433280000594,
    2.7772350690001986,
    2.768823895999958,
    2.7534589130000313
  ],
  "prusti-tests/tests/verify/pass/quick/shared-borrows.rs": [
    1.7998573529998794,
    1.7822800899998583,
    1.7642089099999794,
    1.7661555070003487,
    1.778779093999674,
    1.7638982979997309,
    1.7641593920002379,
    1.7874648679999154,
    1.762633494000056,
    1.7721381789997395
  ],
  "prusti-tests/tests/verify/pass/quick/trait-contracts-refinement.rs": [
    1.6112830339998254,
    1.552550298999904,
    1.5703024800000094,
    1.5671399819998442,
    1.5439775090003423,
    1.5469885130000876,
    1.5543549049998546,
    1.550844508999944,
    1.5454853149999508,
    1.5393374210002548
  ],
  "prusti-tests/tests/verify/pass/quick/routes.rs": [
    4.465321960999972,
    4.280123678000109,
    4.187928873000146,
    4.195361327999763,
    4.168978438000067,
    4.177098081000167,
    4.142177129000174,
    4.153943856999831,
    4.10427431700009,
    4.11121140799969
  ],
  "prusti-tests/tests/verify/pass/quick/fibonacci.rs": [
    5.249044864000098,
    5.356537643999673,
    5.239761069999986,
    5.259189848000005,
    5.303004299999884,
    5.256664355000339,
    5.30879455000013,
    5.25371577199985,
    5.228891458999897,
    5.240170676000162
  ],
  "prusti-tests/tests/verify/pass/pure-fn/len-lookup.rs": [
    3.09911687299973,
    3.1204605660000198,
    3.1084396779997405,
    3.0834708970000975,
    3.0630071179998595,
    3.11515794800016,
    3.0897973510000156,
    3.0880585529998825,
    3.1042871959998593,
    3.0648953599998094
  ],
  "prusti-tests/tests/verify/pass/pure-fn/quantifiers.rs": [
    1.9094632189999174,
    1.9243944750000992,
    1.8979152460001387,
    1.9121614320001754,
    1.9557248860000982,
    1.9218895429999066,
    1.9146111539998856,
    1.917762403999859,
    1.9003495649999422,
    1.8949901410001075
  ],
  "prusti-tests/tests/verify/pass/pure-fn/recursive-pure-fn.rs": [
    1.695363480999731,
    1.7027686729998095,
    1.7250431470001786,
    1.6795347990000664,
    1.6921730979997847,
    1.7046914939996896,
    1.7166922800001885,
    1.7028064959999938,
    1.6931161070001508,
    1.6953114789998835
  ],
  "prusti-tests/tests/verify/pass/pure-fn/ref-mut-arg.rs": [
    2.499639863000084,
    2.42739824399996,
    2.4779959790002977,
    2.469682191999709,
    2.471696788999907,
    2.4586485370000446,
    2.4702101210000365,
    2.489586883999891,
    2.542888683000001,
    2.5205369620002784
  ],
  "prusti-tests/tests/verify/pass/rosetta/Ackermann_function.rs": [
    1.7849940880000759,
    1.7215791730000092,
    1.735442454999884,
    1.7113367430001745,
    1.7279518679997636,
    1.7537856409999222,
    1.740906953999911,
    1.7193831950003187,
    1.7186870719997387,
    1.7153507749999335
  ],
  "prusti-tests/tests/verify/pass/rosetta/Heapsort.rs": [
    9.850389282999913,
    9.798060773000088,
    9.709255575000043,
    9.704928948000088,
    9.704940051999984,
    9.708374547999938,
    9.700320065000142,
    9.756276139999954,
    9.715305138000076,
    9.730269864000093
  ]
}