{
  "prusti-tests/tests/verify/pass/rosetta/Knuth_shuffle.rs": [
    2.84111429699999,
    0.36079777000009017,
    0.3571131169999262,
    0.35691311400000814,
    0.35719671800006836,
    0.3564574069999935,
    0.35672421099991425,
    0.3550268870000082,
    0.35425467499999286,
    0.3546936809999579
  ],
  "prusti-tests/tests/verify/pass/demos/account.rs": [
    2.199993737999989,
    0.13222403200006738,
    0.1261564430000135,
    0.12614934300006553,
    0.12472292199993262,
    0.1257120360000954,
    0.12682875299992702,
    0.12644994699996914,
    0.12674655199998597,
    0.1265111479999632
  ],
  "prusti-tests/tests/verify/pass/rosetta/Knights_tour.rs": [
    104.1032116770001,
    2.572865370000045,
    2.5631482300000243,
    2.567086983000081,
    2.5635967719999826,
    2.5709318039998834,
    2.562367677999873,
    2.5628065010000682,
    2.564203927000108,
    2.5624944010000945
  ],
  "prusti-tests/tests/verify/pass/quick/fold-unfold.rs": [
    1.2565416019999702,
    0.09675656400008847,
    0.09717546899992158,
    0.0965703609999764,
    0.09695426600001156,
    0.0957040490000054,
    0.0963952579998022,
    0.09599835299991355,
    0.09747467400006826,
    0.09567984799991791
  ],
  "prusti-tests/tests/verify/pass/quick/moves.rs": [
    1.4571131340001102,
    0.09284060799996041,
    0.09280730799991943,
    0.09225010000000111,
    0.09139218699988305,
    0.09182829399992443,
    0.09151408900015667,
    0.0917700939999122,
    0.09209749799993006,
    0.09164189099988107
  ],
  "prusti-tests/tests/verify/pass/quick/mut-borrows.rs": [
    2.928109763999828,
    0.15682150999987243,
    0.15713341400009995,
    0.15670190900004854,
    0.15619060100016213,
    0.15846333299987236,
    0.1548870829999487,
    0.15556199200000265,
    0.15527038799996262,
    0.1578972249999424
  ],
  "prusti-tests/tests/verify/pass/quick/shared-borrows.rs": [
    1.8259842069999195,
    0.09305317100006505,
    0.0929941700001109,
    0.09177565200002391,
    0.09004852600014601,
    0.09039983200000279,
    0.09078063700007988,
    0.09169305099999292,
    0.09104714099999,
    0.09081123699979798
  ],
  "prusti-tests/tests/verify/pass/quick/trait-contracts-refinement.rs": [
    1.7347331519999898,
    0.13627110800007358,
    0.1375563259998671,
    0.13721472100019128,
    0.13734992400009105,
    0.136748414000067,
    0.1373346230000152,
    0.13650921099997504,
    0.13675201499995637,
    0.1362704069999836
  ],
  "prusti-tests/tests/verify/pass/quick/routes.rs": [
    5.14333112700001,
    0.33926473399992574,
    0.3401141449999159,
    0.3410845599998993,
    0.3414347650000309,
    0.341310963000069,
    0.3407497550001608,
    0.33805801599987717,
    0.3396030379999502,
    0.3396372390000124
  ],
  "prusti-tests/tests/verify/pass/quick/fibonacci.rs": [
    0.37368293399981667,
    0.36929697000005035,
    0.36996407999981784,
    0.37040148599999156,
    0.37331872799995836,
    0.3726982200000748,
    0.36958107400005247,
    0.37118039300003147,
    0.36936226700004227,
    0.3697979730000043
  ],
  "prusti-tests/tests/verify/pass/pure-fn/len-lookup.rs": [
    3.644956355999966,
    0.21567703300001995,
    0.21021135399996638,
    0.21427271299990025,
    0.21357530299997052,
    0.2139755089999653,
    0.21011215299995456,
    0.21218158200008475,
    0.2122889849999865,
    0.2100097510001433
  ],
  "prusti-tests/tests/verify/pass/pure-fn/quantifiers.rs": [
    2.1794136900000467,
    0.19053967100012414,
    0.18762972700005776,
    0.18564219799986859,
    0.1869705179999528,
    0.18762672699995164,
    0.18585580099988874,
    0.18423957599998175,
    0.18829523799990966,
    0.18515599000011207
  ],
  "prusti-tests/tests/verify/pass/pure-fn/recursive-pure-fn.rs": [
    1.9148283560000436,
    0.14476108100006968,
    0.14590119800004686,
    0.1444309759999669,
    0.14419687300005535,
    0.14536149100013063,
    0.1448553830000492,
    0.14663470999994388,
    0.14506158600011076,
    0.14586299799998415
  ],
  "prusti-tests/tests/verify/pass/pure-fn/ref-mut-arg.rs": [
    2.89347285000008,
    0.18618392700000186,
    0.18654983100009304,
    0.18824935499992534,
    0.18568021999999473,
    0.1890917669998089,
    0.1879787519999354,
    0.18872166200003448,
    0.18790235100004793,
    0.18936097199980395
  ],
  "prusti-tests/tests/verify/pass/rosetta/Ackermann_function.rs": [
    1.8962966500000675,
    0.22860162500001024,
    0.22471266999991713,
    0.22423676399989745,
    0.2261901909998869,
    0.22862762500017197,
    0.22597508800004107,
    0.2273309069998959,
    0.22750190900001144,
    0.22567278399992574
  ],
  "prusti-tests/tests/verify/pass/rosetta/Heapsort.rs": [
    11.427101856000036,
    1.0589078069999687,
    1.0647716050000327,
    1.0609847409998565,
    1.0638307890001215,
    1.0588903170000776,
    1.0624833890001355,
    1.0645615920000182,
    1.0600754239999333,
    1.0645276879999983
  ]
}