{
  "prusti-tests/tests/verify/pass/rosetta/Knuth_shuffle.rs": [
    2.263802090000013,
    2.0294635950000384,
    2.0274232719999645,
    2.018547572999978,
    2.0097699949999424,
    1.9810160870000573,
    1.9879258640000899,
    2.016057776000025,
    1.929359452999961,
    1.8971433200000547
  ],
  "prusti-tests/tests/verify/pass/demos/account.rs": [
    1.782203341000013,
    1.7803416199999447,
    1.7924780649999548,
    1.7788658480000095,
    1.7734352869999839,
    1.751358941000035,
    1.7693453419999514,
    1.7926241010000012,
    1.778754145999983,
    1.7528906569999663
  ],
  "prusti-tests/tests/verify/pass/rosetta/Knights_tour.rs": [
    100.78692296300005,
    99.40292041500004,
    99.72524605000001,
    99.19688107900004,
    99.74535726699992,
    98.79087332300014,
    101.31393451000008,
    100.16057082900011,
    99.64696824200018,
    99.53421901000002
  ],
  "prusti-tests/tests/verify/pass/quick/fold-unfold.rs": [
    1.1925643110000692,
    1.1714593730000615,
    1.1735495960001572,
    1.1562522020001325,
    1.166688319000059,
    1.1590523710001435,
    1.1907348400000046,
    1.164462642999979,
    1.1760316740001144,
    1.1560041479999654
  ],
  "prusti-tests/tests/verify/pass/quick/moves.rs": [
    1.4328411729998152,
    1.4012040779998642,
    1.435419568000043,
    1.4026767010000185,
    1.4071582510000553,
    1.4385438020001402,
    1.4032134069998392,
    1.399227928000073,
    1.429827148999948,
    1.4060470839999653
  ],
  "prusti-tests/tests/verify/pass/quick/mut-borrows.rs": [
    2.8019246549999934,
    2.770420768000122,
    2.8171709470000224,
    2.8352486480000607,
    2.781311738999875,
    2.8080862320000506,
    2.808062132000032,
    2.768010342000025,
    2.8178491809999286,
    2.8127240239998628
  ],
  "prusti-tests/tests/verify/pass/quick/shared-borrows.rs": [
    1.7985623170000054,
    1.7577548730000672,
    1.7722169329999815,
    1.7883657130000756,
    1.7835229649999746,
    1.7863677059999645,
    1.763374849999991,
    1.7842005819998121,
    1.7820768579999822,
    1.7768012309998085
  ],
  "prusti-tests/tests/verify/pass/quick/trait-contracts-refinement.rs": [
    1.5637849590000314,
    1.5480734840000423,
    1.4926775659998839,
    1.5305959889999485,
    1.493161285000042,
    1.5341280469999674,
    1.4993531590000657,
    1.554462674999968,
    1.4999808659999871,
    1.5418332000001556
  ],
  "prusti-tests/tests/verify/pass/quick/routes.rs": [
    5.042304278000074,
    4.915066555999829,
    4.821646751000117,
    4.683207304999996,
    4.803809403000059,
    4.597545982999918,
    4.72062865099997,
    4.763786620000019,
    4.692052125999908,
    4.637264013999811
  ],
  "prusti-tests/tests/verify/pass/quick/fibonacci.rs": [
    5.934708764999868,
    5.941736438999897,
    5.925023052000142,
    6.068476764000025,
    5.916786181000134,
    6.082116385000063,
    5.8291686690001825,
    5.908382749000111,
    5.933006539000189,
    6.035652024000001
  ],
  "prusti-tests/tests/verify/pass/pure-fn/len-lookup.rs": [
    3.4235434249999344,
    3.452051818999962,
    3.3685846760001823,
    3.4374041999999463,
    3.492713058999925,
    3.4434659329999704,
    3.44298397700004,
    3.4460992570000144,
    3.4352995369999917,
    3.3997753300000113
  ],
  "prusti-tests/tests/verify/pass/pure-fn/quantifiers.rs": [
    2.1727501479999773,
    2.136076686000024,
    2.165096109999922,
    2.1356231800000387,
    2.079602068999975,
    2.152493311999933,
    2.1356055810001635,
    2.091143509000176,
    2.1394312820000323,
    2.3837885939999524
  ],
  "prusti-tests/tests/verify/pass/pure-fn/recursive-pure-fn.rs": [
    2.065126303999932,
    2.108971967000116,
    2.02820275199997,
    2.013294825999992,
    2.1674117200000182,
    2.0618252159999884,
    2.087804774999995,
    2.0843001329999424,
    2.0458753790001083,
    2.102429038999844
  ],
  "prusti-tests/tests/verify/pass/pure-fn/ref-mut-arg.rs": [
    2.5424258279999776,
    2.4669034539999757,
    2.4668089530000543,
    2.6036022709999997,
    2.459846820000166,
    2.77759442699994,
    2.566024227000071,
    2.5186876010000105,
    2.514385354000069,
    2.6097325429998364
  ],
  "prusti-tests/tests/verify/pass/rosetta/Ackermann_function.rs": [
    2.0468837010000698,
    2.0073473759998706,
    2.0858767039999293,
    1.9701905180002086,
    2.164452841000184,
    2.065220796999938,
    1.9953268599999774,
    2.085327581999991,
    1.9854009759999371,
    2.109491468999977
  ],
  "prusti-tests/tests/verify/pass/rosetta/Heapsort.rs": [
    10.670977129999983,
    10.439073435999944,
    10.24824029499996,
    10.118171651000011,
    10.343066203000035,
    10.453326019000087,
    10.587851155999942,
    10.45379819999971,
    10.329593743999794,
    10.225146014000075
  ]
}