{
  "prusti-tests/tests/verify/pass/rosetta/Knuth_shuffle.rs": [
    2.8821080960000245,
    0.38914418100000603,
    0.3783736669998916,
    0.39131526300002406,
    0.3855087709999907,
    0.39067100900001606,
    0.38949531000002935,
    0.3891152770000872,
    0.39975887900004636,
    0.3739078880000761
  ],
  "prusti-tests/tests/verify/pass/demos/account.rs": [
    2.344408286000089,
    0.13618384200003675,
    0.13142693800000416,
    0.14147748999994292,
    0.12961788500001603,
    0.13319828800001687,
    0.13173416400002225,
    0.13322979099996246,
    0.13427347899994402,
    0.13125452299993867
  ],
  "prusti-tests/tests/verify/pass/rosetta/Knights_tour.rs": [
    98.433093342,
    2.861795976999929,
    2.8598086079999803,
    2.679943613999967,
    2.640206967999916,
    2.730535115999942,
    2.810519870999997,
    2.628982490999988,
    2.6351811160000125,
    2.677157505000082
  ],
  "prusti-tests/tests/verify/pass/quick/fold-unfold.rs": [
    1.359123701000044,
    0.10199263799995606,
    0.10436293899999782,
    0.10126737600000979,
    0.1012352740000324,
    0.10147069300001021,
    0.10053851400004987,
    0.10127967700009322,
    0.10228236200009633,
    0.10063582299994778
  ],
  "prusti-tests/tests/verify/pass/quick/moves.rs": [
    1.6395596500000238,
    0.09416807500008417,
    0.09598342900005719,
    0.10142158899998321,
    0.1024571760000299,
    0.09841613499997948,
    0.10261689000003571,
    0.09522756499995921,
    0.09637326200004281,
    0.09782068499998786
  ],
  "prusti-tests/tests/verify/pass/quick/mut-borrows.rs": [
    3.1830594299999575,
    0.16539949500008788,
    0.1645006190000231,
    0.16816782900002636,
    0.16490115300007346,
    0.171627421999915,
    0.16445171500004108,
    0.1740868289999753,
    0.17606389700006275,
    0.17308614499995656
  ],
  "prusti-tests/tests/verify/pass/quick/shared-borrows.rs": [
    2.0573148730001094,
    0.09926899899994623,
    0.09517845300001682,
    0.09208799200007434,
    0.09509504599998309,
    0.09640105699998003,
    0.09287845899996228,
    0.0961927390000028,
    0.10052080499997373,
    0.09678278900003079
  ],
  "prusti-tests/tests/verify/pass/quick/trait-contracts-refinement.rs": [
    1.8724571320000223,
    0.15524423400006526,
    0.14837115299997095,
    0.14291109200007668,
    0.1471987549999767,
    0.14490465999995195,
    0.1443304109999417,
    0.14813943399997243,
    0.1459329470000057,
    0.14114024200000586
  ],
  "prusti-tests/tests/verify/pass/quick/routes.rs": [
    5.82709551500011,
    0.38124905600011516,
    0.36573124300002746,
    0.3696513339998546,
    0.3845381010000892,
    0.37603248000004896,
    0.3535934779999934,
    0.36389785200003644,
    0.37339265699984026,
    0.3747130690001086
  ],
  "prusti-tests/tests/verify/pass/quick/fibonacci.rs": [
    0.4079799889998412,
    0.41953186899991124,
    0.39416611799993007,
    0.38884166599996206,
    0.38534657000013794,
    0.38748845199984316,
    0.38641206100010095,
    0.39412341399997786,
    0.40278054800000973,
    0.3964663120000296
  ],
  "prusti-tests/tests/verify/pass/pure-fn/len-lookup.rs": [
    4.030084604999956,
    0.2333292660000552,
    0.23412023400010185,
    0.2316204219998781,
    0.22583183100005044,
    0.2251001689999157,
    0.2240683820000413,
    0.2344629620001797,
    0.22553470599996217,
    0.22437510800000382
  ],
  "prusti-tests/tests/verify/pass/pure-fn/quantifiers.rs": [
    2.483242265999934,
    0.20115003999990222,
    0.1942019519999576,
    0.20327902100007122,
    0.2006971020000492,
    0.1992568799998935,
    0.19430696099993838,
    0.2002868669999316,
    0.19797517200004222,
    0.19382051899992803
  ],
  "prusti-tests/tests/verify/pass/pure-fn/recursive-pure-fn.rs": [
    2.1349750659999245,
    0.1569325939999544,
    0.15125001299998075,
    0.15038073899995652,
    0.15133322099995894,
    0.16001115499989282,
    0.1505131500000516,
    0.15994205000015427,
    0.1510957000000417,
    0.15475601000002825
  ],
  "prusti-tests/tests/verify/pass/pure-fn/ref-mut-arg.rs": [
    3.1701549619999696,
    0.20346633700000893,
    0.19974072099989826,
    0.19755703200007702,
    0.20198130599987962,
    0.20388806699997986,
    0.20099812199987355,
    0.19550435800010746,
    0.19102917800000796,
    0.19305214999985765
  ],
  "prusti-tests/tests/verify/pass/rosetta/Ackermann_function.rs": [
    2.0573248380001132,
    0.2526115939999727,
    0.24592732800010708,
    0.2524802830000681,
    0.24749215999986518,
    0.2509494529999756,
    0.2431793949999701,
    0.24370293999982096,
    0.24150195299989718,
    0.24259644600010688
  ],
  "prusti-tests/tests/verify/pass/rosetta/Heapsort.rs": [
    11.190926566000144,
    1.0973172620001606,
    1.115960940999912,
    1.1091672659999858,
    1.0827369270000418,
    1.0959457459998703,
    1.1025531060001867,
    1.1106832770001347,
    1.135465252000131,
    1.0704468460000953
  ]
}