{
  "prusti-tests/tests/verify/pass/rosetta/Knuth_shuffle.rs": [
    2.4427298179999752,
    2.1935996409999916,
    1.973992652999982,
    1.9184916300000623,
    2.057078899999965,
    2.0091305639999746,
    1.9692917029999535,
    1.9356843440000375,
    2.023578773000054,
    1.939639771999964
  ],
  "prusti-tests/tests/verify/pass/demos/account.rs": [
    1.8189326089998303,
    1.8300097430001188,
    1.8380431069999759,
    1.8287171399999806,
    1.8332328719998259,
    1.8343870430001061,
    1.8003534350000336,
    1.8725551659999837,
    1.7839506150000943,
    1.7938052540000626
  ],
  "prusti-tests/tests/verify/pass/rosetta/Knights_tour.rs": [
    104.677574478,
    103.61817287999997,
    104.34432370800005,
    102.8834031209999,
    102.75547369499986,
    99.22325506399989,
    98.74967003500001,
    100.55132132200015,
    103.56938112499984,
    102.71265973200002
  ],
  "prusti-tests/tests/verify/pass/quick/fold-unfold.rs": [
    1.1947972110001501,
    1.1892389439999533,
    1.2015623510001205,
    1.1953247080000438,
    1.1992548349999197,
    1.1871020509997834,
    1.1984307289999379,
    1.1985362300001725,
    1.1940618460002952,
    1.2025620219997109
  ],
  "prusti-tests/tests/verify/pass/quick/moves.rs": [
    1.4459026450003876,
    1.453471692000221,
    1.459533730000203,
    1.4537308930002837,
    1.4487417420000384,
    1.4470544589999008,
    1.4468434119999074,
    1.446803311000167,
    1.451288442999612,
    1.4440419929997006
  ],
  "prusti-tests/tests/verify/pass/quick/mut-borrows.rs": [
    2.859536396999829,
    2.872785710000244,
    2.875947566999912,
    2.8696527090000927,
    2.8629054609996274,
    2.8657824629999595,
    2.864078058999894,
    2.858611217000089,
    2.904425928999899,
    2.873501120000128
  ],
  "prusti-tests/tests/verify/pass/quick/shared-borrows.rs": [
    1.807337913000083,
    1.819544235000194,
    1.8302920470000572,
    1.8082846849997622,
    1.814256228999966,
    1.8113492070001485,
    1.8074408080001376,
    1.820563305000178,
    1.8145708609999929,
    1.7994734510002672
  ],
  "prusti-tests/tests/verify/pass/quick/trait-contracts-refinement.rs": [
    1.6033851780002806,
    1.5314893229997324,
    1.5270702909997453,
    1.5639499580001939,
    1.52875540299965,
    1.523771472000135,
    1.570219120999809,
    1.5322244449998834,
    1.524950391999937,
    1.575277757999629
  ],
  "prusti-tests/tests/verify/pass/quick/routes.rs": [
    4.9354979730001105,
    4.903611790000014,
    4.597652689999904,
    4.759729164999953,
    4.618679262000114,
    4.725773703999948,
    4.526310958000067,
    4.66018661499993,
    4.662687675999678,
    4.616663989999779
  ],
  "prusti-tests/tests/verify/pass/quick/fibonacci.rs": [
    5.9285397640001065,
    5.871324071999879,
    5.874708628000008,
    5.982883494999896,
    5.840442778999659,
    5.876498688000083,
    5.998157119999632,
    5.8678248810001605,
    5.876374425999984,
    5.893768735999856
  ],
  "prusti-tests/tests/verify/pass/pure-fn/len-lookup.rs": [
    3.3427823229999376,
    3.4051842730000317,
    3.3626900209997075,
    3.3489672109999447,
    3.3441327049999927,
    3.3616543730004196,
    3.3892645720002292,
    3.349310967999827,
    3.3862542349997966,
    3.399672840000221
  ],
  "prusti-tests/tests/verify/pass/pure-fn/quantifiers.rs": [
    2.07664209900031,
    2.086834573000033,
    2.099336866000158,
    2.0783233280003515,
    2.0614118070002405,
    2.0635624219999045,
    2.0725489989999915,
    2.0592216240002017,
    2.08363589999999,
    2.081548184999974
  ],
  "prusti-tests/tests/verify/pass/pure-fn/recursive-pure-fn.rs": [
    1.8377093889998832,
    1.8342754800000876,
    1.8638932030003161,
    1.8324359660000482,
    1.8545310650001738,
    1.8408113289997345,
    1.8317138590000468,
    1.8529330209998989,
    1.869366047999847,
    1.842800096999781
  ],
  "prusti-tests/tests/verify/pass/pure-fn/ref-mut-arg.rs": [
    2.836815991000094,
    2.7227583710000545,
    2.7381896839997353,
    2.8021709220001867,
    2.756949328999781,
    2.787411516999782,
    2.719034813000235,
    2.7269832830002088,
    2.81113945900006,
    2.726145582999834
  ],
  "prusti-tests/tests/verify/pass/rosetta/Ackermann_function.rs": [
    1.825287247000233,
    1.817409219000183,
    1.8264932909996787,
    1.8187472350000462,
    1.825286682999831,
    1.827126996000061,
    1.8133533010000065,
    1.8233896080000704,
    1.82606772500003,
    1.8353869829998075
  ],
  "prusti-tests/tests/verify/pass/rosetta/Heapsort.rs": [
    9.560515555000165,
    9.645668047000072,
    9.465049109999654,
    9.22526994799955,
    9.265692717000093,
    9.38448795000022,
    9.348116097999991,
    9.469219701999918,
    9.52209239800004,
    9.217181222999898
  ]
}