{
  "prusti-tests/tests/verify/pass/rosetta/Knuth_shuffle.rs": [
    2.4538473979999935,
    2.1399807450000026,
    2.071262929999989,
    2.0870117470000196,
    2.010218372000054,
    2.0442718259999992,
    2.2544424970000136,
    2.0469529519999696,
    1.9793772149999995,
    1.9435438939999585
  ],
  "prusti-tests/tests/verify/pass/demos/account.rs": [
    1.8623733709999897,
    1.8457326199999216,
    1.8586993490000623,
    1.8602281619999985,
    1.7927482799999552,
    1.8131547390000833,
    1.8242306429999644,
    1.8081146160000117,
    1.7516009710000162,
    1.7611971999999696
  ],
  "prusti-tests/tests/verify/pass/rosetta/Knights_tour.rs": [
    106.580925062,
    118.07489166900007,
    107.74496280799997,
    104.05174017600007,
    108.70276986600015,
    102.6014292960001,
    101.35917707499993,
    101.23604135400001,
    104.34721883800012,
    101.7764250570001
  ],
  "prusti-tests/tests/verify/pass/quick/fold-unfold.rs": [
    1.1716208170000755,
    1.1856196920000457,
    1.187039102999961,
    1.1768831269998827,
    1.193614751000041,
    1.1748779120000563,
    1.1860861949999162,
    1.1685126690001653,
    1.2155199029998585,
    1.2318309109998609
  ],
  "prusti-tests/tests/verify/pass/quick/moves.rs": [
    1.4577825180001582,
    1.4072349799998847,
    1.4242148069999985,
    1.479824330999918,
    1.4526844280001114,
    1.4248899219999203,
    1.4131723359998887,
    1.4487993990001087,
    1.4691468489997987,
    1.421825298000158
  ],
  "prusti-tests/tests/verify/pass/quick/mut-borrows.rs": [
    2.8572122969999327,
    2.883429089999936,
    3.1384773550000773,
    2.8704426869999224,
    2.873935817000074,
    2.9403214420001405,
    2.851878485000043,
    2.8841358200002105,
    2.8772708559999955,
    2.8496644519998426
  ],
  "prusti-tests/tests/verify/pass/quick/shared-borrows.rs": [
    1.8022257709999394,
    1.805919582999877,
    1.7937170919999517,
    1.7731327400001646,
    1.7903202659999806,
    1.8223448920000465,
    1.8270965230001366,
    1.8399058180000338,
    1.7720615160001216,
    1.8105823329999566
  ],
  "prusti-tests/tests/verify/pass/quick/trait-contracts-refinement.rs": [
    1.5909001559998615,
    1.5533847770000193,
    1.5612391349998234,
    1.5175020090000544,
    1.5221109100000376,
    1.5948583739998412,
    1.5249852409999676,
    1.5742921169999136,
    1.5406320600000072,
    1.5609067549999054
  ],
  "prusti-tests/tests/verify/pass/quick/routes.rs": [
    5.2647037880001335,
    5.080537035000134,
    4.815061195999988,
    4.648253815000089,
    4.753031683000017,
    4.676923430999977,
    4.622879292999869,
    4.647831137999901,
    4.637523055999964,
    4.679963414999975
  ],
  "prusti-tests/tests/verify/pass/quick/fibonacci.rs": [
    6.057561359000147,
    6.0644092,
    6.095477011999947,
    6.090774405000047,
    6.23485717199992,
    6.0155344949998835,
    6.041355367000051,
    6.77439956399985,
    8.470073864999904,
    6.166543491999846
  ],
  "prusti-tests/tests/verify/pass/pure-fn/len-lookup.rs": [
    3.5650276260000737,
    3.4824309609998636,
    3.5320354760001464,
    3.4962108900001567,
    3.5788761740000155,
    3.4592502689999947,
    3.5374965189998875,
    3.5729359289998683,
    3.6050728729999264,
    3.551761553999995
  ],
  "prusti-tests/tests/verify/pass/pure-fn/quantifiers.rs": [
    2.2532890219997626,
    2.1990572130002874,
    2.3562911379999605,
    2.173906337000062,
    2.7862423820001823,
    3.136172885999713,
    2.1689641709999705,
    2.1346453539999857,
    2.2947637399997802,
    2.306090819000019
  ],
  "prusti-tests/tests/verify/pass/pure-fn/recursive-pure-fn.rs": [
    2.0964292629996635,
    2.076348213000074,
    2.344285925999884,
    2.113078876000145,
    2.1936316710002757,
    2.115734095999869,
    2.0766627339999104,
    2.2366060419999485,
    2.1817952319997858,
    2.172084727999845
  ],
  "prusti-tests/tests/verify/pass/pure-fn/ref-mut-arg.rs": [
    3.357353640999918,
    3.209346240999821,
    3.1544871430000967,
    3.2043828170003508,
    3.165611496999645,
    3.265203403999749,
    3.0379226260001815,
    3.1852776939999785,
    3.032198166999933,
    3.2066717819998303
  ],
  "prusti-tests/tests/verify/pass/rosetta/Ackermann_function.rs": [
    2.1209953210000094,
    2.007658981000077,
    2.046427367999968,
    2.106249173999913,
    1.98662520400012,
    2.1321554729997843,
    2.0112025849998645,
    2.111336376000054,
    2.186805320000076,
    2.0692193489999227
  ],
  "prusti-tests/tests/verify/pass/rosetta/Heapsort.rs": [
    10.997666175999711,
    10.6877249449999,
    10.89624246700032,
    10.655512431999796,
    10.621497842999815,
    10.672901357999763,
    10.859589097000026,
    10.730445204999796,
    10.681799042999955,
    10.478191249000247
  ]
}