{
  "prusti-tests/tests/verify/pass/rosetta/Knuth_shuffle.rs": [
    2.0210223439999027,
    1.9042616720000751,
    1.7939734689999796,
    1.79496062599992,
    1.7567971659999557,
    1.8188919589999841,
    1.7987267500000144,
    1.8147943550000036,
    1.7770576299999448,
    1.7347821509999903
  ],
  "prusti-tests/tests/verify/pass/demos/account.rs": [
    0.7399769529999958,
    0.7705210770000122,
    0.6960809880000625,
    0.7126470120000477,
    0.7591121009999142,
    0.6998806999999942,
    0.6839943150000636,
    0.765075232000072,
    0.7138378779999357,
    0.7938309349999599
  ],
  "prusti-tests/tests/verify/pass/rosetta/Knights_tour.rs": [
    101.02475856299998,
    103.83065852599998,
    107.11195840399989,
    102.96750000800012,
    103.11964011400005,
    102.13999932799993,
    105.86362837399997,
    101.91771728999993,
    102.16912900599982,
    102.66984011599993
  ],
  "prusti-tests/tests/verify/pass/quick/fold-unfold.rs": [
    0.5637040690000958,
    0.5057614620000095,
    0.5232156580000265,
    0.5339940779999779,
    0.5207556779998868,
    0.5250588700000662,
    0.5100573560000612,
    0.5285880760000055,
    0.5121839930000078,
    0.49663781300000664
  ],
  "prusti-tests/tests/verify/pass/quick/moves.rs": [
    0.5456368870000006,
    0.5052384000000529,
    0.5008955539999533,
    0.5000645069999337,
    0.5112517400000343,
    0.5610729600000468,
    0.5135281700001997,
    0.5140805010000804,
    0.5405656989998988,
    0.5148850260000017
  ],
  "prusti-tests/tests/verify/pass/quick/mut-borrows.rs": [
    0.9044704729999467,
    0.7219978200000696,
    0.8547156780000478,
    0.8082798479999838,
    0.7448782670001037,
    0.866842085999906,
    0.7584923500000968,
    0.7506618580000577,
    0.8698477369998727,
    0.7655369450001217
  ],
  "prusti-tests/tests/verify/pass/quick/shared-borrows.rs": [
    0.5650535990000662,
    0.6138606879999315,
    0.5770342829998754,
    0.5623843460000444,
    0.6567949430000226,
    0.5478518150000582,
    0.5679252630000065,
    0.5898511159998634,
    0.6257862709999245,
    0.5622478390000651
  ],
  "prusti-tests/tests/verify/pass/quick/trait-contracts-refinement.rs": [
    0.837068747000103,
    0.8368397710000863,
    0.6961474330000783,
    0.7440925180001159,
    0.7666299259999505,
    0.7167581300000165,
    0.7698771150000994,
    0.7817580050000288,
    0.7293494609998561,
    0.735010789999933
  ],
  "prusti-tests/tests/verify/pass/quick/routes.rs": [
    2.389068239999915,
    2.0443945320000694,
    1.9272461309999471,
    2.0187242629999673,
    2.01762564500018,
    1.9741313839999748,
    2.128015853000079,
    1.9306574449999516,
    1.929703285999949,
    2.0729827449999902
  ],
  "prusti-tests/tests/verify/pass/quick/fibonacci.rs": [
    1.9184170050000375,
    1.814195846000075,
    1.9410811570000988,
    1.8366459200001373,
    1.7955879720000212,
    2.1265426949998982,
    2.010105636999924,
    2.005844808999882,
    1.788125071999957,
    1.9538960800000496
  ],
  "prusti-tests/tests/verify/pass/pure-fn/len-lookup.rs": [
    0.901238942999953,
    0.9826359619999039,
    0.9345000809998965,
    0.9131612430001042,
    0.9178007069999694,
    0.8175943080000252,
    0.8815538450000986,
    0.8743095340000764,
    0.8455728999999792,
    0.8933150150000984
  ],
  "prusti-tests/tests/verify/pass/pure-fn/quantifiers.rs": [
    0.7550739509999858,
    0.763308023000036,
    0.7831144589999894,
    0.8527470310000353,
    0.7793378440001106,
    0.7665457140001308,
    0.8456520259999252,
    0.7943575009999222,
    0.7744940669999778,
    0.7559667109999282
  ],
  "prusti-tests/tests/verify/pass/pure-fn/recursive-pure-fn.rs": [
    0.6381929940000646,
    0.5927942060000078,
    0.5864050479999605,
    0.6049376890000531,
    0.5767158940000172,
    0.6469567639999241,
    0.6008948610001426,
    0.5788892170000963,
    0.5609824050000043,
    0.5602513639998961
  ],
  "prusti-tests/tests/verify/pass/pure-fn/ref-mut-arg.rs": [
    0.8513271140000143,
    0.8299919080000109,
    0.7898308389999329,
    0.8439878990000125,
    0.7779123579998668,
    0.755066921000207,
    0.7738935039999433,
    0.8425261509999018,
    0.7564580010000554,
    0.7473100749998594
  ],
  "prusti-tests/tests/verify/pass/rosetta/Ackermann_function.rs": [
    0.8039786330000425,
    0.9361053319998973,
    0.8263145179998901,
    0.8275164879999011,
    0.9644825880000099,
    0.8682878099998561,
    0.8943318719998388,
    0.7925590629999988,
    0.8833928579999792,
    0.830162072000121
  ],
  "prusti-tests/tests/verify/pass/rosetta/Heapsort.rs": [
    5.884780372000023,
    5.8493115070000385,
    5.954743965000034,
    5.940527079000049,
    5.9911122519999935,
    5.952518539000039,
    5.840880184000071,
    5.860911021999982,
    5.913024492999966,
    6.1010526769998705
  ]
}