{
  "prusti-tests/tests/verify/pass/rosetta/Knuth_shuffle.rs": [
    2.934290395000062,
    2.6251470469999276,
    2.479386482000109,
    2.477588100000048,
    2.453431116000047,
    2.499189847000025,
    2.4859753100001853,
    2.481551576000129,
    2.444056461999935,
    2.4697808810001334
  ],
  "prusti-tests/tests/verify/pass/demos/account.rs": [
    2.2879588209998474,
    2.343058732999907,
    2.30796254400002,
    2.2827281449999646,
    2.2867993750001006,
    2.293004711000094,
    2.2982330109998657,
    2.350002295999957,
    2.302741144000038,
    2.283735113000148
  ],
  "prusti-tests/tests/verify/pass/rosetta/Knights_tour.rs": [
    132.6692511639999,
    129.03265734699994,
    124.61734971800001,
    126.71801584600007,
    126.04654708499993,
    126.685107195,
    124.29725532900011,
    125.82340163799972,
    126.03576048200011,
    127.95569175699984
  ],
  "prusti-tests/tests/verify/pass/quick/fold-unfold.rs": [
    1.5788754610002798,
    1.565431763000106,
    1.5706984999997076,
    1.5481148449998727,
    1.5406371929998386,
    1.5375985730001958,
    1.5407078850003018,
    1.5348082320001595,
    1.5664578529999744,
    1.550676442999702
  ],
  "prusti-tests/tests/verify/pass/quick/moves.rs": [
    1.888575605999904,
    1.868123826000101,
    1.877342188000057,
    1.8712344439995832,
    1.8717592480002168,
    1.8959473380000418,
    1.8750573199999963,
    1.8756807240001763,
    1.8798205540001618,
    1.8629645959999834
  ],
  "prusti-tests/tests/verify/pass/quick/mut-borrows.rs": [
    3.6139664399997855,
    3.5697799069998837,
    3.583321939000143,
    3.6007380149999335,
    3.5912103649998244,
    3.6233988650001265,
    3.596541112000068,
    3.6221942189999936,
    3.6193828089999442,
    3.593050172000403
  ],
  "prusti-tests/tests/verify/pass/quick/shared-borrows.rs": [
    2.313552809000157,
    2.304658520999965,
    2.3227535949999947,
    2.3241366040001594,
    2.3376831979999224,
    2.3298782880001454,
    2.3137748459998875,
    2.340170255999965,
    2.3262222440002915,
    2.31929939299971
  ],
  "prusti-tests/tests/verify/pass/quick/trait-contracts-refinement.rs": [
    2.072946346000208,
    2.033539550000114,
    2.041265907000252,
    2.0347621060000165,
    2.0122878020001735,
    2.022219613999823,
    2.0250744609998037,
    2.02580884300005,
    2.0180143880002106,
    2.026072645000113
  ],
  "prusti-tests/tests/verify/pass/quick/routes.rs": [
    5.869192646000101,
    5.656741989000238,
    5.441464275000271,
    5.434735501999967,
    5.413895916999991,
    5.405943960000059,
    5.404697913999826,
    5.439489183000205,
    5.392031259000305,
    5.4061769630002345
  ],
  "prusti-tests/tests/verify/pass/quick/fibonacci.rs": [
    6.87386603799996,
    6.942441213000166,
    6.870637248999628,
    6.8258534609999515,
    6.880298244000187,
    6.9357286879999265,
    6.865535280000131,
    6.866171119000228,
    6.853224947999934,
    6.947941041999911
  ],
  "prusti-tests/tests/verify/pass/pure-fn/len-lookup.rs": [
    4.069086426000013,
    4.085587300999578,
    4.063505728000109,
    4.041558925000118,
    4.0469072539999615,
    4.053748880000057,
    4.116105745000368,
    4.144883431999915,
    4.090362646999893,
    4.057975753999926
  ],
  "prusti-tests/tests/verify/pass/pure-fn/quantifiers.rs": [
    2.5231926550000026,
    2.499996223999915,
    2.5032716020000407,
    2.5429719830003705,
    2.4712791899996773,
    2.499363457999607,
    2.5111623420002616,
    2.505030098000134,
    2.5135076230003506,
    2.5506457820001742
  ],
  "prusti-tests/tests/verify/pass/pure-fn/recursive-pure-fn.rs": [
    2.2851219089998267,
    2.2708850240001084,
    2.2338119139999435,
    2.2381273450000663,
    2.2398971299999175,
    2.2566019269997923,
    2.260813857999892,
    2.237583684999663,
    2.2363997479997124,
    2.246707701000105
  ],
  "prusti-tests/tests/verify/pass/pure-fn/ref-mut-arg.rs": [
    3.3390733510000246,
    3.3037742880001133,
    3.2720023349997973,
    3.271310457999789,
    3.2462177180000253,
    3.261511803999838,
    3.252355324000291,
    3.2966319580000345,
    3.2505618440000035,
    3.282520948999718
  ],
  "prusti-tests/tests/verify/pass/rosetta/Ackermann_function.rs": [
    2.320852950999779,
    2.267016214999785,
    2.2779891879999923,
    2.301730404999944,
    2.265775375999965,
    2.288487099000122,
    2.2660578600002736,
    2.2777365659999305,
    2.282074841999929,
    2.3077031550001266
  ],
  "prusti-tests/tests/verify/pass/rosetta/Heapsort.rs": [
    12.724465710999993,
    12.743894791999992,
    12.665867633999824,
    12.637810911000088,
    12.690655397000228,
    12.76147825299995,
    12.7165406969998,
    12.596384046000367,
    12.6867436120001,
    12.653087265000067
  ]
}