{
  "prusti-tests/tests/verify/pass/rosetta/Knuth_shuffle.rs": [
    2.757483031999982,
    2.4564490319999095,
    2.380204987999946,
    2.4481085840000105,
    2.402210782999987,
    2.360619740000061,
    2.3743000179999854,
    2.3875259889999825,
    2.3265459519999467,
    2.326249245999975
  ],
  "prusti-tests/tests/verify/pass/demos/account.rs": [
    2.1540443109998932,
    2.1359372150000127,
    2.1233389599999555,
    2.144033178999962,
    2.114086461999932,
    2.1256865110000263,
    2.1352349049999475,
    2.123214960000041,
    2.1252758959999483,
    2.1421318369999653
  ],
  "prusti-tests/tests/verify/pass/rosetta/Knights_tour.rs": [
    121.103976321,
    120.07546929900002,
    121.95609846000002,
    121.09825020000017,
    120.77503736299991,
    118.33469093000008,
    118.64697773500006,
    118.53061415399998,
    121.58365856299997,
    116.3576480639997
  ],
  "prusti-tests/tests/verify/pass/quick/fold-unfold.rs": [
    1.3850039509998169,
    1.3771893909997743,
    1.3686371160001727,
    1.3869755910000094,
    1.3729299139999966,
    1.3873576360001607,
    1.377082325000174,
    1.3633759440003814,
    1.3837796630000412,
    1.3713965089996236
  ],
  "prusti-tests/tests/verify/pass/quick/moves.rs": [
    1.6879640870001822,
    1.6867949560000852,
    1.6712358370000402,
    1.6867661549999866,
    1.7010848479999368,
    1.670976447999692,
    1.6584186720001526,
    1.6855975280000166,
    1.7060987469999418,
    1.675568230999943
  ],
  "prusti-tests/tests/verify/pass/quick/mut-borrows.rs": [
    3.4033574239997506,
    3.344816923000053,
    3.3090546939997694,
    3.3741209729996626,
    3.4125491290001264,
    3.3509139540001343,
    3.3169089549996897,
    3.365764958999989,
    3.3585370820001117,
    3.353092854999886
  ],
  "prusti-tests/tests/verify/pass/quick/shared-borrows.rs": [
    2.119813592000355,
    2.1256639129996984,
    2.0845233710001594,
    2.118174048000128,
    2.1464927299998635,
    2.1149825839997902,
    2.122711024000182,
    2.1230661660001715,
    2.0868942249999236,
    2.111663531999966
  ],
  "prusti-tests/tests/verify/pass/quick/trait-contracts-refinement.rs": [
    1.8896864949997507,
    1.83884746800004,
    1.822730737999791,
    1.807682429000124,
    1.8289095639997868,
    1.783247498000037,
    1.8450590620000185,
    1.8264520810002978,
    1.8294519430000946,
    1.8034213129999443
  ],
  "prusti-tests/tests/verify/pass/quick/routes.rs": [
    6.264076323999689,
    5.985174430999905,
    6.046094225000161,
    5.807471885000268,
    5.893555441999979,
    5.912991876999968,
    5.793069395000202,
    5.860006946999874,
    5.888639860000239,
    5.903083914000035
  ],
  "prusti-tests/tests/verify/pass/quick/fibonacci.rs": [
    7.375748237999687,
    7.339650818999871,
    7.381489728999895,
    7.371193221999874,
    7.4560235750000174,
    7.543919851999817,
    7.273997556000268,
    7.348304485999961,
    7.302416438999899,
    7.391390216000218
  ],
  "prusti-tests/tests/verify/pass/pure-fn/len-lookup.rs": [
    4.246331275000102,
    4.255645762000313,
    4.207208891999926,
    4.2231923160002225,
    4.302919873000064,
    4.2264198990001205,
    4.228436108000096,
    4.259642368000186,
    4.20038281799998,
    4.2891518319997886
  ],
  "prusti-tests/tests/verify/pass/pure-fn/quantifiers.rs": [
    2.606363382999916,
    2.7247954909998953,
    2.660258682999938,
    2.5652897579998353,
    2.6171454259997518,
    2.6616508379997867,
    2.6499728419998974,
    2.611423547999948,
    2.7761514820003867,
    2.9043621390001135
  ],
  "prusti-tests/tests/verify/pass/pure-fn/recursive-pure-fn.rs": [
    2.4605938859999696,
    2.5341249960001733,
    2.4530180050001036,
    2.595196167999802,
    2.5085391620000337,
    2.4986213140000473,
    2.5185517129998516,
    2.4991166139998313,
    2.540066073000162,
    2.6694758559997354
  ],
  "prusti-tests/tests/verify/pass/pure-fn/ref-mut-arg.rs": [
    3.001152832999651,
    2.9816809720000492,
    3.108487721000074,
    3.0153547820000313,
    3.2751623350000045,
    3.165164268999888,
    3.024134227000104,
    3.02457820599966,
    3.185565221000161,
    3.013680010999906
  ],
  "prusti-tests/tests/verify/pass/rosetta/Ackermann_function.rs": [
    2.4413463529999717,
    2.4534807040004125,
    2.451064653999765,
    2.6115091570000004,
    2.4673307889997886,
    2.4880025180000302,
    2.452203781999742,
    2.6216406700000334,
    2.4304878739999367,
    2.498951046000002
  ],
  "prusti-tests/tests/verify/pass/rosetta/Heapsort.rs": [
    12.904763590999664,
    12.601853038000172,
    12.942248186000143,
    12.635748589999821,
    12.824557903999903,
    12.765391870999792,
    12.789488301999882,
    12.738748557000235,
    12.687358199999835,
    12.877096198000345
  ]
}