{
  "prusti-tests/tests/verify/pass/rosetta/Knuth_shuffle.rs": [
    2.6384916900000235,
    2.414844656000014,
    2.3503305730000648,
    2.237459113,
    2.3504220959999884,
    2.181108775000098,
    2.208269716000018,
    2.274674965000031,
    2.1319711749999897,
    2.1122525600000017
  ],
  "prusti-tests/tests/verify/pass/demos/account.rs": [
    2.0172541249999085,
    2.032007625999995,
    2.0794880939999985,
    2.0977347929999723,
    2.0734533769999643,
    2.0096544509999603,
    2.0159086819999175,
    2.078156765000017,
    2.0026449719999846,
    2.0370593220000046
  ],
  "prusti-tests/tests/verify/pass/rosetta/Knights_tour.rs": [
    120.01543995600002,
    114.20328807500005,
    115.34376371199983,
    118.24218720699992,
    118.87735612799997,
    115.46462906400006,
    117.66346878000013,
    115.37938241899997,
    112.21129092899992,
    118.17151142800003
  ],
  "prusti-tests/tests/verify/pass/quick/fold-unfold.rs": [
    1.3688413759998639,
    1.3798293960001047,
    1.354427687999987,
    1.332556150000073,
    1.383026159999872,
    1.3642405389998657,
    1.3242953420001413,
    1.3388052339998922,
    1.405293176999976,
    1.3438875370000005
  ],
  "prusti-tests/tests/verify/pass/quick/moves.rs": [
    1.6634368729999096,
    1.6520521499999177,
    1.6601292099999228,
    1.7062000260000332,
    1.6586929810000584,
    1.6418911060000028,
    1.6594477789999473,
    1.659273075000101,
    1.6561368130001028,
    1.6700162920001276
  ],
  "prusti-tests/tests/verify/pass/quick/mut-borrows.rs": [
    3.2430275280003116,
    3.2198042299996814,
    3.261953657000049,
    3.2568737030001103,
    3.2370837170001323,
    3.2079961949998506,
    3.1928631629998563,
    3.2590736910001397,
    3.199370723999891,
    3.230403643000045
  ],
  "prusti-tests/tests/verify/pass/quick/shared-borrows.rs": [
    2.02362773699997,
    2.0154955409998365,
    2.0808234549999725,
    2.0425843859998167,
    2.0459884890001376,
    2.0038613149999946,
    2.0196658240001852,
    2.0243110149999666,
    2.0788778149999416,
    2.0500098909997178
  ],
  "prusti-tests/tests/verify/pass/quick/trait-contracts-refinement.rs": [
    1.7582840149998447,
    1.7765308769999137,
    1.8057124770002702,
    1.7200079869999172,
    1.725789801999781,
    1.7710531990001073,
    1.7664596109998456,
    1.7714757310000095,
    1.776543830999799,
    1.702298058999986
  ],
  "prusti-tests/tests/verify/pass/quick/routes.rs": [
    5.507544240999778,
    5.477998915000171,
    5.209724051000194,
    5.336593274999814,
    5.1875452770000265,
    5.375837462000163,
    5.3628254190002735,
    5.499010666999766,
    5.2734900699997524,
    5.279347863000112
  ],
  "prusti-tests/tests/verify/pass/quick/fibonacci.rs": [
    6.915454015999785,
    6.63984782200032,
    6.806008485999882,
    6.826870503999999,
    6.615950301999874,
    6.678228018000027,
    6.814587521000249,
    6.745872654999857,
    6.608719471999848,
    6.76396568500013
  ],
  "prusti-tests/tests/verify/pass/pure-fn/len-lookup.rs": [
    3.900451903999965,
    3.795544492999852,
    3.8218443959999604,
    3.922704321999845,
    3.892839085000105,
    3.899653518999912,
    3.912959996999689,
    3.8698512400001164,
    3.8935118300000795,
    4.003678323999793
  ],
  "prusti-tests/tests/verify/pass/pure-fn/quantifiers.rs": [
    2.4539377880000757,
    2.4035834210003486,
    2.4024726689999625,
    2.404550310999639,
    2.426118986000347,
    2.4147969989999183,
    2.407722357000239,
    2.4393858120001823,
    2.4642873029997645,
    2.4819507570000496
  ],
  "prusti-tests/tests/verify/pass/pure-fn/recursive-pure-fn.rs": [
    2.1046148929999617,
    2.086372231000041,
    2.1579613320000135,
    2.1786004440000397,
    2.229955266000161,
    2.1523997549998057,
    2.1892461910001657,
    2.170028807000108,
    2.1630887970000003,
    2.1694116379999286
  ],
  "prusti-tests/tests/verify/pass/pure-fn/ref-mut-arg.rs": [
    3.267429426000035,
    3.212217821000195,
    3.2286684159998913,
    3.1647410390000914,
    3.2882960990000356,
    3.1926644879999913,
    3.2748248289999538,
    3.196807169999829,
    3.1277314890003254,
    3.2612916339999174
  ],
  "prusti-tests/tests/verify/pass/rosetta/Ackermann_function.rs": [
    2.158534208999754,
    2.039181025000289,
    2.076761282999996,
    2.0407371659998716,
    2.0691613340000004,
    2.062626802000068,
    2.0600145489997885,
    2.0669610869999815,
    2.0976391989997865,
    2.0872650920000524
  ],
  "prusti-tests/tests/verify/pass/rosetta/Heapsort.rs": [
    10.79963261399962,
    10.994804682999984,
    11.09702356300022,
    11.439939440000217,
    11.196916958000202,
    11.338313774999733,
    10.81048560599993,
    10.922935018999851,
    10.971621640999729,
    10.928397803999815
  ]
}