{
  "prusti-tests/tests/verify/pass/rosetta/Knuth_shuffle.rs": [
    2.316704507000054,
    2.121672063999995,
    2.123274864999985,
    2.1013724599999932,
    2.0407197470000256,
    1.9409080249999988,
    1.932578723000006,
    1.9760453319998987,
    1.9314150229999996,
    1.9341866230000733
  ],
  "prusti-tests/tests/verify/pass/demos/account.rs": [
    0.9639022110000042,
    0.908434998999951,
    0.9092845989999887,
    0.8954065959999298,
    0.9066463980000208,
    0.8576210879999735,
    0.911779700000011,
    0.872736891000045,
    0.8353287830000227,
    0.8932962950000274
  ]
}