{
  "prusti-tests/tests/verify/pass/rosetta/Knuth_shuffle.rs": [
    2.700785988000007,
    0.35581580799998846,
    0.32379432799996266,
    0.32561224400001265,
    0.3198373929999434,
    0.3472544319999997,
    0.3279748679999557,
    0.3550839060000044,
    0.3244782369999939,
    0.3532611889999089
  ],
  "prusti-tests/tests/verify/pass/demos/account.rs": [
    2.167527355999937,
    0.132087155000022,
    0.13075044299989713,
    0.1315511500000639,
    0.13090294500000255,
    0.13050684099994214,
    0.13113014700002168,
    0.13188755399994534,
    0.13109164700006204,
    0.13118094700007532
  ],
  "prusti-tests/tests/verify/pass/rosetta/Knights_tour.rs": [
    85.90534883099997,
    2.5491972830000122,
    2.2802153320000116,
    2.283190257000001,
    2.2769694029999528,
    2.280530833999933,
    2.2764071980000153,
    2.2788310190001084,
    2.282498650999969,
    2.275848293000081
  ],
  "prusti-tests/tests/verify/pass/quick/fold-unfold.rs": [
    1.1091186950000065,
    0.08905507899999066,
    0.08993028599991248,
    0.09049959100002525,
    0.09158429999990858,
    0.09053629100003491,
    0.09039489000008416,
    0.09087009500001386,
    0.09289841200006776,
    0.0916963020000594
  ],
  "prusti-tests/tests/verify/pass/quick/moves.rs": [
    1.4222813320000114,
    0.08633385500002078,
    0.08595265200005997,
    0.08635055500008093,
    0.08586404999994102,
    0.08663955700001225,
    0.08684535900010815,
    0.08710346199995911,
    0.08617305400002806,
    0.08608655299997281
  ],
  "prusti-tests/tests/verify/pass/quick/mut-borrows.rs": [
    2.6439947100000154,
    0.1448156659999995,
    0.1453994699999157,
    0.14364895599999272,
    0.14543867199995475,
    0.1441756599999735,
    0.1440522589999773,
    0.14297804999989694,
    0.14435256199999458,
    0.14494526700002552
  ],
  "prusti-tests/tests/verify/pass/quick/shared-borrows.rs": [
    1.6540334580000717,
    0.08480194100002336,
    0.08375073299998803,
    0.0847924409999905,
    0.08457003900002746,
    0.08304472600002555,
    0.08464743900003668,
    0.08588885099993604,
    0.08312102699994739,
    0.08360422999999173
  ],
  "prusti-tests/tests/verify/pass/quick/trait-contracts-refinement.rs": [
    1.529882372999964,
    0.12730251300001783,
    0.1263423039999907,
    0.12695990899999288,
    0.12566349799999443,
    0.12948003200006042,
    0.12746011400008683,
    0.12824972099997467,
    0.12914902900001834,
    0.12603880100004972
  ],
  "prusti-tests/tests/verify/pass/quick/routes.rs": [
    5.253667420999932,
    0.3535984910000707,
    0.35024396199992225,
    0.34945635500002936,
    0.3530364850000751,
    0.3501004600000215,
    0.34979975700002797,
    0.3523624800000107,
    0.34486201400000027,
    0.31485455200004253
  ],
  "prusti-tests/tests/verify/pass/quick/fibonacci.rs": [
    0.3377025510000067,
    0.3393162659999689,
    0.3401903729999276,
    0.34372370400001273,
    0.37165594800001145,
    0.34206469000002926,
    0.33517892999998367,
    0.33621903899995687,
    0.34097898100003476,
    0.33976106900001923
  ],
  "prusti-tests/tests/verify/pass/pure-fn/len-lookup.rs": [
    3.4469330279999895,
    0.19989324699997724,
    0.19789013000001887,
    0.2134017659999472,
    0.21171835099994496,
    0.21260705899999266,
    0.21399717099995996,
    0.21246575700001813,
    0.21189885199999026,
    0.1933493899999803
  ],
  "prusti-tests/tests/verify/pass/pure-fn/quantifiers.rs": [
    2.078507367000043,
    0.1970745229999693,
    0.19423389800010682,
    0.17947386799994547,
    0.18009387400002197,
    0.1767060440000705,
    0.17687234599998192,
    0.17694714700007808,
    0.17440792400009286,
    0.17704274699997313
  ],
  "prusti-tests/tests/verify/pass/pure-fn/recursive-pure-fn.rs": [
    1.8238436409999395,
    0.14880800000003092,
    0.14698458500004108,
    0.14977440899997418,
    0.1485050979999869,
    0.15071901700002854,
    0.15156132399999933,
    0.15223393100006888,
    0.1513135229999989,
    0.1472021860000723
  ],
  "prusti-tests/tests/verify/pass/pure-fn/ref-mut-arg.rs": [
    2.743113775999973,
    0.1894563550000612,
    0.17640124199999718,
    0.1755030340000303,
    0.19111147099999926,
    0.1807112800000823,
    0.1737610190000396,
    0.17436142400003973,
    0.1737218189999794,
    0.17225350600006095
  ],
  "prusti-tests/tests/verify/pass/rosetta/Ackermann_function.rs": [
    1.7112822569999935,
    0.21009903600008784,
    0.2096148319999429,
    0.20802991799996562,
    0.20844872200007103,
    0.20851642299999185,
    0.21154274900004566,
    0.2070274090000339,
    0.20924302900004932,
    0.20679420800001935
  ],
  "prusti-tests/tests/verify/pass/rosetta/Heapsort.rs": [
    9.087885737000079,
    0.948372289999952,
    0.9488197939999736,
    0.9555728530000351,
    0.9466825759999438,
    0.951931322000064,
    0.9696537769999622,
    0.9461036710000599,
    0.9455368659999976,
    0.9471625810000432
  ]
}