{
  "prusti-tests/tests/verify/pass/rosetta/Knuth_shuffle.rs": [
    2.59841887999994,
    0.356178927999963,
    0.3576428459999761,
    0.3580156509999597,
    0.3578586500000256,
    0.35724224099999446,
    0.3642232319999721,
    0.36207070399996155,
    0.35609072600004765,
    0.3575031450000097
  ],
  "prusti-tests/tests/verify/pass/demos/account.rs": [
    2.3554037999999764,
    0.13796409300005053,
    0.13231401899997763,
    0.13912230699997963,
    0.13267782299999453,
    0.1321303170000192,
    0.13218371700008902,
    0.13266182399991067,
    0.13123690499992335,
    0.13277692500003013
  ],
  "prusti-tests/tests/verify/pass/rosetta/Knights_tour.rs": [
    92.786111431,
    2.5952865109999266,
    2.585375623999994,
    2.584325564000096,
    2.5777729810000665,
    2.576861000000008,
    2.586353770999949,
    2.5902650220000396,
    2.583640632999959,
    2.5800821509999423
  ],
  "prusti-tests/tests/verify/pass/quick/fold-unfold.rs": [
    1.3201502649999384,
    0.10145151200003966,
    0.10177181500000643,
    0.10238232400001834,
    0.10174361500003215,
    0.10194311800000833,
    0.10101100600002155,
    0.1004296980000845,
    0.16108878200009258,
    0.1016299140000001
  ],
  "prusti-tests/tests/verify/pass/quick/moves.rs": [
    1.555662108999968,
    0.09807536699997854,
    0.09819636999998238,
    0.09866717500005961,
    0.09778196399997796,
    0.0976200620000327,
    0.09760746200004178,
    0.09763436200000797,
    0.0964869470000167,
    0.09673094999993737
  ],
  "prusti-tests/tests/verify/pass/quick/mut-borrows.rs": [
    3.0482096409999713,
    0.1622631000000183,
    0.162941008999951,
    0.16404492300000584,
    0.16363511800000197,
    0.16466423100007432,
    0.16350631600005272,
    0.16102748399998745,
    0.1629160080000247,
    0.16335761499999535
  ],
  "prusti-tests/tests/verify/pass/quick/shared-borrows.rs": [
    1.8861609100000578,
    0.09538953399999173,
    0.0947490270000344,
    0.0960775429999785,
    0.09488162800005284,
    0.09521003199995448,
    0.09735796000006758,
    0.09562723699991693,
    0.09632434699994974,
    0.09612394400005542
  ],
  "prusti-tests/tests/verify/pass/quick/trait-contracts-refinement.rs": [
    1.8136531760000025,
    0.14197573799992824,
    0.14268404699998882,
    0.14173013499998888,
    0.14214574000004632,
    0.14247224500002176,
    0.1425781460000053,
    0.14172653599996465,
    0.14230044199996428,
    0.1437259610000865
  ],
  "prusti-tests/tests/verify/pass/quick/routes.rs": [
    5.527240471000027,
    0.35640711500002453,
    0.35791403300004276,
    0.35653481199994985,
    0.3556958020000138,
    0.35892204300000685,
    0.3547350889999734,
    0.3549162919999844,
    0.35688201699997535,
    0.3611736719999499
  ],
  "prusti-tests/tests/verify/pass/quick/fibonacci.rs": [
    0.38427447199990183,
    0.38334965900003226,
    0.38222284500000114,
    0.3826137500000186,
    0.38064442400002463,
    0.3834819610000295,
    0.3845899760000293,
    0.38277135099997395,
    0.38099872800000867,
    0.38219764400002987
  ],
  "prusti-tests/tests/verify/pass/pure-fn/len-lookup.rs": [
    3.7480637249999518,
    0.21984754799996153,
    0.2233946940000351,
    0.21915063899996312,
    0.22092156199994406,
    0.22565452300000288,
    0.21970274600005268,
    0.22175037300007716,
    0.22127296599990132,
    0.22405440199997884
  ],
  "prusti-tests/tests/verify/pass/pure-fn/quantifiers.rs": [
    2.291734486999985,
    0.19593433799991544,
    0.19495952500005842,
    0.19741425699999127,
    0.1965272450000839,
    0.19726145599997835,
    0.19712055299999065,
    0.19402821400001358,
    0.19353090700008124,
    0.19520552899996346
  ],
  "prusti-tests/tests/verify/pass/pure-fn/recursive-pure-fn.rs": [
    1.971166640999968,
    0.153435687999945,
    0.15458550300002116,
    0.1530745840000236,
    0.1520888699999432,
    0.1532744859999866,
    0.15440460000002076,
    0.1511553590000858,
    0.1519649690000051,
    0.15037584899994272
  ],
  "prusti-tests/tests/verify/pass/pure-fn/ref-mut-arg.rs": [
    2.9549469879999606,
    0.19592333899993264,
    0.1939406129999952,
    0.19566903500003718,
    0.1974744589999773,
    0.19859717300005286,
    0.19954138500008867,
    0.19593813899996348,
    0.1968149499999754,
    0.20380594100004146
  ],
  "prusti-tests/tests/verify/pass/rosetta/Ackermann_function.rs": [
    1.9671075969999947,
    0.23901879800007464,
    0.2349072450000449,
    0.23700117200007753,
    0.23616196099999343,
    0.2400334120000025,
    0.23776908100001037,
    0.2362349610000365,
    0.238844395000001,
    0.24148673000001963
  ],
  "prusti-tests/tests/verify/pass/rosetta/Heapsort.rs": [
    10.414728482999976,
    1.077554836000104,
    1.077023517999919,
    1.0746903199999451,
    1.0821074989999033,
    1.081836896000027,
    1.0800381770000058,
    1.0793862880000233,
    1.0755194219999566,
    1.0840793189998976
  ]
}