{
  "prusti-tests/tests/verify/pass/rosetta/Knuth_shuffle.rs": [
    2.339254819999951,
    2.0574017639999056,
    2.0454993879998256,
    2.039935004999961,
    2.0169119140000475,
    2.0408982659998856,
    2.0050180859998363,
    2.0154680189998544,
    1.9840591700001369,
    1.9386493199999677
  ],
  "prusti-tests/tests/verify/pass/demos/account.rs": [
    1.8058204700000715,
    1.8037319599998227,
    1.8045029710001472,
    1.8035422349998953,
    1.785309868000013,
    1.777796870000202,
    1.7888316140001734,
    1.7860292600000776,
    1.76725379100003,
    1.7737807639998664
  ],
  "prusti-tests/tests/verify/pass/rosetta/Knights_tour.rs": [
    106.14724337000007,
    105.1812905239999,
    103.78357167400009,
    102.84502174199997,
    106.597603617,
    100.11482825099984,
    101.86534894499982,
    101.38272080300021,
    104.64308531400002,
    101.03967905199988
  ],
  "prusti-tests/tests/verify/pass/quick/fold-unfold.rs": [
    1.1733708980000301,
    1.1858292580000125,
    1.1855510479999793,
    1.1921862070003044,
    1.1649751219997597,
    1.167564747999677,
    1.1719695520000641,
    1.15987085200004,
    1.1773430870002812,
    1.1712157050001224
  ],
  "prusti-tests/tests/verify/pass/quick/moves.rs": [
    1.4185999760002233,
    1.434488877000149,
    1.4267957759998353,
    1.43389636899974,
    1.4298180159998992,
    1.426920601999882,
    1.4165069639998364,
    1.4490262710000934,
    1.4470331809998243,
    1.4451186410001355
  ],
  "prusti-tests/tests/verify/pass/quick/mut-borrows.rs": [
    2.7865911889998642,
    2.8095166389998667,
    2.7992076219998125,
    2.805170220999571,
    2.801155602000108,
    2.807786081999893,
    2.8100688810000065,
    2.802515443000175,
    2.8145060850001755,
    2.7888599910002085
  ],
  "prusti-tests/tests/verify/pass/quick/shared-borrows.rs": [
    1.7762156469998445,
    1.7584360300002118,
    1.7763524490001146,
    1.7740628959995774,
    1.7659543559998383,
    1.7750088570001026,
    1.773467940000046,
    1.7741966829999,
    1.7888460459998896,
    1.7615582629996425
  ],
  "prusti-tests/tests/verify/pass/quick/trait-contracts-refinement.rs": [
    1.652052127999923,
    1.5556632799998624,
    1.5331010520003474,
    1.5462024920002477,
    1.5327022389997182,
    1.547261203999824,
    1.5286111929999606,
    1.5338170840000203,
    1.5314572880001833,
    1.5429890039999918
  ],
  "prusti-tests/tests/verify/pass/quick/routes.rs": [
    4.825131919999876,
    4.573812451000322,
    4.4847665960000995,
    4.490812648999963,
    4.442934207000235,
    4.449922004999735,
    4.453659796000011,
    4.386538037000264,
    4.49401522900007,
    4.485407523000049
  ],
  "prusti-tests/tests/verify/pass/quick/fibonacci.rs": [
    5.825208400000065,
    5.8267243929999495,
    5.833033883000098,
    5.803194787999928,
    5.737420422000014,
    5.677910770999915,
    5.718845351000255,
    5.73136593199979,
    5.6891533200000595,
    5.7518280389999745
  ],
  "prusti-tests/tests/verify/pass/pure-fn/len-lookup.rs": [
    3.2840095809997365,
    3.3064277040002708,
    3.2953540630001044,
    3.3115302760002123,
    3.2706275830000777,
    3.27271659500002,
    3.2678451819997463,
    3.281317742000283,
    3.281447844000013,
    3.2766944220002188
  ],
  "prusti-tests/tests/verify/pass/pure-fn/quantifiers.rs": [
    2.0087885360003384,
    1.9877119379998476,
    1.9987396100000296,
    2.006152490999739,
    1.995356694000293,
    1.9862815129999944,
    1.9840637910001533,
    1.9693324559998473,
    1.9775466279998,
    1.9695499569997992
  ],
  "prusti-tests/tests/verify/pass/pure-fn/recursive-pure-fn.rs": [
    1.732825160000175,
    1.7176972309998746,
    1.7190874429998075,
    1.7319492489996264,
    1.7488825049999832,
    1.7334489390000272,
    1.728922417999911,
    1.7335257560002901,
    1.7538721430000805,
    1.7421162330001607
  ],
  "prusti-tests/tests/verify/pass/pure-fn/ref-mut-arg.rs": [
    2.577928739000072,
    2.568816572000287,
    2.5923837000000276,
    2.544976883000345,
    2.5700266180001563,
    2.603231514000072,
    2.608307552000042,
    2.6064233249999234,
    2.6111076659999526,
    2.6003560039998774
  ],
  "prusti-tests/tests/verify/pass/rosetta/Ackermann_function.rs": [
    1.7377246349997222,
    1.7134482329997809,
    1.7241558219998296,
    1.7314582549997795,
    1.7226142480003546,
    1.7331310350000422,
    1.729300602999956,
    1.7261876769998707,
    1.7396981549995871,
    1.726443978000134
  ],
  "prusti-tests/tests/verify/pass/rosetta/Heapsort.rs": [
    11.151250493000134,
    10.863779337000324,
    10.922793597000236,
    10.956862396999895,
    11.005239788999916,
    11.12887319299989,
    11.021735058999639,
    10.94667454499995,
    11.003641343000254,
    10.888268733999666
  ]
}