{
  "prusti-tests/tests/verify/pass/rosetta/Knuth_shuffle.rs": [
    2.1860932859999593,
    1.985721665999904,
    1.8876535190000823,
    1.8552700379999578,
    1.9345869470000707,
    1.7592007599999988,
    1.7633888960000377,
    1.7504721840000457,
    1.7126935559999765,
    1.6953119789999391
  ],
  "prusti-tests/tests/verify/pass/demos/account.rs": [
    0.7742540319999307,
    0.708884256000033,
    0.697913375999974,
    0.7956104869999763,
    0.6930919409999206,
    0.7807531790000439,
    0.7349646459999803,
    0.6826421649999475,
    0.7093907930000114,
    0.6612335190000067
  ],
  "prusti-tests/tests/verify/pass/rosetta/Knights_tour.rs": [
    108.97290586400004,
    105.94138541600012,
    109.27895207100005,
    110.72907699000007,
    112.41952704100004,
    109.70986803900018,
    109.816763691,
    107.44414751699992,
    97.33503907199997,
    96.87020447399982
  ],
  "prusti-tests/tests/verify/pass/quick/fold-unfold.rs": [
    0.5056194990002041,
    0.4975122299999839,
    0.478185964999966,
    0.4515531389999978,
    0.476337249999915,
    0.4547483660001035,
    0.5332326329998978,
    0.5097346340000968,
    0.5202996920002079,
    0.5193949340000472
  ],
  "prusti-tests/tests/verify/pass/quick/moves.rs": [
    0.509541248000005,
    0.5067104229999586,
    0.4857695400000921,
    0.4905507820001276,
    0.512045869000076,
    0.4763745579998613,
    0.451823443999956,
    0.48621374399999695,
    0.4699306019999767,
    0.45602647999999135
  ],
  "prusti-tests/tests/verify/pass/quick/mut-borrows.rs": [
    0.8218519730000935,
    0.880668187000083,
    0.7906290880000597,
    0.7111313430000337,
    0.7437017239999477,
    0.736012257999846,
    0.7308717129999422,
    0.8258797339999546,
    0.773561182000094,
    0.8187104720000207
  ],
  "prusti-tests/tests/verify/pass/quick/shared-borrows.rs": [
    0.5921070150000105,
    0.5485592380000526,
    0.5285899660000268,
    0.5572039129999666,
    0.5184333669999432,
    0.5373656140000094,
    0.5765957509997861,
    0.6839726730001985,
    0.5600934090000464,
    0.5000354930000412
  ],
  "prusti-tests/tests/verify/pass/quick/trait-contracts-refinement.rs": [
    0.7300278689999686,
    0.8501440990000901,
    0.6776246189999711,
    0.6655841150000015,
    0.8156447029998617,
    0.6435586259999582,
    0.6426462249999076,
    0.699008047999996,
    0.6643575479999981,
    0.6566005810000206
  ],
  "prusti-tests/tests/verify/pass/quick/routes.rs": [
    2.224759850000055,
    1.985555179999892,
    1.8332053579999865,
    1.784566305999988,
    1.834203233999915,
    1.7927867769999466,
    1.7508768150000833,
    1.9194744410001476,
    1.8429907659999571,
    1.772756483999956
  ],
  "prusti-tests/tests/verify/pass/quick/fibonacci.rs": [
    1.7698163600000498,
    1.8201539829999547,
    1.6995255049998832,
    1.9004012190000594,
    1.7655081679999967,
    1.7999226609999823,
    1.6340448430000833,
    1.7123607920000268,
    1.6901914989998659,
    1.6723685439999372
  ],
  "prusti-tests/tests/verify/pass/pure-fn/len-lookup.rs": [
    0.7540173579998282,
    0.8256198800002039,
    0.8704245769999943,
    0.7632718449999629,
    0.8358714769999551,
    0.7687442930000543,
    0.7832976199999848,
    0.7482182139999622,
    0.7653814630000397,
    0.824733280999908
  ],
  "prusti-tests/tests/verify/pass/pure-fn/quantifiers.rs": [
    0.690778415000068,
    0.6831975480001802,
    0.7299193419999028,
    0.6802359779999279,
    0.6559089750001021,
    0.7264608640000461,
    0.6847597159999168,
    0.6679300760001752,
    0.7186633989999791,
    0.6831380019998505
  ],
  "prusti-tests/tests/verify/pass/pure-fn/recursive-pure-fn.rs": [
    0.521713654999985,
    0.5187355299999581,
    0.5890296170000511,
    0.5211324500000956,
    0.5021570909998445,
    0.7708657299999686,
    0.5611389849996158,
    0.5124496610001188,
    0.518846116000077,
    0.5102752410002722
  ],
  "prusti-tests/tests/verify/pass/pure-fn/ref-mut-arg.rs": [
    0.6842771560000074,
    0.7389779319996705,
    0.6914775189998181,
    0.693031332999908,
    0.7430932679999387,
    0.6967856649998794,
    0.6956301550003445,
    0.7299178389998815,
    0.6760028529997726,
    0.7001840630000515
  ],
  "prusti-tests/tests/verify/pass/rosetta/Ackermann_function.rs": [
    0.829234180000185,
    0.7209036419999393,
    0.7252736790001109,
    0.7331635479999932,
    0.7914058520000253,
    0.7016221740000219,
    0.8013843389999238,
    0.7864633099998173,
    0.7492060419999689,
    0.7347371390001172
  ],
  "prusti-tests/tests/verify/pass/rosetta/Heapsort.rs": [
    5.585954756999854,
    5.635826439000084,
    5.522628537999935,
    5.549964127000294,
    5.595189335999748,
    5.637998545999835,
    5.529109860000062,
    5.616565407000053,
    5.607162267000149,
    5.438201521000337
  ]
}