{
  "prusti-tests/tests/verify/pass/rosetta/Knuth_shuffle.rs": [
    3.139616577999959,
    0.4008613949999926,
    0.3977291769999738,
    0.3986279400000967,
    0.40066247799995836,
    0.3962282679999589,
    0.40126671899997746,
    0.40536010399989664,
    0.3979731900000161,
    0.39772587200002363
  ],
  "prusti-tests/tests/verify/pass/demos/account.rs": [
    2.599076033000074,
    0.14883395599997584,
    0.146991627000034,
    0.1495371039999327,
    0.14954840499990496,
    0.1458366470000101,
    0.14748976099997435,
    0.15049697100005233,
    0.15439214200000606,
    0.1500130370000079
  ],
  "prusti-tests/tests/verify/pass/rosetta/Knights_tour.rs": [
    106.70758361100002,
    2.9394092919999366,
    2.9385502979999956,
    2.949241121,
    2.958685661000004,
    2.9420090039999423,
    2.9394309880000264,
    2.860578593000014,
    2.827226269999983,
    2.8950909769999953
  ],
  "prusti-tests/tests/verify/pass/quick/fold-unfold.rs": [
    1.4996022899999844,
    0.10920595000004596,
    0.10986779499990007,
    0.10885782599996219,
    0.10866501200007406,
    0.11000680300003296,
    0.10983699200005503,
    0.11322412399999848,
    0.1121623509999381,
    0.11270408699999734
  ],
  "prusti-tests/tests/verify/pass/quick/moves.rs": [
    1.739666165000017,
    0.1070029989999739,
    0.10589992400002757,
    0.10553519899997355,
    0.10668477700005496,
    0.10421800900007838,
    0.10550149599998804,
    0.10540768999999273,
    0.10652711599993836,
    0.10850274699998863
  ],
  "prusti-tests/tests/verify/pass/quick/mut-borrows.rs": [
    3.5981950030000007,
    0.19118468499993924,
    0.18295790399986345,
    0.19570654900007867,
    0.18662451799991686,
    0.18679342799987353,
    0.18256898100003127,
    0.18814540700009275,
    0.18737976199986406,
    0.19246529199995166
  ],
  "prusti-tests/tests/verify/pass/quick/shared-borrows.rs": [
    2.301159679999955,
    0.10997964100010904,
    0.11054087899992737,
    0.10987325800010694,
    0.11212724100005289,
    0.10876860600001237,
    0.10668176100011806,
    0.10834287700004097,
    0.11546847499994328,
    0.10822006800003692
  ],
  "prusti-tests/tests/verify/pass/quick/trait-contracts-refinement.rs": [
    2.122505032999925,
    0.16139638699996794,
    0.1579532460000337,
    0.16023520500016275,
    0.16662945200005197,
    0.16416868100009196,
    0.15976827300005425,
    0.1601917030000095,
    0.16609581600005185,
    0.16572479000001294
  ],
  "prusti-tests/tests/verify/pass/quick/routes.rs": [
    6.508381581000094,
    0.4246949759999552,
    0.40804264799999146,
    0.3959730290000607,
    0.41215752599987354,
    0.4065607469999577,
    0.4037313559999802,
    0.43719362199999523,
    0.4168865469998764,
    0.40340663299980406
  ],
  "prusti-tests/tests/verify/pass/quick/fibonacci.rs": [
    0.43414971600009267,
    0.4510211589999926,
    0.44640644700007215,
    0.4508888839998235,
    0.44069484600004216,
    0.4359602229999382,
    0.43196725100006006,
    0.44130138699983945,
    0.44341823200011277,
    0.4388063169999441
  ],
  "prusti-tests/tests/verify/pass/pure-fn/len-lookup.rs": [
    4.398568588999979,
    0.24972472600006768,
    0.24746767200008435,
    0.25268881600004534,
    0.2568690749999405,
    0.2553219700000682,
    0.24746423499982484,
    0.2520607480000763,
    0.24472864900008062,
    0.2535702499999388
  ],
  "prusti-tests/tests/verify/pass/pure-fn/quantifiers.rs": [
    2.657774609999933,
    0.23014125700001387,
    0.2225700419999157,
    0.22221321699998953,
    0.22061490900000535,
    0.21689655499994842,
    0.21657603400012704,
    0.2233516950000194,
    0.21776331399996707,
    0.22073291700007758
  ],
  "prusti-tests/tests/verify/pass/pure-fn/recursive-pure-fn.rs": [
    2.304563379000001,
    0.16437618199984172,
    0.16801832999999533,
    0.1705605029999333,
    0.17145806500002436,
    0.17149706700001843,
    0.17069691300002887,
    0.1722869200000332,
    0.17186859199978244,
    0.1691381060002186
  ],
  "prusti-tests/tests/verify/pass/pure-fn/ref-mut-arg.rs": [
    3.4693799179999587,
    0.2312181289998989,
    0.22289326300005996,
    0.22720035700012886,
    0.23147054600008232,
    0.23069079400011105,
    0.22609207999994396,
    0.22641810300001453,
    0.2250053069999467,
    0.2200406690001273
  ],
  "prusti-tests/tests/verify/pass/rosetta/Ackermann_function.rs": [
    2.3356040789999497,
    0.2640188540001418,
    0.2656449710000288,
    0.2643817789999048,
    0.2660706020001271,
    0.26829576299996916,
    0.26823276000004626,
    0.271662908000053,
    0.26850547900016863,
    0.26625681499990606
  ],
  "prusti-tests/tests/verify/pass/rosetta/Heapsort.rs": [
    12.149733124000022,
    1.2161646270001256,
    1.2250567389999105,
    1.2113837970000532,
    1.242025306999949,
    1.2465902220001226,
    1.2862752539999747,
    1.2400221750001492,
    1.2327647499998875,
    1.245295310000074
  ]
}