{
  "prusti-tests/tests/verify/pass/rosetta/Knuth_shuffle.rs": [
    2.836663587999965,
    2.4706047060000174,
    2.4654504560000987,
    2.4470615010000074,
    2.393248918999916,
    2.3808169980000002,
    2.403751112000009,
    2.4670751270000437,
    2.366560261000018,
    2.3505787970000256
  ],
  "prusti-tests/tests/verify/pass/demos/account.rs": [
    2.154283163000059,
    2.156973385000015,
    2.170040741999969,
    2.2049495339999794,
    2.1324075960000073,
    2.141670821000048,
    2.1777181530000007,
    2.216152047000037,
    2.158248437000111,
    2.1921113139999306
  ],
  "prusti-tests/tests/verify/pass/rosetta/Knights_tour.rs": [
    121.05828993699993,
    135.31751133499984,
    119.304675611,
    118.71503724900003,
    119.09583300600002,
    119.26781076700013,
    126.51526261100003,
    118.78609551299996,
    117.22656427600009,
    117.22645800800001
  ],
  "prusti-tests/tests/verify/pass/quick/fold-unfold.rs": [
    1.454319039999973,
    1.4567257690000588,
    1.4620301179998023,
    1.44073271499974,
    1.4282982959998662,
    1.4376086090001081,
    1.4278962319999664,
    1.4316792869999517,
    1.476484150000033,
    1.448817181999857
  ],
  "prusti-tests/tests/verify/pass/quick/moves.rs": [
    1.753122926999822,
    1.751850357999956,
    1.7690739979998398,
    1.7461371740000686,
    1.7414136610000241,
    1.7518722180002442,
    1.753022012999736,
    1.7447651689999475,
    1.7386386660000426,
    1.7473772409998674
  ],
  "prusti-tests/tests/verify/pass/quick/mut-borrows.rs": [
    3.4072405799997796,
    3.421133551999901,
    3.419771236000088,
    3.4817403859997285,
    3.466349622999587,
    3.4959544389998882,
    3.476891993999743,
    3.516298142999858,
    3.5090510790000735,
    3.548208028999852
  ],
  "prusti-tests/tests/verify/pass/quick/shared-borrows.rs": [
    2.2371539020000455,
    2.241161465999994,
    2.2220125469998493,
    2.257760660000258,
    2.25064229399959,
    2.208872758000325,
    2.2173991350000506,
    2.239363675000277,
    2.2181975849998707,
    2.2498405430001185
  ],
  "prusti-tests/tests/verify/pass/quick/trait-contracts-refinement.rs": [
    1.9796412939999755,
    2.0490095099999053,
    2.0258000990002074,
    1.9899239950000265,
    1.9639935549998881,
    1.9580590650002705,
    1.9656774649997715,
    1.990633016999709,
    1.959984832000373,
    1.9427294100000836
  ],
  "prusti-tests/tests/verify/pass/quick/routes.rs": [
    5.744744483999966,
    5.450499248000142,
    5.252804429000207,
    5.307652581999719,
    5.259766276999926,
    5.317286729999978,
    5.511173772999882,
    5.406079073000001,
    5.597506330000215,
    5.621179525000116
  ],
  "prusti-tests/tests/verify/pass/quick/fibonacci.rs": [
    7.307232486999965,
    7.036008519000006,
    7.146465382000315,
    7.195256728999993,
    7.3306228050000755,
    7.155015491000086,
    7.106201058000352,
    7.097498009999981,
    7.2360345150000285,
    7.244167657000162
  ],
  "prusti-tests/tests/verify/pass/pure-fn/len-lookup.rs": [
    4.205862062000051,
    4.178923124999983,
    4.156873422999979,
    4.300568698999996,
    4.220082426999852,
    4.315258920999895,
    4.094490035000035,
    4.196078722000038,
    4.14192857099988,
    4.109549215000243
  ],
  "prusti-tests/tests/verify/pass/pure-fn/quantifiers.rs": [
    2.4863897059999545,
    2.5973522340000272,
    2.563664461999906,
    2.683557273999668,
    2.682537024999874,
    2.5333595659999446,
    2.5443127759999697,
    2.5233875620001527,
    2.53997886299976,
    2.458553080999991
  ],
  "prusti-tests/tests/verify/pass/pure-fn/recursive-pure-fn.rs": [
    2.187671910000063,
    2.2133112189999338,
    2.155983438000021,
    2.181792719999976,
    2.150248435999856,
    2.1375879920001353,
    2.1267189889999827,
    2.166817784000159,
    2.1881256520000534,
    2.1282780209999146
  ],
  "prusti-tests/tests/verify/pass/pure-fn/ref-mut-arg.rs": [
    3.1182556560002013,
    3.109126152999579,
    3.0766736129999117,
    3.100397954000073,
    3.147520904999965,
    3.111855423000179,
    3.1605941139996503,
    3.1667632570001842,
    3.123449034999794,
    3.146686728000077
  ],
  "prusti-tests/tests/verify/pass/rosetta/Ackermann_function.rs": [
    2.198873978999927,
    2.1650332999997772,
    2.180091725999773,
    2.5164745149995724,
    2.422684906000086,
    2.3116968250001264,
    2.289287930000228,
    2.389946325999972,
    2.3501191559998915,
    2.2616594829996757
  ],
  "prusti-tests/tests/verify/pass/rosetta/Heapsort.rs": [
    12.80029976700007,
    12.918115937000039,
    12.111910427000112,
    12.252249658999972,
    12.039877784000055,
    12.110080307999851,
    12.967334696000307,
    12.70367056699979,
    12.992687866999859,
    12.441644213000018
  ]
}