{
  "prusti-tests/tests/verify/pass/rosetta/Knuth_shuffle.rs": [
    2.2611901299999317,
    1.9535682659998201,
    2.0101286930000697,
    2.21046057500007,
    1.9016458769999645,
    1.9117587840000851,
    1.8867290890000277,
    1.8733802910001032,
    1.8856806579999557,
    1.8925826429999688
  ],
  "prusti-tests/tests/verify/pass/demos/account.rs": [
    1.727158862000124,
    1.7604979899999762,
    1.7192502259999856,
    1.689347984000051,
    1.7023423040000125,
    1.7306598779998694,
    1.7004754189999858,
    1.7085457539999425,
    1.6905092570000306,
    1.6979248949999146
  ],
  "prusti-tests/tests/verify/pass/rosetta/Knights_tour.rs": [
    108.59525384500012,
    105.04353843900003,
    108.24933368799998,
    106.44595282,
    105.015326319,
    105.8200586559999,
    108.12846100599995,
    106.7709669589999,
    110.26469767499975,
    107.76573949199974
  ],
  "prusti-tests/tests/verify/pass/quick/fold-unfold.rs": [
    1.1217430359997707,
    1.1216102370003682,
    1.1200898480001342,
    1.1224699310000688,
    1.1307326679998368,
    1.1163643770000817,
    1.1304176060002646,
    1.1203768659997877,
    1.1329675669999233,
    1.1467981579999105
  ],
  "prusti-tests/tests/verify/pass/quick/moves.rs": [
    1.3477570729996842,
    1.3472972770000524,
    1.3718395850000888,
    1.343783808000353,
    1.3439767059999213,
    1.3680766170000425,
    1.3388942470000984,
    1.3465578870000172,
    1.3529933230001916,
    1.3427994140001829
  ],
  "prusti-tests/tests/verify/pass/quick/mut-borrows.rs": [
    2.740706901000067,
    2.6808285639999667,
    2.843443019999995,
    2.678799829000127,
    2.6890333490000558,
    2.733180094999625,
    2.667525910999757,
    2.6940177030000996,
    2.6786244209997676,
    2.6721754710001733
  ],
  "prusti-tests/tests/verify/pass/quick/shared-borrows.rs": [
    1.6979480380000496,
    1.6818255650000538,
    1.7540426959999422,
    1.6717464440002914,
    1.6837702490001902,
    1.668721268000354,
    1.6603202349997446,
    1.672643841000081,
    1.670950054000059,
    1.6750654209999993
  ],
  "prusti-tests/tests/verify/pass/quick/trait-contracts-refinement.rs": [
    1.5211433320000651,
    1.501239933999841,
    1.4823883209996893,
    1.4718731819998538,
    1.4797977359999095,
    1.4838425010002538,
    1.6297405979998985,
    1.525271573000282,
    1.4964886979996663,
    1.4754414629996973
  ],
  "prusti-tests/tests/verify/pass/quick/routes.rs": [
    4.967080562999854,
    4.259911765999732,
    4.144089577000159,
    4.072409313999742,
    4.068337037999754,
    4.086573908999981,
    4.0910443900002065,
    4.0611978090000775,
    4.019972508000137,
    4.001187823999771
  ],
  "prusti-tests/tests/verify/pass/quick/fibonacci.rs": [
    5.110608910999872,
    5.106804957999884,
    5.0755119760001435,
    5.098594657999911,
    5.081524001999696,
    5.09026222600005,
    5.0712488750000375,
    5.087150393999764,
    5.059218509999937,
    5.039829893999922
  ],
  "prusti-tests/tests/verify/pass/pure-fn/len-lookup.rs": [
    2.9708821780000108,
    2.985982864000107,
    2.959865961000105,
    2.9484838779999336,
    2.974385176999931,
    3.0915130980001777,
    3.2384030859998347,
    2.9533630169999014,
    2.956526484999813,
    2.9759794409997085
  ],
  "prusti-tests/tests/verify/pass/pure-fn/quantifiers.rs": [
    1.8270536850000099,
    1.8517856260000372,
    1.9466004149999208,
    1.8161105929998484,
    1.8308720550003272,
    1.8351804670001002,
    1.8195668829998795,
    1.8147906179997335,
    1.8215465680000307,
    1.9000438540001596
  ],
  "prusti-tests/tests/verify/pass/pure-fn/recursive-pure-fn.rs": [
    1.641037267000229,
    1.6209984159995656,
    1.6283812609999586,
    1.6456213030000981,
    1.7733690219997698,
    1.6478740610000386,
    1.6146852089996173,
    1.6309803870003634,
    1.6240473420002672,
    1.621244334000039
  ],
  "prusti-tests/tests/verify/pass/pure-fn/ref-mut-arg.rs": [
    2.4080451750000975,
    2.38598553599968,
    2.3796991049998724,
    2.392212585999914,
    2.3864504289999786,
    2.424442764000105,
    2.402199184999972,
    2.391749362000155,
    2.3919251610000174,
    2.378113663000022
  ],
  "prusti-tests/tests/verify/pass/rosetta/Ackermann_function.rs": [
    1.6749956769999699,
    1.6794964440000513,
    1.675808470999982,
    1.6718141070000456,
    1.6825923330002297,
    1.7109852230000797,
    1.7213456460003727,
    1.6801308509998307,
    1.6847154739998587,
    1.7281797320001715
  ],
  "prusti-tests/tests/verify/pass/rosetta/Heapsort.rs": [
    10.398856394000177,
    9.587516386000061,
    9.440196725000078,
    9.320308442000169,
    9.302939430000151,
    9.305096318999858,
    9.371540992000064,
    9.413233657000092,
    9.47340029299994,
    9.33155626000007
  ]
}