{
  "prusti-tests/tests/verify/pass/rosetta/Knuth_shuffle.rs": [
    2.2857000700000754,
    1.969387038999912,
    1.8867316490000121,
    1.9316942610000751,
    1.9276198959998965,
    1.8845382470001368,
    1.8604559580001023,
    1.8623724419999235,
    1.9085728689999542,
    1.8518066280000767
  ],
  "prusti-tests/tests/verify/pass/demos/account.rs": [
    1.7196012629999586,
    1.7506273830001646,
    1.729259546999856,
    1.7736535060000733,
    1.7147665950001283,
    1.7249871839999287,
    1.739903067999876,
    1.746179919000042,
    1.7123802810001507,
    1.7183869709999726
  ],
  "prusti-tests/tests/verify/pass/rosetta/Knights_tour.rs": [
    99.45078968000007,
    99.61905938199993,
    98.97813794799981,
    99.941638495,
    98.219611773,
    102.55416166000009,
    101.16294660699987,
    98.86118379800018,
    102.21747105200029,
    99.9389737739998
  ],
  "prusti-tests/tests/verify/pass/quick/fold-unfold.rs": [
    1.151119355999981,
    1.1560592159999032,
    1.1557103180002741,
    1.1729846779999207,
    1.170345998999892,
    1.1588200930000312,
    1.1535075629999483,
    1.145298530999753,
    1.1756568850000804,
    1.1730799060001118
  ],
  "prusti-tests/tests/verify/pass/quick/moves.rs": [
    1.3928429279999364,
    1.4110287799999242,
    1.4277821779996884,
    1.4188324990000183,
    1.4259318399999756,
    1.3792099229999621,
    1.397073176000049,
    1.3917642199999136,
    1.3836423319999085,
    1.3949355669997203
  ],
  "prusti-tests/tests/verify/pass/quick/mut-borrows.rs": [
    2.717521816000044,
    2.700294954000128,
    2.7023695479997514,
    2.7022516489996633,
    2.7048957379997773,
    2.7108668199998647,
    2.744914948999849,
    2.721441820000109,
    2.7215672639999866,
    2.7106030520003515
  ],
  "prusti-tests/tests/verify/pass/quick/shared-borrows.rs": [
    1.7343403849999959,
    1.727752555999814,
    1.735749702999783,
    1.7191657349999332,
    1.7217468150001878,
    1.7318879419999575,
    1.7325994660000106,
    1.7244871289999537,
    1.7174087830003373,
    1.7264024139999492
  ],
  "prusti-tests/tests/verify/pass/quick/trait-contracts-refinement.rs": [
    1.5297982899996896,
    1.5086351129998548,
    1.524338987000192,
    1.5208388149999337,
    1.5521283620000759,
    1.520738917000017,
    1.5001699250001366,
    1.505942978999883,
    1.5063934750000953,
    1.4986860369999704
  ],
  "prusti-tests/tests/verify/pass/quick/routes.rs": [
    4.519699648000369,
    4.2923524620000535,
    4.17907379799999,
    4.289892603000226,
    4.188920266999958,
    4.27252416500005,
    4.208033778000299,
    4.172104210999805,
    4.114800589999959,
    4.145804838999993
  ],
  "prusti-tests/tests/verify/pass/quick/fibonacci.rs": [
    5.5245042950000425,
    5.511023483999907,
    5.527892235999843,
    5.484190970999862,
    5.466109808000056,
    5.427972207999574,
    5.570064065999759,
    5.6509178159999465,
    5.4918445829998745,
    5.433029645000261
  ],
  "prusti-tests/tests/verify/pass/pure-fn/len-lookup.rs": [
    3.1294278700001996,
    3.1245248089999222,
    3.1351209230001587,
    3.169531248000112,
    3.2311697549998826,
    3.130334363000202,
    3.133850435000113,
    3.163492499000313,
    3.1373211149998497,
    3.163614205000158
  ],
  "prusti-tests/tests/verify/pass/pure-fn/quantifiers.rs": [
    1.954168392000156,
    1.8888812410000355,
    1.8977607470001203,
    1.89589669399993,
    1.8793720409998969,
    1.9036274180002692,
    1.9044136160000562,
    1.8775258199998461,
    1.8752783279996947,
    1.920790358999966
  ],
  "prusti-tests/tests/verify/pass/pure-fn/recursive-pure-fn.rs": [
    1.6794939890000933,
    1.675709819000076,
    1.6799795850001829,
    1.6802148379997561,
    1.683715396000025,
    1.6762957589999132,
    1.675092056000267,
    1.6742202579998775,
    1.6756246850000025,
    1.6659483630000977
  ],
  "prusti-tests/tests/verify/pass/pure-fn/ref-mut-arg.rs": [
    2.486772281999947,
    2.4512714359998427,
    2.5025390629998583,
    2.4632569700002023,
    2.464017863999743,
    2.4475149510003575,
    2.4672322940000413,
    2.4643443150002895,
    2.5007340560000557,
    2.459824291000132
  ],
  "prusti-tests/tests/verify/pass/rosetta/Ackermann_function.rs": [
    1.7326304139996864,
    1.7003733910000847,
    1.7035687640000106,
    1.7390052890000334,
    1.6992087829999036,
    1.6848253910002313,
    1.7418481680001605,
    1.6903356360003272,
    1.686677256999701,
    1.7051288259999637
  ],
  "prusti-tests/tests/verify/pass/rosetta/Heapsort.rs": [
    10.140212764999887,
    10.026928821999718,
    10.143756167999982,
    10.01500458999999,
    9.995627609000167,
    9.933406718999777,
    9.967966854000224,
    9.907875013999728,
    9.983665357000064,
    10.12518755400015
  ]
}