{
  "prusti-tests/tests/verify/pass/rosetta/Knuth_shuffle.rs": [
    2.309300308999923,
    2.0973391029999675,
    1.9687929860000395,
    1.922981746000005,
    2.0435589599999275,
    1.8357949679999592,
    1.9102878919999284,
    1.8675292310000486,
    1.925206246000016,
    2.041781908999951
  ],
  "prusti-tests/tests/verify/pass/demos/account.rs": [
    0.8983465079999178,
    0.8851412520000395,
    0.7579244670000662,
    0.842612325999994,
    0.8026329770000302,
    0.8553169880000269,
    0.8670922070000415,
    0.9138041329999851,
    0.8841261569999688,
    0.8368822389999195
  ]
}