{
  "prusti-tests/tests/verify/pass/rosetta/Knuth_shuffle.rs": [
    1.930499918999999,
    1.515160862000016,
    1.4082823109999936,
    1.4798173740000493,
    1.3742045899999766,
    1.371756575000063,
    1.3812171580000268,
    1.4114137610000626,
    1.2636247910000975,
    1.2737599579999141
  ],
  "prusti-tests/tests/verify/pass/demos/account.rs": [
    0.7274281730000212,
    0.7643188150000242,
    0.7241572519999409,
    0.7452988899999582,
    0.7091961529999935,
    0.7254111790000479,
    0.739115245999983,
    0.7229781409999987,
    0.7392738459999464,
    0.6997196929999063
  ],
  "prusti-tests/tests/verify/pass/rosetta/Knights_tour.rs": [
    80.92684629600001,
    76.72847484599993,
    77.63498105899998,
    72.86125679500003,
    79.78240428799995,
    76.30191129199989,
    81.14677894700003,
    80.05201695400001,
    76.12897076500008,
    81.6726373030001
  ],
  "prusti-tests/tests/verify/pass/quick/fold-unfold.rs": [
    0.4539769000000433,
    0.4932928760001687,
    0.5201317010000821,
    0.4694305870000335,
    0.4752859580000859,
    0.4842142669999703,
    0.4767722770000091,
    0.4694681880000644,
    0.49195626000005177,
    0.478249194
  ],
  "prusti-tests/tests/verify/pass/quick/moves.rs": [
    0.5314852389999487,
    0.5254267660000096,
    0.5749244659998567,
    0.538451127000144,
    0.550541474000056,
    0.5243494559999817,
    0.5296301199998652,
    0.5495786620001581,
    0.5439756939999825,
    0.5238733500000308
  ],
  "prusti-tests/tests/verify/pass/quick/mut-borrows.rs": [
    0.8752860099998543,
    0.7751317960000961,
    0.7771522210000512,
    0.760686620999877,
    0.7526793240001552,
    0.8331292860000303,
    0.7541649279999092,
    0.7634354389999771,
    0.7795739319999484,
    0.7675833890000376
  ],
  "prusti-tests/tests/verify/pass/quick/shared-borrows.rs": [
    0.5339041909999196,
    0.5975993540000673,
    0.5271936109998023,
    0.5321983710000495,
    0.5646120589999555,
    0.543765409000116,
    0.5165350829997806,
    0.5381526559999656,
    0.5822212210000544,
    0.542136937000123
  ],
  "prusti-tests/tests/verify/pass/quick/trait-contracts-refinement.rs": [
    0.8401843310000459,
    0.7741270340000028,
    0.7450218829999358,
    0.766788545999816,
    0.810902477999889,
    0.7593443559999287,
    0.7469922069999484,
    0.7548111020000761,
    0.752879589000031,
    0.8236052699999163
  ],
  "prusti-tests/tests/verify/pass/quick/routes.rs": [
    2.233697540000094,
    2.1239039099998536,
    2.5361278010000206,
    1.795850357000063,
    1.9003152230000069,
    1.932327211000029,
    1.9074537090000376,
    1.8134436810000807,
    1.782496010000159,
    1.8131274810000377
  ],
  "prusti-tests/tests/verify/pass/quick/fibonacci.rs": [
    1.7147750890001134,
    1.860678863999965,
    1.84063753800001,
    1.900716766999949,
    1.8894971310000983,
    1.7112555680000696,
    1.8955363699999452,
    1.8356064399999923,
    1.686890437999864,
    1.7684546259999934
  ],
  "prusti-tests/tests/verify/pass/pure-fn/len-lookup.rs": [
    0.86624949499992,
    0.8699795350000841,
    0.9367887430000792,
    0.8763628119997975,
    0.8531980319999093,
    0.9035848420001003,
    0.8465712509998866,
    0.9073385870001403,
    0.9584886060001736,
    0.8420831970001927
  ],
  "prusti-tests/tests/verify/pass/pure-fn/quantifiers.rs": [
    0.7968707669999731,
    0.7715985370000453,
    0.8706760229999873,
    0.7844667920001029,
    0.7941115070000251,
    0.7731812560000435,
    0.8326430679999248,
    0.7916327780001211,
    0.7856083050000962,
    0.8269755999999688
  ],
  "prusti-tests/tests/verify/pass/pure-fn/recursive-pure-fn.rs": [
    0.6295363780000116,
    0.6154132230001323,
    0.614858015999971,
    0.6431146570000692,
    0.7001190450000649,
    0.6119363810000777,
    0.6406432280000445,
    0.6043461899998874,
    0.6318364219998784,
    0.6868658850000884
  ],
  "prusti-tests/tests/verify/pass/pure-fn/ref-mut-arg.rs": [
    0.7312652210000579,
    0.7477989210001397,
    0.7462626900000942,
    0.7370126700000128,
    0.787119273000144,
    0.7208770750000895,
    0.7566026049998982,
    0.7232885040000383,
    0.7993873210000402,
    0.7488061120000111
  ],
  "prusti-tests/tests/verify/pass/rosetta/Ackermann_function.rs": [
    0.8294562819999101,
    0.7682939459998579,
    0.813237584000035,
    0.7673639089998687,
    0.7639449680000325,
    0.751486917999955,
    0.7609513319998769,
    0.8537916450000012,
    0.7689942279998832,
    0.7692619310000737
  ],
  "prusti-tests/tests/verify/pass/rosetta/Heapsort.rs": [
    4.625898452999991,
    4.566863502999922,
    4.604818253999838,
    4.37654522999992,
    4.48689777200002,
    4.461922962000017,
    4.56944730500004,
    4.539303565999944,
    4.452714361000062,
    4.707083727000054
  ]
}