{
  "prusti-tests/tests/verify/pass/rosetta/Knuth_shuffle.rs": [
    3.2443699450000167,
    2.744487812999978,
    2.7184120280001025,
    2.5067601640000703,
    2.4349584919998506,
    2.5391501409999364,
    2.4367658179999125,
    2.3677861349999603,
    2.2961004729997967,
    2.3650990190001266
  ],
  "prusti-tests/tests/verify/pass/demos/account.rs": [
    2.227756177999936,
    2.175271491000103,
    2.2199520230001326,
    2.2378024839999853,
    2.2094985839999026,
    2.1949571220000053,
    2.2017315969999345,
    2.2968800510000165,
    2.3569944779999332,
    2.305431237999983
  ],
  "prusti-tests/tests/verify/pass/rosetta/Knights_tour.rs": [
    120.81327458700002,
    119.143198665,
    117.32527850899987,
    116.2725171909999,
    117.02219186499997,
    118.86003299700019,
    115.49428784100019,
    117.28128494499992,
    116.85993337800028,
    114.78484519800031
  ],
  "prusti-tests/tests/verify/pass/quick/fold-unfold.rs": [
    1.342239864000021,
    1.332705729999816,
    1.3686468169998989,
    1.3228132260001075,
    1.356596311999965,
    1.4033229230003599,
    1.3347957920000226,
    1.3381137440001112,
    1.375908970999717,
    1.3450459370001226
  ],
  "prusti-tests/tests/verify/pass/quick/moves.rs": [
    1.6171523709999747,
    1.7222959259997879,
    1.7936696220003796,
    1.7069202860002406,
    1.7867597660001593,
    1.7807942469999034,
    1.7449425959998734,
    1.7875206950002394,
    1.7758331789996191,
    1.7065369540000574
  ],
  "prusti-tests/tests/verify/pass/quick/mut-borrows.rs": [
    3.525293211999724,
    3.4648212259999127,
    3.5384528539998428,
    3.482009475000268,
    3.5159891920002337,
    3.2736595619999207,
    3.3520970829999897,
    3.1840543840003193,
    3.155500053000196,
    3.2707077290001507
  ],
  "prusti-tests/tests/verify/pass/quick/shared-borrows.rs": [
    2.118492160000187,
    2.0459078320000117,
    2.0773811650001335,
    2.0663257260002865,
    2.0343798330000027,
    2.143160389000059,
    2.1617948319999414,
    2.240155095999853,
    2.168757130999893,
    2.175649879000048
  ],
  "prusti-tests/tests/verify/pass/quick/trait-contracts-refinement.rs": [
    2.0353495170002134,
    2.009181174999867,
    2.0310405119998904,
    1.9532515070000045,
    2.0403604160001123,
    2.002619242000037,
    1.9555438290003622,
    1.9926579050002147,
    1.9875619370000095,
    1.9215517109996654
  ],
  "prusti-tests/tests/verify/pass/quick/routes.rs": [
    6.1298854980000215,
    5.557899851999991,
    5.0778843169996435,
    5.135593289000099,
    5.209727243999623,
    5.235732760000246,
    5.426082074000078,
    5.586645765999947,
    5.3291020219999155,
    5.390447731999757
  ],
  "prusti-tests/tests/verify/pass/quick/fibonacci.rs": [
    7.1235218669999085,
    6.550608928000202,
    6.710606401999939,
    6.365646381999795,
    6.453874802999962,
    6.56888141599984,
    7.065320753000378,
    6.757866159999594,
    6.856713165999736,
    6.98558844299987
  ],
  "prusti-tests/tests/verify/pass/pure-fn/len-lookup.rs": [
    3.955821304999972,
    3.907932888000232,
    3.7018883619998633,
    3.7585531089998767,
    3.7006872260003547,
    3.685455802999968,
    3.816793709999729,
    3.829903877000106,
    3.966044172000238,
    4.103193164999993
  ],
  "prusti-tests/tests/verify/pass/pure-fn/quantifiers.rs": [
    2.449343884999962,
    2.46102472199982,
    2.4109016749998773,
    2.498161395000352,
    2.4285143750003044,
    2.4737752529999852,
    2.5923816819999956,
    2.49185592799995,
    2.3546718160000637,
    2.338312667000082
  ],
  "prusti-tests/tests/verify/pass/pure-fn/recursive-pure-fn.rs": [
    2.0430883359999825,
    2.095824732999972,
    2.1365586960000655,
    1.9851645589997133,
    1.9883847060000335,
    2.002823966000051,
    1.9986997659998451,
    2.0555695659995763,
    1.9443157800001245,
    2.0841795820001607
  ],
  "prusti-tests/tests/verify/pass/pure-fn/ref-mut-arg.rs": [
    3.1140697179998824,
    3.1887384960000418,
    3.2422506809998595,
    3.2620902900002875,
    3.2591345850000835,
    3.140362863000064,
    3.211837436999758,
    3.3102265440002157,
    3.2398569199999656,
    3.22267723799996
  ],
  "prusti-tests/tests/verify/pass/rosetta/Ackermann_function.rs": [
    2.237699774000248,
    2.2433619319999707,
    2.058822882000186,
    2.0221954389999155,
    2.069638015000237,
    2.138628578999942,
    2.0362878539999656,
    1.9635567969999101,
    2.136495730000206,
    2.0851550340003087
  ],
  "prusti-tests/tests/verify/pass/rosetta/Heapsort.rs": [
    11.419134582999959,
    12.018674402000215,
    12.49526243299988,
    12.345838190999984,
    11.756616715000291,
    11.527697308999905,
    12.219198500999937,
    12.40411216800021,
    12.19618738400004,
    11.736873153000033
  ]
}