{
  "prusti-tests/tests/verify/pass/rosetta/Knuth_shuffle.rs": [
    2.3035133610000003,
    2.0925640960000464,
    2.053236998999978,
    2.0402006110000457,
    1.9493026549999968,
    1.954423831999975,
    1.988231079000002,
    2.003074448999996,
    1.9651783220000425,
    1.947695017000001
  ],
  "prusti-tests/tests/verify/pass/demos/account.rs": [
    0.9598315079999793,
    0.866321065999955,
    0.9730413720000115,
    0.9232060510000792,
    0.8757879060000278,
    0.9040303419999418,
    0.9637911259999328,
    0.9878943350000782,
    0.9638529940000353,
    0.9616892129999997
  ]
}