{
  "prusti-tests/tests/verify/pass/rosetta/Knuth_shuffle.rs": [
    2.5363204169998426,
    2.1725959379998585,
    2.097384606999867,
    2.0388593609998225,
    2.030690672999981,
    2.0570089559998905,
    2.016657928000086,
    2.004987660000097,
    2.0424043109999275,
    2.026414964999958
  ],
  "prusti-tests/tests/verify/pass/demos/account.rs": [
    1.8686146539998845,
    1.861363787999835,
    1.855474152999932,
    1.8666705220000495,
    1.8719091450000178,
    1.8487040140000772,
    1.8606176859998413,
    1.8834568849999869,
    1.8549611020000611,
    1.8447403790000863
  ],
  "prusti-tests/tests/verify/pass/rosetta/Knights_tour.rs": [
    116.61009008000019,
    120.2518583550002,
    119.93500414100004,
    119.45479848100013,
    119.12761569000008,
    117.85210272099971,
    116.67838301500024,
    114.55063939799993,
    115.80053924399999,
    116.00063067000019
  ],
  "prusti-tests/tests/verify/pass/quick/fold-unfold.rs": [
    1.2588947409999491,
    1.2233034509999925,
    1.2248162840000987,
    1.2288394329998482,
    1.2381469859997196,
    1.2237524559996018,
    1.2142590379999092,
    1.2226303300003565,
    1.2205200819998936,
    1.2381137850002233
  ],
  "prusti-tests/tests/verify/pass/quick/moves.rs": [
    1.4822400330003802,
    1.4819854649999797,
    1.492443502000242,
    1.493505525999808,
    1.4929317129999617,
    1.4906440470003872,
    1.4863734450000265,
    1.4806574129997898,
    1.4820319440000276,
    1.4921110780001072
  ],
  "prusti-tests/tests/verify/pass/quick/mut-borrows.rs": [
    2.925526326999716,
    2.920589360000122,
    2.9248122570002124,
    2.925522493999779,
    2.9108520649997445,
    2.9199446809998335,
    2.9498745050000252,
    2.9071168249997754,
    2.9219999860001735,
    2.9243336929998804
  ],
  "prusti-tests/tests/verify/pass/quick/shared-borrows.rs": [
    1.8502248930003589,
    1.8385764229997221,
    1.8526683350000894,
    1.8605344669999795,
    1.857638500000121,
    1.8563586699997359,
    1.8597154519998185,
    1.8596247959999346,
    1.8459751830000641,
    1.844078539000293
  ],
  "prusti-tests/tests/verify/pass/quick/trait-contracts-refinement.rs": [
    1.6672908800001096,
    1.634356089999983,
    1.6259885929998745,
    1.6306989999998223,
    1.622978922999664,
    1.6163665750000291,
    1.6112559619996318,
    1.6282970530000966,
    1.615677162999873,
    1.6256631920000473
  ],
  "prusti-tests/tests/verify/pass/quick/routes.rs": [
    4.930163327000173,
    4.596918432000166,
    4.428801757000201,
    4.496989719000339,
    4.444232773000294,
    4.437428899000224,
    4.425510273000327,
    4.388996123000197,
    4.415411059999769,
    4.3660837299999
  ],
  "prusti-tests/tests/verify/pass/quick/fibonacci.rs": [
    5.881845919999705,
    5.903911134999817,
    5.881451090000155,
    5.868143142000008,
    5.894515219999903,
    5.896031061000031,
    5.870430624000164,
    5.84266117199968,
    5.852819429999727,
    5.793277031999878
  ],
  "prusti-tests/tests/verify/pass/pure-fn/len-lookup.rs": [
    3.335384361999786,
    3.345068781000009,
    3.3380462029999762,
    3.333265762999872,
    3.3348531999999977,
    3.3587138469997626,
    3.341124693999973,
    3.3328631809999933,
    3.3505369009999413,
    3.3439721479999207
  ],
  "prusti-tests/tests/verify/pass/pure-fn/quantifiers.rs": [
    2.0386014149999028,
    2.017481457000031,
    2.0164112309998927,
    2.0201800199997706,
    2.015225186999942,
    2.0218890129999636,
    2.0335832929999924,
    2.01803942000015,
    2.01640122300023,
    2.055169706000015
  ],
  "prusti-tests/tests/verify/pass/pure-fn/recursive-pure-fn.rs": [
    1.79716074199996,
    1.7939721660000032,
    1.812466805999975,
    1.783768155999951,
    1.8037024220002422,
    1.7895232900000337,
    1.7806759760001114,
    1.8001283400003558,
    1.8006122509996203,
    1.7973113739999462
  ],
  "prusti-tests/tests/verify/pass/pure-fn/ref-mut-arg.rs": [
    2.6684105429999363,
    2.623820220000198,
    2.639382777999799,
    2.639829115000339,
    2.6519737069997973,
    2.6421544790000553,
    2.6331833679996635,
    2.6424432489998253,
    2.638784464999844,
    2.6546935339997617
  ],
  "prusti-tests/tests/verify/pass/rosetta/Ackermann_function.rs": [
    1.8374346499999774,
    1.8208390549998512,
    1.8194545229998766,
    1.8174343770001542,
    1.8137216540003465,
    1.8094448760002706,
    1.8264165669997965,
    1.8092715709999538,
    1.8224174299998595,
    1.8155930319999243
  ],
  "prusti-tests/tests/verify/pass/rosetta/Heapsort.rs": [
    10.74224272399988,
    10.79609665299995,
    10.780564807000246,
    10.667843113000345,
    10.677204712000275,
    10.682067926999935,
    10.738019777999853,
    10.69763603399997,
    10.803786914000284,
    10.685949686000185
  ]
}