{
  "prusti-tests/tests/verify/pass/rosetta/Knuth_shuffle.rs": [
    3.289388497000118,
    0.42338797200000045,
    0.42139761899989026,
    0.4162995280000814,
    0.4113169459999426,
    0.41537565700014056,
    0.41547296499993536,
    0.4300716840000405,
    0.41261514500001795,
    0.4214620239999931
  ],
  "prusti-tests/tests/verify/pass/demos/account.rs": [
    2.685455359000116,
    0.14915513899995858,
    0.14682726000000912,
    0.148043153999879,
    0.1477965070000664,
    0.14913883500003067,
    0.1468174659999022,
    0.14898262299993803,
    0.14737230599985196,
    0.14623162299994874
  ],
  "prusti-tests/tests/verify/pass/rosetta/Knights_tour.rs": [
    124.80866311499994,
    3.05733688600003,
    3.0611473500000557,
    3.0796754830000737,
    3.0519375850001325,
    3.027862541999866,
    3.063734355999941,
    3.0516488329999447,
    3.084499552999887,
    3.0899408429997948
  ],
  "prusti-tests/tests/verify/pass/quick/fold-unfold.rs": [
    1.561407422000002,
    0.11700073299994074,
    0.1281958729998678,
    0.11932312799990541,
    0.1151143750000756,
    0.11597834700000931,
    0.1122458340000776,
    0.11091042099997139,
    0.11420009699986622,
    0.11269597099999373
  ],
  "prusti-tests/tests/verify/pass/quick/moves.rs": [
    1.8522301640000478,
    0.1121184229998562,
    0.10631893499999023,
    0.10906196599989926,
    0.10788476700008687,
    0.1080562810000174,
    0.10872853799992299,
    0.11464273499996125,
    0.11357374400017761,
    0.11201241399999162
  ],
  "prusti-tests/tests/verify/pass/quick/mut-borrows.rs": [
    3.676140311999916,
    0.1901786370001446,
    0.18390382800021143,
    0.18151733400009107,
    0.18376241600003596,
    0.18568317200015372,
    0.18262822400015466,
    0.18164654400015934,
    0.18225689500013686,
    0.18793685499986168
  ],
  "prusti-tests/tests/verify/pass/quick/shared-borrows.rs": [
    2.34443000400006,
    0.10779935000005025,
    0.10528694599997834,
    0.10629132799999752,
    0.11081289499998093,
    0.10991632300010679,
    0.10682507100000294,
    0.10550626399981411,
    0.10900424900000871,
    0.10394513699998242
  ],
  "prusti-tests/tests/verify/pass/quick/trait-contracts-refinement.rs": [
    2.0586166190000768,
    0.1646406320001006,
    0.16704573000015444,
    0.16413849000014125,
    0.15757225099991956,
    0.15964932099996076,
    0.16966854499992223,
    0.16344153299996833,
    0.15971592699997927,
    0.15990984299992306
  ],
  "prusti-tests/tests/verify/pass/quick/routes.rs": [
    6.448079636999864,
    0.41379857100014306,
    0.40616834699994797,
    0.406493773999955,
    0.3998818349998601,
    0.42009268400011024,
    0.4034924289999253,
    0.40268736400003036,
    0.40881576400011,
    0.4101378709999608
  ],
  "prusti-tests/tests/verify/pass/quick/fibonacci.rs": [
    0.4596336100000826,
    0.4412799130000167,
    0.4474482169998737,
    0.44536644599998,
    0.45912806899991665,
    0.43865970000001653,
    0.44200887200008765,
    0.4477343099999871,
    0.44435815599990747,
    0.4599621320001006
  ],
  "prusti-tests/tests/verify/pass/pure-fn/len-lookup.rs": [
    4.574431060000052,
    0.25420369799985565,
    0.24254934400005368,
    0.2444194970000808,
    0.24820590700005596,
    0.24399686300012036,
    0.24189038999998047,
    0.2476553619999322,
    0.25742926199995964,
    0.26512267800012523
  ],
  "prusti-tests/tests/verify/pass/pure-fn/quantifiers.rs": [
    2.730732203999878,
    0.21562999400021,
    0.22005145399998582,
    0.24031540800001494,
    0.22201051499996538,
    0.2267138980000709,
    0.21754235000003064,
    0.21758455299982415,
    0.21482582799990269,
    0.2183254130000023
  ],
  "prusti-tests/tests/verify/pass/pure-fn/recursive-pure-fn.rs": [
    2.3873275850000937,
    0.18135399700008747,
    0.17522829700010334,
    0.16978955400009,
    0.17359856400003082,
    0.17162289499992767,
    0.17011393799998586,
    0.16935577599997487,
    0.1702037449999807,
    0.16978371100003642
  ],
  "prusti-tests/tests/verify/pass/pure-fn/ref-mut-arg.rs": [
    3.598590723000143,
    0.22060654500000965,
    0.21766630600018289,
    0.2227987230000963,
    0.23165654400008862,
    0.22110988600002202,
    0.22743630000013582,
    0.23518143100000088,
    0.21792062600002282,
    0.21541102199989837
  ],
  "prusti-tests/tests/verify/pass/rosetta/Ackermann_function.rs": [
    2.3835338940000383,
    0.27035912999986067,
    0.27254010899991954,
    0.25814842499994484,
    0.25878057800014176,
    0.266014972999983,
    0.2662477910000689,
    0.26673823099986294,
    0.27364520000014636,
    0.2672595750000255
  ],
  "prusti-tests/tests/verify/pass/rosetta/Heapsort.rs": [
    13.895482951000076,
    1.2472091590000218,
    1.275520773999915,
    1.2558478660000674,
    1.2431407260000924,
    1.2832707079999182,
    1.265686100000039,
    1.2590450610000516,
    1.2656575999999404,
    1.2604135729998234
  ]
}