{
  "prusti-tests/tests/verify/pass/rosetta/Knuth_shuffle.rs": [
    2.2245160060000444,
    1.9120461339999792,
    1.8521674400000165,
    1.8640375100000028,
    1.8295268430000533,
    1.8373394379999581,
    1.876039999999989,
    1.9318217069999264,
    1.8896047369998996,
    1.8048631859999205
  ],
  "prusti-tests/tests/verify/pass/demos/account.rs": [
    0.8382424760000049,
    0.8509590859999889,
    0.8234319959999539,
    0.7659588210000265,
    0.7541686540000683,
    0.902902041999937,
    0.7846701619999976,
    0.8054803850000098,
    0.7440816560000485,
    0.7681800090000479
  ],
  "prusti-tests/tests/verify/pass/rosetta/Knights_tour.rs": [
    116.491735758,
    112.82696954300013,
    109.95486604099983,
    113.83643118299983,
    118.50888347599994,
    115.46207586800006,
    120.9115681159999,
    120.52274569700012,
    120.63952372499989,
    119.38724434100004
  ],
  "prusti-tests/tests/verify/pass/quick/fold-unfold.rs": [
    0.6114814830002615,
    0.532416941000065,
    0.5585433659998671,
    0.5523544200000288,
    0.5486330730000191,
    0.5545122070002435,
    0.6311386470001707,
    0.5582413540000744,
    0.5647312119999697,
    0.5414366880004309
  ],
  "prusti-tests/tests/verify/pass/quick/moves.rs": [
    0.5515907909998532,
    0.5653570360000231,
    0.5486179720001019,
    0.5289750930000992,
    0.5588918809999086,
    0.5376859389998572,
    0.536458403999859,
    0.5686867869999332,
    0.551100488999964,
    0.5497310350001499
  ],
  "prusti-tests/tests/verify/pass/quick/mut-borrows.rs": [
    0.9133263759999863,
    0.9393954120000672,
    0.8685840990001452,
    0.8410514060001333,
    0.8923501429999305,
    0.8795942359997753,
    0.8167534409999462,
    0.9644531099997948,
    0.8443933419998757,
    0.9190460069999062
  ],
  "prusti-tests/tests/verify/pass/quick/shared-borrows.rs": [
    0.6019307110000227,
    0.6693444879997514,
    0.6213817830002881,
    0.5868936130000293,
    0.6721598999997696,
    0.6367404930001612,
    0.5759509780000371,
    0.5942266040001414,
    0.5913208930001019,
    0.6547665139996752
  ],
  "prusti-tests/tests/verify/pass/quick/trait-contracts-refinement.rs": [
    0.9135738979998678,
    0.8956623859999127,
    0.8470713560000149,
    0.8639971279999372,
    0.8249437760000546,
    0.8249404759999379,
    0.9147756450001907,
    0.8217223460001151,
    0.8202222530003382,
    0.8981451460003882
  ],
  "prusti-tests/tests/verify/pass/quick/routes.rs": [
    2.6646291560000464,
    2.377728767999997,
    2.3848229150003135,
    2.207977151999785,
    2.212711539999873,
    2.2774067109999123,
    2.475611820999802,
    2.3123822359998485,
    2.224978564000139,
    2.210263179999856
  ],
  "prusti-tests/tests/verify/pass/quick/fibonacci.rs": [
    2.2147980600002484,
    2.4025038310001037,
    2.383504372999596,
    2.3938361390000864,
    2.3358402320000096,
    2.4708844040001168,
    2.3780568249999305,
    2.2179143239995938,
    2.388468100999944,
    2.3170853569999963
  ],
  "prusti-tests/tests/verify/pass/pure-fn/len-lookup.rs": [
    0.9828162359999624,
    1.0809522350000407,
    0.9707127560000117,
    1.0208307470002183,
    0.9472940250002466,
    0.9922626120001041,
    0.9463947899998857,
    0.8733115949999046,
    0.9998023339999236,
    0.9663913059998777
  ],
  "prusti-tests/tests/verify/pass/pure-fn/quantifiers.rs": [
    0.8336585309998554,
    0.80613683699994,
    0.8167539590003798,
    0.8477752919998238,
    0.7840354579998348,
    0.7581638309998198,
    0.8223204790001546,
    0.7620293569998466,
    0.7732768040000337,
    0.8153871760000584
  ],
  "prusti-tests/tests/verify/pass/pure-fn/recursive-pure-fn.rs": [
    0.604296494999744,
    0.5721173160000035,
    0.6463469640002586,
    0.6130268410001918,
    0.5815706920002413,
    0.5885588690002805,
    0.5660148740003024,
    0.6844739780003692,
    0.5990973869998015,
    0.5779139460000806
  ],
  "prusti-tests/tests/verify/pass/pure-fn/ref-mut-arg.rs": [
    0.8163074110002526,
    0.8014318199998343,
    0.7574143719998574,
    0.8188022089998412,
    0.7743378440000015,
    0.7641533390001314,
    0.812695266999981,
    0.7516317419999723,
    0.81612140299967,
    0.8614565020002374
  ],
  "prusti-tests/tests/verify/pass/rosetta/Ackermann_function.rs": [
    0.8623527380000269,
    0.8668562160000874,
    0.9757336399998167,
    0.9040545929997279,
    0.888843590000306,
    0.9299058199999308,
    0.9331416479999461,
    0.929358498000056,
    0.9601471209998635,
    0.8490494100001342
  ],
  "prusti-tests/tests/verify/pass/rosetta/Heapsort.rs": [
    6.916158906999954,
    6.930470052000146,
    6.8186765469999955,
    7.351359823000166,
    7.397564990000319,
    7.179570655000134,
    6.981445707000148,
    6.622741411999868,
    6.368343907000053,
    6.692363816000125
  ]
}