{
  "prusti-tests/tests/verify/pass/rosetta/Knuth_shuffle.rs": [
    2.0155204220000087,
    1.8539834059999976,
    1.9929191380001612,
    1.8649532879999242,
    1.8202531310000722,
    1.9260566870000275,
    1.874766572999988,
    1.8105681530000766,
    1.8137495000000854,
    1.8602870849999817
  ],
  "prusti-tests/tests/verify/pass/demos/account.rs": [
    1.6264309889998003,
    1.5951102349999928,
    1.6333919480000532,
    1.5300814610000089,
    1.500673721999874,
    1.4884936220000782,
    1.5794423620000089,
    1.6044364659999246,
    1.561810906999881,
    1.595236777000082
  ],
  "prusti-tests/tests/verify/pass/rosetta/Knights_tour.rs": [
    100.63845095199986,
    97.6762605450001,
    97.42506068099988,
    98.40774523000005,
    98.08471638200012,
    97.89873708799996,
    97.02346238699988,
    98.22884119500009,
    99.27103299999999,
    93.55366944599996
  ],
  "prusti-tests/tests/verify/pass/quick/fold-unfold.rs": [
    1.1066184360001898,
    1.0666844130000754,
    1.0515297909996661,
    1.0478271729998596,
    1.0730232189998787,
    1.0488990229996489,
    1.0535568609998336,
    1.0830298999999286,
    1.0923748760001217,
    1.1050634799998988
  ],
  "prusti-tests/tests/verify/pass/quick/moves.rs": [
    1.342913612999837,
    1.3356789899999058,
    1.344493360999877,
    1.3287745330003418,
    1.2355153729999984,
    1.2261977960001786,
    1.2062736339998992,
    1.2094900870001766,
    1.218251827000131,
    1.2107477680001466
  ],
  "prusti-tests/tests/verify/pass/quick/mut-borrows.rs": [
    2.3732667640001637,
    2.568214065999655,
    2.519228914999985,
    2.499445354999807,
    2.3654700689999117,
    2.4592687809999916,
    2.577613351999844,
    2.499026413000138,
    2.579692941999838,
    2.4900711450000017
  ],
  "prusti-tests/tests/verify/pass/quick/shared-borrows.rs": [
    1.5765963809999448,
    1.6202685390003353,
    1.618613768999694,
    1.63307377000001,
    1.5845219660000112,
    1.5570105370002238,
    1.57587739399969,
    1.5906357720000415,
    1.5915083860004415,
    1.5760294599999725
  ],
  "prusti-tests/tests/verify/pass/quick/trait-contracts-refinement.rs": [
    1.4046176609999748,
    1.4380474340000546,
    1.4042568190002385,
    1.4408616900000197,
    1.4236581469999692,
    1.4663826019996122,
    1.4631670750000012,
    1.46939202700014,
    1.4187954710000668,
    1.4541936129999158
  ],
  "prusti-tests/tests/verify/pass/quick/routes.rs": [
    4.428137676000006,
    4.147127311000077,
    4.022113599000022,
    3.961722405999808,
    4.056820653000159,
    3.99092224099968,
    3.97897329000034,
    4.042198284000278,
    3.9270403119999173,
    3.776232911000079
  ],
  "prusti-tests/tests/verify/pass/quick/fibonacci.rs": [
    4.879440477999651,
    4.890738104999855,
    5.039917346000038,
    5.10244466200038,
    4.802925926000171,
    5.077483222999945,
    4.893544234999808,
    5.083842183999877,
    5.040493675999642,
    4.922034272000019
  ],
  "prusti-tests/tests/verify/pass/pure-fn/len-lookup.rs": [
    2.807167655000285,
    2.886134883000068,
    2.840470365999863,
    2.8315513930001543,
    2.810893700000179,
    2.820657771000242,
    2.8152742340002987,
    2.95121402399991,
    2.820719057000133,
    2.7875944719999097
  ],
  "prusti-tests/tests/verify/pass/pure-fn/quantifiers.rs": [
    1.6541531920001944,
    1.6648845800000345,
    1.631415907000246,
    1.6367332499999065,
    1.6565995989999465,
    1.6155393570002161,
    1.6189899839996542,
    1.612085628999921,
    1.643169582000155,
    1.6082594039999094
  ],
  "prusti-tests/tests/verify/pass/pure-fn/recursive-pure-fn.rs": [
    1.4527585389996602,
    1.4901535439998952,
    1.512359823999759,
    1.5096291019999626,
    1.4462432739996984,
    1.4598069630001191,
    1.430468225000368,
    1.4522143020003568,
    1.497112365999783,
    1.494432943999982
  ],
  "prusti-tests/tests/verify/pass/pure-fn/ref-mut-arg.rs": [
    2.2110534700000244,
    2.2106639749999886,
    2.1922111229996517,
    2.267993684999965,
    2.196928086000298,
    2.1917351429997325,
    2.228021136999814,
    2.317492396000034,
    2.291915501999938,
    2.249828460000117
  ],
  "prusti-tests/tests/verify/pass/rosetta/Ackermann_function.rs": [
    1.5222051549999378,
    1.5600990100001582,
    1.621527294000316,
    1.541615949000061,
    1.5308997620004448,
    1.5225147950000064,
    1.6195093439996526,
    1.556563420999737,
    1.5238631580000401,
    1.5383224739998695
  ],
  "prusti-tests/tests/verify/pass/rosetta/Heapsort.rs": [
    8.804255247000128,
    8.932395511999857,
    8.706416806999641,
    8.977349034999861,
    8.98714055399978,
    9.128206341999885,
    8.845129933999942,
    8.726055371000257,
    8.673575583000002,
    8.652081564999662
  ]
}