{
  "prusti-tests/tests/verify/pass/rosetta/Knuth_shuffle.rs": [
    2.3582499660000167,
    2.091212938999888,
    1.9038750600000185,
    1.9841699670000708,
    1.917812261999984,
    1.9017350530000385,
    1.895725324999944,
    1.8684188039999299,
    1.8832780609999418,
    1.8247539819999474
  ],
  "prusti-tests/tests/verify/pass/demos/account.rs": [
    0.8941880810000384,
    0.8630899030000592,
    0.8558383140000387,
    0.8422094890000835,
    0.8624241210000037,
    0.8194419070000549,
    0.8551216099999692,
    0.8398701269999265,
    0.9155621130000782,
    0.8548082430000932
  ]
}