{
  "prusti-tests/tests/verify/pass/rosetta/Knuth_shuffle.rs": [
    2.5067877470000894,
    2.143797116000087,
    2.066160177000029,
    2.016751986999907,
    2.072559700000056,
    2.007412479999857,
    2.022160743000086,
    2.0211701719999837,
    2.0164042709998284,
    1.985821354999871
  ],
  "prusti-tests/tests/verify/pass/demos/account.rs": [
    0.970875820999936,
    1.0137835650000397,
    1.1395562970001265,
    1.0249175260000811,
    1.005762150999999,
    0.9872442829998818,
    0.9565442149998944,
    1.0177346069999658,
    1.1866388840001036,
    0.9539398499998697
  ]
}