{
  "prusti-tests/tests/verify/pass/rosetta/Knuth_shuffle.rs": [
    2.074160779000067,
    1.8763267819999783,
    1.8196097820000432,
    1.8195617920000586,
    1.7878055920000406,
    1.782984893000048,
    1.8068507919999774,
    1.749852101999977,
    1.795374911999943,
    1.7724980099999357
  ],
  "prusti-tests/tests/verify/pass/demos/account.rs": [
    1.639994893999983,
    1.6286745929999142,
    1.6157343229999697,
    1.634693986000002,
    1.614285185999961,
    1.5896163869999782,
    1.595849686000065,
    1.6461041930001556,
    1.586912995000148,
    1.5916703949999373
  ],
  "prusti-tests/tests/verify/pass/rosetta/Knights_tour.rs": [
    97.74648616599984,
    97.467631966,
    97.72590800699982,
    98.38191100499989,
    99.63399338699992,
    98.0842584689999,
    98.76119383299988,
    97.08490512400022,
    96.26627778800002,
    95.67849569300006
  ],
  "prusti-tests/tests/verify/pass/quick/fold-unfold.rs": [
    1.097544760999881,
    1.0990255619999516,
    1.0875448609999694,
    1.0789512900000773,
    1.0824694470002214,
    1.0904507449999983,
    1.0797008470003675,
    1.0909756460000608,
    1.0979008439999234,
    1.1006762880001588
  ],
  "prusti-tests/tests/verify/pass/quick/moves.rs": [
    1.323889931999929,
    1.3309542419997342,
    1.3083135410001887,
    1.318562940999982,
    1.3145888409999316,
    1.3245603410000513,
    1.3058796290001737,
    1.331046706000052,
    1.3318664050002553,
    1.321381504999863
  ],
  "prusti-tests/tests/verify/pass/quick/mut-borrows.rs": [
    2.5913836109998556,
    2.5902539100002286,
    2.5805191089998516,
    2.5816823100003603,
    2.590958709000006,
    2.5762115090001316,
    2.5885467079997397,
    2.5781979099997443,
    2.597569310000381,
    2.5750788099999227
  ],
  "prusti-tests/tests/verify/pass/quick/shared-borrows.rs": [
    1.6275330069997835,
    1.6426879830000871,
    1.635584181000013,
    1.635609981000016,
    1.6409968809998645,
    1.644330681000156,
    1.6282388859999628,
    1.6416232850001506,
    1.6422693859999526,
    1.6297139859998424
  ],
  "prusti-tests/tests/verify/pass/quick/trait-contracts-refinement.rs": [
    1.4786623800000598,
    1.46710179899992,
    1.462191999999959,
    1.444781301999683,
    1.467555598999752,
    1.4473119019999103,
    1.4508091650000097,
    1.4585093180003241,
    1.4375461189997623,
    1.4362444190001042
  ],
  "prusti-tests/tests/verify/pass/quick/routes.rs": [
    4.332867882000301,
    4.052716144999977,
    3.945122466000157,
    3.952815991999614,
    3.9024783909999314,
    3.907895386000291,
    3.906151780000073,
    3.8770573669999067,
    3.891445284999918,
    3.8815952529998867
  ],
  "prusti-tests/tests/verify/pass/quick/fibonacci.rs": [
    4.923653073999958,
    4.893521633000091,
    4.912970124999902,
    4.891042546000335,
    4.894497855999816,
    4.883267863000128,
    4.871992029000012,
    4.914159517999906,
    4.921873965000032,
    4.944612931999927
  ],
  "prusti-tests/tests/verify/pass/pure-fn/len-lookup.rs": [
    2.888929981000274,
    2.8689937700000883,
    2.850694568999643,
    2.8508322200000293,
    2.8420218050000585,
    2.857920805000049,
    2.8717120219998833,
    2.856919428999845,
    2.874964332000218,
    2.834053203000167
  ],
  "prusti-tests/tests/verify/pass/pure-fn/quantifiers.rs": [
    1.7541396080000595,
    1.7404465069998878,
    1.7526046080001834,
    1.7286461390003751,
    1.754846013000133,
    1.7365764139999555,
    1.7433909139999741,
    1.7426968249997117,
    1.7484237019998545,
    1.768307602999812
  ],
  "prusti-tests/tests/verify/pass/pure-fn/recursive-pure-fn.rs": [
    1.557676390999859,
    1.5543992899997647,
    1.5621696930002145,
    1.591516898000009,
    1.5638723970000683,
    1.5542390959999466,
    1.5507159959997807,
    1.551498896999874,
    1.5532554019996496,
    1.558763601999999
  ],
  "prusti-tests/tests/verify/pass/pure-fn/ref-mut-arg.rs": [
    2.303494550999858,
    2.2921288500001538,
    2.28763955300019,
    2.2903311529998973,
    2.2844440520002536,
    2.288424653999755,
    2.3072464570000193,
    2.286826255000051,
    2.288160756000252,
    2.2915244559999337
  ],
  "prusti-tests/tests/verify/pass/rosetta/Ackermann_function.rs": [
    1.6212459109997326,
    1.6105160110000725,
    1.5936729089999062,
    1.599445700999695,
    1.603302590000112,
    1.6164478900000177,
    1.6158141900000373,
    1.604069289999643,
    1.616867713999909,
    1.628698445000282
  ],
  "prusti-tests/tests/verify/pass/rosetta/Heapsort.rs": [
    9.151415799000006,
    9.152097041000161,
    9.099912397000026,
    9.116464975999861,
    9.035115983000196,
    9.02322853800024,
    9.072450033000223,
    9.160089890000108,
    9.096806416000163,
    9.061548638000204
  ]
}