{
  "prusti-tests/tests/verify/pass/rosetta/Knuth_shuffle.rs": [
    2.236151995,
    1.882215173000077,
    1.829472707999912,
    1.7674817829999938,
    1.7187866130000202,
    1.6736174559998744,
    1.741361594999944,
    1.700694422999959,
    1.656807998999966,
    1.6196652959999938
  ],
  "prusti-tests/tests/verify/pass/demos/account.rs": [
    0.8427998170000137,
    0.8303437130000475,
    0.9077044200000728,
    0.8010838850000255,
    0.8206181230000311,
    0.8808608780000213,
    0.8793196270000863,
    0.7865351170000849,
    0.7582844999999452,
    0.865396574999977
  ],
  "prusti-tests/tests/verify/pass/rosetta/Knights_tour.rs": [
    99.2892260770002,
    97.13459380299992,
    94.6174175289998,
    95.57624155400003,
    98.4516986399999,
    93.92161050999994,
    96.645500868,
    94.21975842899997,
    92.31349363599998,
    96.59242312600009
  ],
  "prusti-tests/tests/verify/pass/quick/fold-unfold.rs": [
    0.5698601149999831,
    0.5576150169999892,
    0.5818882060000306,
    0.5652791659999821,
    0.6472154280002087,
    0.5575497149998228,
    0.5950112320001608,
    0.5512800110000171,
    0.6262066270001014,
    0.5793025339999076
  ],
  "prusti-tests/tests/verify/pass/quick/moves.rs": [
    0.5634488099999544,
    0.4966063029999077,
    0.5393163140001889,
    0.5402805449998596,
    0.6412076790002175,
    0.6104690639999717,
    0.5525025489996551,
    0.5763834379999935,
    0.5487707260003845,
    0.5100676479996764
  ],
  "prusti-tests/tests/verify/pass/quick/mut-borrows.rs": [
    0.8645135550000305,
    0.9039149459999862,
    0.7629143310000472,
    0.8299318109998239,
    0.7955512920002548,
    0.778638041999784,
    0.7986448940000628,
    0.7980050719997962,
    0.822906883000087,
    0.7495887959998981
  ],
  "prusti-tests/tests/verify/pass/quick/shared-borrows.rs": [
    0.583995307999885,
    0.5578632560000187,
    0.5956424150003841,
    0.5495791190001,
    0.6141035220002777,
    0.578867573000025,
    0.5218186140000398,
    0.5312875219997295,
    0.5783835580000414,
    0.5515705840002738
  ],
  "prusti-tests/tests/verify/pass/quick/trait-contracts-refinement.rs": [
    0.8285709140000108,
    0.8594951230002152,
    0.7586318349999601,
    0.7772536420002325,
    0.8310979729999417,
    0.7770544599998175,
    0.7419766109996999,
    0.8033770229999391,
    0.7549147350000567,
    0.8278197240001646
  ],
  "prusti-tests/tests/verify/pass/quick/routes.rs": [
    2.438432695999836,
    2.39070239900002,
    2.1225167339998734,
    2.1268656750003174,
    2.2157537709999815,
    2.0782322730001397,
    2.1666831999996248,
    2.16340319200026,
    2.1269859359999828,
    2.011187643000085
  ],
  "prusti-tests/tests/verify/pass/quick/fibonacci.rs": [
    2.1644087360000412,
    2.1748011749996294,
    2.132456071999968,
    1.99771223200014,
    2.0869941369996923,
    2.207243551999909,
    2.050797953000256,
    2.086661225000171,
    2.0854114839999056,
    1.9795253269999193
  ],
  "prusti-tests/tests/verify/pass/pure-fn/len-lookup.rs": [
    1.0248602469996513,
    0.986994742999741,
    1.0055211459998645,
    0.9179776959999799,
    0.9781863560001511,
    0.9030128079998576,
    0.9938802679998844,
    0.9253681359996335,
    0.9778926460003277,
    0.9692778240000735
  ],
  "prusti-tests/tests/verify/pass/pure-fn/quantifiers.rs": [
    0.907031305000146,
    0.8565553580001506,
    0.9575577549999252,
    0.8186906209998597,
    0.8793028009999944,
    0.8542256810001163,
    0.9458980730000803,
    0.8344610369999828,
    0.8286348099995848,
    0.8729726469996422
  ],
  "prusti-tests/tests/verify/pass/pure-fn/recursive-pure-fn.rs": [
    0.6415555060002589,
    0.6870552880000105,
    0.6646424579998893,
    0.6377177800000027,
    0.6487081389996092,
    0.6870796899997913,
    0.6443196959999113,
    0.6361957310000435,
    0.6789593239996066,
    0.6514307249999547
  ],
  "prusti-tests/tests/verify/pass/pure-fn/ref-mut-arg.rs": [
    0.8236487260001013,
    0.8039375849998578,
    0.8527502739998454,
    0.8328068249998068,
    0.8394604420000178,
    0.8210484420001194,
    0.80619335900019,
    0.7914955790001841,
    0.8445045059997938,
    0.7969701689999056
  ],
  "prusti-tests/tests/verify/pass/rosetta/Ackermann_function.rs": [
    0.9373456640000768,
    0.8794755769999938,
    0.8166016270001819,
    0.974864886999967,
    0.9171972070002994,
    0.8452019589999509,
    0.9239871280001353,
    0.8648319990002165,
    0.8728384420001021,
    0.9076777489999586
  ],
  "prusti-tests/tests/verify/pass/rosetta/Heapsort.rs": [
    5.110245960000157,
    4.708966606000104,
    4.80216224600008,
    5.256826846999957,
    4.928789557000073,
    5.097566734999873,
    5.124021092000021,
    5.182164980999914,
    4.987696848000269,
    5.823182138999982
  ]
}