{
  "prusti-tests/tests/verify/pass/rosetta/Knuth_shuffle.rs": [
    2.653943914000024,
    2.112768643000095,
    2.117302972999937,
    2.0767197149999674,
    2.143367663999925,
    2.124320936999993,
    2.069868978000045,
    2.1301410830000123,
    1.9683260169999812,
    1.9337427880000178
  ],
  "prusti-tests/tests/verify/pass/demos/account.rs": [
    0.9503869850000228,
    1.0239381720000438,
    0.9132044379999797,
    0.9327258649999521,
    1.0484414300000253,
    0.9231109019999622,
    0.9953302789999725,
    0.8935418070000196,
    1.0026530270000649,
    1.0201886429999831
  ],
  "prusti-tests/tests/verify/pass/rosetta/Knights_tour.rs": [
    104.07690044200001,
    106.31200150400002,
    109.44474111300019,
    108.54116131900014,
    108.25075535200017,
    105.71893356300006,
    102.6340510760001,
    104.3315195350001,
    101.99584490100005,
    103.64767789799998
  ],
  "prusti-tests/tests/verify/pass/quick/fold-unfold.rs": [
    0.4977057280000281,
    0.49927313900002446,
    0.5104364100000112,
    0.5116565190000983,
    0.5363876789999722,
    0.5182378609999887,
    0.5238066979998166,
    0.5263416139998753,
    0.520962678999922,
    0.4955383139999867
  ],
  "prusti-tests/tests/verify/pass/quick/moves.rs": [
    0.559613630000058,
    0.5434766250000393,
    0.5571308129999579,
    0.5921457409999675,
    0.5661218719999397,
    0.5479385539999839,
    0.5504168699999354,
    0.5511770749999414,
    0.5530922870000268,
    0.5488868610000281
  ],
  "prusti-tests/tests/verify/pass/quick/mut-borrows.rs": [
    1.0949380019999353,
    1.0854957409999315,
    1.1427569120000953,
    0.9953297560000465,
    1.0780847930000164,
    1.088091858000098,
    1.0709909470001548,
    1.1003735379999853,
    1.0685466310001175,
    1.109684498000206
  ],
  "prusti-tests/tests/verify/pass/quick/shared-borrows.rs": [
    0.561033838999947,
    0.589126522000015,
    0.6444945810001173,
    0.6016891019999093,
    0.5730634169999576,
    0.5825771790000545,
    0.5639951579998979,
    0.5724287120001463,
    0.6226307389999874,
    0.5618549440000606
  ],
  "prusti-tests/tests/verify/pass/quick/trait-contracts-refinement.rs": [
    1.2252123470000242,
    1.1272019109999292,
    1.1503992620000645,
    1.0448930780000865,
    1.1106662039999264,
    1.104046561000132,
    1.1129434179999862,
    1.0678557260000616,
    1.1232618859999093,
    1.1030572540000776
  ],
  "prusti-tests/tests/verify/pass/quick/routes.rs": [
    3.2933108600000196,
    3.0199780890000056,
    3.3837059499999214,
    2.7743100959999083,
    3.285583613999961,
    3.2156285599999137,
    3.3910407969999596,
    3.276553052999816,
    3.272731528999884,
    3.257165427000018
  ],
  "prusti-tests/tests/verify/pass/quick/fibonacci.rs": [
    3.1024356230000194,
    2.903087830000004,
    3.1988966480000727,
    2.904873241000132,
    3.0902705989999504,
    3.0759679860000233,
    3.1789166970002043,
    3.294833560000143,
    3.1258752659998663,
    3.162347802000113
  ],
  "prusti-tests/tests/verify/pass/pure-fn/len-lookup.rs": [
    1.1251090949999707,
    1.0925361839999823,
    1.1214633709996633,
    1.1625738369998544,
    1.1097172939998927,
    1.1702419839998583,
    1.1202811599996494,
    1.143994912999915,
    1.1329608420001023,
    1.164239144000021
  ],
  "prusti-tests/tests/verify/pass/pure-fn/quantifiers.rs": [
    0.9318193389999578,
    0.9855346859999372,
    1.0341976060003617,
    0.9594465220002348,
    0.986168895999981,
    0.9347178620000705,
    0.9937261439999929,
    0.9411843040002168,
    0.941971009000099,
    1.003881610999997
  ],
  "prusti-tests/tests/verify/pass/pure-fn/recursive-pure-fn.rs": [
    0.7015969499998391,
    0.7226750869999705,
    0.7225676869998097,
    0.7307450399998743,
    0.7107036100001096,
    0.7103725080000913,
    0.7648883609999757,
    0.706742383999881,
    0.7078757909998785,
    0.7236730940003326
  ],
  "prusti-tests/tests/verify/pass/pure-fn/ref-mut-arg.rs": [
    0.9350352639999073,
    0.9831699769997613,
    0.8902187730000151,
    0.8934815950001394,
    0.9806019600000582,
    0.9029583569999886,
    0.8991001320000578,
    0.9565850039998622,
    0.9128117199998087,
    0.9433923189999405
  ],
  "prusti-tests/tests/verify/pass/rosetta/Ackermann_function.rs": [
    1.2173053209999125,
    1.2219355509996603,
    1.1824598939997486,
    1.2099786730000233,
    1.2590681920000861,
    1.1490449769999032,
    1.2541703460001372,
    1.1144867190000696,
    1.2134291610000218,
    1.1447872150001785
  ],
  "prusti-tests/tests/verify/pass/rosetta/Heapsort.rs": [
    7.7764048270000785,
    7.59561051799983,
    7.161885292000079,
    7.506418235000183,
    7.736022044000038,
    7.494477413000368,
    7.545266900000115,
    7.4064003130001765,
    7.414479843999743,
    7.349315959999785
  ]
}