{
  "prusti-tests/tests/verify/pass/rosetta/Knuth_shuffle.rs": [
    2.683497164999949,
    2.5023182679999536,
    2.3605198059999566,
    2.4336114210000233,
    2.3871433639999395,
    2.387743169000032,
    2.315599873999986,
    2.451919126000007,
    2.325700230000052,
    2.2744847610000534
  ],
  "prusti-tests/tests/verify/pass/demos/account.rs": [
    2.0751010630000337,
    2.0986483950000547,
    2.1229030169999987,
    2.054346469000052,
    2.1287411810000094,
    2.082564824999963,
    2.125324350999904,
    2.116106277999961,
    2.0214993559999357,
    2.0168653310000764
  ],
  "prusti-tests/tests/verify/pass/rosetta/Knights_tour.rs": [
    116.027745815,
    112.17041436099998,
    112.73866705799992,
    113.62323528399997,
    112.48648560599986,
    113.23313898600009,
    113.39848790899987,
    111.43751357400015,
    110.31002878599998,
    109.78971895600012
  ],
  "prusti-tests/tests/verify/pass/quick/fold-unfold.rs": [
    1.3421660890003295,
    1.3059349889999794,
    1.3187855609999133,
    1.3122885249999854,
    1.338227260000167,
    1.3314845230001993,
    1.347305310000138,
    1.305270678999932,
    1.3677187220000633,
    1.29743453600031
  ],
  "prusti-tests/tests/verify/pass/quick/moves.rs": [
    1.5938703589999932,
    1.6222169149996262,
    1.6098374459998013,
    1.6448155389998647,
    1.631566864999968,
    1.6307030510001823,
    1.6305114500000855,
    1.6154939670000203,
    1.6527837720000207,
    1.648294853999687
  ],
  "prusti-tests/tests/verify/pass/quick/mut-borrows.rs": [
    3.301739472999998,
    3.4019122280001284,
    3.3148077490000105,
    3.3513160349998543,
    3.348657335000098,
    3.338908978999825,
    3.386852390999593,
    3.3578268490000482,
    3.3078734650002843,
    3.258530456000244
  ],
  "prusti-tests/tests/verify/pass/quick/shared-borrows.rs": [
    2.1119840790001945,
    2.1214886269999624,
    2.1012632269998903,
    2.011558875999981,
    2.084112505000121,
    2.049060518999795,
    2.10078367899996,
    2.058383956000398,
    2.033186690000093,
    2.0789732739999636
  ],
  "prusti-tests/tests/verify/pass/quick/trait-contracts-refinement.rs": [
    1.9401826950002032,
    1.8163284180000119,
    1.8379153659998337,
    1.8445178130000386,
    1.7886408270001084,
    1.7964855370000805,
    1.71996611700024,
    1.8237631880001572,
    1.7427588639998248,
    1.772223393999866
  ],
  "prusti-tests/tests/verify/pass/quick/routes.rs": [
    6.073799609000162,
    5.808906794999984,
    6.006384404000073,
    5.802067564000026,
    5.760462658000051,
    5.584526916999948,
    5.7636111230003735,
    5.669644183999935,
    5.6674653189998025,
    5.8218892210002195
  ],
  "prusti-tests/tests/verify/pass/quick/fibonacci.rs": [
    7.313502419000088,
    7.365043209000305,
    7.221723816000122,
    7.232314872999723,
    7.3011654810002256,
    7.390226169000016,
    7.134961545999886,
    6.949139169000318,
    6.9344471800000065,
    7.20343655600027
  ],
  "prusti-tests/tests/verify/pass/pure-fn/len-lookup.rs": [
    4.108967012999983,
    4.102865627000028,
    4.163525236999703,
    4.036153809000098,
    4.045734994999748,
    4.113052281000364,
    4.17600654700027,
    4.082816619999903,
    4.109357975999956,
    4.118292780000047
  ],
  "prusti-tests/tests/verify/pass/pure-fn/quantifiers.rs": [
    2.6213976250000997,
    2.4865842179997344,
    2.521766173999822,
    2.4802929930001483,
    2.6249115229998097,
    2.468331295000098,
    2.5849556839998513,
    2.6027790450002612,
    2.7033017549997567,
    2.591321588000028
  ],
  "prusti-tests/tests/verify/pass/pure-fn/recursive-pure-fn.rs": [
    2.50560414399979,
    2.3463852350000707,
    2.3912651870000445,
    2.3969568020002043,
    2.3959365910000088,
    2.4842028809998737,
    2.432251189999988,
    2.5493722680002975,
    2.3505919780000113,
    2.4747638809999444
  ],
  "prusti-tests/tests/verify/pass/pure-fn/ref-mut-arg.rs": [
    2.930117328000051,
    2.991908610000337,
    2.8465597680001338,
    3.094674954999846,
    3.013540264000312,
    2.8846455180000703,
    2.814309447999676,
    3.0142920009998306,
    3.083336959999997,
    2.8909015529998214
  ],
  "prusti-tests/tests/verify/pass/rosetta/Ackermann_function.rs": [
    2.353492551999807,
    2.442343336000249,
    2.3464011179999034,
    2.3479001640002934,
    2.3882312639998418,
    2.363773470000069,
    2.405938328999582,
    2.347376296999755,
    2.5089081299997815,
    2.3775271210001847
  ],
  "prusti-tests/tests/verify/pass/rosetta/Heapsort.rs": [
    12.18969538400006,
    11.892655881999872,
    12.085900863999996,
    12.066434196000046,
    12.150101518000156,
    11.779517463000047,
    12.194918868000059,
    12.056081879999965,
    12.54899883600001,
    12.06959490500003
  ]
}