{
  "prusti-tests/tests/verify/pass/rosetta/Knuth_shuffle.rs": [
    2.2909704439999814,
    2.0734277450000036,
    1.9769185070000503,
    2.0317288840000174,
    1.9499451160000945,
    1.9164407430000665,
    1.9673815170000353,
    1.9527600369999618,
    1.9061540449999939,
    2.0116673329999912
  ],
  "prusti-tests/tests/verify/pass/demos/account.rs": [
    1.792447086999914,
    1.849885851999943,
    1.8042588680000335,
    1.823874133000004,
    1.7952708919999623,
    1.8278573930000448,
    1.8028662899999972,
    1.8172456130000683,
    1.7764882660000012,
    1.7033476330000212
  ],
  "prusti-tests/tests/verify/pass/rosetta/Knights_tour.rs": [
    104.72044517100005,
    99.058256218,
    106.07504315100005,
    100.74784158600005,
    102.78547929900014,
    100.7524943689998,
    97.84338929900014,
    99.76596457599999,
    103.07381902700013,
    109.00786648600001
  ],
  "prusti-tests/tests/verify/pass/quick/fold-unfold.rs": [
    1.2004879930000243,
    1.1927794529999574,
    1.2003899460000866,
    1.1960555449998083,
    1.2050524809999388,
    1.189702410000109,
    1.1878312940000342,
    1.1977126179999686,
    1.1910164590001386,
    1.1945329929999389
  ],
  "prusti-tests/tests/verify/pass/quick/moves.rs": [
    1.45396338799992,
    1.446824018999905,
    1.447670627999969,
    1.4589824590000262,
    1.442902360000062,
    1.45740488499996,
    1.4648185490000287,
    1.4507950280001296,
    1.446245688999852,
    1.4688887820000218
  ],
  "prusti-tests/tests/verify/pass/quick/mut-borrows.rs": [
    3.058605643999954,
    2.8738871329999256,
    2.9175458400000025,
    2.859848818000046,
    3.025920122999878,
    2.861289888000101,
    2.8399088679998385,
    2.853387942000154,
    2.8631385270000465,
    2.8397614919999796
  ],
  "prusti-tests/tests/verify/pass/quick/shared-borrows.rs": [
    1.790236269999923,
    1.8134534549999444,
    1.8254401440001402,
    1.8499078569998346,
    1.8204203529999177,
    1.8129708989999926,
    1.824585764999938,
    1.8086005430000114,
    1.8232726549999825,
    1.8194141740000305
  ],
  "prusti-tests/tests/verify/pass/quick/trait-contracts-refinement.rs": [
    1.5584114320001845,
    1.5517848740000773,
    1.5296495810000579,
    1.5162010630001532,
    1.5175176739999188,
    1.5146502349998627,
    1.5344364259999566,
    1.5059253500000978,
    1.5296740789999603,
    1.5286596700000246
  ],
  "prusti-tests/tests/verify/pass/quick/routes.rs": [
    5.0037687670001105,
    4.726306312000133,
    4.671585537000055,
    4.542457386000024,
    4.62665465300006,
    4.513220981000131,
    4.583009385000196,
    4.5580501289998665,
    4.528124179000088,
    4.708256192999897
  ],
  "prusti-tests/tests/verify/pass/quick/fibonacci.rs": [
    5.673944570999993,
    5.614316283000107,
    5.674405765000074,
    5.617878145000077,
    5.649956698000096,
    5.707445989000007,
    5.6423922030000995,
    5.667101689999981,
    5.609470733999842,
    5.580090501000086
  ],
  "prusti-tests/tests/verify/pass/pure-fn/len-lookup.rs": [
    3.274385614000039,
    3.220378243000141,
    3.3026927470000373,
    3.275854868000124,
    3.230775675999894,
    3.2522148030000153,
    3.2557545569998183,
    3.2186518569997133,
    3.2205183370001578,
    3.2592933820001235
  ],
  "prusti-tests/tests/verify/pass/pure-fn/quantifiers.rs": [
    2.0467206990001614,
    2.016789307000181,
    2.0296900149996873,
    2.0401320029995986,
    1.9969044700001177,
    2.022363022999798,
    2.0147457590001068,
    1.9579707810003129,
    2.0428088459998435,
    2.0473796890000813
  ],
  "prusti-tests/tests/verify/pass/pure-fn/recursive-pure-fn.rs": [
    1.774809439999899,
    1.764589655999771,
    1.7639267910003582,
    1.7372839330000716,
    1.8167925030002152,
    1.7334524010002497,
    1.7728990329997032,
    1.771467319000294,
    1.7471954129996448,
    1.7256790320002438
  ],
  "prusti-tests/tests/verify/pass/pure-fn/ref-mut-arg.rs": [
    2.5981911789999685,
    2.586448996999934,
    2.698660793000272,
    2.4981303140002638,
    2.4960261629998968,
    2.551498982999874,
    2.5108185399999456,
    2.4990323850001914,
    2.5593095960002756,
    2.482988557999761
  ],
  "prusti-tests/tests/verify/pass/rosetta/Ackermann_function.rs": [
    1.6468437679995986,
    1.652281641999707,
    1.6502552339998147,
    1.6525403539999388,
    1.6524871540000277,
    1.649342727000203,
    1.651176200000009,
    1.650603558000057,
    1.6418421690000287,
    1.6591373430001113
  ],
  "prusti-tests/tests/verify/pass/rosetta/Heapsort.rs": [
    8.526863851999678,
    8.453638907999903,
    8.5146336480002,
    8.487873089999994,
    8.583003210999777,
    8.661050280999916,
    8.287253352999869,
    8.310182162000274,
    8.390855803999784,
    8.498009422999985
  ]
}