{
  "prusti-tests/tests/verify/pass/rosetta/Knuth_shuffle.rs": [
    2.335608113000035,
    2.1174059190000207,
    2.037282882999989,
    2.015246407000177,
    1.9987290910000866,
    2.0323414939998656,
    1.9997114249999868,
    1.9467346869998892,
    1.9589917529999639,
    1.9660320570001204
  ],
  "prusti-tests/tests/verify/pass/demos/account.rs": [
    1.786265652000111,
    1.7897006809998857,
    1.7736528950001684,
    1.7815648939999846,
    1.7585961070001304,
    1.7857785290000265,
    1.7486733249997997,
    1.7780346709998867,
    1.7386803550000423,
    1.7064053859999149
  ],
  "prusti-tests/tests/verify/pass/rosetta/Knights_tour.rs": [
    111.61427814600006,
    107.63429621799992,
    111.29721500600021,
    108.048444281,
    109.28425508300006,
    105.60806885000011,
    106.91864234800005,
    110.46960545499996,
    112.38736811399986,
    110.81808359999968
  ],
  "prusti-tests/tests/verify/pass/quick/fold-unfold.rs": [
    1.1684514820003642,
    1.167199471999993,
    1.153656367000167,
    1.1509729460003655,
    1.144595997000124,
    1.1427575640000214,
    1.1494363239999075,
    1.1407948549999674,
    1.1502069299999675,
    1.1533877550000398
  ],
  "prusti-tests/tests/verify/pass/quick/moves.rs": [
    1.3841892079999525,
    1.4026905289997558,
    1.4258282149999104,
    1.4126447130001907,
    1.4077295760002926,
    1.401603127999806,
    1.399339510000118,
    1.4019472060003864,
    1.3971242920001714,
    1.4078873769999518
  ],
  "prusti-tests/tests/verify/pass/quick/mut-borrows.rs": [
    2.751769250000052,
    2.7587102750003396,
    2.757548229999884,
    2.7398250900000676,
    2.749105939999936,
    2.742411850999815,
    2.758043875000112,
    2.7288690430000315,
    2.738530919999903,
    2.732123469000271
  ],
  "prusti-tests/tests/verify/pass/quick/shared-borrows.rs": [
    1.7380849650003256,
    1.7393455219998941,
    1.7392195209999954,
    1.740975934999824,
    1.739587623999796,
    1.756112820999988,
    1.7430179040002258,
    1.7429943039996942,
    1.7534626859996933,
    1.7635587269996904
  ],
  "prusti-tests/tests/verify/pass/quick/trait-contracts-refinement.rs": [
    1.6737620239996431,
    1.5609399459999622,
    1.566742862999945,
    1.5441488850001406,
    1.5358448859997225,
    1.5415208090003034,
    1.5355040650001683,
    1.523168274999989,
    1.513718605000122,
    1.5378832820001662
  ],
  "prusti-tests/tests/verify/pass/quick/routes.rs": [
    4.836034421000022,
    4.633621319999747,
    4.4953853699998945,
    4.516337417000159,
    4.446871674999784,
    4.439554879999832,
    4.462110345999918,
    4.436966171999757,
    4.441280713999731,
    4.443411855999784
  ],
  "prusti-tests/tests/verify/pass/quick/fibonacci.rs": [
    5.830397328999879,
    5.852106900999843,
    5.860112244999982,
    5.866908360000252,
    5.868840046000059,
    5.843008245999954,
    5.78194378399985,
    5.8052483100000245,
    5.733641430000262,
    5.7348801890002505
  ],
  "prusti-tests/tests/verify/pass/pure-fn/len-lookup.rs": [
    3.2742606220003836,
    3.2789566000001287,
    3.2601662239999314,
    3.269998307000151,
    3.2652379940000174,
    3.2471889440002997,
    3.2641535149996344,
    3.253517745999943,
    3.2602952380002534,
    3.290170370999931
  ],
  "prusti-tests/tests/verify/pass/pure-fn/quantifiers.rs": [
    2.034158816999934,
    1.9992894939996404,
    1.9867498870003146,
    1.9819706469997982,
    1.9977054279997901,
    2.0067118279998795,
    1.98683587000005,
    1.9767021899997417,
    1.9831334460000107,
    1.9842475000000377
  ],
  "prusti-tests/tests/verify/pass/pure-fn/recursive-pure-fn.rs": [
    1.776003388999925,
    1.7436336229998233,
    1.7430709160003062,
    1.7471008439997604,
    1.735256145999756,
    1.7391072779996648,
    1.7382043699999485,
    1.721750454999892,
    1.7332737750002707,
    1.7329122730002382
  ],
  "prusti-tests/tests/verify/pass/pure-fn/ref-mut-arg.rs": [
    2.5908314410003186,
    2.584570017999795,
    2.60378553999999,
    2.5765454190000128,
    2.577693210000234,
    2.5905156650001118,
    2.5900925619998816,
    2.576745249000396,
    2.5843326919998617,
    2.56313302100034
  ],
  "prusti-tests/tests/verify/pass/rosetta/Ackermann_function.rs": [
    1.7366621429996485,
    1.7486920530000134,
    1.707314518000203,
    1.7137971709998965,
    1.7016169720000107,
    1.7110453519999282,
    1.7042340000002696,
    1.7119175620000533,
    1.7231780540000727,
    1.7074083259999497
  ],
  "prusti-tests/tests/verify/pass/rosetta/Heapsort.rs": [
    11.404239180999866,
    11.336491299000045,
    11.33369190700023,
    11.320482692000041,
    11.31391486099983,
    11.276640016999863,
    11.299780982000357,
    11.353541447000225,
    11.290025821999734,
    11.365051573000073
  ]
}