{
  "prusti-tests/tests/verify/pass/rosetta/Knuth_shuffle.rs": [
    2.0116762139999764,
    1.7348724340000672,
    1.6978684359999079,
    1.6183327759999884,
    1.7895731350000688,
    1.4863230679999333,
    1.6579510310000387,
    1.64143888600006,
    1.647407238000028,
    1.549896010999987
  ],
  "prusti-tests/tests/verify/pass/demos/account.rs": [
    0.7905890780000391,
    0.7639163549999921,
    0.8085522270000638,
    1.4035061270000142,
    0.768395369000018,
    0.7641776130000153,
    0.7262417640000649,
    0.7617244020000271,
    0.8560260020000214,
    0.7701286000000209
  ]
}