{
  "prusti-tests/tests/verify/pass/rosetta/Knuth_shuffle.rs": [
    2.1866255219999857,
    1.8856726530000287,
    1.9512068840001575,
    1.91626790600003,
    1.8121374720001313,
    1.8019099420000657,
    1.8703700730000037,
    1.7952347020000161,
    1.7773164620000443,
    1.8194018990000131
  ],
  "prusti-tests/tests/verify/pass/demos/account.rs": [
    0.8663118320000649,
    0.83178478800005,
    0.8766844930000843,
    0.9015336659999775,
    0.8483899249999922,
    0.8797544589999688,
    0.8356837730000279,
    0.8551185649998843,
    0.7816115099999479,
    0.9347086850000323
  ]
}