{
  "prusti-tests/tests/verify/pass/rosetta/Knuth_shuffle.rs": [
    2.1996752830000332,
    2.0129714839999906,
    1.8562456849999762,
    1.8046525849999853,
    1.7871551860000636,
    1.816344385000093,
    1.8025749849998647,
    1.8396668860000318,
    1.8149590849998276,
    1.7760267850001128
  ],
  "prusti-tests/tests/verify/pass/demos/account.rs": [
    1.6412187870000707,
    1.67007698600014,
    1.6461945870000818,
    1.6493750859999636,
    1.6408010860000104,
    1.6504889860000276,
    1.6672101860001476,
    1.6591849849999107,
    1.6505487859999448,
    1.6188735860000634
  ],
  "prusti-tests/tests/verify/pass/rosetta/Knights_tour.rs": [
    100.31877985300002,
    102.35368488100016,
    96.96819398800017,
    97.55003775099999,
    99.1658290150001,
    97.86216989799982,
    98.16102141900001,
    97.91045616600013,
    97.73386543300012,
    96.32139581299998
  ],
  "prusti-tests/tests/verify/pass/quick/fold-unfold.rs": [
    1.1090419709998969,
    1.1079276720001872,
    1.1227660679996916,
    1.0979906739999024,
    1.0866561759999058,
    1.087293377000151,
    1.0852260769997883,
    1.0833279270000276,
    1.1162819900000613,
    1.101410203999876
  ],
  "prusti-tests/tests/verify/pass/quick/moves.rs": [
    1.3317893840003308,
    1.361243132999789,
    1.3559835340001882,
    1.353688332999809,
    1.3403888539996842,
    1.3534802269996362,
    1.3275522320000164,
    1.327463631000228,
    1.3463979279999876,
    1.3472770270000183
  ],
  "prusti-tests/tests/verify/pass/quick/mut-borrows.rs": [
    2.6382286250000107,
    2.6178732130001663,
    2.620475612000064,
    2.6263182689999667,
    2.6056333659998927,
    2.604273166999974,
    2.576714106000054,
    2.618023139000343,
    2.6019189459998415,
    2.5807992149998427
  ],
  "prusti-tests/tests/verify/pass/quick/shared-borrows.rs": [
    1.6331543430001147,
    1.6292246430002706,
    1.649991038999815,
    1.643766052999581,
    1.6523253799996382,
    1.6366420199997265,
    1.6334994070002722,
    1.6489189970002371,
    1.6531665229999817,
    1.6482271669997317
  ],
  "prusti-tests/tests/verify/pass/quick/trait-contracts-refinement.rs": [
    1.4673047580004095,
    1.4425547840000945,
    1.4458791799997925,
    1.433129893000114,
    1.4239087729997664,
    1.4609850150000057,
    1.4547585150003215,
    1.4580151149998528,
    1.446788516000197,
    1.4422511249999843
  ],
  "prusti-tests/tests/verify/pass/quick/routes.rs": [
    4.293211508999775,
    4.042420088000199,
    3.992558345999896,
    3.9113597010000376,
    3.8898306280002544,
    3.9172531610001897,
    3.9190362379999897,
    3.8989734940000744,
    3.886136699999952,
    3.889348393999626
  ],
  "prusti-tests/tests/verify/pass/quick/fibonacci.rs": [
    4.981791491999957,
    4.976549083999998,
    4.933433976999822,
    5.011672372000248,
    5.045721476000381,
    4.995825950999915,
    4.929659371000071,
    5.021454734999679,
    4.968576182000106,
    4.991728722000062
  ],
  "prusti-tests/tests/verify/pass/pure-fn/len-lookup.rs": [
    2.9285703179998563,
    2.850967062000109,
    2.8578992099996867,
    2.8893663959997866,
    2.930461517999902,
    2.9191598719999092,
    2.8836034760001894,
    2.9324454759998844,
    2.9259186849999423,
    2.8909079889999703
  ],
  "prusti-tests/tests/verify/pass/pure-fn/quantifiers.rs": [
    1.7893032830002085,
    1.8348005389998434,
    1.7824866989999464,
    1.746853980999731,
    1.780603494999923,
    1.7657884380000723,
    1.804572664999796,
    1.7854074000001674,
    1.7551590809998743,
    1.7447089470001629
  ],
  "prusti-tests/tests/verify/pass/pure-fn/recursive-pure-fn.rs": [
    1.560331034000228,
    1.5561076250000951,
    1.568173649000073,
    1.5815593329998592,
    1.593716556000345,
    1.5753153840000778,
    1.5595502690002832,
    1.5683423780001249,
    1.5603558689999772,
    1.5723219630003769
  ],
  "prusti-tests/tests/verify/pass/pure-fn/ref-mut-arg.rs": [
    2.3461439709999468,
    2.3617319739996674,
    2.3086075549999805,
    2.3034638910003196,
    2.3203278460000547,
    2.310178859000189,
    2.366089120000197,
    2.3436269730000276,
    2.3332948739998756,
    2.301344382000025
  ],
  "prusti-tests/tests/verify/pass/rosetta/Ackermann_function.rs": [
    1.6343819490002716,
    1.6251482959996792,
    1.6590751079997972,
    1.647993402999873,
    1.6408874009998726,
    1.6369683269999769,
    1.6557701039996573,
    1.6284670049999477,
    1.6296857050001563,
    1.6391455169996334
  ],
  "prusti-tests/tests/verify/pass/rosetta/Heapsort.rs": [
    9.243917368999973,
    9.136343780000061,
    9.11125141399998,
    9.099427915999968,
    9.08852804199978,
    9.053528863000338,
    9.070588019000297,
    9.074305009,
    9.10575300299979,
    9.154932755000118
  ]
}