{
  "prusti-tests/tests/verify/pass/rosetta/Knuth_shuffle.rs": [
    2.787509008000029,
    2.3976742290000175,
    2.3285716970000294,
    2.3575994269999683,
    2.354268112999989,
    2.3956735680000065,
    2.36398087200007,
    2.378861542999971,
    2.3980347640000446,
    2.3799110050000536
  ],
  "prusti-tests/tests/verify/pass/demos/account.rs": [
    2.131344678000005,
    2.1397969700000203,
    2.087274701999945,
    2.1161614009999994,
    2.072508741999968,
    2.023253564000015,
    2.0545151900000747,
    2.172765907999974,
    2.1242962449999823,
    2.071228992999977
  ],
  "prusti-tests/tests/verify/pass/rosetta/Knights_tour.rs": [
    118.56537551500003,
    117.98203848399999,
    117.87395814899992,
    118.05028992799998,
    120.37911534099999,
    118.50532876300008,
    116.201200492,
    120.13285974600012,
    121.53226218999998,
    116.8285003540002
  ],
  "prusti-tests/tests/verify/pass/quick/fold-unfold.rs": [
    1.4123489389999122,
    1.4305507939998279,
    1.3977003679997324,
    1.405701173000125,
    1.380558585000017,
    1.3424827809999442,
    1.3846107409999604,
    1.3933167700001832,
    1.40868017899993,
    1.3828951519999464
  ],
  "prusti-tests/tests/verify/pass/quick/moves.rs": [
    1.7191881700000522,
    1.7050987809998333,
    1.701478122000026,
    1.68564666400016,
    1.6610612149997905,
    1.7354713009999614,
    1.7108642519997375,
    1.6880768470000476,
    1.6879091659998267,
    1.7158237100002225
  ],
  "prusti-tests/tests/verify/pass/quick/mut-borrows.rs": [
    3.393798355999934,
    3.361241303999577,
    3.3953371689999585,
    3.452583675000369,
    3.432909337000183,
    3.4017245360000743,
    3.4014685370002553,
    3.423903553999935,
    3.415157521999845,
    3.335660301000189
  ],
  "prusti-tests/tests/verify/pass/quick/shared-borrows.rs": [
    2.180102702000113,
    2.1679437009997855,
    2.1288720380002815,
    2.12335810400009,
    2.1429662099999405,
    2.165053392000118,
    2.1715253789998314,
    2.146960607999972,
    2.1192833519999112,
    2.166455466000116
  ],
  "prusti-tests/tests/verify/pass/quick/trait-contracts-refinement.rs": [
    1.8869678909995855,
    1.9071752429999833,
    1.8812184829998841,
    1.889989264000178,
    1.89135195200015,
    1.9255072730002212,
    1.9210374780000166,
    1.9162074470000334,
    1.895789448999949,
    1.972020792999956
  ],
  "prusti-tests/tests/verify/pass/quick/routes.rs": [
    5.750699045000147,
    5.4464860240000235,
    5.180540227000165,
    5.178836615999899,
    5.351545818999966,
    5.195592373000181,
    5.261992312000075,
    5.150604210999973,
    5.27397673500036,
    5.244808427999942
  ],
  "prusti-tests/tests/verify/pass/quick/fibonacci.rs": [
    6.7991517069999645,
    6.72411209899974,
    6.603206792000037,
    6.5885812579999765,
    6.442728915999851,
    6.451838724000027,
    6.623112072000367,
    6.46378501900017,
    6.409524850999787,
    6.6193917730001886
  ],
  "prusti-tests/tests/verify/pass/pure-fn/len-lookup.rs": [
    3.9422487349997937,
    3.89316640800007,
    3.8968975600000704,
    3.8376812609999433,
    3.9294918850000613,
    3.91533766800012,
    3.9674859749998177,
    3.8788554090001526,
    3.915317463000065,
    3.872859578999851
  ],
  "prusti-tests/tests/verify/pass/pure-fn/quantifiers.rs": [
    2.39846414800013,
    2.438629821000177,
    2.3306128189997253,
    2.325519996999901,
    2.4429899940000723,
    2.3619994470000165,
    2.3552114189997155,
    2.41444615599994,
    2.5410135789998094,
    2.3802678380002362
  ],
  "prusti-tests/tests/verify/pass/pure-fn/recursive-pure-fn.rs": [
    2.1493726999997307,
    2.151776886999869,
    2.1310987009997007,
    2.0862255669999286,
    2.142237104999822,
    2.077422567999747,
    2.079773732999911,
    2.0374429710000186,
    2.0783505439999317,
    2.02992976700034
  ],
  "prusti-tests/tests/verify/pass/pure-fn/ref-mut-arg.rs": [
    3.073950216999947,
    3.1090177280002536,
    3.1328603079996356,
    3.130895879000036,
    3.0444472200001655,
    3.057414976000018,
    3.0468091060001825,
    3.0803699409998444,
    3.182720819000224,
    3.0699652839998635
  ],
  "prusti-tests/tests/verify/pass/rosetta/Ackermann_function.rs": [
    2.15712070499967,
    2.1358163619997867,
    2.2818763710001804,
    2.1522319229998175,
    2.1215487049998956,
    2.1735013879997496,
    2.133213441999942,
    2.2068406680000408,
    2.144676519999848,
    2.1678946840002027
  ],
  "prusti-tests/tests/verify/pass/rosetta/Heapsort.rs": [
    11.617894050999894,
    11.960258421000162,
    11.731397570999889,
    11.798075773000164,
    12.288685656000325,
    12.028750176000358,
    12.284298274999855,
    11.978452236000066,
    11.87589250200017,
    11.689987784000095
  ]
}