{
  "prusti-tests/tests/verify/pass/rosetta/Knuth_shuffle.rs": [
    2.2882894069999793,
    1.9027691430000004,
    1.9020396540000775,
    1.9300383490000286,
    1.8557053370000176,
    1.8329196770000635,
    1.8919794549999551,
    1.881882608000069,
    1.86888569000007,
    1.847461704999887
  ],
  "prusti-tests/tests/verify/pass/demos/account.rs": [
    1.699910348000003,
    1.728491877000124,
    1.7161262920001263,
    1.6821425119999276,
    1.6566474999999627,
    1.6860798029999842,
    1.6834490129999722,
    1.7228278909999517,
    1.7067090999998982,
    1.7173537889998443
  ],
  "prusti-tests/tests/verify/pass/rosetta/Knights_tour.rs": [
    104.87194037099994,
    100.18390321000015,
    102.51209321100009,
    101.11381087999985,
    99.78817906199993,
    101.74111814399998,
    100.9917907900001,
    98.90533523499994,
    100.48435997499996,
    97.48744320500009
  ],
  "prusti-tests/tests/verify/pass/quick/fold-unfold.rs": [
    1.1403865599995697,
    1.1346808090002014,
    1.1409746639997138,
    1.1215856910002913,
    1.1425403509997523,
    1.137362764000045,
    1.1084642639998492,
    1.1106559859999834,
    1.1233729079999648,
    1.115752405999956
  ],
  "prusti-tests/tests/verify/pass/quick/moves.rs": [
    1.3828260999998747,
    1.377634412000134,
    1.3757904100002634,
    1.358311242000127,
    1.369934653999735,
    1.3779048420001345,
    1.3772310039998956,
    1.374619459999849,
    1.3769268870000815,
    1.363629551000031
  ],
  "prusti-tests/tests/verify/pass/quick/mut-borrows.rs": [
    2.6818928500001675,
    2.662189347000094,
    2.7185919659996216,
    2.6895418119997885,
    2.671558539999751,
    2.6543477779996465,
    2.641035423000176,
    2.65537281800016,
    2.684685140000056,
    2.6630081050002445
  ],
  "prusti-tests/tests/verify/pass/quick/shared-borrows.rs": [
    1.6902126770000905,
    1.707196219999787,
    1.6996334010000282,
    1.6805664909998086,
    1.6900563680001142,
    1.713062942000306,
    1.6940852910001922,
    1.7243422669998836,
    1.7422426820003238,
    1.7164161579999018
  ],
  "prusti-tests/tests/verify/pass/quick/trait-contracts-refinement.rs": [
    1.5402103989999887,
    1.4869065469997622,
    1.517573744999936,
    1.491166525999688,
    1.5054471799999192,
    1.477120690999982,
    1.4709985469999083,
    1.4954050170003939,
    1.4692314330000045,
    1.4829772160001085
  ],
  "prusti-tests/tests/verify/pass/quick/routes.rs": [
    4.394681141999627,
    4.181383884999832,
    4.063844917000097,
    4.016348936999748,
    4.110844948999784,
    4.069049121000262,
    4.184838527000011,
    4.242096412000137,
    4.188186271999712,
    4.1300861580002675
  ],
  "prusti-tests/tests/verify/pass/quick/fibonacci.rs": [
    5.213226433999807,
    5.232836515999679,
    5.150256762000026,
    5.198931684999934,
    5.110099171999991,
    5.174592398999721,
    5.102160229999754,
    5.109290921000138,
    5.144261293,
    5.208175730999756
  ],
  "prusti-tests/tests/verify/pass/pure-fn/len-lookup.rs": [
    3.099805406000087,
    3.0649625450000713,
    2.988304099999823,
    2.9915387819996795,
    2.996561759999622,
    2.9977769179999996,
    2.9892562670002008,
    3.040253494999888,
    3.020751284999733,
    3.0607158610000624
  ],
  "prusti-tests/tests/verify/pass/pure-fn/quantifiers.rs": [
    1.843932651999694,
    1.8738763090000248,
    1.855612396000197,
    1.8365014370001518,
    1.817123764000371,
    1.8043686519999937,
    1.8291381069998351,
    1.8138083579997328,
    1.8316361459997097,
    1.8415996970002197
  ],
  "prusti-tests/tests/verify/pass/pure-fn/recursive-pure-fn.rs": [
    1.651711890000115,
    1.6618734559997392,
    1.649325761,
    1.649100448000354,
    1.6488580349996482,
    1.6484886880002705,
    1.652051394999944,
    1.6170410489999085,
    1.6396457050000208,
    1.6502752759997747
  ],
  "prusti-tests/tests/verify/pass/pure-fn/ref-mut-arg.rs": [
    2.3950996140001735,
    2.3824406120002095,
    2.3702057320001586,
    2.354467361999923,
    2.4107673429998613,
    2.43143488800024,
    2.3562783389998003,
    2.408888403000219,
    2.4282116720000886,
    2.3987786469997445
  ],
  "prusti-tests/tests/verify/pass/rosetta/Ackermann_function.rs": [
    1.7116442319997986,
    1.6703527049999138,
    1.665584747000139,
    1.6687849200002347,
    1.7326799850002317,
    1.670551524000075,
    1.671625081000002,
    1.6677303719998235,
    1.6795585079999,
    1.682520070999999
  ],
  "prusti-tests/tests/verify/pass/rosetta/Heapsort.rs": [
    9.93227005899962,
    9.846919694000007,
    10.148329989000104,
    9.742026803999579,
    9.759354189000078,
    9.72551710100015,
    9.769695468999998,
    9.735127657000248,
    9.748989087000155,
    9.788265080999736
  ]
}