{
  "prusti-tests/tests/verify/pass/rosetta/Knuth_shuffle.rs": [
    3.250411844000041,
    0.40015832199992474,
    0.3938395270000683,
    0.40507834200002435,
    0.3864327480000611,
    0.38349049400005697,
    0.3873099350000757,
    0.37570679700002074,
    0.3808752690000574,
    0.3816806650000899
  ],
  "prusti-tests/tests/verify/pass/demos/account.rs": [
    2.689924215000019,
    0.13034629799994946,
    0.13430517300002975,
    0.13225078599998596,
    0.13990383800000927,
    0.14142232900007912,
    0.1336403780001092,
    0.1340160750000905,
    0.14316661899999872,
    0.13841344800005118
  ],
  "prusti-tests/tests/verify/pass/rosetta/Knights_tour.rs": [
    124.58760205999988,
    2.8433204439998008,
    2.8848570879999897,
    2.8150355239999953,
    2.845653412000047,
    2.8677232270001696,
    2.8744965910000246,
    2.9859606090001307,
    2.80252748099997,
    2.810572824000019
  ],
  "prusti-tests/tests/verify/pass/quick/fold-unfold.rs": [
    1.4334677570000167,
    0.10086555399993813,
    0.10067665499991563,
    0.10211874599986004,
    0.10210664599981101,
    0.10120185200003107,
    0.10420173300008173,
    0.10785160999989785,
    0.10084535400005734,
    0.10729431200002182
  ],
  "prusti-tests/tests/verify/pass/quick/moves.rs": [
    1.6457768590000796,
    0.09762427500004378,
    0.10030015799998182,
    0.09762247499998011,
    0.1055425249999189,
    0.09866246800015688,
    0.09986206100006711,
    0.10459103000016512,
    0.10576232199991864,
    0.12460270199994739
  ],
  "prusti-tests/tests/verify/pass/quick/mut-borrows.rs": [
    3.3162334559999636,
    0.17467272699991554,
    0.18929092899998068,
    0.16961986100000104,
    0.18743584100002408,
    0.1811743830000978,
    0.1837698659999205,
    0.19908876199997394,
    0.18516095600011795,
    0.18006699100010337
  ],
  "prusti-tests/tests/verify/pass/quick/shared-borrows.rs": [
    2.1045072609999806,
    0.10143811800003277,
    0.10238661199991839,
    0.09958293099998627,
    0.09647875200016642,
    0.09826984000005723,
    0.09599525499993433,
    0.11864280300005703,
    0.10052922499994565,
    0.09226837999995041
  ],
  "prusti-tests/tests/verify/pass/quick/trait-contracts-refinement.rs": [
    2.0223493129999497,
    0.1599361260000478,
    0.15515755799992803,
    0.1551596580000023,
    0.15011509199985085,
    0.1530117719998998,
    0.15771403999997347,
    0.14739290900001834,
    0.15949062799995772,
    0.15853537199996026
  ],
  "prusti-tests/tests/verify/pass/quick/routes.rs": [
    6.266547733999914,
    0.3777365149999241,
    0.38618666200000007,
    0.3634793050000553,
    0.3843660730001375,
    0.3933501859999069,
    0.3841749319999508,
    0.3951866689999406,
    0.3932344810000359,
    0.39309888200000387
  ],
  "prusti-tests/tests/verify/pass/quick/fibonacci.rs": [
    0.41554965500017715,
    0.4083510949999436,
    0.41213087400001314,
    0.41428146199996263,
    0.41242407300001105,
    0.43234116000007816,
    0.42100052399996457,
    0.4190920339999593,
    0.46997264800006633,
    0.44444519199987553
  ],
  "prusti-tests/tests/verify/pass/pure-fn/len-lookup.rs": [
    4.489149683000051,
    0.23178390199996102,
    0.22528794100003324,
    0.23846526200009066,
    0.2316259029998946,
    0.2257953380001254,
    0.22967921600002228,
    0.22931411800004753,
    0.23212330000001202,
    0.20958173600001828
  ],
  "prusti-tests/tests/verify/pass/pure-fn/quantifiers.rs": [
    2.674560473999918,
    0.21495690400001877,
    0.2166332940000757,
    0.20207328099991173,
    0.20739905499999622,
    0.20665096499988067,
    0.19866271299997607,
    0.2051431729998967,
    0.20890515099995355,
    0.20086539900012212
  ],
  "prusti-tests/tests/verify/pass/pure-fn/recursive-pure-fn.rs": [
    2.3052186169998095,
    0.1581887539998661,
    0.16493141399996603,
    0.15941384699999617,
    0.15342008299990084,
    0.15666626400002315,
    0.15158499399990433,
    0.15384048000009898,
    0.15042749999997795,
    0.1666320030001316
  ],
  "prusti-tests/tests/verify/pass/pure-fn/ref-mut-arg.rs": [
    3.3123058370001672,
    0.23345966800002316,
    0.22789909899984195,
    0.21897124900010567,
    0.21397087800005465,
    0.20600682399981451,
    0.19121570899983453,
    0.2049468299999262,
    0.20001465799987272,
    0.19735057399998368
  ],
  "prusti-tests/tests/verify/pass/rosetta/Ackermann_function.rs": [
    2.203669520000176,
    0.2460476960000051,
    0.2572029319999274,
    0.25555514100005894,
    0.25343225299980077,
    0.2926272289998906,
    0.2868886629998997,
    0.2660638810000364,
    0.27174544800004696,
    0.2525285579999945
  ],
  "prusti-tests/tests/verify/pass/rosetta/Heapsort.rs": [
    13.869975924000073,
    1.1920264819998465,
    1.2494653240000844,
    1.140187706000006,
    1.1420401210000364,
    1.3537928089999696,
    1.2905817010000646,
    1.2458940770000027,
    1.2054445279998163,
    1.2024834459998601
  ]
}