{
  "prusti-tests/tests/verify/pass/rosetta/Knuth_shuffle.rs": [
    1.9993376570000692,
    1.8424392819999866,
    1.852433289999908,
    1.8080203990000427,
    1.7324090000000751,
    1.9719615660000045,
    1.676603261000082,
    1.6536720579999837,
    1.6066180359999862,
    1.6596627369999624
  ],
  "prusti-tests/tests/verify/pass/demos/account.rs": [
    0.8163524899999857,
    0.7322561790000464,
    0.7060357330000215,
    0.753147156999944,
    0.6893638139999894,
    0.7471283780000704,
    0.8715837229999579,
    0.7366923390000011,
    0.7449721489999774,
    0.8278879460000326
  ],
  "prusti-tests/tests/verify/pass/rosetta/Knights_tour.rs": [
    100.056389158,
    102.29550970899993,
    100.0351479929999,
    101.0487193030001,
    98.62609514099995,
    99.919722912,
    102.29513874700001,
    95.30662555799995,
    99.19900442699986,
    101.43699153700004
  ],
  "prusti-tests/tests/verify/pass/quick/fold-unfold.rs": [
    0.528298943999971,
    0.44686945899979946,
    0.4848281649999535,
    0.47274000399988836,
    0.4961111149998487,
    0.46120745000007446,
    0.49300157399989075,
    0.471863385000006,
    0.5061243259999628,
    0.5246460719999959
  ],
  "prusti-tests/tests/verify/pass/quick/moves.rs": [
    0.48142079800004467,
    0.4696735410000201,
    0.46856732699984605,
    0.50342339000008,
    0.460651020999876,
    0.47361539400003494,
    0.47082045699994524,
    0.513113919000034,
    0.4767837360000158,
    0.4732423899999958
  ],
  "prusti-tests/tests/verify/pass/quick/mut-borrows.rs": [
    0.7794931589999123,
    0.7462319169999319,
    0.7392329210001662,
    0.8170777499999531,
    0.7800253580001026,
    0.7515053790000366,
    0.7893808820001595,
    0.7590758799999549,
    0.7371687890001795,
    0.702468127999964
  ],
  "prusti-tests/tests/verify/pass/quick/shared-borrows.rs": [
    0.5040572939999493,
    0.5816489240000919,
    0.5201084060001904,
    0.5217169279999325,
    0.5904010379999818,
    0.5188283859999956,
    0.5357093109998914,
    0.5782501759999832,
    0.5033901819999755,
    0.5004570430000967
  ],
  "prusti-tests/tests/verify/pass/quick/trait-contracts-refinement.rs": [
    0.8813624980000441,
    0.7895663799999966,
    0.7799661529998048,
    0.788812069999949,
    0.7348922539999876,
    0.7428315600000133,
    0.721682077999958,
    0.6902554600001167,
    0.8325305480000225,
    0.7266309429999183
  ],
  "prusti-tests/tests/verify/pass/quick/routes.rs": [
    2.5443974660001913,
    2.208515009000166,
    2.220156262000046,
    2.2076253939999333,
    1.9388435270000173,
    2.054304860000002,
    2.028499216,
    2.1233225739999853,
    2.0611006480000924,
    2.015726846000007
  ],
  "prusti-tests/tests/verify/pass/quick/fibonacci.rs": [
    1.969586531999994,
    1.891152191999936,
    1.8318697049999173,
    1.857635246999962,
    1.8186168279999038,
    1.795184117999952,
    1.8198461449999286,
    1.6589022089999617,
    1.6931988640001236,
    1.852698978000035
  ],
  "prusti-tests/tests/verify/pass/pure-fn/len-lookup.rs": [
    0.8107521549998182,
    0.8810485880001124,
    0.884193630000027,
    0.9281182129998342,
    0.7981496879999668,
    0.8793553660000271,
    0.8535325220000232,
    0.778757732000031,
    0.8543243340000117,
    0.80990034499996
  ],
  "prusti-tests/tests/verify/pass/pure-fn/quantifiers.rs": [
    0.7330770250000569,
    0.8070221069999661,
    0.7353701560000445,
    0.7288782699999956,
    0.6983014639999965,
    0.7506823580001765,
    0.7377081859999635,
    0.7207588610001494,
    0.7792150370000854,
    0.7181362269998317
  ],
  "prusti-tests/tests/verify/pass/pure-fn/recursive-pure-fn.rs": [
    0.5611659440000949,
    0.5992029490000732,
    0.6288356430000022,
    0.5530755370000406,
    0.5576117969999359,
    0.5540144490000785,
    0.6536026700000548,
    0.5632099719998678,
    0.5423937959999421,
    0.5397248599999784
  ],
  "prusti-tests/tests/verify/pass/pure-fn/ref-mut-arg.rs": [
    0.7997736090001126,
    0.767825885000093,
    0.725180519000105,
    0.7401444170000104,
    0.8502602779999506,
    0.796183259999907,
    0.7643631389998973,
    0.8421997719999581,
    0.8285637900000893,
    0.761603002000129
  ],
  "prusti-tests/tests/verify/pass/rosetta/Ackermann_function.rs": [
    0.8711582550001822,
    0.8463637269999253,
    0.7528310870000041,
    0.8420339689998855,
    0.7723315450000428,
    0.7760636940001859,
    0.8345270699999219,
    0.871106655000176,
    0.7746134750000238,
    0.7676581829998668
  ],
  "prusti-tests/tests/verify/pass/rosetta/Heapsort.rs": [
    8.667732258000115,
    9.186687269000004,
    9.11541076399999,
    9.288043777999974,
    8.755931077000014,
    8.457364305000056,
    8.460369203000027,
    8.397044698999935,
    8.653975317999993,
    8.519546265999907
  ]
}