{
  "prusti-tests/tests/verify/pass/rosetta/Knuth_shuffle.rs": [
    2.476554177999901,
    2.060091308999972,
    2.068560155,
    1.947733588999995,
    1.8965939610000078,
    1.960035750999964,
    1.9229524600000332,
    1.9066980059999423,
    1.8763161229999241,
    1.871463110000036
  ],
  "prusti-tests/tests/verify/pass/demos/account.rs": [
    0.7987442620000138,
    0.8956160159999627,
    0.825200670000072,
    0.8888215829999808,
    0.7815130740000313,
    0.8167655500000137,
    0.8800020349999613,
    0.7893518800000265,
    0.7460288820000187,
    0.8497104790000094
  ],
  "prusti-tests/tests/verify/pass/rosetta/Knights_tour.rs": [
    111.52286542099989,
    107.90096754700016,
    112.70509892700011,
    107.66685330099995,
    113.04507064599989,
    113.27943254499996,
    117.19268415199986,
    110.85579708799992,
    115.86258176199999,
    113.36673031999999
  ],
  "prusti-tests/tests/verify/pass/quick/fold-unfold.rs": [
    0.628260778999902,
    0.5702283969999371,
    0.5586319310000363,
    0.5754076009998244,
    0.6210466130000896,
    0.5527290550003272,
    0.5745297460002803,
    0.5641801860001578,
    0.5768202919998657,
    0.5599260139997568
  ],
  "prusti-tests/tests/verify/pass/quick/moves.rs": [
    0.5715408549999665,
    0.5654005629999119,
    0.5684300560001248,
    0.6310483500001283,
    0.5923338809998313,
    0.5661323790000097,
    0.5719457509999302,
    0.5557748789997277,
    0.5803757570001835,
    0.5575871880000705
  ],
  "prusti-tests/tests/verify/pass/quick/mut-borrows.rs": [
    0.9746655369999644,
    0.971525647999897,
    0.9321054820002246,
    0.8750751560000936,
    0.8407726410000578,
    0.8845150459997058,
    0.9972681099998226,
    0.8806240680000883,
    0.8894785019997471,
    0.9264518350000799
  ],
  "prusti-tests/tests/verify/pass/quick/shared-borrows.rs": [
    0.6410570040002312,
    0.7037621899999067,
    0.6676847119997547,
    0.6226784939999561,
    0.6746419320002133,
    0.6506628839997575,
    0.6079604820001805,
    0.6941661490000115,
    0.6134046590000253,
    0.6362964019999708
  ],
  "prusti-tests/tests/verify/pass/quick/trait-contracts-refinement.rs": [
    0.8898103789997549,
    0.8677280870001596,
    0.8341541719996712,
    0.9047010179997415,
    0.8421444749997136,
    0.8371566609998808,
    0.8306061260000206,
    0.8305225350000001,
    0.9077642810002544,
    0.8336797619999743
  ],
  "prusti-tests/tests/verify/pass/quick/routes.rs": [
    2.605298664000202,
    2.470025067000279,
    2.26867737900011,
    2.350941058999979,
    2.1167739920001623,
    2.265247998000177,
    2.3745127110000794,
    2.1076780520002103,
    2.2170239419997415,
    2.3851285340001596
  ],
  "prusti-tests/tests/verify/pass/quick/fibonacci.rs": [
    2.1026312869998947,
    2.074220768000032,
    2.1875086700001702,
    2.1792969379998794,
    2.021717654999975,
    2.085597142000097,
    2.110903930000404,
    2.175307779999912,
    2.061833473000206,
    2.0867701000001944
  ],
  "prusti-tests/tests/verify/pass/pure-fn/len-lookup.rs": [
    0.9575764989999698,
    1.0662273039997672,
    1.052520375000313,
    0.9993078490001608,
    1.1531980590002604,
    1.0530702109999766,
    1.010021639000115,
    1.0157671090000804,
    1.1225383119999606,
    1.0155356150003172
  ],
  "prusti-tests/tests/verify/pass/pure-fn/quantifiers.rs": [
    0.8774560470001234,
    0.8737977119999414,
    0.9717051989996435,
    0.8906999979999455,
    0.8540578450001703,
    0.8607200720002766,
    0.8609583879997444,
    0.9411470780000855,
    0.8741946639997877,
    0.8566642340001636
  ],
  "prusti-tests/tests/verify/pass/pure-fn/recursive-pure-fn.rs": [
    0.6688972280003327,
    0.6640475150002203,
    0.7599116960000174,
    0.6706315400001586,
    0.6581297339998855,
    0.6681889830001637,
    0.6592591060002633,
    0.6742404720002924,
    0.6626212839996697,
    0.7489344059999894
  ],
  "prusti-tests/tests/verify/pass/pure-fn/ref-mut-arg.rs": [
    0.8683067900001333,
    0.8787416609998218,
    0.8680899759997374,
    0.8757708699999966,
    0.9767618700002458,
    0.8680225709999831,
    0.876250200999948,
    0.8749871599998187,
    0.8823472760000186,
    0.9847838059999958
  ],
  "prusti-tests/tests/verify/pass/rosetta/Ackermann_function.rs": [
    1.0096260380000786,
    0.9994323689998055,
    0.9755563010003243,
    1.0669508050000331,
    1.017857979999917,
    0.9866596130000289,
    0.9737692680000691,
    0.9683126160002757,
    1.1010093699997014,
    0.9696442030003709
  ],
  "prusti-tests/tests/verify/pass/rosetta/Heapsort.rs": [
    6.83292949800034,
    6.701080174999788,
    6.443110128000171,
    6.76206798999965,
    6.649825314000282,
    6.357984704000046,
    6.355174151000028,
    6.512867800000095,
    6.71244165600001,
    6.510180852000303
  ]
}