{
  "prusti-tests/tests/verify/pass/rosetta/Knuth_shuffle.rs": [
    2.3616546079999807,
    1.9951068469999882,
    1.9681005800000548,
    1.947113982000019,
    1.9498254689999612,
    1.905002874000047,
    1.947404172000006,
    1.922292021999965,
    1.8927996639999947,
    1.897412698999915
  ],
  "prusti-tests/tests/verify/pass/demos/account.rs": [
    1.7807188670001324,
    1.7504930929999318,
    1.733650746000194,
    1.760692575000121,
    1.771309803000122,
    1.764006535000135,
    1.7341778679999607,
    1.7484857040001316,
    1.6922140799999852,
    1.6974121239998112
  ],
  "prusti-tests/tests/verify/pass/rosetta/Knights_tour.rs": [
    105.55217921099984,
    102.75109763299997,
    100.76253927300013,
    99.39231560200005,
    99.269521725,
    101.37101791700002,
    97.66415245100029,
    99.17902276099994,
    101.5868186130001,
    99.42656258399984
  ],
  "prusti-tests/tests/verify/pass/quick/fold-unfold.rs": [
    1.1514050149999093,
    1.1555349410000417,
    1.1590156950001074,
    1.1378592030000618,
    1.1585345970001981,
    1.1352158160002546,
    1.1346395519999533,
    1.1293966980001642,
    1.150719690999722,
    1.1408641410002929
  ],
  "prusti-tests/tests/verify/pass/quick/moves.rs": [
    1.3852571070001432,
    1.38047073000007,
    1.3727200260000245,
    1.3863535269997556,
    1.3894263130000581,
    1.3758606779997535,
    1.3759108779995586,
    1.38444983699992,
    1.3806483379999008,
    1.3763071920002403
  ],
  "prusti-tests/tests/verify/pass/quick/mut-borrows.rs": [
    2.693766357000186,
    2.7006223260000297,
    2.7010907529997894,
    2.6990863649998573,
    2.713156497,
    2.7027672999997776,
    2.6970834479998302,
    2.6878655260002233,
    2.707101287000114,
    2.706442722999782
  ],
  "prusti-tests/tests/verify/pass/quick/shared-borrows.rs": [
    1.7156236639998497,
    1.7159580649999953,
    1.7390026690000013,
    1.7151665799997318,
    1.7129721900000732,
    1.7262526279996564,
    1.7130087399996228,
    1.7405892490000952,
    1.732364186000268,
    1.7291785009997511
  ],
  "prusti-tests/tests/verify/pass/quick/trait-contracts-refinement.rs": [
    1.637134815999616,
    1.5174890379998942,
    1.5225043330001427,
    1.507772199000101,
    1.4955539539996607,
    1.499124536999716,
    1.4948075929996776,
    1.4968238149999706,
    1.5028045899998688,
    1.5110861540001679
  ],
  "prusti-tests/tests/verify/pass/quick/routes.rs": [
    4.733257264000258,
    4.403067334999832,
    4.316537799999878,
    4.297517682000034,
    4.298667417000161,
    4.293503896999937,
    4.278479189999871,
    4.261114176999854,
    4.279016861999935,
    4.2671273539999675
  ],
  "prusti-tests/tests/verify/pass/quick/fibonacci.rs": [
    5.56443523300004,
    5.60580575799986,
    5.624072012999932,
    5.578938882999864,
    5.52961864100007,
    5.529105123000136,
    5.5343758540002455,
    5.528710136999962,
    5.584376499999962,
    5.570565366999745
  ],
  "prusti-tests/tests/verify/pass/pure-fn/len-lookup.rs": [
    3.1897895530000824,
    3.1936491369997384,
    3.2292010090000076,
    3.223404870000195,
    3.199487579000106,
    3.1762906059998386,
    3.1629600589999427,
    3.1597715590000917,
    3.173874352999974,
    3.179025333000027
  ],
  "prusti-tests/tests/verify/pass/pure-fn/quantifiers.rs": [
    1.9445095870000841,
    1.9219954800000778,
    1.918189495000206,
    1.9349436259999493,
    1.9253709280001203,
    1.9100482090002515,
    1.9284630350002772,
    1.914018194000164,
    1.9120069370001147,
    1.9292428819999259
  ],
  "prusti-tests/tests/verify/pass/pure-fn/recursive-pure-fn.rs": [
    1.6956248159999632,
    1.7090165630002048,
    1.7038709869998456,
    1.6887782809999408,
    1.6925650670000323,
    1.683090601999993,
    1.6882077699997353,
    1.6846965310000996,
    1.6875601189999543,
    1.6907933390002654
  ],
  "prusti-tests/tests/verify/pass/pure-fn/ref-mut-arg.rs": [
    2.498709559999952,
    2.5114367680002943,
    2.4980299059998288,
    2.5298000860002503,
    2.510024298999724,
    2.5209559090003495,
    2.5246834939998735,
    2.5055173649998324,
    2.515707107000253,
    2.4960447829998884
  ],
  "prusti-tests/tests/verify/pass/rosetta/Ackermann_function.rs": [
    1.6796950279999692,
    1.6698380810003073,
    1.6758428809998804,
    1.6765903780001281,
    1.7182786190001025,
    1.6674604129998443,
    1.6722052330001134,
    1.66698935300019,
    1.6544846029996734,
    1.666465154999969
  ],
  "prusti-tests/tests/verify/pass/rosetta/Heapsort.rs": [
    10.823669977000009,
    10.718485769999916,
    10.660762000999966,
    10.656838967999647,
    10.68237156899977,
    10.684749045999979,
    10.708739867999611,
    10.824160077000215,
    10.887092285000108,
    10.79334774300014
  ]
}