{
  "prusti-tests/tests/verify/pass/rosetta/Knuth_shuffle.rs": [
    2.557687691000183,
    2.1860868490000485,
    2.264545407000014,
    2.0720390359999783,
    2.095632103000071,
    2.066205693000029,
    2.0902286629998343,
    2.188071947000026,
    2.1281243209998593,
    2.0499241659999825
  ],
  "prusti-tests/tests/verify/pass/demos/account.rs": [
    0.919708435000075,
    0.8677037460001884,
    0.8971881350000785,
    0.8416381429999547,
    0.8497228989999712,
    0.9093947220001155,
    0.8441073599999527,
    0.9338549939998302,
    0.7853802449999421,
    0.9008735610000258
  ],
  "prusti-tests/tests/verify/pass/rosetta/Knights_tour.rs": [
    127.18625644000008,
    123.97706907899988,
    125.03454086700003,
    121.44477146100007,
    118.77777176000018,
    117.22863471100004,
    123.04160000799993,
    127.54973577399983,
    131.85188631600022,
    132.9537894590003
  ],
  "prusti-tests/tests/verify/pass/quick/fold-unfold.rs": [
    0.6117387640001652,
    0.617821006000213,
    0.5937998579997839,
    0.5641836579998198,
    0.617823923999822,
    0.586859911999909,
    0.6278233929997441,
    0.5891426280004453,
    0.5947574670003632,
    0.5734259199998633
  ],
  "prusti-tests/tests/verify/pass/quick/moves.rs": [
    0.6019149159997141,
    0.6190819319999719,
    0.5802904679999301,
    0.5949916679996932,
    0.6004719060001662,
    0.5801150699999198,
    0.6187044380003499,
    0.5579121210002995,
    0.5724923220000164,
    0.5599210349996611
  ],
  "prusti-tests/tests/verify/pass/quick/mut-borrows.rs": [
    1.016045960000156,
    1.0093906150000294,
    1.0285185450002245,
    1.0082083059996876,
    0.9302466719996119,
    0.9060309000001325,
    0.9990101299999878,
    1.0358991829998558,
    0.877045396000085,
    0.9520156090002274
  ],
  "prusti-tests/tests/verify/pass/quick/shared-borrows.rs": [
    0.6470988240002953,
    0.6516091550001875,
    0.6387022670000988,
    0.6945681479996892,
    0.7035250100002486,
    0.66252922700005,
    0.6786795340003664,
    0.6969193579998318,
    0.6634750299999723,
    0.6847728750003625
  ],
  "prusti-tests/tests/verify/pass/quick/trait-contracts-refinement.rs": [
    1.0361668750001627,
    1.0008369329998459,
    0.9277454350003609,
    1.0002361299998483,
    0.9038910709996344,
    0.8837369370003216,
    0.9468296680001913,
    0.9150780510003642,
    0.9068563949999771,
    1.001978343999781
  ],
  "prusti-tests/tests/verify/pass/quick/routes.rs": [
    2.9036713350001264,
    2.6235215259998768,
    2.556729271000222,
    2.4019358139998985,
    2.420737223999822,
    2.397519654000007,
    2.2996025870002086,
    2.508158005000041,
    2.5420035259999167,
    2.4500990000001366
  ],
  "prusti-tests/tests/verify/pass/quick/fibonacci.rs": [
    2.289138003000062,
    2.317033960000117,
    2.3693330149999383,
    2.2469351820000156,
    2.367372135000096,
    2.291439948999596,
    2.08618494700022,
    2.2468473440003436,
    2.4504587330002323,
    2.586774577000142
  ],
  "prusti-tests/tests/verify/pass/pure-fn/len-lookup.rs": [
    1.1177255820002756,
    1.100075260000267,
    1.149920402999669,
    1.1273017509997771,
    1.123147422999864,
    1.0680169429997477,
    1.1407756439998593,
    1.011043852000057,
    1.0004603789998328,
    1.1484861970002385
  ],
  "prusti-tests/tests/verify/pass/pure-fn/quantifiers.rs": [
    0.9422087899997678,
    0.9339789350001411,
    0.997954676000063,
    0.9377445610002724,
    0.923465662000126,
    0.993969049000043,
    0.9111637780001729,
    0.9154897079997681,
    1.000164006000432,
    0.9080768910002917
  ],
  "prusti-tests/tests/verify/pass/pure-fn/recursive-pure-fn.rs": [
    0.6934953050003969,
    0.7151394550000987,
    0.7524301130001732,
    0.6893141750001632,
    0.6807755170002565,
    0.6817005230000177,
    0.7692769290001706,
    0.6861049530002674,
    0.7263338319999093,
    0.7000726460000806
  ],
  "prusti-tests/tests/verify/pass/pure-fn/ref-mut-arg.rs": [
    0.9861899210000047,
    0.93751978399996,
    0.9396601990001727,
    0.9389005930001986,
    1.0199148540000351,
    0.9417593130001478,
    0.9411942100000488,
    0.9844094099998983,
    0.9277911619997212,
    0.9171128879997923
  ],
  "prusti-tests/tests/verify/pass/rosetta/Ackermann_function.rs": [
    1.1396434379998936,
    1.049021907000224,
    1.0612316910001027,
    1.0349433090000275,
    1.0410327509998751,
    1.0126226570000654,
    1.0685428599999796,
    1.046664508000049,
    1.0040705100000196,
    0.9997343790000741
  ],
  "prusti-tests/tests/verify/pass/rosetta/Heapsort.rs": [
    7.639706593000028,
    7.307047275000059,
    7.196098409000115,
    6.948284826999952,
    7.550491030000103,
    7.188547450999977,
    7.374729912000021,
    7.24885859799997,
    6.863049476000015,
    7.419590200999664
  ]
}