{
  "prusti-tests/tests/verify/pass/rosetta/Knuth_shuffle.rs": [
    2.2998669510000127,
    2.119675056999995,
    1.9534226539999509,
    1.8949340659999052,
    1.8312659440000516,
    1.8783318559999316,
    1.775239172000056,
    1.8244349940000575,
    1.7780531869998413,
    1.8908872350000365
  ],
  "prusti-tests/tests/verify/pass/demos/account.rs": [
    0.9214037080000708,
    0.9225384150001901,
    0.9118153449999227,
    0.9346711960001812,
    0.8523626510000213,
    0.9548597299999528,
    0.9159914730000764,
    0.8940753270001096,
    0.8943267290001131,
    0.8761424090000673
  ],
  "prusti-tests/tests/verify/pass/rosetta/Knights_tour.rs": [
    118.55234376399994,
    115.14666232699983,
    118.86837354199997,
    118.74336398899982,
    117.41694509000013,
    117.14262671200004,
    114.73323668900002,
    117.46250795500009,
    118.77379093299987,
    114.15138518200001
  ],
  "prusti-tests/tests/verify/pass/quick/fold-unfold.rs": [
    0.5884360110003399,
    0.5695426889997179,
    0.6494404059999397,
    0.5849453879995963,
    0.6232465369998863,
    0.5687843840000824,
    0.5932236419998844,
    0.58138896499986,
    0.6292308750003031,
    0.6343795090001549
  ],
  "prusti-tests/tests/verify/pass/quick/moves.rs": [
    0.5494333579999875,
    0.5904680240000744,
    0.621824327000013,
    0.5526794310003424,
    0.5884489300001405,
    0.6074863499998173,
    0.6187582229999862,
    0.5508558910000829,
    0.5676195979999648,
    0.5575205339996501
  ],
  "prusti-tests/tests/verify/pass/quick/mut-borrows.rs": [
    1.0626253359996554,
    1.0012532470000224,
    1.041232800999751,
    0.9006821090001722,
    0.9329868670001815,
    1.008953324000231,
    0.8978211839998949,
    0.9436488890000874,
    0.8626611499998944,
    0.9144689939998898
  ],
  "prusti-tests/tests/verify/pass/quick/shared-borrows.rs": [
    0.6594618959998115,
    0.6220873460001712,
    0.6687324570002602,
    0.6898848979999457,
    0.7693376339998395,
    0.6256282749995989,
    0.6616147149998142,
    0.6565483809999932,
    0.6325196210000286,
    0.7681224259999908
  ],
  "prusti-tests/tests/verify/pass/quick/trait-contracts-refinement.rs": [
    1.1080295950000618,
    0.9113109810000424,
    0.9008699119999619,
    0.9052673410001262,
    0.9290663080000741,
    0.9038477399999465,
    0.9779630359998919,
    0.8508350859997336,
    0.9135579050002889,
    0.9904784189998281
  ],
  "prusti-tests/tests/verify/pass/quick/routes.rs": [
    3.001479462000134,
    2.773342452000179,
    2.7570096430004014,
    2.4532537929999307,
    2.5465242249997573,
    2.572950495999976,
    2.6789901510001073,
    2.4618304020000323,
    2.4304955919997155,
    2.622015276000184
  ],
  "prusti-tests/tests/verify/pass/quick/fibonacci.rs": [
    2.6539756239999406,
    2.6931782799997563,
    2.8253096610001194,
    2.7327275430002373,
    2.7028232420002496,
    2.6158025620002263,
    2.34305524399997,
    2.3175462750000406,
    2.35891865099984,
    2.6611550750003516
  ],
  "prusti-tests/tests/verify/pass/pure-fn/len-lookup.rs": [
    1.2401826860000256,
    1.2696875830001773,
    1.1580620380000255,
    1.1701078169999164,
    1.1977336029999606,
    1.224690788999851,
    1.224507588999586,
    1.1603143610000188,
    1.2001496269999734,
    1.1449098579996644
  ],
  "prusti-tests/tests/verify/pass/pure-fn/quantifiers.rs": [
    1.0706995610003105,
    1.0111391619998358,
    1.211440310999933,
    1.0388518579998163,
    1.0707503720000204,
    1.0060633389998657,
    1.0903362030003336,
    0.9463499389999015,
    1.0450533989996984,
    0.9911382400000548
  ],
  "prusti-tests/tests/verify/pass/pure-fn/recursive-pure-fn.rs": [
    0.8359279119999883,
    0.7515735460001451,
    0.8649314069998582,
    0.7472619160002978,
    0.7665873470000406,
    0.8186473959999603,
    0.7575502859999688,
    0.8130366579998736,
    0.7762326119996033,
    0.7516996459999064
  ],
  "prusti-tests/tests/verify/pass/pure-fn/ref-mut-arg.rs": [
    1.0287489269999242,
    0.9921536809997633,
    0.9413434390003204,
    0.9617031760003556,
    0.9277883479999218,
    1.0282503240000551,
    0.9005341639999642,
    1.0343238649998057,
    0.9481914299999517,
    1.0170777560001625
  ],
  "prusti-tests/tests/verify/pass/rosetta/Ackermann_function.rs": [
    1.0662862979997954,
    1.124326199999814,
    1.130319641999904,
    1.0653460900002756,
    1.134375369999816,
    1.0902064290003182,
    1.0801125849998243,
    1.1401527499997428,
    1.051361320000069,
    1.1210630860000492
  ],
  "prusti-tests/tests/verify/pass/rosetta/Heapsort.rs": [
    6.782052473000022,
    6.123712707999857,
    5.884648849000314,
    5.665701839000121,
    6.336648630000127,
    5.964437297000131,
    6.102945892000207,
    6.186401306999869,
    6.247551442999793,
    5.9303255469999385
  ]
}