{
  "prusti-tests/tests/verify/pass/rosetta/Knuth_shuffle.rs": [
    2.668127360000085,
    0.337686299999973,
    0.32735960099989825,
    0.3246751530000438,
    0.3261105830000588,
    0.32359253399999943,
    0.32580737700004647,
    0.3227714180000021,
    0.32193300200003705,
    0.32187839999994594
  ],
  "prusti-tests/tests/verify/pass/demos/account.rs": [
    2.169400090999943,
    0.12495460699994965,
    0.12564051999993353,
    0.12490230599996721,
    0.12449929799993242,
    0.12668224000003647,
    0.12455959900000835,
    0.12488680500007376,
    0.127003545999969,
    0.12550071700002263
  ],
  "prusti-tests/tests/verify/pass/rosetta/Knights_tour.rs": [
    106.170009833,
    2.198607296999967,
    2.1925749089999726,
    2.236242858999958,
    2.1971484690000125,
    2.187802685999941,
    2.1906982400000743,
    2.1881237909999527,
    2.2020329739999625,
    2.193776734000039
  ],
  "prusti-tests/tests/verify/pass/quick/fold-unfold.rs": [
    1.2615634670000873,
    0.09556717099997059,
    0.0950773609999942,
    0.09647338700006003,
    0.09567897199997333,
    0.09618058199998814,
    0.09657808899999054,
    0.09755710699994324,
    0.09526266399996075,
    0.0968203929999163
  ],
  "prusti-tests/tests/verify/pass/quick/moves.rs": [
    1.528809416999934,
    0.0921504069999628,
    0.092413611999973,
    0.09304962399994565,
    0.09309972500000185,
    0.09226280899997619,
    0.09126739099997394,
    0.09146609399999761,
    0.09210090500005208,
    0.09164779699995051
  ],
  "prusti-tests/tests/verify/pass/quick/mut-borrows.rs": [
    2.988127476999921,
    0.14972110300004715,
    0.1493554959999983,
    0.14916859199990995,
    0.14971370199998546,
    0.15145213499999954,
    0.14842617800002245,
    0.1481316729999662,
    0.15032201399992573,
    0.1493349950000038
  ],
  "prusti-tests/tests/verify/pass/quick/shared-borrows.rs": [
    1.86209025200003,
    0.09158201399998234,
    0.09252063199994609,
    0.09160571500001424,
    0.09159551499999452,
    0.09112290600000961,
    0.08938647299999047,
    0.09176031800006967,
    0.09007208599996375,
    0.08968177799999921
  ],
  "prusti-tests/tests/verify/pass/quick/trait-contracts-refinement.rs": [
    1.6116590100000394,
    0.1335266190000084,
    0.13369792000003144,
    0.13092540500008454,
    0.1320773109999891,
    0.13214941199998975,
    0.13239001399995232,
    0.13274661499997364,
    0.13213961199994628,
    0.13229821300001277
  ],
  "prusti-tests/tests/verify/pass/quick/routes.rs": [
    5.26306222300002,
    0.3296171219999451,
    0.3283093979999876,
    0.32790489000001344,
    0.33136945000001106,
    0.3353242330000512,
    0.3308979350000527,
    0.3303191219999917,
    0.33023511999999755,
    0.3269718469999816
  ],
  "prusti-tests/tests/verify/pass/quick/fibonacci.rs": [
    0.34107646099994327,
    0.34589306700002,
    0.34591926799998873,
    0.33948452499998893,
    0.33940762300005645,
    0.3395347260000108,
    0.3407256520000601,
    0.3448368430000528,
    0.34360641599994324,
    0.3409597580000536
  ],
  "prusti-tests/tests/verify/pass/pure-fn/len-lookup.rs": [
    3.6308021030000646,
    0.20617081500006407,
    0.205991111000003,
    0.20908876699991197,
    0.205903410000019,
    0.20600551199993333,
    0.20706303099996148,
    0.20720033400004922,
    0.20595411099998273,
    0.2064335200000187
  ],
  "prusti-tests/tests/verify/pass/pure-fn/quantifiers.rs": [
    2.2460228690000577,
    0.18978721899998163,
    0.1804351509999833,
    0.1800120440000228,
    0.18199777899997116,
    0.18067075499993734,
    0.1810249609999346,
    0.1802654480000001,
    0.18287679499997012,
    0.18123046499999873
  ],
  "prusti-tests/tests/verify/pass/pure-fn/recursive-pure-fn.rs": [
    1.940744327999937,
    0.1410471140000027,
    0.14179003100002774,
    0.14001119099998505,
    0.14092551099997763,
    0.14141922300007082,
    0.139799585999981,
    0.14141352300009657,
    0.140744007999956,
    0.14308766099998138
  ],
  "prusti-tests/tests/verify/pass/pure-fn/ref-mut-arg.rs": [
    2.8820299779999914,
    0.17783295200001703,
    0.17412076799996612,
    0.1748539840000376,
    0.17308174400000098,
    0.17446517599989875,
    0.17507058900002903,
    0.1756628030000229,
    0.17400306499996532,
    0.1745146770000474
  ],
  "prusti-tests/tests/verify/pass/rosetta/Ackermann_function.rs": [
    1.893758532999982,
    0.20914944799994828,
    0.20999316500001441,
    0.21178629900009582,
    0.21063347599999815,
    0.21109448599997904,
    0.20976075999999466,
    0.20957075699993766,
    0.21077827999999954,
    0.2126546159998952
  ],
  "prusti-tests/tests/verify/pass/rosetta/Heapsort.rs": [
    10.13499298399995,
    0.9391316979999829,
    0.9325845529999697,
    0.9331105649999927,
    0.9374241609999672,
    0.9363374579999117,
    0.941439349999996,
    0.9335525930000586,
    0.9308977410000807,
    0.9320563629999015
  ]
}