{
  "prusti-tests/tests/verify/pass/rosetta/Knuth_shuffle.rs": [
    2.1283394399999906,
    1.725025966999965,
    1.5980617060000668,
    1.6738626500000464,
    1.6025103519999675,
    1.6073581599999898,
    1.5843261400000301,
    1.5509426009999743,
    1.6114709619999985,
    1.4834958239999878
  ],
  "prusti-tests/tests/verify/pass/demos/account.rs": [
    0.8009415840000429,
    0.8395544190000237,
    0.7790347059999476,
    0.7535987999999634,
    0.7579578410000067,
    0.8606622130000687,
    0.7748690150000357,
    0.7544868679999581,
    0.7378293669999039,
    0.7412877980000303
  ]
}