{
  "prusti-tests/tests/verify/pass/rosetta/Knuth_shuffle.rs": [
    3.466878353999846,
    0.4247618350000266,
    0.42171335100010765,
    0.42047235799986993,
    0.40480264600000737,
    0.4078156289999697,
    0.41332189800004926,
    0.4084621249999145,
    0.41511068799991335,
    0.41365159599990875
  ],
  "prusti-tests/tests/verify/pass/demos/account.rs": [
    2.909632397999985,
    0.16512788099998943,
    0.16399758700003986,
    0.15783122200014077,
    0.15786234000006516,
    0.15729529999998704,
    0.17459089099997982,
    0.15993736800010083,
    0.15859468400003607,
    0.15684960500016132
  ],
  "prusti-tests/tests/verify/pass/rosetta/Knights_tour.rs": [
    129.9683948710001,
    3.1104236920000403,
    3.1744080720000056,
    3.071055810000189,
    3.1014172380000673,
    3.162441345000161,
    3.1054361139999855,
    3.0981600959999014,
    3.0816779950000637,
    3.1899484020000273
  ],
  "prusti-tests/tests/verify/pass/quick/fold-unfold.rs": [
    1.4159954859999289,
    0.11699615499992433,
    0.11289497899997514,
    0.12379171799989308,
    0.11415397099995062,
    0.1157485630001247,
    0.11053109099998437,
    0.11045409199982714,
    0.11225578199992015,
    0.11499586599984468
  ],
  "prusti-tests/tests/verify/pass/quick/moves.rs": [
    1.6970519500000592,
    0.10726830899989181,
    0.10755020800002058,
    0.1059687169999961,
    0.10660031299994444,
    0.10828090399991197,
    0.10323893099985071,
    0.10690901099997063,
    0.1103622919999907,
    0.11851874700005283
  ],
  "prusti-tests/tests/verify/pass/quick/mut-borrows.rs": [
    3.399472672999991,
    0.18941635700002735,
    0.19441012900006172,
    0.19520932399996127,
    0.19746005999991212,
    0.20917691499994362,
    0.1834136990000843,
    0.18768718399996942,
    0.19427576299995053,
    0.20619552399989516
  ],
  "prusti-tests/tests/verify/pass/quick/shared-borrows.rs": [
    2.0628572379998786,
    0.10878204400000868,
    0.10341936100007842,
    0.10699324900019747,
    0.1051355549998334,
    0.10742324800003189,
    0.10756534699999065,
    0.10623895200001243,
    0.10668414999986453,
    0.10640005100003691
  ],
  "prusti-tests/tests/verify/pass/quick/trait-contracts-refinement.rs": [
    2.038432117000184,
    0.1588772790000803,
    0.1609263729999384,
    0.1609487729999728,
    0.1769438200001332,
    0.1613590239999212,
    0.16005948700012596,
    0.16051038400019024,
    0.15521891499997764,
    0.15839729699996496
  ],
  "prusti-tests/tests/verify/pass/quick/routes.rs": [
    6.3673038009999345,
    0.4165875319999941,
    0.42777756899999986,
    0.42190540300020984,
    0.40702458700002353,
    0.4027366109999093,
    0.4052180789999511,
    0.4048994780000612,
    0.4403663749999396,
    0.40270168999995803
  ],
  "prusti-tests/tests/verify/pass/quick/fibonacci.rs": [
    0.4415687670000352,
    0.4558067860000392,
    0.45336249899992254,
    0.45628668300014397,
    0.4438545549999162,
    0.459397165999917,
    0.47163879499998984,
    0.4581776729999092,
    0.47190549399988413,
    0.4772771630000534
  ],
  "prusti-tests/tests/verify/pass/pure-fn/len-lookup.rs": [
    4.347913311999946,
    0.2633092730000044,
    0.25937790400007543,
    0.25667072400005964,
    0.25865110900008403,
    0.25188546100002895,
    0.252267958000175,
    0.2476464940000369,
    0.24728239699993537,
    0.25811461300008887
  ],
  "prusti-tests/tests/verify/pass/pure-fn/quantifiers.rs": [
    2.6057031899999856,
    0.2524377370000366,
    0.23254605200008882,
    0.23066759500011358,
    0.23439531799999713,
    0.24049967900009506,
    0.2357658089999859,
    0.2312149379999937,
    0.24400825699990492,
    0.2509815129999424
  ],
  "prusti-tests/tests/verify/pass/pure-fn/recursive-pure-fn.rs": [
    2.3972893410000324,
    0.2083731830000488,
    0.19913374099996872,
    0.18260554499988757,
    0.18341684000006353,
    0.20047643299994888,
    0.18910180400007448,
    0.18291074300009313,
    0.18029395999997178,
    0.18757771399987178
  ],
  "prusti-tests/tests/verify/pass/pure-fn/ref-mut-arg.rs": [
    3.666555062999805,
    0.23070758899984867,
    0.24711309600002096,
    0.2617784130000018,
    0.23983523800006878,
    0.24193562599998586,
    0.23357957300004273,
    0.23538636300008875,
    0.2405783330000304,
    0.2510857730001135
  ],
  "prusti-tests/tests/verify/pass/rosetta/Ackermann_function.rs": [
    2.464335998000024,
    0.2865809719999106,
    0.29266883800005417,
    0.29255543799990846,
    0.2910492460000569,
    0.2891698569999335,
    0.2787115169999197,
    0.2807877049999661,
    0.28704903900006684,
    0.2658915640001851
  ],
  "prusti-tests/tests/verify/pass/rosetta/Heapsort.rs": [
    14.436349775000053,
    1.2847974710000472,
    1.3193653989999348,
    1.2879242919998433,
    1.4154730149998613,
    1.378924323000092,
    1.2824191580000388,
    1.2666038180000214,
    1.269808206000107,
    1.2731257880000157
  ]
}