{
  "prusti-tests/tests/verify/pass/rosetta/Knuth_shuffle.rs": [
    2.060080298999992,
    1.8519729189999907,
    1.6389195049999898,
    1.677927545999978,
    1.5430875810000089,
    1.5732502890000433,
    1.5747657990000334,
    1.4282985669999562,
    1.4886756019999439,
    1.5258916510000518
  ],
  "prusti-tests/tests/verify/pass/demos/account.rs": [
    0.8162868839999646,
    0.791534937999927,
    0.7526056099999323,
    0.7577649400000155,
    0.7338026999999556,
    0.7326093940000646,
    0.7661395899999661,
    0.7287045699999908,
    0.7226451349999934,
    0.8112450539999827
  ],
  "prusti-tests/tests/verify/pass/rosetta/Knights_tour.rs": [
    94.80127574899996,
    96.27484363600001,
    96.63879243400015,
    95.84349456599989,
    97.55691407699987,
    93.87149094999995,
    96.22035227099991,
    97.43370670799982,
    94.24289775900002,
    93.88772901300013
  ],
  "prusti-tests/tests/verify/pass/quick/fold-unfold.rs": [
    0.5236836909998601,
    0.523146386999997,
    0.5492532109999502,
    0.4825610380000853,
    0.509001564999835,
    0.4912593130000005,
    0.4935987070000465,
    0.4917629130000023,
    0.4721431919999759,
    0.4862045500001386
  ],
  "prusti-tests/tests/verify/pass/quick/moves.rs": [
    0.5134371819999615,
    0.531150893999893,
    0.48520580099989274,
    0.4778252539999812,
    0.5140542850001566,
    0.4815705779999462,
    0.485349701999894,
    0.4851948010000342,
    0.5225021389999256,
    0.502282409999907
  ],
  "prusti-tests/tests/verify/pass/quick/mut-borrows.rs": [
    0.8533472540000275,
    0.8488948249998884,
    0.7568470369999432,
    0.7977978870001152,
    0.7469033240001863,
    0.7432685960000072,
    0.7623639409998759,
    0.860707881000053,
    0.8469022770000265,
    0.8459939700001087
  ],
  "prusti-tests/tests/verify/pass/quick/shared-borrows.rs": [
    0.5235526419999132,
    0.5480344269999478,
    0.5780662520000988,
    0.642006734000006,
    0.6104603250000764,
    0.5316009860000577,
    0.5415498780000689,
    0.5577284529999815,
    0.5419628900001499,
    0.6076723169999241
  ],
  "prusti-tests/tests/verify/pass/quick/trait-contracts-refinement.rs": [
    0.802556131000074,
    0.7639061979998587,
    0.7833284490000096,
    0.7529464479998751,
    0.8001268949999485,
    0.7672043529998973,
    0.7953341380000438,
    0.7521415769999749,
    0.7474664210001265,
    0.802530078000018
  ],
  "prusti-tests/tests/verify/pass/quick/routes.rs": [
    2.473124516000098,
    2.4851832599999852,
    2.3532504539998627,
    2.369056607999937,
    2.1838702779998584,
    2.167247748000136,
    2.1583215480000035,
    2.176966694000157,
    2.0987128799999937,
    2.1546222260001286
  ],
  "prusti-tests/tests/verify/pass/quick/fibonacci.rs": [
    2.282511072000034,
    2.098113610000155,
    2.068761413999937,
    2.238735427000165,
    2.253691210999932,
    2.1812916219998897,
    2.227623307000158,
    2.355267313000013,
    2.315829160000021,
    2.3107168259998616
  ],
  "prusti-tests/tests/verify/pass/pure-fn/len-lookup.rs": [
    0.9693518860001404,
    1.0545839379999506,
    0.9225649200000134,
    0.8875601019999522,
    1.0484572010000193,
    1.0253930579999633,
    1.0525297249998857,
    1.0153965949998565,
    0.9309570279999662,
    1.153869683000039
  ],
  "prusti-tests/tests/verify/pass/pure-fn/quantifiers.rs": [
    0.8547030429999722,
    0.9052990709999449,
    0.884493435999957,
    0.8176845030000095,
    0.8313370910000231,
    0.8588408699999945,
    0.9476662459999261,
    0.8951383300000089,
    0.8837838360000205,
    0.9567464269998709
  ],
  "prusti-tests/tests/verify/pass/pure-fn/recursive-pure-fn.rs": [
    0.7014509589998852,
    0.6663635710001472,
    0.6547612089998438,
    0.7237545779998982,
    0.656592326000009,
    0.651105452000138,
    0.6297511149996353,
    0.7268605340000249,
    0.6360138889999689,
    0.6930687720000606
  ],
  "prusti-tests/tests/verify/pass/pure-fn/ref-mut-arg.rs": [
    0.9037748800001282,
    0.9533426640000471,
    0.82117790600023,
    0.8205891020002127,
    0.8489180639999176,
    0.90071226200007,
    0.8058471179997468,
    0.8133705169998393,
    0.8586570420002317,
    0.8172348829998555
  ],
  "prusti-tests/tests/verify/pass/rosetta/Ackermann_function.rs": [
    0.9042703250001978,
    0.8855004090000875,
    0.9059361350000472,
    0.9735580560000017,
    0.8602322510000704,
    0.8948719670001992,
    0.8799642809999568,
    0.9080680299998676,
    0.9204455079998297,
    0.8817912629997409
  ],
  "prusti-tests/tests/verify/pass/rosetta/Heapsort.rs": [
    5.4815415250000115,
    5.490031120999902,
    5.600340949999918,
    5.218437741999878,
    4.986499451999862,
    4.7025369739999405,
    5.399755030000051,
    5.172996206999869,
    5.4444858710003246,
    4.917435937999926
  ]
}