{
  "prusti-tests/tests/verify/pass/rosetta/Knuth_shuffle.rs": [
    2.279500088999953,
    2.075724050000076,
    1.8787119400000165,
    2.357821377999926,
    1.8556815309999593,
    1.7597532349999483,
    1.8970241849999638,
    1.8106367289999525,
    1.826546086999997,
    1.8306307980000156
  ],
  "prusti-tests/tests/verify/pass/demos/account.rs": [
    0.8210558160000119,
    0.8580897639999421,
    0.8492417279999245,
    1.0377490860000762,
    0.842864598999995,
    0.8466970130000391,
    0.8571036540000705,
    0.8512868290000597,
    0.8380879740000182,
    1.559634376999952
  ]
}