{
  "prusti-tests/tests/verify/pass/rosetta/Knuth_shuffle.rs": [
    2.347852863000071,
    2.04349830700005,
    1.9933477009999478,
    1.9093852170000218,
    1.923877790000006,
    1.932527880000066,
    1.9468969220000645,
    1.8993665170000895,
    1.9337400529999513,
    1.896356362000006
  ],
  "prusti-tests/tests/verify/pass/demos/account.rs": [
    1.7434007609999753,
    1.7443206789999977,
    1.6969209469999669,
    1.6973560559999896,
    1.7177383599999985,
    1.7070498040000075,
    1.755090440999993,
    1.7448018400000365,
    1.71111659099995,
    1.7137855860000855
  ],
  "prusti-tests/tests/verify/pass/rosetta/Knights_tour.rs": [
    104.55017399300004,
    99.65316288100007,
    99.83495278700002,
    100.3657810740001,
    99.37064723399999,
    99.39253646099996,
    98.79195143300012,
    100.37000855200017,
    97.32991730000003,
    100.34180958800016
  ],
  "prusti-tests/tests/verify/pass/quick/fold-unfold.rs": [
    1.1405831940001008,
    1.1594259569999394,
    1.1365991180000492,
    1.1406115939998926,
    1.1462394029999814,
    1.1414774169998054,
    1.1393167590001667,
    1.1380664060000072,
    1.1470633489998363,
    1.149048781999909
  ],
  "prusti-tests/tests/verify/pass/quick/moves.rs": [
    1.369112700999949,
    1.3788301570000385,
    1.365558897000028,
    1.3864028130001316,
    1.3803166730001522,
    1.3944900230001167,
    1.3672469430000547,
    1.3706617039999855,
    1.3765122520001114,
    1.3713804540000183
  ],
  "prusti-tests/tests/verify/pass/quick/mut-borrows.rs": [
    2.726848499000198,
    2.709069854000063,
    2.7104331619998447,
    2.706645270000081,
    2.715832599999885,
    2.705017491000035,
    2.691171942999972,
    2.718391698000005,
    2.7158283940000274,
    2.7039120699998875
  ],
  "prusti-tests/tests/verify/pass/quick/shared-borrows.rs": [
    1.7109379809999155,
    1.7069226539999818,
    1.7073216500000399,
    1.7150466970001617,
    1.7078394590000698,
    1.7144851860002746,
    1.7151214999998956,
    1.7129472050000913,
    1.7108052630001112,
    1.70484924900029
  ],
  "prusti-tests/tests/verify/pass/quick/trait-contracts-refinement.rs": [
    1.5319242159998794,
    1.554679114999999,
    1.5213656890000493,
    1.5161481889999777,
    1.5107818860001316,
    1.5300573579997945,
    1.5294604450000406,
    1.5073959189999186,
    1.5002872820000448,
    1.5200433639997755
  ],
  "prusti-tests/tests/verify/pass/quick/routes.rs": [
    4.588048436000008,
    4.268214365000404,
    4.1446833420000075,
    4.137188527000035,
    4.08728848499959,
    4.082628243000272,
    4.124643352000021,
    4.127440590000333,
    4.118055089999871,
    4.125612912000179
  ],
  "prusti-tests/tests/verify/pass/quick/fibonacci.rs": [
    5.272596593999879,
    5.187782578000224,
    5.204036787999939,
    5.2302969219999795,
    5.243992645000162,
    5.196774043000005,
    5.172576328000105,
    5.1872843460000695,
    5.164881811000214,
    5.141152119999788
  ],
  "prusti-tests/tests/verify/pass/pure-fn/len-lookup.rs": [
    3.0264544900001056,
    3.0332456789997195,
    3.0389975570001297,
    3.012407206000262,
    3.006092310999975,
    3.0304192170001443,
    3.0343259139999645,
    3.03485892100025,
    3.0084208809998927,
    3.0362807520000388
  ],
  "prusti-tests/tests/verify/pass/pure-fn/quantifiers.rs": [
    1.8582507810001516,
    1.8630843739997545,
    1.8516830530002153,
    1.8814112239997485,
    1.8647940870000639,
    1.8425869550001153,
    1.8496912939999675,
    1.8593379379999533,
    1.8666804680001405,
    1.8661558669996339
  ],
  "prusti-tests/tests/verify/pass/pure-fn/recursive-pure-fn.rs": [
    1.6566280960000768,
    1.6565998949999994,
    1.6722465620000548,
    1.6517157339999358,
    1.649356687999898,
    1.6533314660000542,
    1.6528854570001386,
    1.6653709780002828,
    1.6735272189998796,
    1.6747584479999205
  ],
  "prusti-tests/tests/verify/pass/pure-fn/ref-mut-arg.rs": [
    2.456541485999878,
    2.4696451489999163,
    2.496070658000008,
    2.426370974999827,
    2.4352694670001256,
    2.439301730999887,
    2.436724579999918,
    2.4180136109998784,
    2.5525212770003236,
    2.4343722519997755
  ],
  "prusti-tests/tests/verify/pass/rosetta/Ackermann_function.rs": [
    1.7375285540001641,
    1.7003160019999086,
    1.7184444350000376,
    1.7027498389998073,
    1.710618286999761,
    1.733396616000391,
    1.7338748109996232,
    1.7138644120000208,
    1.7040334179996535,
    1.7166810670000814
  ],
  "prusti-tests/tests/verify/pass/rosetta/Heapsort.rs": [
    9.616669182999885,
    9.634231489000285,
    9.537801957999818,
    9.478252106000127,
    9.468833401999746,
    9.494548588999805,
    9.573500250000052,
    9.626866062000317,
    9.619666005,
    9.429541268999856
  ]
}