{
  "prusti-tests/tests/verify/pass/rosetta/Knuth_shuffle.rs": [
    3.337030917999982,
    2.9863983159998497,
    2.8749059790000047,
    2.755673963999925,
    2.8478235959998983,
    2.842250909000086,
    2.8333186489999207,
    2.7982039050000367,
    2.7923513270000058,
    2.762732955000047
  ],
  "prusti-tests/tests/verify/pass/demos/account.rs": [
    2.4612241790000553,
    2.4680158880000818,
    2.444835172000012,
    2.458421570999917,
    2.462826603999929,
    2.3513089770001443,
    2.4580153309998423,
    2.4484598720000577,
    2.5297553299999436,
    2.413861427000029
  ],
  "prusti-tests/tests/verify/pass/rosetta/Knights_tour.rs": [
    151.83585102899997,
    148.84345922600005,
    147.3255531929999,
    150.6915397270002,
    147.93181871399997,
    150.3262449230001,
    148.17949451899995,
    152.86359562899997,
    147.97017234000032,
    152.21193545200003
  ],
  "prusti-tests/tests/verify/pass/quick/fold-unfold.rs": [
    1.6168140119998498,
    1.5291576569998142,
    1.5954572310001822,
    1.6681138469998587,
    1.5503818739998678,
    1.5955921320000925,
    1.581420411000181,
    1.57596108000007,
    1.5759066799996617,
    1.5895218579998982
  ],
  "prusti-tests/tests/verify/pass/quick/moves.rs": [
    1.9599779159998434,
    1.910576140000103,
    1.8697496079998928,
    1.869137204999788,
    1.8737360319996696,
    2.0426708410000174,
    1.919130801999927,
    1.859332588000143,
    1.9318373689998225,
    1.880506394999884
  ],
  "prusti-tests/tests/verify/pass/quick/mut-borrows.rs": [
    3.7659415890002492,
    3.7837132909999127,
    3.770143819999703,
    3.793728549000207,
    3.770795593999992,
    3.7862883389998387,
    3.777299679999942,
    3.8289774660001967,
    3.7774945000001026,
    3.8957728450000104
  ],
  "prusti-tests/tests/verify/pass/quick/shared-borrows.rs": [
    2.433622927000215,
    2.401600396000049,
    2.4055498289999377,
    2.3160578619999797,
    2.378519914000208,
    2.380207007000081,
    2.333065642999827,
    2.4355403800000204,
    2.4071029090000593,
    2.408333016999677
  ],
  "prusti-tests/tests/verify/pass/quick/trait-contracts-refinement.rs": [
    2.2011882809997587,
    2.2112798900002417,
    2.1143277020000824,
    2.2252962749998915,
    2.17658859400035,
    2.2570911050001996,
    2.1768587040000966,
    2.1863444639998306,
    2.223125844999686,
    2.198826946999816
  ],
  "prusti-tests/tests/verify/pass/quick/routes.rs": [
    6.692294042999947,
    6.104083918000015,
    6.457243771999856,
    6.327694204999716,
    6.3881769730001,
    6.483451848000186,
    6.395880589999706,
    6.303950989999976,
    6.123677907999991,
    6.040761416999885
  ],
  "prusti-tests/tests/verify/pass/quick/fibonacci.rs": [
    7.80077503099983,
    8.101023491999968,
    7.8750286429999505,
    7.885009894999712,
    7.849811153000246,
    7.861351956999897,
    8.278279774999646,
    7.952355504000025,
    7.802865669000312,
    7.933601339000234
  ],
  "prusti-tests/tests/verify/pass/pure-fn/len-lookup.rs": [
    4.4628906309999365,
    4.483497446000001,
    4.470763330999944,
    4.599834869000006,
    4.525935853000192,
    4.4713512770003945,
    4.511106013999779,
    4.506516632000057,
    4.628551149000032,
    4.499509564000164
  ],
  "prusti-tests/tests/verify/pass/pure-fn/quantifiers.rs": [
    2.806408521999856,
    2.8665951060002044,
    2.9575137619999623,
    2.9262400359998537,
    2.900041303999842,
    2.887436023000191,
    2.834119202000238,
    2.9174419430000853,
    3.0138116769999215,
    3.0496153889998823
  ],
  "prusti-tests/tests/verify/pass/pure-fn/recursive-pure-fn.rs": [
    2.5659680529997786,
    2.5244376760001614,
    2.564871973999743,
    2.544380091000221,
    2.536290003999966,
    2.5766564149998885,
    2.4899812690000545,
    2.4961310859998775,
    2.475593986000149,
    2.4919569319999937
  ],
  "prusti-tests/tests/verify/pass/pure-fn/ref-mut-arg.rs": [
    3.702222382999935,
    3.6794540519999828,
    3.704061722000006,
    3.788625128000149,
    3.833143998000196,
    3.7878194580002855,
    3.837464473000182,
    3.802775444999952,
    3.7866781779998746,
    3.748402254999746
  ],
  "prusti-tests/tests/verify/pass/rosetta/Ackermann_function.rs": [
    2.5792071509999914,
    2.532433901999866,
    2.491037231000064,
    2.4841974210003173,
    2.4934419490000437,
    2.542742460000227,
    2.4657918470002187,
    2.5006312139998954,
    2.460145112999726,
    2.430291096000019
  ],
  "prusti-tests/tests/verify/pass/rosetta/Heapsort.rs": [
    15.341454330000033,
    15.921421820999967,
    15.849656057000175,
    15.763033938000262,
    15.663683759999913,
    15.743927602999975,
    15.854802200999984,
    16.006505235000077,
    15.945739400000093,
    15.581827592000081
  ]
}