{
  "prusti-tests/tests/verify/pass/rosetta/Knuth_shuffle.rs": [
    2.861747506000029,
    2.484610784000097,
    2.457381324000039,
    2.336507922999999,
    2.382694067999978,
    2.4090834580000546,
    2.3468519919999835,
    2.4551246759999685,
    2.4504813910000394,
    2.3923079649999863
  ],
  "prusti-tests/tests/verify/pass/demos/account.rs": [
    2.213099682999996,
    2.2280876269999226,
    2.237293492000049,
    2.1880229210000834,
    2.1299955979999368,
    2.1904476590000286,
    2.216783964000001,
    2.1869622609999624,
    2.1457393449999245,
    2.160411662999877
  ],
  "prusti-tests/tests/verify/pass/rosetta/Knights_tour.rs": [
    126.37969931800012,
    121.63818308400005,
    123.11312565599997,
    122.03468102200009,
    119.35110763999978,
    122.35051015500017,
    124.74995812099996,
    119.53049039500002,
    119.69697699499989,
    124.46098329699998
  ],
  "prusti-tests/tests/verify/pass/quick/fold-unfold.rs": [
    1.4382184219998635,
    1.4275413370000933,
    1.4589487470002496,
    1.4661448449996897,
    1.4260321140000087,
    1.408927894000044,
    1.4458224569998492,
    1.4447653700003684,
    1.4194654679999985,
    1.4783754580003006
  ],
  "prusti-tests/tests/verify/pass/quick/moves.rs": [
    1.7404061150000416,
    1.781175600000097,
    1.7699476679999862,
    1.721526936000373,
    1.758187271999759,
    1.747068849000243,
    1.766597271000137,
    1.7747437450002508,
    1.7247772719997556,
    1.7457036089999747
  ],
  "prusti-tests/tests/verify/pass/quick/mut-borrows.rs": [
    3.5079458910004178,
    3.42095194500007,
    3.446956481000143,
    3.4444373349997477,
    3.424539307000032,
    3.438096425999902,
    3.4815331639997567,
    3.4372250819997134,
    3.413839231000111,
    3.4617884479998793
  ],
  "prusti-tests/tests/verify/pass/quick/shared-borrows.rs": [
    2.152531761999853,
    2.1927675160000035,
    2.1977139259997784,
    2.1692755670001134,
    2.2122670809999363,
    2.182908280999982,
    2.1850052539998615,
    2.1741560559999016,
    2.1842798329998914,
    2.199555872000019
  ],
  "prusti-tests/tests/verify/pass/quick/trait-contracts-refinement.rs": [
    1.8360383809999803,
    1.8617664180001157,
    1.834541573000024,
    1.8239765700000135,
    1.8421243759999015,
    1.844191148000391,
    1.8117461560000265,
    1.831040958000358,
    1.8158760989999791,
    1.7953874979998545
  ],
  "prusti-tests/tests/verify/pass/quick/routes.rs": [
    6.087517164000019,
    5.77426602100013,
    5.683747797999786,
    5.578081847000249,
    5.567385117000413,
    5.543082729999696,
    5.538495243999932,
    5.5762011010001515,
    5.504733720000331,
    5.604881252999803
  ],
  "prusti-tests/tests/verify/pass/quick/fibonacci.rs": [
    7.123788801000046,
    7.079007742000158,
    7.342247168000085,
    7.129801563000001,
    7.0595638610002425,
    7.060507981000228,
    7.156541757000014,
    7.02395107700022,
    7.070134524999958,
    7.099895612000182
  ],
  "prusti-tests/tests/verify/pass/pure-fn/len-lookup.rs": [
    4.059103119000156,
    4.157818795999901,
    4.089018603000113,
    4.05369820199985,
    4.004263278000053,
    4.133054822000304,
    4.167012236000119,
    4.087956519999807,
    4.0888354710000385,
    4.015799337000317
  ],
  "prusti-tests/tests/verify/pass/pure-fn/quantifiers.rs": [
    2.5608117169999787,
    2.518378873999609,
    2.5819867969998995,
    2.5453828169997905,
    2.5272755099999813,
    2.467286631999741,
    2.5099817730001632,
    2.493383576999804,
    2.52636521300019,
    2.6340166459999637
  ],
  "prusti-tests/tests/verify/pass/pure-fn/recursive-pure-fn.rs": [
    2.2644570329998714,
    2.216813364000245,
    2.2423688829999264,
    2.253146470000047,
    2.2660221050000473,
    2.215502023999761,
    2.196718368999882,
    2.211557954,
    2.1830374649998703,
    2.168204140999933
  ],
  "prusti-tests/tests/verify/pass/pure-fn/ref-mut-arg.rs": [
    3.2477654550002626,
    3.3429183650000596,
    3.394330830999934,
    3.419177897999816,
    3.422446065999793,
    3.285508531999767,
    3.251232641000115,
    3.271485188999577,
    3.351171929999964,
    3.470233693999944
  ],
  "prusti-tests/tests/verify/pass/rosetta/Ackermann_function.rs": [
    2.2322780510003213,
    2.1690292040002532,
    2.2118139410004005,
    2.1883026380000956,
    2.218519649999962,
    2.178426225000294,
    2.185726731000159,
    2.2156666079999923,
    2.2141708760000256,
    2.238211971000055
  ],
  "prusti-tests/tests/verify/pass/rosetta/Heapsort.rs": [
    11.40750527199998,
    11.333409066000058,
    11.333267904000422,
    11.71804179100036,
    11.073153409000042,
    11.078699736999624,
    11.256195845999628,
    11.330559815000015,
    11.705035056999805,
    11.699131664000106
  ]
}