{
  "prusti-tests/tests/verify/pass/rosetta/Knuth_shuffle.rs": [
    2.431465898000056,
    0.3089876760000152,
    0.2947961669999586,
    0.31767684300007204,
    0.29463506599995526,
    0.318279748000009,
    0.31927785599998515,
    0.32041326399996706,
    0.29684428200005186,
    0.3092955740000889
  ],
  "prusti-tests/tests/verify/pass/demos/account.rs": [
    2.1036446510000815,
    0.11918221500002346,
    0.12360014900002625,
    0.1228458429999364,
    0.12156463400003759,
    0.12390775200003645,
    0.11887661299999763,
    0.12677557400002115,
    0.12433045500006301,
    0.11970951899991178
  ],
  "prusti-tests/tests/verify/pass/rosetta/Knights_tour.rs": [
    99.32888980699988,
    1.9570589289999134,
    2.18342755499998,
    2.1837723580001693,
    1.953636424000024,
    2.179804772999887,
    2.143467381000164,
    2.182811471999912,
    2.192313342000034,
    2.182091893000006
  ],
  "prusti-tests/tests/verify/pass/quick/fold-unfold.rs": [
    1.15809345699995,
    0.09687632400004986,
    0.09564161499997681,
    0.09290789500005303,
    0.09464960799982691,
    0.09530451300020104,
    0.09418250400017314,
    0.0933257969998067,
    0.09456510700010767,
    0.09592331700014256
  ],
  "prusti-tests/tests/verify/pass/quick/moves.rs": [
    1.4346639249999953,
    0.09252239200009171,
    0.09210268900005758,
    0.09251759199992193,
    0.09126718299989989,
    0.09229398999991645,
    0.09130578200006312,
    0.09091158000001087,
    0.09187008699996113,
    0.09140518399999564
  ],
  "prusti-tests/tests/verify/pass/quick/mut-borrows.rs": [
    2.9213437099999737,
    0.14982541599988508,
    0.14990341699990495,
    0.139850941000077,
    0.14202795799997148,
    0.14420047399994473,
    0.1454007840000031,
    0.1525546369998665,
    0.15082022400019923,
    0.1512378269999317
  ],
  "prusti-tests/tests/verify/pass/quick/shared-borrows.rs": [
    1.8061991550000585,
    0.09158318200002213,
    0.08992707000015798,
    0.08864916099992115,
    0.08843315899980553,
    0.08873256099991522,
    0.0899637709999297,
    0.08913236400007918,
    0.0895848670002124,
    0.09031967200007784
  ],
  "prusti-tests/tests/verify/pass/quick/trait-contracts-refinement.rs": [
    1.600503622999895,
    0.13258888800010027,
    0.12689624499989804,
    0.12786185300001307,
    0.12869825899997522,
    0.13080207499979224,
    0.13474000399992292,
    0.13315529199985576,
    0.13180998200004979,
    0.1330186909999611
  ],
  "prusti-tests/tests/verify/pass/quick/routes.rs": [
    5.089219770999989,
    0.3030397540001104,
    0.32949926000014784,
    0.3284554509998543,
    0.3021515470002214,
    0.3025774509999337,
    0.31120041799999854,
    0.30634838000014497,
    0.3059589759998289,
    0.33066766899992217
  ],
  "prusti-tests/tests/verify/pass/quick/fibonacci.rs": [
    0.348398712000062,
    0.32001082399983716,
    0.3477220980000766,
    0.34283303199981674,
    0.31797439700017094,
    0.3490653160001784,
    0.31605366999997386,
    0.31754299099998207,
    0.3141774449998138,
    0.3160875710000255
  ],
  "prusti-tests/tests/verify/pass/pure-fn/len-lookup.rs": [
    3.4392412819997844,
    0.19338407800000823,
    0.1931222760001674,
    0.20188904300016475,
    0.2068908809999357,
    0.20500576699987505,
    0.20465366400003404,
    0.2062950770000498,
    0.2092433020000044,
    0.19233658399980413
  ],
  "prusti-tests/tests/verify/pass/pure-fn/quantifiers.rs": [
    2.095858265999823,
    0.18953336200002013,
    0.1687121009999828,
    0.18032139000001735,
    0.17113272000005963,
    0.1698501099999703,
    0.16999971199993524,
    0.17006341199999042,
    0.16836689899992052,
    0.1805907930001922
  ],
  "prusti-tests/tests/verify/pass/pure-fn/recursive-pure-fn.rs": [
    1.808117046999996,
    0.1355698449999636,
    0.14099148699983743,
    0.14003377999983968,
    0.13980787799982863,
    0.13390373299989733,
    0.130846308999935,
    0.13442413699999634,
    0.13464793799994368,
    0.1398405779998484
  ],
  "prusti-tests/tests/verify/pass/pure-fn/ref-mut-arg.rs": [
    2.807276176999949,
    0.17406301500000154,
    0.16339673500010576,
    0.1744467179998992,
    0.17472141999996893,
    0.1663619569999355,
    0.1740171139999802,
    0.1749343209999097,
    0.16554585099993346,
    0.17500232200018218
  ],
  "prusti-tests/tests/verify/pass/rosetta/Ackermann_function.rs": [
    1.839998499999865,
    0.19534987600013665,
    0.2095145829998728,
    0.20905847900007757,
    0.21037798899988047,
    0.21191940000016984,
    0.20878887699996085,
    0.20799697100005687,
    0.20912098000007973,
    0.2107547919999888
  ],
  "prusti-tests/tests/verify/pass/rosetta/Heapsort.rs": [
    9.367345303999855,
    0.8425430279999091,
    0.8370713860001615,
    0.9332950199998322,
    0.9327575159998105,
    0.8621716780000952,
    0.8407345139999052,
    0.8430828319999364,
    0.8410169169999335,
    0.8396243889999369
  ]
}