{
  "prusti-tests/tests/verify/pass/rosetta/Knuth_shuffle.rs": [
    2.0974044140000387,
    1.9168277339999804,
    1.890864952999891,
    1.8350171590000173,
    1.784912044000066,
    1.8345988300000045,
    1.811032221000005,
    1.7933396260000336,
    1.8296596430000136,
    1.7870883699999922
  ],
  "prusti-tests/tests/verify/pass/demos/account.rs": [
    1.6253584730000057,
    1.629557221000141,
    1.620169388000022,
    1.6269599729998845,
    1.6020374820000143,
    1.5903891279999698,
    1.6013712910000777,
    1.6044879679998303,
    1.5826921049999783,
    1.6202259439999125
  ],
  "prusti-tests/tests/verify/pass/rosetta/Knights_tour.rs": [
    95.30930962000002,
    93.93481316499992,
    93.51455778400009,
    96.47458603699988,
    96.11905613499994,
    94.14387004900004,
    98.85132159099999,
    98.03754645699996,
    96.32198191200018,
    94.91379166000024
  ],
  "prusti-tests/tests/verify/pass/quick/fold-unfold.rs": [
    1.083038937999845,
    1.082039949999853,
    1.109805807000157,
    1.0872027870000238,
    1.0879233779996866,
    1.0855608060001032,
    1.0822898540000097,
    1.0865798149998227,
    1.0956177039997783,
    1.0915110549999554
  ],
  "prusti-tests/tests/verify/pass/quick/moves.rs": [
    1.3049015259998669,
    1.3122605349999503,
    1.3129399269996611,
    1.3110249910000675,
    1.3176495789998626,
    1.3124246440002025,
    1.3097946769998998,
    1.310628466000253,
    1.3217639279996547,
    1.3092661370001224
  ],
  "prusti-tests/tests/verify/pass/quick/mut-borrows.rs": [
    2.5732612179999705,
    2.5841261830000803,
    2.5835268639998503,
    2.594883997999659,
    2.5987066499997127,
    2.614845563000017,
    2.6346489259999544,
    2.625694034999924,
    2.6121874010000283,
    2.5876880890000393
  ],
  "prusti-tests/tests/verify/pass/quick/shared-borrows.rs": [
    1.6475599820000753,
    1.6450811129998328,
    1.6420455510001375,
    1.6516060170001765,
    1.6388590700003078,
    1.6307239699999627,
    1.657107444000303,
    1.6705736779999825,
    1.6763849500002834,
    1.6869545230001677
  ],
  "prusti-tests/tests/verify/pass/quick/trait-contracts-refinement.rs": [
    1.5726568310001312,
    1.4851901079996424,
    1.500433520000115,
    1.5025466289998803,
    1.4972169849997954,
    1.4883931949998441,
    1.4828019639999184,
    1.4786583150003025,
    1.457750665000276,
    1.4603254230000857
  ],
  "prusti-tests/tests/verify/pass/quick/routes.rs": [
    4.286871636000342,
    4.171068276999904,
    4.0255876370001715,
    4.055032395000126,
    4.009923264000008,
    4.0026084670003,
    4.020739149000292,
    4.0195778399997835,
    3.9222724760002166,
    3.9447708719999355
  ],
  "prusti-tests/tests/verify/pass/quick/fibonacci.rs": [
    4.988904855999863,
    5.012473496999974,
    5.011851131000185,
    5.00582717899988,
    5.0128506860000925,
    4.997712178999791,
    4.978028006999921,
    4.979892907999783,
    4.966215721000026,
    4.942756337999981
  ],
  "prusti-tests/tests/verify/pass/pure-fn/len-lookup.rs": [
    2.9145783590001884,
    2.9628402830003324,
    2.9054786030001196,
    2.894372530000055,
    2.9114575769999647,
    2.952604654999959,
    2.9233427459998893,
    2.9399381189996348,
    2.922604031999981,
    2.907218633999946
  ],
  "prusti-tests/tests/verify/pass/pure-fn/quantifiers.rs": [
    1.8107653559995924,
    1.8486464769998747,
    1.7863049659999888,
    1.7782842799997525,
    1.7596139289998973,
    1.7833524279999438,
    1.7591316349999033,
    1.758132248000038,
    1.763625422000132,
    1.7846996749999562
  ],
  "prusti-tests/tests/verify/pass/pure-fn/recursive-pure-fn.rs": [
    1.572640328000034,
    1.5595358919999853,
    1.5777573600003052,
    1.5588124579999203,
    1.559866945000067,
    1.5742535650001628,
    1.5586139609999918,
    1.5572842770002353,
    1.5706187000000682,
    1.56426739599965
  ],
  "prusti-tests/tests/verify/pass/pure-fn/ref-mut-arg.rs": [
    2.3046784059997663,
    2.307147975999669,
    2.3464556389999416,
    2.2906619350001165,
    2.2967503580002813,
    2.302742596000371,
    2.3296746750002058,
    2.2873020090000864,
    2.293639629000154,
    2.2882060490001095
  ],
  "prusti-tests/tests/verify/pass/rosetta/Ackermann_function.rs": [
    1.6163168499997482,
    1.616389750000053,
    1.6113049119999232,
    1.6040708509999604,
    1.5973090270003922,
    1.6027034590001676,
    1.5980711180000071,
    1.60582482000018,
    1.6118599430001268,
    1.6082508879999295
  ],
  "prusti-tests/tests/verify/pass/rosetta/Heapsort.rs": [
    9.185657308999907,
    9.144143385999996,
    9.05936885600022,
    9.030159363000166,
    9.030957252999997,
    9.077242112000022,
    9.056740614999853,
    9.019468766000045,
    8.987467859999924,
    9.033272010000019
  ]
}