{
  "prusti-tests/tests/verify/pass/rosetta/Knuth_shuffle.rs": [
    2.369747024999924,
    2.1034124480000855,
    1.9920303210000156,
    1.893542678000017,
    1.961229172000003,
    1.930671206999932,
    1.9246586990000196,
    1.8888816200000065,
    1.9383147209999834,
    1.913634702999957
  ],
  "prusti-tests/tests/verify/pass/demos/account.rs": [
    1.7521495839999943,
    1.7651442839999163,
    1.7166371340000524,
    1.7432334370000717,
    1.7102819659999113,
    1.743430680000074,
    1.6973765809999577,
    1.732692750999945,
    1.707837875999985,
    1.726462094999988
  ],
  "prusti-tests/tests/verify/pass/rosetta/Knights_tour.rs": [
    101.87373107999997,
    99.471276848,
    99.20536981199984,
    101.07285876300011,
    104.24255903300013,
    105.23708214900012,
    102.00603616900003,
    102.150867715,
    103.09449176099997,
    102.88814791999994
  ],
  "prusti-tests/tests/verify/pass/quick/fold-unfold.rs": [
    1.1601038489998245,
    1.1652130729999044,
    1.1580761540001276,
    1.1563310270000784,
    1.1616994119999617,
    1.1588669669999945,
    1.1605406929998026,
    1.1503551329999482,
    1.167670691000012,
    1.170309232000136
  ],
  "prusti-tests/tests/verify/pass/quick/moves.rs": [
    1.407882673999893,
    1.3956808810000894,
    1.3942627589999574,
    1.3905030000000806,
    1.382960176000097,
    1.4123655390001204,
    1.3842616960000669,
    1.387057539999887,
    1.3961275829999522,
    1.396097581000049
  ],
  "prusti-tests/tests/verify/pass/quick/mut-borrows.rs": [
    2.732786315999874,
    2.7441415949999737,
    2.725932604000036,
    2.7308737589999055,
    2.720288992000178,
    2.7443602929999997,
    2.719429317000049,
    2.742202532999954,
    2.7679080289999547,
    2.711288579999973
  ],
  "prusti-tests/tests/verify/pass/quick/shared-borrows.rs": [
    1.733938975000001,
    1.7314953370000694,
    1.7420205949999854,
    1.745852025999966,
    1.7274352910001198,
    1.7325480839999727,
    1.7285835200000292,
    1.7315414520001013,
    1.7131099840000843,
    1.7176718559999244
  ],
  "prusti-tests/tests/verify/pass/quick/trait-contracts-refinement.rs": [
    1.558883145999971,
    1.5300377900000512,
    1.5316476150001108,
    1.5099312939998981,
    1.528698600000098,
    1.5059157289999803,
    1.508263867000096,
    1.5103517410000222,
    1.5125675009999213,
    1.5131312089999938
  ],
  "prusti-tests/tests/verify/pass/quick/routes.rs": [
    4.519211796000036,
    4.307538143000102,
    4.139788208000027,
    4.118383159000132,
    4.128812835999952,
    4.191552816000012,
    4.190316825000082,
    4.17598794599985,
    4.127821448000077,
    4.132570074000114
  ],
  "prusti-tests/tests/verify/pass/quick/fibonacci.rs": [
    5.258181394000076,
    5.288360064999779,
    5.2580419390001225,
    5.204999694000435,
    5.232172590000118,
    5.211524409000049,
    5.211732132000179,
    5.260714417999679,
    5.248365319000186,
    5.3044387790000656
  ],
  "prusti-tests/tests/verify/pass/pure-fn/len-lookup.rs": [
    3.0815279050002573,
    3.079987937000169,
    3.079798294000284,
    3.0585006629999043,
    3.0979521909998766,
    3.0835746220000146,
    3.0461361919997216,
    3.0679199910000534,
    3.040073350000057,
    3.043137802000274
  ],
  "prusti-tests/tests/verify/pass/pure-fn/quantifiers.rs": [
    1.8885893149999902,
    1.8826324299998305,
    1.8868693899999016,
    1.8635138370000277,
    1.883814331999929,
    1.8804355819997909,
    1.9149577890002547,
    1.8845256040003733,
    1.897260408999955,
    1.884237604000191
  ],
  "prusti-tests/tests/verify/pass/pure-fn/recursive-pure-fn.rs": [
    1.6747456019998026,
    1.6669082779999371,
    1.687138184000105,
    1.6727533650000623,
    1.6686337860001004,
    1.6827208560002873,
    1.6672433040002943,
    1.6648186389998045,
    1.6864209889999984,
    1.6503857410002638
  ],
  "prusti-tests/tests/verify/pass/pure-fn/ref-mut-arg.rs": [
    2.459731568999814,
    2.43956954999976,
    2.4162002799998845,
    2.4365079959998184,
    2.4260738450002464,
    2.4446609569999964,
    2.4521865740002795,
    2.4470562639999116,
    2.4454846010003166,
    2.4603397280002355
  ],
  "prusti-tests/tests/verify/pass/rosetta/Ackermann_function.rs": [
    1.7303059339997162,
    1.7327465729999858,
    1.7219249119998494,
    1.7187048629998571,
    1.7347120089998498,
    1.7153945119998752,
    1.7050253500001418,
    1.7020700019998003,
    1.7152278039998237,
    1.729553524000039
  ],
  "prusti-tests/tests/verify/pass/rosetta/Heapsort.rs": [
    9.729271859000164,
    9.666056161000142,
    9.54410851800003,
    9.625186711999959,
    9.656046356999923,
    9.533373553000274,
    9.580836824000016,
    9.577915673999996,
    9.616948286000024,
    9.700525565000135
  ]
}