{
  "prusti-tests/tests/verify/pass/rosetta/Knuth_shuffle.rs": [
    2.4442015760000686,
    0.3400852649999706,
    0.3359234289999904,
    0.3371498100000281,
    0.33480424699996547,
    0.3346545489999926,
    0.3354936360000238,
    0.3372406080000019,
    0.33449085600000217,
    0.3354604090000066
  ],
  "prusti-tests/tests/verify/pass/demos/account.rs": [
    2.057063286000016,
    0.12299013400001968,
    0.11842520300001524,
    0.11701732400001674,
    0.1178463119999833,
    0.11720412099998612,
    0.11712222299991026,
    0.11791891100006069,
    0.11791111100001217,
    0.11764651500004675
  ],
  "prusti-tests/tests/verify/pass/rosetta/Knights_tour.rs": [
    87.02538836300005,
    2.4896509669999887,
    2.48538583200002,
    2.4841074099999787,
    2.482387958000004,
    2.4835864389999642,
    2.4791004119999798,
    2.4821104709999418,
    2.4909527370000433,
    2.479353102999994
  ],
  "prusti-tests/tests/verify/pass/quick/fold-unfold.rs": [
    1.1694084089999706,
    0.08764266599996517,
    0.08717277400000967,
    0.08683417899999313,
    0.08664288199997827,
    0.08679507900001227,
    0.08691607799994472,
    0.08738587099992401,
    0.08750966800005244,
    0.0873506709999674
  ],
  "prusti-tests/tests/verify/pass/quick/moves.rs": [
    1.3973745409999765,
    0.08289893899996059,
    0.08267934200000582,
    0.08389752300001874,
    0.0820524519999708,
    0.08363592800003516,
    0.08204165200004354,
    0.08227854799997658,
    0.08231184800001756,
    0.08222384900000179
  ],
  "prusti-tests/tests/verify/pass/quick/mut-borrows.rs": [
    2.7776062419999334,
    0.14856724000003396,
    0.1477142520000143,
    0.14631177900002967,
    0.14721977700003208,
    0.14767567000001236,
    0.1479466659999389,
    0.14855915700002242,
    0.14689358200007518,
    0.14738367400002517
  ],
  "prusti-tests/tests/verify/pass/quick/shared-borrows.rs": [
    1.722979683999938,
    0.08244375499998569,
    0.0823364569999967,
    0.08196166200002608,
    0.0824082560000079,
    0.0824816549999241,
    0.08352433799996106,
    0.08268395200002487,
    0.08261495199997171,
    0.0817571659999885
  ],
  "prusti-tests/tests/verify/pass/quick/trait-contracts-refinement.rs": [
    1.6236544829999957,
    0.12786106999999447,
    0.1268454850001035,
    0.1267792849999978,
    0.12694278300000406,
    0.12680678599997464,
    0.12649908999992476,
    0.1271089800000027,
    0.1261977949999391,
    0.12680418499996904
  ],
  "prusti-tests/tests/verify/pass/quick/routes.rs": [
    5.01616604000003,
    0.3341017110000166,
    0.33590558399998827,
    0.33248003599999265,
    0.33313432599993575,
    0.334064810999962,
    0.33513169600007586,
    0.33360231799997564,
    0.3350297969999474,
    0.3332845240000779
  ],
  "prusti-tests/tests/verify/pass/quick/fibonacci.rs": [
    0.3584630399999469,
    0.35881643499999427,
    0.3590178310000738,
    0.3606822059999786,
    0.3574830549999888,
    0.357844354000008,
    0.3613392020000674,
    0.3624937839999802,
    0.35859314300000733,
    0.35843344599993543
  ],
  "prusti-tests/tests/verify/pass/pure-fn/len-lookup.rs": [
    3.4601047489999246,
    0.20558097200000702,
    0.20495188099994266,
    0.2049722809999821,
    0.20339780499989502,
    0.20454818799998975,
    0.20474888499995814,
    0.20352730299998711,
    0.20374149999997826,
    0.2061252629999899
  ],
  "prusti-tests/tests/verify/pass/pure-fn/quantifiers.rs": [
    2.09060889400007,
    0.18835413500005416,
    0.17941337100000965,
    0.17867158199999267,
    0.17992896300006578,
    0.1787322809999523,
    0.17892057799997474,
    0.17858518399998502,
    0.17839168599994082,
    0.17849168500003998
  ],
  "prusti-tests/tests/verify/pass/pure-fn/recursive-pure-fn.rs": [
    1.7850836459999755,
    0.13624942800004192,
    0.13576533499997367,
    0.13653602300007606,
    0.1360999289998972,
    0.13646022500006438,
    0.13890938700001243,
    0.13724601199999142,
    0.13611952899998414,
    0.13603863100001945
  ],
  "prusti-tests/tests/verify/pass/pure-fn/ref-mut-arg.rs": [
    2.7364182979999896,
    0.1780449000000317,
    0.1789007859999856,
    0.17735251099998095,
    0.17669311999998172,
    0.17798080100010338,
    0.17742720899991582,
    0.17747940799995376,
    0.17782050300002084,
    0.17689591700013807
  ],
  "prusti-tests/tests/verify/pass/rosetta/Ackermann_function.rs": [
    1.8148297769998862,
    0.21958836900012102,
    0.22033665899994048,
    0.2194307720001234,
    0.21969336799998018,
    0.22010976199999277,
    0.22015246099999786,
    0.21958006999989266,
    0.21989096499987681,
    0.21999496400007956
  ],
  "prusti-tests/tests/verify/pass/rosetta/Heapsort.rs": [
    9.7278502690001,
    1.0285384690000683,
    1.0388337010001578,
    1.0304680289998487,
    1.031769408999935,
    1.031498812999871,
    1.028778654000007,
    1.027726070999961,
    1.0311060189999353,
    1.0307688279999638
  ]
}