{
  "prusti-tests/tests/verify/pass/rosetta/Knuth_shuffle.rs": [
    2.1903615759999866,
    1.9134408819998043,
    1.832711621000044,
    1.8351995299999544,
    1.8376647380000577,
    1.860770311999886,
    1.8372648359998038,
    1.8157794659998672,
    1.8026821249998193,
    1.8276588050000555
  ],
  "prusti-tests/tests/verify/pass/demos/account.rs": [
    1.698446673000035,
    1.7061442970000371,
    1.7160877290000371,
    1.6910745490001773,
    1.6886165449998316,
    1.6977108879998468,
    1.6992972929999723,
    1.7147189429999798,
    1.6820599370000764,
    1.6791260130000865
  ],
  "prusti-tests/tests/verify/pass/rosetta/Knights_tour.rs": [
    101.62112954300005,
    99.813964102,
    100.58106274800002,
    102.18083835300013,
    99.06033157600018,
    97.99239966999994,
    100.07312642300008,
    100.20845858400003,
    100.66110287299966,
    98.08308753900019
  ],
  "prusti-tests/tests/verify/pass/quick/fold-unfold.rs": [
    1.137400424000134,
    1.1240127749997555,
    1.1390552249999928,
    1.1275011870002345,
    1.1278259880000405,
    1.1254107799995836,
    1.1248520780000035,
    1.1239933090000704,
    1.1343151480000415,
    1.124464214999989
  ],
  "prusti-tests/tests/verify/pass/quick/moves.rs": [
    1.3591206910000437,
    1.3600607939997644,
    1.3548376769999777,
    1.3739972960001978,
    1.3592351020001843,
    1.3469582910001918,
    1.358628858999964,
    1.3624529199996687,
    1.3565073989998382,
    1.3664448710001125
  ],
  "prusti-tests/tests/verify/pass/quick/mut-borrows.rs": [
    2.6644219840000005,
    2.6662203870000667,
    2.651864317000218,
    2.667092835999938,
    2.677323208999951,
    2.669298667000021,
    2.6747828819998176,
    2.67336008600023,
    2.685303795999971,
    2.6762469880000026
  ],
  "prusti-tests/tests/verify/pass/quick/shared-borrows.rs": [
    1.6960347330000332,
    1.6956190350001634,
    1.7114760589997786,
    1.7374710230001256,
    1.705577799999901,
    1.6942873510001846,
    1.7129075299999386,
    1.7336560689996077,
    1.690545863999887,
    1.6911906669997734
  ],
  "prusti-tests/tests/verify/pass/quick/trait-contracts-refinement.rs": [
    1.5003859580001517,
    1.506191482000304,
    1.4914624030002415,
    1.474319854999976,
    1.4679643419999593,
    1.4524044120003055,
    1.461051917000077,
    1.4751856529996985,
    1.5101775589996578,
    1.470646934999877
  ],
  "prusti-tests/tests/verify/pass/quick/routes.rs": [
    4.3751222870000674,
    4.1389991640003245,
    4.0121276529998795,
    3.992716574000042,
    3.9907254400000056,
    3.999452900000051,
    3.9753578650002055,
    3.9720366070000637,
    3.9591383680003673,
    3.9565299949999826
  ],
  "prusti-tests/tests/verify/pass/quick/fibonacci.rs": [
    5.29589962099999,
    5.327344675999939,
    5.275665427999684,
    5.274261371000193,
    5.3026014549996034,
    5.277853237000272,
    5.277888239000276,
    5.291502211000079,
    5.283920517999832,
    5.268327380999835
  ],
  "prusti-tests/tests/verify/pass/pure-fn/len-lookup.rs": [
    3.0130847109999195,
    3.011817307000001,
    3.0112720389997776,
    3.02660762000005,
    3.0274141219997546,
    3.0350028759999077,
    3.0420791019996614,
    3.032296101999691,
    3.0358311550003236,
    3.012745703999826
  ],
  "prusti-tests/tests/verify/pass/pure-fn/quantifiers.rs": [
    1.853306886000155,
    1.830860813000072,
    1.8186811740001758,
    1.859636403999957,
    1.827616603000024,
    1.8331097259997478,
    1.83955882500004,
    1.8266466860000037,
    1.8253197819999514,
    1.8519839599998704
  ],
  "prusti-tests/tests/verify/pass/pure-fn/recursive-pure-fn.rs": [
    1.627810786000282,
    1.644709437000074,
    1.6388489190003384,
    1.6207335640001475,
    1.625742579999951,
    1.623619872999825,
    1.6240613750001103,
    1.6245182759998897,
    1.6251094770000236,
    1.618603558000359
  ],
  "prusti-tests/tests/verify/pass/pure-fn/ref-mut-arg.rs": [
    2.420387164999738,
    2.3916306780001833,
    2.3915132759998414,
    2.3812084420001156,
    2.378627035000136,
    2.384985854000206,
    2.3801058359999843,
    2.3941362770001433,
    2.3954884810000294,
    2.4309541759998865
  ],
  "prusti-tests/tests/verify/pass/rosetta/Ackermann_function.rs": [
    1.6733927010000116,
    1.6542501439998887,
    1.6495777300001464,
    1.6496744299997772,
    1.6490890259997286,
    1.655074243999934,
    1.6387231950002388,
    1.6486537239998142,
    1.6620852639998702,
    1.6544077390003622
  ],
  "prusti-tests/tests/verify/pass/rosetta/Heapsort.rs": [
    9.971324788999937,
    9.93369596399998,
    9.874625555999955,
    9.842290623999816,
    9.826207010999951,
    9.803730793999875,
    9.844201659000191,
    9.810277331999714,
    9.844834743999854,
    9.802228465000098
  ]
}