{
  "prusti-tests/tests/verify/pass/rosetta/Knuth_shuffle.rs": [
    2.5166170530000045,
    2.20413285799998,
    2.112721822000026,
    2.12440644600008,
    2.2637059900000622,
    2.2804355260000193,
    2.0810033210000256,
    1.9869255800000474,
    1.9661892240000043,
    1.9538870899999665
  ],
  "prusti-tests/tests/verify/pass/demos/account.rs": [
    0.8247497629999998,
    0.8348979869999766,
    0.8429388060000065,
    0.9176569920000475,
    0.7929720800000268,
    0.8340892830000257,
    0.8194681449999734,
    0.7903165709999485,
    0.8173825379999471,
    0.8103639199999861
  ]
}