{
  "prusti-tests/tests/verify/pass/rosetta/Knuth_shuffle.rs": [
    2.510762899000042,
    2.220951674999924,
    2.153713936000031,
    2.1326984569999468,
    2.1032837469999777,
    1.998962387000006,
    2.0659317890000466,
    2.057743930000015,
    1.9959553809999306,
    2.0533705260000943
  ],
  "prusti-tests/tests/verify/pass/demos/account.rs": [
    0.8719772360000206,
    0.9294912819999581,
    0.8504484169999387,
    0.8336068549999709,
    0.8198172529999965,
    0.8578378120000707,
    0.9041791930000045,
    0.8507526079999934,
    0.8151297850000674,
    0.9451697959999592
  ],
  "prusti-tests/tests/verify/pass/rosetta/Knights_tour.rs": [
    131.022135187,
    129.34462564299986,
    132.27498078300005,
    128.40704407399994,
    125.09564721800007,
    126.43556661100001,
    131.54794455899992,
    130.44996465000008,
    132.52724312199985,
    131.1019449080004
  ],
  "prusti-tests/tests/verify/pass/quick/fold-unfold.rs": [
    0.6382005350001236,
    0.679809349000152,
    0.5890484770002331,
    0.6208819469998161,
    0.5867613430000347,
    0.6101097880000452,
    0.611897812999814,
    0.657532786000047,
    0.5974820020001061,
    0.58224307699993
  ],
  "prusti-tests/tests/verify/pass/quick/moves.rs": [
    0.5840253029996347,
    0.5815820669999994,
    0.6510579899995719,
    0.6043572029998359,
    0.5900681920002171,
    0.5776685079999879,
    0.6256659149998995,
    0.5944159539999418,
    0.5960722790000546,
    0.5760812849998729
  ],
  "prusti-tests/tests/verify/pass/quick/mut-borrows.rs": [
    1.0197615189999851,
    0.9627103790003275,
    0.9861952250003014,
    0.9920877119998295,
    0.9256599330001336,
    0.9418417810002211,
    0.9637952079997376,
    0.8884076969998205,
    0.9408959699999286,
    0.9729587440001524
  ],
  "prusti-tests/tests/verify/pass/quick/shared-borrows.rs": [
    0.709860063999713,
    0.6562738739999077,
    0.6535588350002399,
    0.6497730789997149,
    0.6860887139996521,
    0.6351999600001363,
    0.6234225859998332,
    0.6834546689997296,
    0.6396543239998209,
    0.668446548999782
  ],
  "prusti-tests/tests/verify/pass/quick/trait-contracts-refinement.rs": [
    0.9765724879998743,
    0.9214434760001495,
    0.8679278869999507,
    0.9851984150000135,
    0.8653596499998457,
    0.9359477969996988,
    0.9045143369999096,
    0.8491796220000651,
    0.9189305499999136,
    0.863318530000015
  ],
  "prusti-tests/tests/verify/pass/quick/routes.rs": [
    2.8637027270001454,
    2.6327559389997077,
    2.6510636190000696,
    2.403807171000153,
    2.403206864999902,
    2.390086775999862,
    2.4249376910001956,
    2.4443717829999514,
    2.377694741000141,
    2.3845763419999457
  ],
  "prusti-tests/tests/verify/pass/quick/fibonacci.rs": [
    2.3862943670001187,
    2.304622596000172,
    2.47872098300013,
    2.475993044000006,
    2.104730415999711,
    2.369157958999949,
    2.2464501340000425,
    2.281755557999986,
    2.628373046999968,
    2.468098275000102
  ],
  "prusti-tests/tests/verify/pass/pure-fn/len-lookup.rs": [
    1.0355746149998595,
    1.1203577840001344,
    1.1045516399999542,
    1.0418742080000811,
    1.1275293419998889,
    1.014675876000183,
    1.1883589389999543,
    1.0709278070003165,
    1.064413709999826,
    1.0964056830002846
  ],
  "prusti-tests/tests/verify/pass/pure-fn/quantifiers.rs": [
    0.9460326589996839,
    0.9743375269999888,
    1.0674237719999837,
    0.929294624999784,
    0.9037365829999544,
    1.00215309899977,
    0.9198295910000525,
    0.924665946999994,
    0.927861803000269,
    0.975745939999797
  ],
  "prusti-tests/tests/verify/pass/pure-fn/recursive-pure-fn.rs": [
    0.7130631519999042,
    0.7496609949998856,
    0.7249505280001358,
    0.8106321969999044,
    0.7025168969998958,
    0.7184032310001385,
    0.7106048159998863,
    0.7127093469998727,
    0.7917342169998847,
    0.7139218409997738
  ],
  "prusti-tests/tests/verify/pass/pure-fn/ref-mut-arg.rs": [
    0.953017458999966,
    0.9592691519997061,
    1.024757918999967,
    0.9212729910000235,
    0.9658602490003432,
    1.0142462630001319,
    0.9591212489999634,
    0.9284377529997982,
    1.0014841960000922,
    0.9408980880002673
  ],
  "prusti-tests/tests/verify/pass/rosetta/Ackermann_function.rs": [
    1.0933156699998108,
    1.0510072379997837,
    1.147128975999749,
    0.9972347319999244,
    1.0914047420001225,
    1.1420643619999282,
    1.0538998289998744,
    1.0732320970000728,
    1.0991228530001536,
    1.0737091030000556
  ],
  "prusti-tests/tests/verify/pass/rosetta/Heapsort.rs": [
    7.404588235000119,
    6.848462410999673,
    7.324692150999908,
    7.096739369000261,
    7.076469178000025,
    7.213547325000036,
    7.170443153000178,
    7.122643699000037,
    7.120211520999874,
    6.64536404699993
  ]
}