{
  "prusti-tests/tests/verify/pass/rosetta/Knuth_shuffle.rs": [
    2.461211828000046,
    2.1709293569999772,
    2.077130771000043,
    2.091804262999972,
    2.0083307630000036,
    2.048544864000064,
    2.098381087000007,
    2.101939231000074,
    2.070264083999973,
    2.0468983080000953
  ],
  "prusti-tests/tests/verify/pass/demos/account.rs": [
    1.819044090000034,
    1.8438704820000567,
    1.804028379999977,
    1.8550000149999732,
    1.8331441419999237,
    1.8477455930000133,
    1.8089267540000264,
    1.8550488320000795,
    1.8147763279999936,
    1.815431934000003
  ],
  "prusti-tests/tests/verify/pass/rosetta/Knights_tour.rs": [
    109.89783501900001,
    107.98920052000005,
    110.82002347399998,
    112.11505500599992,
    107.38822258100004,
    108.94883469199999,
    109.18168241900003,
    109.73550880400012,
    105.99453781900002,
    107.00732408599993
  ],
  "prusti-tests/tests/verify/pass/quick/fold-unfold.rs": [
    1.179096965999861,
    1.187288768999906,
    1.1822290049999538,
    1.1705185579999124,
    1.1819587019999744,
    1.1877109740000833,
    1.1818045589998292,
    1.190543080999987,
    1.2052040680000573,
    1.1823292779999974
  ],
  "prusti-tests/tests/verify/pass/quick/moves.rs": [
    1.4668073810000806,
    1.4318890389999979,
    1.426742693000051,
    1.4778425279998828,
    1.4360986100000446,
    1.4435362019999047,
    1.4528926189998401,
    1.4235579549999784,
    1.4132167280001795,
    1.4492921009998554
  ],
  "prusti-tests/tests/verify/pass/quick/mut-borrows.rs": [
    2.8249357439999585,
    2.8527872049999132,
    2.854413031000149,
    2.851916600999857,
    2.8339340980000998,
    2.8690028689998144,
    2.8479490029999397,
    2.8433323799999926,
    2.853714215000082,
    2.8572348600000623
  ],
  "prusti-tests/tests/verify/pass/quick/shared-borrows.rs": [
    1.8099267749998944,
    1.8113097839998318,
    1.817263658999991,
    1.784593248999954,
    1.8051664070001152,
    1.8096236769999905,
    1.8121795359998032,
    1.8340083140001298,
    1.849157107999872,
    1.8166107419999662
  ],
  "prusti-tests/tests/verify/pass/quick/trait-contracts-refinement.rs": [
    1.7006882059999953,
    1.598536865000142,
    1.6646995040000547,
    1.6030836150000596,
    1.633314896999991,
    1.5932017909999558,
    2.7467055990000517,
    2.723803561000068,
    2.637523791999911,
    2.7053329549999034
  ],
  "prusti-tests/tests/verify/pass/quick/routes.rs": [
    9.145655594000118,
    7.722705575999953,
    5.32383767400006,
    5.226923449999958,
    5.661943484999938,
    5.158477404999985,
    5.160177719999865,
    5.199855145999891,
    5.200983029000099,
    5.20921451900017
  ],
  "prusti-tests/tests/verify/pass/quick/fibonacci.rs": [
    6.498205814999892,
    6.483110157999818,
    7.764174811999965,
    6.52671162300021,
    6.768716764000146,
    6.33104176400002,
    6.396584781999991,
    6.477144975000101,
    6.543649406999975,
    6.445393761000105
  ],
  "prusti-tests/tests/verify/pass/pure-fn/len-lookup.rs": [
    3.739152742999977,
    3.7829030190000594,
    3.685513805000028,
    3.7947519819999798,
    3.7165850900000805,
    3.718776343999707,
    3.7323973829998067,
    3.744321316999958,
    3.744709923999835,
    3.7289275250000173
  ],
  "prusti-tests/tests/verify/pass/pure-fn/quantifiers.rs": [
    2.425267250000161,
    2.3853386119999413,
    2.312098356000206,
    2.257704782000019,
    2.318095691000053,
    2.3115655090000473,
    2.268043965999823,
    2.476867545999994,
    2.456691299999875,
    2.515719118999641
  ],
  "prusti-tests/tests/verify/pass/pure-fn/recursive-pure-fn.rs": [
    2.1980858060001083,
    2.162297978999959,
    2.1992462160001196,
    2.1642584440000974,
    2.30186753199996,
    2.178458929000044,
    2.2633143629996084,
    2.1842762250003034,
    2.1557224060002227,
    2.2210224180003024
  ],
  "prusti-tests/tests/verify/pass/pure-fn/ref-mut-arg.rs": [
    2.6880443119998745,
    2.6437724689999413,
    2.754396211999847,
    2.6355097729997397,
    2.8019410520000747,
    2.8775245550000363,
    2.7028716870004246,
    2.700825136000276,
    2.855987820000337,
    2.6826778180002293
  ],
  "prusti-tests/tests/verify/pass/rosetta/Ackermann_function.rs": [
    2.1346017350001603,
    2.1926296780002303,
    2.154561391000243,
    2.133921244999783,
    2.2117281409996394,
    2.1187228019998656,
    2.2017320059999292,
    2.0986656830000356,
    2.2016243250000116,
    2.153379749999658
  ],
  "prusti-tests/tests/verify/pass/rosetta/Heapsort.rs": [
    11.151197056,
    10.972194546000082,
    11.113222520999898,
    10.884239800999694,
    11.133484123000017,
    11.076797393000106,
    11.147752305000267,
    11.127870792000067,
    11.17134876199998,
    10.891229768000358
  ]
}