{
  "prusti-tests/tests/verify/pass/rosetta/Knuth_shuffle.rs": [
    3.1919894620000377,
    0.3878539820000242,
    0.37555931500003226,
    0.3773170540000592,
    0.3807354220000434,
    0.39617993599995316,
    0.39825449900001786,
    0.38709632199993393,
    0.3809078360000058,
    0.3908358159999352
  ],
  "prusti-tests/tests/verify/pass/demos/account.rs": [
    2.6564917120000473,
    0.15025661100003163,
    0.14777471600007175,
    0.14771411099991383,
    0.14912952200006657,
    0.14800103400000353,
    0.15247288499995193,
    0.14853297600006954,
    0.15121908699995856,
    0.15939733000004708
  ],
  "prusti-tests/tests/verify/pass/rosetta/Knights_tour.rs": [
    119.44152178299998,
    2.6497918489999392,
    2.599698437999905,
    2.592868124000006,
    2.6401151569999683,
    2.5997097549999353,
    2.5586310129999674,
    2.58225599900004,
    2.580859787999998,
    2.5661866960000452
  ],
  "prusti-tests/tests/verify/pass/quick/fold-unfold.rs": [
    1.4654064390000485,
    0.11521865200006687,
    0.11337260200002675,
    0.1131771860000299,
    0.11219040600008157,
    0.11562018400002216,
    0.11213120100001106,
    0.11346080900000288,
    0.111975488999974,
    0.11197178800000529
  ],
  "prusti-tests/tests/verify/pass/quick/moves.rs": [
    1.787930916999926,
    0.11319488699996327,
    0.11230361499997343,
    0.1119619869999724,
    0.10677076599995416,
    0.10992372199996225,
    0.1100297310000542,
    0.11169906600002832,
    0.10894524299999375,
    0.11054117200001201
  ],
  "prusti-tests/tests/verify/pass/quick/mut-borrows.rs": [
    3.504326067000079,
    0.17485065900007157,
    0.17876206699997965,
    0.17850434700005735,
    0.172922207000056,
    0.17817442099999425,
    0.1718445230000043,
    0.17315012500000648,
    0.17754667199994856,
    0.17218654900000274
  ],
  "prusti-tests/tests/verify/pass/quick/shared-borrows.rs": [
    2.1802922660000377,
    0.10541859600004955,
    0.10628056400003061,
    0.10798609799996939,
    0.10735674800002926,
    0.10793989399996917,
    0.10861464700008128,
    0.10642967499995848,
    0.10499236100008602,
    0.10692151400007788
  ],
  "prusti-tests/tests/verify/pass/quick/trait-contracts-refinement.rs": [
    1.841111819000048,
    0.1573573780000288,
    0.1552078120000715,
    0.15513930599991,
    0.15486178499998005,
    0.15590316600003007,
    0.1554363300000432,
    0.15196395999998913,
    0.15183365099994717,
    0.15151422600001752
  ],
  "prusti-tests/tests/verify/pass/quick/routes.rs": [
    6.121548871000073,
    0.39247281400002976,
    0.3771269049999546,
    0.38160335800000666,
    0.3846514979999256,
    0.3931091639999522,
    0.3881211710000798,
    0.38021924800000306,
    0.4013328119999642,
    0.4012092020000182
  ],
  "prusti-tests/tests/verify/pass/quick/fibonacci.rs": [
    0.4037192990000449,
    0.4047013770000376,
    0.4022976869999866,
    0.39960827599998083,
    0.4000787129999708,
    0.40704886200001056,
    0.40029573000003893,
    0.40116756999998415,
    0.4046660389999488,
    0.4001390870000705
  ],
  "prusti-tests/tests/verify/pass/pure-fn/len-lookup.rs": [
    4.235011024000073,
    0.24231112600000415,
    0.2441387679999707,
    0.24596940900005393,
    0.24475201499990362,
    0.24586290100000951,
    0.2427730619999693,
    0.2434067110000342,
    0.24927996700000676,
    0.25929494500007877
  ],
  "prusti-tests/tests/verify/pass/pure-fn/quantifiers.rs": [
    2.57212301200002,
    0.21850698900004772,
    0.21106908999990992,
    0.21210027299991907,
    0.21675964799999292,
    0.21256841099989288,
    0.21147522299997945,
    0.21818436299997757,
    0.2147422859999324,
    0.21255981000001611
  ],
  "prusti-tests/tests/verify/pass/pure-fn/recursive-pure-fn.rs": [
    2.2618988730000638,
    0.1676308930000232,
    0.16579004499999428,
    0.1652312000001075,
    0.16328304400008165,
    0.16780870799993863,
    0.16598346099999617,
    0.16773230199987665,
    0.16528000400012388,
    0.16220615699990049
  ],
  "prusti-tests/tests/verify/pass/pure-fn/ref-mut-arg.rs": [
    3.3660290960001475,
    0.20636914300007447,
    0.2010509249998904,
    0.19974782200006302,
    0.20600011400006224,
    0.20455109999988963,
    0.2019010909998542,
    0.2054436700000224,
    0.20227382100006253,
    0.21205119100000047
  ],
  "prusti-tests/tests/verify/pass/rosetta/Ackermann_function.rs": [
    2.309034843000063,
    0.2475244830000065,
    0.24607556800015118,
    0.25063962800004447,
    0.2523197599998639,
    0.24831793800012747,
    0.2528946969998742,
    0.2456040239999311,
    0.2504831080000258,
    0.24581734000003053
  ],
  "prusti-tests/tests/verify/pass/rosetta/Heapsort.rs": [
    11.732316543000024,
    1.105195791000142,
    1.0996297530000447,
    1.091856585000187,
    1.084816286999967,
    1.1012835470000937,
    1.0876938070000506,
    1.0967278989999159,
    1.0923189610000463,
    1.0916569109999728
  ]
}