{
  "prusti-tests/tests/verify/pass/rosetta/Knuth_shuffle.rs": [
    1.7815976519999595,
    1.4897376539998959,
    1.4132961390000673,
    1.4347324949999347,
    1.4400398579999774,
    1.4098661509999602,
    1.3800018969999428,
    1.394118065999919,
    1.4275532689999864,
    1.3515908560000298
  ],
  "prusti-tests/tests/verify/pass/demos/account.rs": [
    0.7426326319999816,
    0.7598305369999707,
    0.7988581050000221,
    0.7350811379999413,
    0.7643976900000098,
    0.7458049669999127,
    0.7449363570000287,
    0.7388527839999597,
    0.6927936299999828,
    0.7383721780000769
  ],
  "prusti-tests/tests/verify/pass/rosetta/Knights_tour.rs": [
    82.28191692799999,
    81.05926123100005,
    81.20020767799997,
    85.86056633299995,
    83.12166677899995,
    82.47404619100007,
    86.35596245600004,
    81.38402033599982,
    83.44033034599988,
    82.37989765999987
  ],
  "prusti-tests/tests/verify/pass/quick/fold-unfold.rs": [
    0.4645858409999164,
    0.45028987299997425,
    0.4786718059999657,
    0.44581832099993335,
    0.44019725599991943,
    0.4814565389999643,
    0.46819418400014,
    0.461142000999871,
    0.48267575300019416,
    0.44520501500005594
  ],
  "prusti-tests/tests/verify/pass/quick/moves.rs": [
    0.49285797199991066,
    0.4796611900001153,
    0.5027058699999998,
    0.5530130680001548,
    0.5016400580000209,
    0.5239264219999313,
    0.5089817440000388,
    0.5127526889998535,
    0.521133288000101,
    0.5481324089998907
  ],
  "prusti-tests/tests/verify/pass/quick/mut-borrows.rs": [
    0.8127368519999436,
    0.7776861350000672,
    0.7705805509999664,
    0.7360867410000083,
    0.7139515989999836,
    0.7767048620000878,
    0.7403961299999082,
    0.7405143309999858,
    0.7831451389999984,
    0.8014271569998073
  ],
  "prusti-tests/tests/verify/pass/quick/shared-borrows.rs": [
    0.5041459120000127,
    0.5038603089999469,
    0.5709570090000398,
    0.520273404000136,
    0.5693188889999874,
    0.5517725800000335,
    0.5401661410000997,
    0.5153702350000913,
    0.4974451219998173,
    0.5366301889998795
  ],
  "prusti-tests/tests/verify/pass/quick/trait-contracts-refinement.rs": [
    0.9124826629999916,
    0.7708111770000414,
    0.7651935100000173,
    0.7813735019999513,
    0.7694607600001291,
    0.7322618170001078,
    0.7723052940000343,
    0.7461507819998587,
    0.7267179479999868,
    0.7878867839999657
  ],
  "prusti-tests/tests/verify/pass/quick/routes.rs": [
    2.3385932830001366,
    2.0599312819999795,
    2.0616617929999848,
    2.010917870999947,
    1.9020947749997958,
    1.9818323219999456,
    1.971691901999975,
    1.9190313040001001,
    2.3613830060000964,
    1.9524883789999876
  ],
  "prusti-tests/tests/verify/pass/quick/fibonacci.rs": [
    2.009144763999984,
    2.0893744059999335,
    1.9512847810001404,
    1.8266139660001954,
    1.9308972159999485,
    2.0048677989998396,
    1.97349508100001,
    1.9821033040000202,
    1.8078798330000154,
    1.899751391000109
  ],
  "prusti-tests/tests/verify/pass/pure-fn/len-lookup.rs": [
    0.895621126000151,
    0.9542027459999645,
    0.8909067679999225,
    0.9052618440000515,
    0.8527804980001292,
    0.9091568919998281,
    0.8743841639998209,
    0.930573265999783,
    0.9049621400001797,
    0.8947694049998063
  ],
  "prusti-tests/tests/verify/pass/pure-fn/quantifiers.rs": [
    0.8635102889998052,
    0.8170783709999796,
    0.8934936870000456,
    0.7951890790000107,
    0.7958450880000782,
    0.8607838520001678,
    0.7910799710000447,
    0.8416772319999382,
    0.7693855009999879,
    0.7958048410000629
  ],
  "prusti-tests/tests/verify/pass/pure-fn/recursive-pure-fn.rs": [
    0.6856995240000288,
    0.6499644640000497,
    0.6479104380000535,
    0.6844194080001671,
    0.6371887000000243,
    0.6336923549999938,
    0.6307006160000128,
    0.6835898970000471,
    0.6484173189999183,
    0.642905982000002
  ],
  "prusti-tests/tests/verify/pass/pure-fn/ref-mut-arg.rs": [
    0.8236540540001442,
    0.771357597000133,
    0.7562085060001209,
    0.8208679179999763,
    0.76346989700005,
    0.7635032979999323,
    0.7719128039998395,
    0.7401488040000004,
    0.7318754989998979,
    0.7783405450002192
  ],
  "prusti-tests/tests/verify/pass/rosetta/Ackermann_function.rs": [
    0.7836805069998718,
    0.7832346019999932,
    0.7804194689999804,
    0.7849077229998329,
    0.7724322750000283,
    0.8219196620000275,
    0.7330997070000649,
    0.779720860999987,
    0.7948696400001154,
    0.7280814069999906
  ],
  "prusti-tests/tests/verify/pass/rosetta/Heapsort.rs": [
    4.486231271999941,
    4.53172296799994,
    4.529875834999984,
    4.63782708299982,
    4.51841916699982,
    4.321137105999924,
    4.622832666000022,
    4.620207874000016,
    4.602996069000028,
    4.569862612999941
  ]
}