{
  "prusti-tests/tests/verify/pass/rosetta/Knuth_shuffle.rs": [
    2.4290202890001638,
    2.1178909049999675,
    2.0727696609999384,
    2.0658043229998384,
    2.0305710320001253,
    1.9609740519999832,
    2.0334209459999784,
    1.9935509290000937,
    1.972584715000039,
    1.897448698000062
  ],
  "prusti-tests/tests/verify/pass/demos/account.rs": [
    1.824741202000041,
    1.8446608109998124,
    1.8163968579999619,
    1.8618912049998926,
    1.8322997450000003,
    1.8297935309999502,
    1.8497456400000374,
    1.8403211879999617,
    1.8188696699999127,
    1.8275181169999541
  ],
  "prusti-tests/tests/verify/pass/rosetta/Knights_tour.rs": [
    108.47950256000013,
    103.71730449300003,
    98.83357154700002,
    100.50570244400001,
    99.33384623699999,
    100.8123935499998,
    100.81929133300014,
    98.06798165700002,
    101.66000154099993,
    103.35926727899982
  ],
  "prusti-tests/tests/verify/pass/quick/fold-unfold.rs": [
    1.2150065050000194,
    1.1949702949996208,
    1.1982382129999678,
    1.2081870679999156,
    1.2139396679999663,
    1.206434057000024,
    1.207146861000183,
    1.1997034209998674,
    1.2075438639999447,
    1.200922128000002
  ],
  "prusti-tests/tests/verify/pass/quick/moves.rs": [
    1.4679481789999045,
    1.4594880880003984,
    1.4514589289997275,
    1.446153902000333,
    1.4586622679998982,
    1.4735942479996993,
    1.4584262539997326,
    1.4614801880002233,
    1.4672411090000423,
    1.4497250379999969
  ],
  "prusti-tests/tests/verify/pass/quick/mut-borrows.rs": [
    2.8844940559997667,
    2.9406063569999787,
    2.893937267000183,
    2.89476340300007,
    2.8534626169998774,
    2.8494934349996583,
    2.873846691000381,
    2.861287855000228,
    2.8792832109998017,
    2.872591165999893
  ],
  "prusti-tests/tests/verify/pass/quick/shared-borrows.rs": [
    1.8303550090004137,
    1.8319958179999958,
    1.832217818999652,
    1.8201313169997775,
    1.8334369859999242,
    1.8164199940001708,
    1.8154575879998447,
    1.8393989340002008,
    1.8231339789999765,
    1.8088061049998032
  ],
  "prusti-tests/tests/verify/pass/quick/trait-contracts-refinement.rs": [
    1.571209782999631,
    1.5324996839999585,
    1.5435147809998853,
    1.5490430980003111,
    1.533188737999808,
    1.5306209699997453,
    1.5437640280001688,
    1.5474570700002914,
    1.5568926030000512,
    1.5487887439999213
  ],
  "prusti-tests/tests/verify/pass/quick/routes.rs": [
    5.082969119000154,
    4.861311186999956,
    4.624543269999776,
    4.665749269999651,
    4.565352559000075,
    4.636169862000315,
    4.618853085999945,
    4.670726061000096,
    4.5765445970000656,
    4.680881698999656
  ],
  "prusti-tests/tests/verify/pass/quick/fibonacci.rs": [
    5.94660699699989,
    5.952937213000041,
    6.069049838999945,
    5.950226527999803,
    5.9153823950000515,
    6.012826569000026,
    5.87848220900014,
    5.931296181000107,
    6.040373549999913,
    5.862480890999905
  ],
  "prusti-tests/tests/verify/pass/pure-fn/len-lookup.rs": [
    3.3674188569998478,
    3.4084892770001716,
    3.379923618000248,
    3.4367742869999347,
    3.4348340770002324,
    3.3970999369998935,
    3.356922197000131,
    3.3595779400002357,
    3.40401426399967,
    3.338183494000077
  ],
  "prusti-tests/tests/verify/pass/pure-fn/quantifiers.rs": [
    2.0730435810000927,
    2.0922926919997735,
    2.095880712000053,
    2.0728045819996623,
    2.0913708200000656,
    2.0819154639998487,
    2.0862593870001547,
    2.088798950999717,
    2.079572479000035,
    2.0803431819999787
  ],
  "prusti-tests/tests/verify/pass/pure-fn/recursive-pure-fn.rs": [
    1.8393667870000172,
    1.8294900559999405,
    1.8398347790002845,
    1.8501123360001657,
    1.8577088780002668,
    1.8343112490001658,
    1.8609098790002463,
    1.8555689790000542,
    1.831807545999709,
    1.8380755809998846
  ],
  "prusti-tests/tests/verify/pass/pure-fn/ref-mut-arg.rs": [
    2.8129258650001248,
    2.7572957739998856,
    2.7981424039999183,
    2.788776520999818,
    2.786837734999608,
    2.7212816649998786,
    2.7131017110000357,
    2.7898739669999486,
    2.735865560000093,
    2.751079060000393
  ],
  "prusti-tests/tests/verify/pass/rosetta/Ackermann_function.rs": [
    1.828211734999968,
    1.819849186999818,
    1.8256086199999118,
    1.845168442999693,
    1.8390856089999943,
    1.8263941370000794,
    1.8205588029995852,
    1.8221675230001892,
    1.838950362000105,
    1.825307884999802
  ],
  "prusti-tests/tests/verify/pass/rosetta/Heapsort.rs": [
    9.293744773000071,
    9.322784673000115,
    9.318252612999913,
    9.338882249999642,
    9.305479854000168,
    9.402996678000363,
    9.533608875000027,
    9.106911029999992,
    9.317013705000136,
    9.31753853600003
  ]
}