{
  "prusti-tests/tests/verify/pass/rosetta/Knuth_shuffle.rs": [
    2.5586919720000196,
    2.028427032999957,
    2.0722881539999207,
    1.9658511589999534,
    1.9618057760000056,
    2.0176186549999784,
    1.9380315639999708,
    2.0534372780000467,
    1.9014209709999932,
    2.0628371689999767
  ],
  "prusti-tests/tests/verify/pass/demos/account.rs": [
    1.0189521490000288,
    1.0067680509999946,
    1.0220432380000375,
    1.0029170669999985,
    1.678825790000019,
    1.022844042000088,
    0.9737831610000285,
    0.9996356190000597,
    0.9790313739999874,
    1.007197554999948
  ]
}