{
  "prusti-tests/tests/verify/pass/rosetta/Knuth_shuffle.rs": [
    3.3815366739999035,
    0.41395543800013,
    0.4229645220000293,
    0.4129762729999129,
    0.40984523600013745,
    0.4207654609999736,
    0.4221515649999219,
    0.40804150099984327,
    0.41168477599990183,
    0.41590929499989215
  ],
  "prusti-tests/tests/verify/pass/demos/account.rs": [
    2.7025283989999025,
    0.14850511000008737,
    0.15283193699997355,
    0.14657846499994776,
    0.14929617000007056,
    0.14907315200002813,
    0.14770514899987575,
    0.1582681469999443,
    0.1511949129999266,
    0.152768930999855
  ],
  "prusti-tests/tests/verify/pass/rosetta/Knights_tour.rs": [
    113.47411734299999,
    2.932254671999999,
    2.9025816219998433,
    2.9761558579998564,
    2.955303128999958,
    2.9065211429999636,
    2.936886002999927,
    2.9477708059998804,
    2.9399996799998007,
    2.9314464090000456
  ],
  "prusti-tests/tests/verify/pass/quick/fold-unfold.rs": [
    1.5929433759999938,
    0.11451251000016782,
    0.11331942100014203,
    0.11257316499995795,
    0.1142072879999887,
    0.1286829759999364,
    0.1287504809999973,
    0.12249771100005091,
    0.11903485099992395,
    0.11302369800000633
  ],
  "prusti-tests/tests/verify/pass/quick/moves.rs": [
    1.8978631029999633,
    0.11050270900000214,
    0.10595226700002058,
    0.10924061400010032,
    0.11330331900012425,
    0.10842265200017209,
    0.10501513100007287,
    0.104355890999841,
    0.10676177300001655,
    0.11917871200012087
  ],
  "prusti-tests/tests/verify/pass/quick/mut-borrows.rs": [
    3.744468543999801,
    0.18995966399984354,
    0.19084583199992267,
    0.18442974599997797,
    0.19278497800019068,
    0.19278527799997391,
    0.21025599900008274,
    0.19000906799988115,
    0.1904704020000736,
    0.19321190999994542
  ],
  "prusti-tests/tests/verify/pass/quick/shared-borrows.rs": [
    2.432392309000079,
    0.11328439499993692,
    0.11123843999985183,
    0.10636827000007543,
    0.1067098949999945,
    0.10730044000001726,
    0.10554120800020428,
    0.11188048799999706,
    0.11432987400007733,
    0.11860519800006841
  ],
  "prusti-tests/tests/verify/pass/quick/trait-contracts-refinement.rs": [
    2.2463100239999676,
    0.16586618399992403,
    0.17750246700006755,
    0.16173407100018267,
    0.17734605499981626,
    0.1705765409999458,
    0.17158171799997035,
    0.17721444499989047,
    0.16596129100003054,
    0.16361751299996286
  ],
  "prusti-tests/tests/verify/pass/quick/routes.rs": [
    6.741003444000171,
    0.4184385730000031,
    0.4088004449999971,
    0.40912947000015265,
    0.4108280979999108,
    0.4258938349998971,
    0.42838382299987643,
    0.41397513600009006,
    0.4278487829999449,
    0.4138942299998689
  ],
  "prusti-tests/tests/verify/pass/quick/fibonacci.rs": [
    0.4478417130001162,
    0.44930092200002036,
    0.4351705330000186,
    0.4402725269999337,
    0.43964547900009165,
    0.4410147839998899,
    0.43629572099985126,
    0.4472219619999578,
    0.43898772800002916,
    0.4372929970002133
  ],
  "prusti-tests/tests/verify/pass/pure-fn/len-lookup.rs": [
    4.680115568000019,
    0.24541338099993482,
    0.24925237000002198,
    0.25892930399982106,
    0.24725902000000133,
    0.24222553899994637,
    0.2565089209999769,
    0.2464840610000465,
    0.249536992000003,
    0.24878343499995026
  ],
  "prusti-tests/tests/verify/pass/pure-fn/quantifiers.rs": [
    2.7523441779999303,
    0.2281701740000699,
    0.23042534499995782,
    0.22443959199995334,
    0.22030417900009525,
    0.22013236699990557,
    0.21493297300003178,
    0.2154990149999776,
    0.22251884699994662,
    0.21844503800002713
  ],
  "prusti-tests/tests/verify/pass/pure-fn/recursive-pure-fn.rs": [
    2.359977899000114,
    0.17689657699997952,
    0.17201980900017588,
    0.16718474300000707,
    0.16951221899989832,
    0.16776288599999134,
    0.1761854230001063,
    0.17470431099991401,
    0.17384344700008114,
    0.16795620099992448
  ],
  "prusti-tests/tests/verify/pass/pure-fn/ref-mut-arg.rs": [
    3.579244370999959,
    0.22160695799993846,
    0.21588002600014988,
    0.22282175000009374,
    0.2298830839999937,
    0.2156498339998052,
    0.22530426600019382,
    0.23309365499994783,
    0.24731583300012971,
    0.21617427499995756
  ],
  "prusti-tests/tests/verify/pass/rosetta/Ackermann_function.rs": [
    2.4007804479999777,
    0.26997834999997394,
    0.2704152830001476,
    0.2668518129999029,
    0.26541660400016553,
    0.25810054999988097,
    0.2687586570000349,
    0.26955661700003475,
    0.2638960890001272,
    0.28037603699999636
  ],
  "prusti-tests/tests/verify/pass/rosetta/Heapsort.rs": [
    12.797986935000154,
    1.240132211999935,
    1.2420098499999312,
    1.2374508139998852,
    1.1971960529999706,
    1.2376926650001678,
    1.2620019979999597,
    1.2139417949999824,
    1.2134997619998558,
    1.2173386500001016
  ]
}